3373,422,1,1,1
3373,422,2,1,1
3373,422,3,1,1
3373,422,4,1,1
3373,422,5,1,1
3373,422,6,1,1
3373,422,7,1,1
3373,422,8,1,1
3373,422,9,1,1
3373,422,10,1,1
3373,422,11,1,1
3373,422,12,1,1
3373,422,13,1,1
3373,422,14,1,1
3373,422,15,1,1
3373,422,16,1,1
3373,422,17,1,1
3373,422,18,1,1
3373,422,19,1,1
3373,422,20,1,1
3373,422,21,1,1
3373,422,22,1,1
3373,422,23,1,1
3373,422,24,1,1
3373,422,25,1,1
3373,422,26,1,1
3373,422,27,1,1
3373,422,28,1,1
3373,422,29,1,1
3373,422,30,1,1
3373,422,31,1,1
3373,422,32,1,1
3373,422,33,1,1
3373,422,34,1,1
3373,422,35,1,1
3373,422,36,1,1
3373,422,37,1,1
3373,422,38,1,1
3373,422,39,1,1
3373,422,40,1,1
3373,422,41,1,1
3373,422,42,1,1
3373,422,43,1,1
3373,422,44,1,1
3373,422,45,1,1
3373,422,46,1,1
3373,422,47,1,1
3373,422,48,1,1
3373,422,49,1,1
3373,422,50,1,1
3373,422,1,2,1
3373,422,2,2,1
3373,422,3,2,1
3373,422,4,2,1
3373,422,5,2,1
3373,422,6,2,1
3373,422,7,2,1
3373,422,8,2,1
3373,422,9,2,1
3373,422,10,2,1
3373,422,11,2,1
3373,422,12,2,1
3373,422,13,2,1
3373,422,14,2,1
3373,422,15,2,1
3373,422,16,2,1
3373,422,17,2,1
3373,422,18,2,1
3373,422,19,2,1
3373,422,20,2,1
3373,422,21,2,1
3373,422,22,2,1
3373,422,23,2,1
3373,422,24,2,1
3373,422,25,2,1
3373,422,26,2,1
3373,422,27,2,1
3373,422,28,2,1
3373,422,29,2,1
3373,422,30,2,1
3373,422,31,2,1
3373,422,32,2,1
3373,422,33,2,1
3373,422,34,2,1
3373,422,35,2,1
3373,422,36,2,1
3373,422,37,2,1
3373,422,38,2,1
3373,422,39,2,1
3373,422,40,2,1
3373,422,41,2,1
3373,422,42,2,1
3373,422,43,2,1
3373,422,44,2,1
3373,422,45,2,1
3373,422,46,2,1
3373,422,47,2,1
3373,422,48,2,1
3373,422,49,2,1
3373,422,50,2,1
3373,421,1,1,1
3373,421,2,1,1
3373,421,3,1,1
3373,421,4,1,1
3373,421,5,1,1
3373,421,6,1,1
3373,421,7,1,1
3373,421,8,1,1
3373,421,9,1,1
3373,421,10,1,1
3373,421,11,1,1
3373,421,12,1,1
3373,421,13,1,1
3373,421,14,1,1
3373,421,15,1,1
3373,421,16,1,1
3373,421,17,1,1
3373,421,18,1,1
3373,421,19,1,1
3373,421,20,1,1
3373,421,21,1,1
3373,421,22,1,1
3373,421,23,1,1
3373,421,24,1,1
3373,421,25,1,1
3373,421,26,1,1
3373,421,27,1,1
3373,421,28,1,1
3373,421,29,1,1
3373,421,30,1,1
3373,421,31,1,1
3373,421,32,1,1
3373,421,33,1,1
3373,421,34,1,1
3373,421,35,1,1
3373,421,36,1,1
3373,421,37,1,1
3373,421,38,1,1
3373,421,39,1,1
3373,421,40,1,1
3373,421,41,1,1
3373,421,42,1,1
3373,421,43,1,1
3373,421,44,1,1
3373,421,45,1,1
3373,421,46,1,1
3373,421,47,1,1
3373,421,48,1,1
3373,421,49,1,1
3373,421,50,1,1
3374,420,1,1,1
3374,420,2,1,1
3374,420,3,1,1
3374,420,4,1,1
3374,420,5,1,1
3374,420,6,1,1
3374,420,7,1,1
3374,420,8,1,1
3374,420,9,1,1
3374,420,10,1,1
3374,420,11,1,1
3374,420,12,1,1
3374,420,13,1,1
3374,420,14,1,1
3374,420,15,1,1
3374,420,16,1,1
3374,420,17,1,1
3374,420,18,1,1
3374,420,19,1,1
3374,420,20,1,1
3374,420,21,1,1
3374,420,22,1,1
3374,420,23,1,1
3374,420,24,1,1
3374,420,25,1,1
3374,420,26,1,1
3374,420,27,1,1
3374,420,28,1,1
3374,420,29,1,1
3374,420,30,1,1
3374,420,31,1,1
3374,420,32,1,1
3374,420,33,1,1
3374,420,34,1,1
3374,420,35,1,1
3374,420,36,1,1
3374,420,37,1,1
3374,420,38,1,1
3374,420,39,1,1
3374,420,40,1,1
3374,420,41,1,1
3374,420,42,1,1
3374,420,43,1,1
3374,420,44,1,1
3374,420,45,1,1
3374,420,46,1,1
3374,420,47,1,1
3374,420,48,1,1
3374,420,49,1,1
3374,420,50,1,1
3374,420,1,2,1
3374,420,2,2,1
3374,420,3,2,1
3374,420,4,2,1
3374,420,5,2,1
3374,420,6,2,1
3374,420,7,2,1
3374,420,8,2,1
3374,420,9,2,1
3374,420,10,2,1
3374,420,11,2,1
3374,420,12,2,1
3374,420,13,2,1
3374,420,14,2,1
3374,420,15,2,1
3374,420,16,2,1
3374,420,17,2,1
3374,420,18,2,1
3374,420,19,2,1
3374,420,20,2,1
3374,420,21,2,1
3374,420,22,2,1
3374,420,23,2,1
3374,420,24,2,1
3374,420,25,2,1
3374,420,26,2,1
3374,420,27,2,1
3374,420,28,2,1
3374,420,29,2,1
3374,420,30,2,1
3374,420,31,2,1
3374,420,32,2,1
3374,420,33,2,1
3374,420,34,2,1
3374,420,35,2,1
3374,420,36,2,1
3374,420,37,2,1
3374,420,38,2,1
3374,420,39,2,1
3374,420,40,2,1
3374,420,41,2,1
3374,420,42,2,1
3374,420,43,2,1
3374,420,44,2,1
3374,420,45,2,1
3374,420,46,2,1
3374,420,47,2,1
3374,420,48,2,1
3374,420,49,2,1
3374,420,50,2,1
3375,419,1,1,1
3375,419,2,1,1
3375,419,3,1,1
3375,419,4,1,1
3375,419,5,1,1
3375,419,6,1,1
3375,419,7,1,1
3375,419,8,1,1
3375,419,9,1,1
3375,419,10,1,1
3375,419,11,1,1
3375,419,12,1,1
3375,419,13,1,1
3375,419,14,1,1
3375,419,15,1,1
3375,419,16,1,1
3375,419,17,1,1
3375,419,18,1,1
3375,419,19,1,1
3375,419,20,1,1
3375,419,21,1,1
3375,419,22,1,1
3375,419,23,1,1
3375,419,24,1,1
3375,419,25,1,1
3375,419,26,1,1
3375,419,27,1,1
3375,419,28,1,1
3375,419,29,1,1
3375,419,30,1,1
3375,419,31,1,1
3375,419,32,1,1
3375,419,33,1,1
3375,419,34,1,1
3375,419,35,1,1
3375,419,36,1,1
3375,419,37,1,1
3375,419,38,1,1
3375,419,39,1,1
3375,419,40,1,1
3375,419,41,1,1
3375,419,42,1,1
3375,419,43,1,1
3375,419,44,1,1
3375,419,45,1,1
3375,419,46,1,1
3375,419,47,1,1
3375,419,48,1,1
3375,419,49,1,1
3375,419,50,1,1
3375,419,1,2,1
3375,419,2,2,1
3375,419,3,2,1
3375,419,4,2,1
3375,419,5,2,1
3375,419,6,2,1
3375,419,7,2,1
3375,419,8,2,1
3375,419,9,2,1
3375,419,10,2,1
3375,419,11,2,1
3375,419,12,2,1
3375,419,13,2,1
3375,419,14,2,1
3375,419,15,2,1
3375,419,16,2,1
3375,419,17,2,1
3375,419,18,2,1
3375,419,19,2,1
3375,419,20,2,1
3375,419,21,2,1
3375,419,22,2,1
3375,419,23,2,1
3375,419,24,2,1
3375,419,25,2,1
3375,419,26,2,1
3375,419,27,2,1
3375,419,28,2,1
3375,419,29,2,1
3375,419,30,2,1
3375,419,31,2,1
3375,419,32,2,1
3375,419,33,2,1
3375,419,34,2,1
3375,419,35,2,1
3375,419,36,2,1
3375,419,37,2,1
3375,419,38,2,1
3375,419,39,2,1
3375,419,40,2,1
3375,419,41,2,1
3375,419,42,2,1
3375,419,43,2,1
3375,419,44,2,1
3375,419,45,2,1
3375,419,46,2,1
3375,419,47,2,1
3375,419,48,2,1
3375,419,49,2,1
3375,419,50,2,1
3376,418,1,1,1
3376,418,2,1,1
3376,418,3,1,1
3376,418,4,1,1
3376,418,5,1,1
3376,418,6,1,1
3376,418,7,1,1
3376,418,8,1,1
3376,418,9,1,1
3376,418,10,1,1
3376,418,11,1,1
3376,418,12,1,1
3376,418,13,1,1
3376,418,14,1,1
3376,418,15,1,1
3376,418,16,1,1
3376,418,17,1,1
3376,418,18,1,1
3376,418,19,1,1
3376,418,20,1,1
3376,418,21,1,1
3376,418,22,1,1
3376,418,23,1,1
3376,418,24,1,1
3376,418,25,1,1
3376,418,26,1,1
3376,418,27,1,1
3376,418,28,1,1
3376,418,29,1,1
3376,418,30,1,1
3376,418,31,1,1
3376,418,32,1,1
3376,418,33,1,1
3376,418,34,1,1
3376,418,35,1,1
3376,418,36,1,1
3376,418,37,1,1
3376,418,38,1,1
3376,418,39,1,1
3376,418,40,1,1
3376,418,41,1,1
3376,418,42,1,1
3376,418,43,1,1
3376,418,44,1,1
3376,418,45,1,1
3376,418,46,1,1
3376,418,47,1,1
3376,418,48,1,1
3376,418,49,1,1
3376,418,50,1,1
3376,418,1,2,1
3376,418,2,2,1
3376,418,3,2,1
3376,418,4,2,1
3376,418,5,2,1
3376,418,6,2,1
3376,418,7,2,1
3376,418,8,2,1
3376,418,9,2,1
3376,418,10,2,1
3376,418,11,2,1
3376,418,12,2,1
3376,418,13,2,1
3376,418,14,2,1
3376,418,15,2,1
3376,418,16,2,1
3376,418,17,2,1
3376,418,18,2,1
3376,418,19,2,1
3376,418,20,2,1
3376,418,21,2,1
3376,418,22,2,1
3376,418,23,2,1
3376,418,24,2,1
3376,418,25,2,1
3376,418,26,2,1
3376,418,27,2,1
3376,418,28,2,1
3376,418,29,2,1
3376,418,30,2,1
3376,418,31,2,1
3376,418,32,2,1
3376,418,33,2,1
3376,418,34,2,1
3376,418,35,2,1
3376,418,36,2,1
3376,418,37,2,1
3376,418,38,2,1
3376,418,39,2,1
3376,418,40,2,1
3376,418,41,2,1
3376,418,42,2,1
3376,418,43,2,1
3376,418,44,2,1
3376,418,45,2,1
3376,418,46,2,1
3376,418,47,2,1
3376,418,48,2,1
3376,418,49,2,1
3376,418,50,2,1
3377,417,1,1,1
3377,417,2,1,1
3377,417,3,1,1
3377,417,4,1,1
3377,417,5,1,1
3377,417,6,1,1
3377,417,7,1,1
3377,417,8,1,1
3377,417,9,1,1
3377,417,10,1,1
3377,417,11,1,1
3377,417,12,1,1
3377,417,13,1,1
3377,417,14,1,1
3377,417,15,1,1
3377,417,16,1,1
3377,417,17,1,1
3377,417,18,1,1
3377,417,19,1,1
3377,417,20,1,1
3377,417,21,1,1
3377,417,22,1,1
3377,417,23,1,1
3377,417,24,1,1
3377,417,25,1,1
3377,417,26,1,1
3377,417,27,1,1
3377,417,28,1,1
3377,417,29,1,1
3377,417,30,1,1
3377,417,31,1,1
3377,417,32,1,1
3377,417,33,1,1
3377,417,34,1,1
3377,417,35,1,1
3377,417,36,1,1
3377,417,37,1,1
3377,417,38,1,1
3377,417,39,1,1
3377,417,40,1,1
3377,417,41,1,1
3377,417,42,1,1
3377,417,43,1,1
3377,417,44,1,1
3377,417,45,1,1
3377,417,46,1,1
3377,417,47,1,1
3377,417,48,1,1
3377,417,49,1,1
3377,417,50,1,1
3377,417,1,2,1
3377,417,2,2,1
3377,417,3,2,1
3377,417,4,2,1
3377,417,5,2,1
3377,417,6,2,1
3377,417,7,2,1
3377,417,8,2,1
3377,417,9,2,1
3377,417,10,2,1
3377,417,11,2,1
3377,417,12,2,1
3377,417,13,2,1
3377,417,14,2,1
3377,417,15,2,1
3377,417,16,2,1
3377,417,17,2,1
3377,417,18,2,1
3377,417,19,2,1
3377,417,20,2,1
3377,417,21,2,1
3377,417,22,2,1
3377,417,23,2,1
3377,417,24,2,1
3377,417,25,2,1
3377,417,26,2,1
3377,417,27,2,1
3377,417,28,2,1
3377,417,29,2,1
3377,417,30,2,1
3377,417,31,2,1
3377,417,32,2,1
3377,417,33,2,1
3377,417,34,2,1
3377,417,35,2,1
3377,417,36,2,1
3377,417,37,2,1
3377,417,38,2,1
3377,417,39,2,1
3377,417,40,2,1
3377,417,41,2,1
3377,417,42,2,1
3377,417,43,2,1
3377,417,44,2,1
3377,417,45,2,1
3377,417,46,2,1
3377,417,47,2,1
3377,417,48,2,1
3377,417,49,2,1
3377,417,50,2,1
3378,416,1,1,1
3378,416,2,1,1
3378,416,3,1,1
3378,416,4,1,1
3378,416,5,1,1
3378,416,6,1,1
3378,416,7,1,1
3378,416,8,1,1
3378,416,9,1,1
3378,416,10,1,1
3378,416,11,1,1
3378,416,12,1,1
3378,416,13,1,1
3378,416,14,1,1
3378,416,15,1,1
3378,416,16,1,1
3378,416,17,1,1
3378,416,18,1,1
3378,416,19,1,1
3378,416,20,1,1
3378,416,21,1,1
3378,416,22,1,1
3378,416,23,1,1
3378,416,24,1,1
3378,416,25,1,1
3378,416,26,1,1
3378,416,27,1,1
3378,416,28,1,1
3378,416,29,1,1
3378,416,30,1,1
3378,416,31,1,1
3378,416,32,1,1
3378,416,33,1,1
3378,416,34,1,1
3378,416,35,1,1
3378,416,36,1,1
3378,416,37,1,1
3378,416,38,1,1
3378,416,39,1,1
3378,416,40,1,1
3378,416,41,1,1
3378,416,42,1,1
3378,416,43,1,1
3378,416,44,1,1
3378,416,45,1,1
3378,416,46,1,1
3378,416,47,1,1
3378,416,48,1,1
3378,416,49,1,1
3378,416,50,1,1
3378,416,1,2,1
3378,416,2,2,1
3378,416,3,2,1
3378,416,4,2,1
3378,416,5,2,1
3378,416,6,2,1
3378,416,7,2,1
3378,416,8,2,1
3378,416,9,2,1
3378,416,10,2,1
3378,416,11,2,1
3378,416,12,2,1
3378,416,13,2,1
3378,416,14,2,1
3378,416,15,2,1
3378,416,16,2,1
3378,416,17,2,1
3378,416,18,2,1
3378,416,19,2,1
3378,416,20,2,1
3378,416,21,2,1
3378,416,22,2,1
3378,416,23,2,1
3378,416,24,2,1
3378,416,25,2,1
3378,416,26,2,1
3378,416,27,2,1
3378,416,28,2,1
3378,416,29,2,1
3378,416,30,2,1
3378,416,31,2,1
3378,416,32,2,1
3378,416,33,2,1
3378,416,34,2,1
3378,416,35,2,1
3378,416,36,2,1
3378,416,37,2,1
3378,416,38,2,1
3378,416,39,2,1
3378,416,40,2,1
3378,416,41,2,1
3378,416,42,2,1
3378,416,43,2,1
3378,416,44,2,1
3378,416,45,2,1
3378,416,46,2,1
3378,416,47,2,1
3378,416,48,2,1
3378,416,49,2,1
3378,416,50,2,1
3379,415,1,1,1
3379,415,2,1,1
3379,415,3,1,1
3379,415,4,1,1
3379,415,5,1,1
3379,415,6,1,1
3379,415,7,1,1
3379,415,8,1,1
3379,415,9,1,1
3379,415,10,1,1
3379,415,11,1,1
3379,415,12,1,1
3379,415,13,1,1
3379,415,14,1,1
3379,415,15,1,1
3379,415,16,1,1
3379,415,17,1,1
3379,415,18,1,1
3379,415,19,1,1
3379,415,20,1,1
3379,415,21,1,1
3379,415,22,1,1
3379,415,23,1,1
3379,415,24,1,1
3379,415,25,1,1
3379,415,26,1,1
3379,415,27,1,1
3379,415,28,1,1
3379,415,29,1,1
3379,415,30,1,1
3379,415,31,1,1
3379,415,32,1,1
3379,415,33,1,1
3379,415,34,1,1
3379,415,35,1,1
3379,415,36,1,1
3379,415,37,1,1
3379,415,38,1,1
3379,415,39,1,1
3379,415,40,1,1
3379,415,41,1,1
3379,415,42,1,1
3379,415,43,1,1
3379,415,44,1,1
3379,415,45,1,1
3379,415,46,1,1
3379,415,47,1,1
3379,415,48,1,1
3379,415,49,1,1
3379,415,50,1,1
3379,415,1,2,1
3379,415,2,2,1
3379,415,3,2,1
3379,415,4,2,1
3379,415,5,2,1
3379,415,6,2,1
3379,415,7,2,1
3379,415,8,2,1
3379,415,9,2,1
3379,415,10,2,1
3379,415,11,2,1
3379,415,12,2,1
3379,415,13,2,1
3379,415,14,2,1
3379,415,15,2,1
3379,415,16,2,1
3379,415,17,2,1
3379,415,18,2,1
3379,415,19,2,1
3379,415,20,2,1
3379,415,21,2,1
3379,415,22,2,1
3379,415,23,2,1
3379,415,24,2,1
3379,415,25,2,1
3379,415,26,2,1
3379,415,27,2,1
3379,415,28,2,1
3379,415,29,2,1
3379,415,30,2,1
3379,415,31,2,1
3379,415,32,2,1
3379,415,33,2,1
3379,415,34,2,1
3379,415,35,2,1
3379,415,36,2,1
3379,415,37,2,1
3379,415,38,2,1
3379,415,39,2,1
3379,415,40,2,1
3379,415,41,2,1
3379,415,42,2,1
3379,415,43,2,1
3379,415,44,2,1
3379,415,45,2,1
3379,415,46,2,1
3379,415,47,2,1
3379,415,48,2,1
3379,415,49,2,1
3379,415,50,2,1
3380,414,1,1,1
3380,414,2,1,1
3380,414,3,1,1
3380,414,4,1,1
3380,414,5,1,1
3380,414,6,1,1
3380,414,7,1,1
3380,414,8,1,1
3380,414,9,1,1
3380,414,10,1,1
3380,414,11,1,1
3380,414,12,1,1
3380,414,13,1,1
3380,414,14,1,1
3380,414,15,1,1
3380,414,16,1,1
3380,414,17,1,1
3380,414,18,1,1
3380,414,19,1,1
3380,414,20,1,1
3380,414,21,1,1
3380,414,22,1,1
3380,414,23,1,1
3380,414,24,1,1
3380,414,25,1,1
3380,414,26,1,1
3380,414,27,1,1
3380,414,28,1,1
3380,414,29,1,1
3380,414,30,1,1
3380,414,31,1,1
3380,414,32,1,1
3380,414,33,1,1
3380,414,34,1,1
3380,414,35,1,1
3380,414,36,1,1
3380,414,37,1,1
3380,414,38,1,1
3380,414,39,1,1
3380,414,40,1,1
3380,414,41,1,1
3380,414,42,1,1
3380,414,43,1,1
3380,414,44,1,1
3380,414,45,1,1
3380,414,46,1,1
3380,414,47,1,1
3380,414,48,1,1
3380,414,49,1,1
3380,414,50,1,1
3380,414,1,2,1
3380,414,2,2,1
3380,414,3,2,1
3380,414,4,2,1
3380,414,5,2,1
3380,414,6,2,1
3380,414,7,2,1
3380,414,8,2,1
3380,414,9,2,1
3380,414,10,2,1
3380,414,11,2,1
3380,414,12,2,1
3380,414,13,2,1
3380,414,14,2,1
3380,414,15,2,1
3380,414,16,2,1
3380,414,17,2,1
3380,414,18,2,1
3380,414,19,2,1
3380,414,20,2,1
3380,414,21,2,1
3380,414,22,2,1
3380,414,23,2,1
3380,414,24,2,1
3380,414,25,2,1
3380,414,26,2,1
3380,414,27,2,1
3380,414,28,2,1
3380,414,29,2,1
3380,414,30,2,1
3380,414,31,2,1
3380,414,32,2,1
3380,414,33,2,1
3380,414,34,2,1
3380,414,35,2,1
3380,414,36,2,1
3380,414,37,2,1
3380,414,38,2,1
3380,414,39,2,1
3380,414,40,2,1
3380,414,41,2,1
3380,414,42,2,1
3380,414,43,2,1
3380,414,44,2,1
3380,414,45,2,1
3380,414,46,2,1
3380,414,47,2,1
3380,414,48,2,1
3380,414,49,2,1
3380,414,50,2,1
3381,413,1,1,1
3381,413,2,1,1
3381,413,3,1,1
3381,413,4,1,1
3381,413,5,1,1
3381,413,6,1,1
3381,413,7,1,1
3381,413,8,1,1
3381,413,9,1,1
3381,413,10,1,1
3381,413,11,1,1
3381,413,12,1,1
3381,413,13,1,1
3381,413,14,1,1
3381,413,15,1,1
3381,413,16,1,1
3381,413,17,1,1
3381,413,18,1,1
3381,413,19,1,1
3381,413,20,1,1
3381,413,21,1,1
3381,413,22,1,1
3381,413,23,1,1
3381,413,24,1,1
3381,413,25,1,1
3381,413,26,1,1
3381,413,27,1,1
3381,413,28,1,1
3381,413,29,1,1
3381,413,30,1,1
3381,413,31,1,1
3381,413,32,1,1
3381,413,33,1,1
3381,413,34,1,1
3381,413,35,1,1
3381,413,36,1,1
3381,413,37,1,1
3381,413,38,1,1
3381,413,39,1,1
3381,413,40,1,1
3381,413,41,1,1
3381,413,42,1,1
3381,413,43,1,1
3381,413,44,1,1
3381,413,45,1,1
3381,413,46,1,1
3381,413,47,1,1
3381,413,48,1,1
3381,413,49,1,1
3381,413,50,1,1
3381,413,1,2,1
3381,413,2,2,1
3381,413,3,2,1
3381,413,4,2,1
3381,413,5,2,1
3381,413,6,2,1
3381,413,7,2,1
3381,413,8,2,1
3381,413,9,2,1
3381,413,10,2,1
3381,413,11,2,1
3381,413,12,2,1
3381,413,13,2,1
3381,413,14,2,1
3381,413,15,2,1
3381,413,16,2,1
3381,413,17,2,1
3381,413,18,2,1
3381,413,19,2,1
3381,413,20,2,1
3381,413,21,2,1
3381,413,22,2,1
3381,413,23,2,1
3381,413,24,2,1
3381,413,25,2,1
3381,413,26,2,1
3381,413,27,2,1
3381,413,28,2,1
3381,413,29,2,1
3381,413,30,2,1
3381,413,31,2,1
3381,413,32,2,1
3381,413,33,2,1
3381,413,34,2,1
3381,413,35,2,1
3381,413,36,2,1
3381,413,37,2,1
3381,413,38,2,1
3381,413,39,2,1
3381,413,40,2,1
3381,413,41,2,1
3381,413,42,2,1
3381,413,43,2,1
3381,413,44,2,1
3381,413,45,2,1
3381,413,46,2,1
3381,413,47,2,1
3381,413,48,2,1
3381,413,49,2,1
3381,413,50,2,1
3382,412,1,1,1
3382,412,2,1,1
3382,412,3,1,1
3382,412,4,1,1
3382,412,5,1,1
3382,412,6,1,1
3382,412,7,1,1
3382,412,8,1,1
3382,412,9,1,1
3382,412,10,1,1
3382,412,11,1,1
3382,412,12,1,1
3382,412,13,1,1
3382,412,14,1,1
3382,412,15,1,1
3382,412,16,1,1
3382,412,17,1,1
3382,412,18,1,1
3382,412,19,1,1
3382,412,20,1,1
3382,412,21,1,1
3382,412,22,1,1
3382,412,23,1,1
3382,412,24,1,1
3382,412,25,1,1
3382,412,26,1,1
3382,412,27,1,1
3382,412,28,1,1
3382,412,29,1,1
3382,412,30,1,1
3382,412,31,1,1
3382,412,32,1,1
3382,412,33,1,1
3382,412,34,1,1
3382,412,35,1,1
3382,412,36,1,1
3382,412,37,1,1
3382,412,38,1,1
3382,412,39,1,1
3382,412,40,1,1
3382,412,41,1,1
3382,412,42,1,1
3382,412,43,1,1
3382,412,44,1,1
3382,412,45,1,1
3382,412,46,1,1
3382,412,47,1,1
3382,412,48,1,1
3382,412,49,1,1
3382,412,50,1,1
3382,412,1,2,1
3382,412,2,2,1
3382,412,3,2,1
3382,412,4,2,1
3382,412,5,2,1
3382,412,6,2,1
3382,412,7,2,1
3382,412,8,2,1
3382,412,9,2,1
3382,412,10,2,1
3382,412,11,2,1
3382,412,12,2,1
3382,412,13,2,1
3382,412,14,2,1
3382,412,15,2,1
3382,412,16,2,1
3382,412,17,2,1
3382,412,18,2,1
3382,412,19,2,1
3382,412,20,2,1
3382,412,21,2,1
3382,412,22,2,1
3382,412,23,2,1
3382,412,24,2,1
3382,412,25,2,1
3382,412,26,2,1
3382,412,27,2,1
3382,412,28,2,1
3382,412,29,2,1
3382,412,30,2,1
3382,412,31,2,1
3382,412,32,2,1
3382,412,33,2,1
3382,412,34,2,1
3382,412,35,2,1
3382,412,36,2,1
3382,412,37,2,1
3382,412,38,2,1
3382,412,39,2,1
3382,412,40,2,1
3382,412,41,2,1
3382,412,42,2,1
3382,412,43,2,1
3382,412,44,2,1
3382,412,45,2,1
3382,412,46,2,1
3382,412,47,2,1
3382,412,48,2,1
3382,412,49,2,1
3382,412,50,2,1
3382,411,1,1,1
3382,411,2,1,1
3382,411,3,1,1
3382,411,4,1,1
3382,411,5,1,1
3382,411,6,1,1
3382,411,7,1,1
3382,411,8,1,1
3382,411,9,1,1
3382,411,10,1,1
3382,411,11,1,1
3382,411,12,1,1
3382,411,13,1,1
3382,411,14,1,1
3382,411,15,1,1
3382,411,16,1,1
3382,411,17,1,1
3382,411,18,1,1
3382,411,19,1,1
3382,411,20,1,1
3382,411,21,1,1
3382,411,22,1,1
3382,411,23,1,1
3382,411,24,1,1
3382,411,25,1,1
3382,411,26,1,1
3382,411,27,1,1
3382,411,28,1,1
3382,411,29,1,1
3382,411,30,1,1
3382,411,31,1,1
3382,411,32,1,1
3382,411,33,1,1
3382,411,34,1,1
3382,411,35,1,1
3382,411,36,1,1
3382,411,37,1,1
3382,411,38,1,1
3382,411,39,1,1
3382,411,40,1,1
3382,411,41,1,1
3382,411,42,1,1
3382,411,43,1,1
3382,411,44,1,1
3382,411,45,1,1
3382,411,46,1,1
3382,411,47,1,1
3382,411,48,1,1
3382,411,49,1,1
3382,411,50,1,1
3383,411,1,2,1
3383,411,2,2,1
3383,411,3,2,1
3383,411,4,2,1
3383,411,5,2,1
3383,411,6,2,1
3383,411,7,2,1
3383,411,8,2,1
3383,411,9,2,1
3383,411,10,2,1
3383,411,11,2,1
3383,411,12,2,1
3383,411,13,2,1
3383,411,14,2,1
3383,411,15,2,1
3383,411,16,2,1
3383,411,17,2,1
3383,411,18,2,1
3383,411,19,2,1
3383,411,20,2,1
3383,411,21,2,1
3383,411,22,2,1
3383,411,23,2,1
3383,411,24,2,1
3383,411,25,2,1
3383,411,26,2,1
3383,411,27,2,1
3383,411,28,2,1
3383,411,29,2,1
3383,411,30,2,1
3383,411,31,2,1
3383,411,32,2,1
3383,411,33,2,1
3383,411,34,2,1
3383,411,35,2,1
3383,411,36,2,1
3383,411,37,2,1
3383,411,38,2,1
3383,411,39,2,1
3383,411,40,2,1
3383,411,41,2,1
3383,411,42,2,1
3383,411,43,2,1
3383,411,44,2,1
3383,411,45,2,1
3383,411,46,2,1
3383,411,47,2,1
3383,411,48,2,1
3383,411,49,2,1
3383,411,50,2,1
3383,410,1,1,1
3383,410,2,1,1
3383,410,3,1,1
3383,410,4,1,1
3383,410,5,1,1
3383,410,6,1,1
3383,410,7,1,1
3383,410,8,1,1
3383,410,9,1,1
3383,410,10,1,1
3383,410,11,1,1
3383,410,12,1,1
3383,410,13,1,1
3383,410,14,1,1
3383,410,15,1,1
3383,410,16,1,1
3383,410,17,1,1
3383,410,18,1,1
3383,410,19,1,1
3383,410,20,1,1
3383,410,21,1,1
3383,410,22,1,1
3383,410,23,1,1
3383,410,24,1,1
3383,410,25,1,1
3383,410,26,1,1
3383,410,27,1,1
3383,410,28,1,1
3383,410,29,1,1
3383,410,30,1,1
3383,410,31,1,1
3383,410,32,1,1
3383,410,33,1,1
3383,410,34,1,1
3383,410,35,1,1
3383,410,36,1,1
3383,410,37,1,1
3383,410,38,1,1
3383,410,39,1,1
3383,410,40,1,1
3383,410,41,1,1
3383,410,42,1,1
3383,410,43,1,1
3383,410,44,1,1
3383,410,45,1,1
3383,410,46,1,1
3383,410,47,1,1
3383,410,48,1,1
3383,410,49,1,1
3383,410,50,1,1
3384,410,1,2,1
3384,410,2,2,1
3384,410,3,2,1
3384,410,4,2,1
3384,410,5,2,1
3384,410,6,2,1
3384,410,7,2,1
3384,410,8,2,1
3384,410,9,2,1
3384,410,10,2,1
3384,410,11,2,1
3384,410,12,2,1
3384,410,13,2,1
3384,410,14,2,1
3384,410,15,2,1
3384,410,16,2,1
3384,410,17,2,1
3384,410,18,2,1
3384,410,19,2,1
3384,410,20,2,1
3384,410,21,2,1
3384,410,22,2,1
3384,410,23,2,1
3384,410,24,2,1
3384,410,25,2,1
3384,410,26,2,1
3384,410,27,2,1
3384,410,28,2,1
3384,410,29,2,1
3384,410,30,2,1
3384,410,31,2,1
3384,410,32,2,1
3384,410,33,2,1
3384,410,34,2,1
3384,410,35,2,1
3384,410,36,2,1
3384,410,37,2,1
3384,410,38,2,1
3384,410,39,2,1
3384,410,40,2,1
3384,410,41,2,1
3384,410,42,2,1
3384,410,43,2,1
3384,410,44,2,1
3384,410,45,2,1
3384,410,46,2,1
3384,410,47,2,1
3384,410,48,2,1
3384,410,49,2,1
3384,410,50,2,1
3384,409,1,1,1
3384,409,2,1,1
3384,409,3,1,1
3384,409,4,1,1
3384,409,5,1,1
3384,409,6,1,1
3384,409,7,1,1
3384,409,8,1,1
3384,409,9,1,1
3384,409,10,1,1
3384,409,11,1,1
3384,409,12,1,1
3384,409,13,1,1
3384,409,14,1,1
3384,409,15,1,1
3384,409,16,1,1
3384,409,17,1,1
3384,409,18,1,1
3384,409,19,1,1
3384,409,20,1,1
3384,409,21,1,1
3384,409,22,1,1
3384,409,23,1,1
3384,409,24,1,1
3384,409,25,1,1
3384,409,26,1,1
3384,409,27,1,1
3384,409,28,1,1
3384,409,29,1,1
3384,409,30,1,1
3384,409,31,1,1
3384,409,32,1,1
3384,409,33,1,1
3384,409,34,1,1
3384,409,35,1,1
3384,409,36,1,1
3384,409,37,1,1
3384,409,38,1,1
3384,409,39,1,1
3384,409,40,1,1
3384,409,41,1,1
3384,409,42,1,1
3384,409,43,1,1
3384,409,44,1,1
3384,409,45,1,1
3384,409,46,1,1
3384,409,47,1,1
3384,409,48,1,1
3384,409,49,1,1
3384,409,50,1,1
3385,408,1,1,1
3385,408,2,1,1
3385,408,3,1,1
3385,408,4,1,1
3385,408,5,1,1
3385,408,6,1,1
3385,408,7,1,1
3385,408,8,1,1
3385,408,9,1,1
3385,408,10,1,1
3385,408,11,1,1
3385,408,12,1,1
3385,408,13,1,1
3385,408,14,1,1
3385,408,15,1,1
3385,408,16,1,1
3385,408,17,1,1
3385,408,18,1,1
3385,408,19,1,1
3385,408,20,1,1
3385,408,21,1,1
3385,408,22,1,1
3385,408,23,1,1
3385,408,24,1,1
3385,408,25,1,1
3385,408,26,1,1
3385,408,27,1,1
3385,408,28,1,1
3385,408,29,1,1
3385,408,30,1,1
3385,408,31,1,1
3385,408,32,1,1
3385,408,33,1,1
3385,408,34,1,1
3385,408,35,1,1
3385,408,36,1,1
3385,408,37,1,1
3385,408,38,1,1
3385,408,39,1,1
3385,408,40,1,1
3385,408,41,1,1
3385,408,42,1,1
3385,408,43,1,1
3385,408,44,1,1
3385,408,45,1,1
3385,408,46,1,1
3385,408,47,1,1
3385,408,48,1,1
3385,408,49,1,1
3385,408,50,1,1
3385,408,1,2,1
3385,408,2,2,1
3385,408,3,2,1
3385,408,4,2,1
3385,408,5,2,1
3385,408,6,2,1
3385,408,7,2,1
3385,408,8,2,1
3385,408,9,2,1
3385,408,10,2,1
3385,408,11,2,1
3385,408,12,2,1
3385,408,13,2,1
3385,408,14,2,1
3385,408,15,2,1
3385,408,16,2,1
3385,408,17,2,1
3385,408,18,2,1
3385,408,19,2,1
3385,408,20,2,1
3385,408,21,2,1
3385,408,22,2,1
3385,408,23,2,1
3385,408,24,2,1
3385,408,25,2,1
3385,408,26,2,1
3385,408,27,2,1
3385,408,28,2,1
3385,408,29,2,1
3385,408,30,2,1
3385,408,31,2,1
3385,408,32,2,1
3385,408,33,2,1
3385,408,34,2,1
3385,408,35,2,1
3385,408,36,2,1
3385,408,37,2,1
3385,408,38,2,1
3385,408,39,2,1
3385,408,40,2,1
3385,408,41,2,1
3385,408,42,2,1
3385,408,43,2,1
3385,408,44,2,1
3385,408,45,2,1
3385,408,46,2,1
3385,408,47,2,1
3385,408,48,2,1
3385,408,49,2,1
3385,408,50,2,1
3386,407,1,1,1
3386,407,2,1,1
3386,407,3,1,1
3386,407,4,1,1
3386,407,5,1,1
3386,407,6,1,1
3386,407,7,1,1
3386,407,8,1,1
3386,407,9,1,1
3386,407,10,1,1
3386,407,11,1,1
3386,407,12,1,1
3386,407,13,1,1
3386,407,14,1,1
3386,407,15,1,1
3386,407,16,1,1
3386,407,17,1,1
3386,407,18,1,1
3386,407,19,1,1
3386,407,20,1,1
3386,407,21,1,1
3386,407,22,1,1
3386,407,23,1,1
3386,407,24,1,1
3386,407,25,1,1
3386,407,26,1,1
3386,407,27,1,1
3386,407,28,1,1
3386,407,29,1,1
3386,407,30,1,1
3386,407,31,1,1
3386,407,32,1,1
3386,407,33,1,1
3386,407,34,1,1
3386,407,35,1,1
3386,407,36,1,1
3386,407,37,1,1
3386,407,38,1,1
3386,407,39,1,1
3386,407,40,1,1
3386,407,41,1,1
3386,407,42,1,1
3386,407,43,1,1
3386,407,44,1,1
3386,407,45,1,1
3386,407,46,1,1
3386,407,47,1,1
3386,407,48,1,1
3386,407,49,1,1
3386,407,50,1,1
3386,407,1,2,1
3386,407,2,2,1
3386,407,3,2,1
3386,407,4,2,1
3386,407,5,2,1
3386,407,6,2,1
3386,407,7,2,1
3386,407,8,2,1
3386,407,9,2,1
3386,407,10,2,1
3386,407,11,2,1
3386,407,12,2,1
3386,407,13,2,1
3386,407,14,2,1
3386,407,15,2,1
3386,407,16,2,1
3386,407,17,2,1
3386,407,18,2,1
3386,407,19,2,1
3386,407,20,2,1
3386,407,21,2,1
3386,407,22,2,1
3386,407,23,2,1
3386,407,24,2,1
3386,407,25,2,1
3386,407,26,2,1
3386,407,27,2,1
3386,407,28,2,1
3386,407,29,2,1
3386,407,30,2,1
3386,407,31,2,1
3386,407,32,2,1
3386,407,33,2,1
3386,407,34,2,1
3386,407,35,2,1
3386,407,36,2,1
3386,407,37,2,1
3386,407,38,2,1
3386,407,39,2,1
3386,407,40,2,1
3386,407,41,2,1
3386,407,42,2,1
3386,407,43,2,1
3386,407,44,2,1
3386,407,45,2,1
3386,407,46,2,1
3386,407,47,2,1
3386,407,48,2,1
3386,407,49,2,1
3386,407,50,2,1
3387,406,1,1,1
3387,406,2,1,1
3387,406,3,1,1
3387,406,4,1,1
3387,406,5,1,1
3387,406,6,1,1
3387,406,7,1,1
3387,406,8,1,1
3387,406,9,1,1
3387,406,10,1,1
3387,406,11,1,1
3387,406,12,1,1
3387,406,13,1,1
3387,406,14,1,1
3387,406,15,1,1
3387,406,16,1,1
3387,406,17,1,1
3387,406,18,1,1
3387,406,19,1,1
3387,406,20,1,1
3387,406,21,1,1
3387,406,22,1,1
3387,406,23,1,1
3387,406,24,1,1
3387,406,25,1,1
3387,406,26,1,1
3387,406,27,1,1
3387,406,28,1,1
3387,406,29,1,1
3387,406,30,1,1
3387,406,31,1,1
3387,406,32,1,1
3387,406,33,1,1
3387,406,34,1,1
3387,406,35,1,1
3387,406,36,1,1
3387,406,37,1,1
3387,406,38,1,1
3387,406,39,1,1
3387,406,40,1,1
3387,406,41,1,1
3387,406,42,1,1
3387,406,43,1,1
3387,406,44,1,1
3387,406,45,1,1
3387,406,46,1,1
3387,406,47,1,1
3387,406,48,1,1
3387,406,49,1,1
3387,406,50,1,1
3387,406,1,2,1
3387,406,2,2,1
3387,406,3,2,1
3387,406,4,2,1
3387,406,5,2,1
3387,406,6,2,1
3387,406,7,2,1
3387,406,8,2,1
3387,406,9,2,1
3387,406,10,2,1
3387,406,11,2,1
3387,406,12,2,1
3387,406,13,2,1
3387,406,14,2,1
3387,406,15,2,1
3387,406,16,2,1
3387,406,17,2,1
3387,406,18,2,1
3387,406,19,2,1
3387,406,20,2,1
3387,406,21,2,1
3387,406,22,2,1
3387,406,23,2,1
3387,406,24,2,1
3387,406,25,2,1
3387,406,26,2,1
3387,406,27,2,1
3387,406,28,2,1
3387,406,29,2,1
3387,406,30,2,1
3387,406,31,2,1
3387,406,32,2,1
3387,406,33,2,1
3387,406,34,2,1
3387,406,35,2,1
3387,406,36,2,1
3387,406,37,2,1
3387,406,38,2,1
3387,406,39,2,1
3387,406,40,2,1
3387,406,41,2,1
3387,406,42,2,1
3387,406,43,2,1
3387,406,44,2,1
3387,406,45,2,1
3387,406,46,2,1
3387,406,47,2,1
3387,406,48,2,1
3387,406,49,2,1
3387,406,50,2,1
3388,405,1,1,1
3388,405,2,1,1
3388,405,3,1,1
3388,405,4,1,1
3388,405,5,1,1
3388,405,6,1,1
3388,405,7,1,1
3388,405,8,1,1
3388,405,9,1,1
3388,405,10,1,1
3388,405,11,1,1
3388,405,12,1,1
3388,405,13,1,1
3388,405,14,1,1
3388,405,15,1,1
3388,405,16,1,1
3388,405,17,1,1
3388,405,18,1,1
3388,405,19,1,1
3388,405,20,1,1
3388,405,21,1,1
3388,405,22,1,1
3388,405,23,1,1
3388,405,24,1,1
3388,405,25,1,1
3388,405,26,1,1
3388,405,27,1,1
3388,405,28,1,1
3388,405,29,1,1
3388,405,30,1,1
3388,405,31,1,1
3388,405,32,1,1
3388,405,33,1,1
3388,405,34,1,1
3388,405,35,1,1
3388,405,36,1,1
3388,405,37,1,1
3388,405,38,1,1
3388,405,39,1,1
3388,405,40,1,1
3388,405,41,1,1
3388,405,42,1,1
3388,405,43,1,1
3388,405,44,1,1
3388,405,45,1,1
3388,405,46,1,1
3388,405,47,1,1
3388,405,48,1,1
3388,405,49,1,1
3388,405,50,1,1
3388,405,1,2,1
3388,405,2,2,1
3388,405,3,2,1
3388,405,4,2,1
3388,405,5,2,1
3388,405,6,2,1
3388,405,7,2,1
3388,405,8,2,1
3388,405,9,2,1
3388,405,10,2,1
3388,405,11,2,1
3388,405,12,2,1
3388,405,13,2,1
3388,405,14,2,1
3388,405,15,2,1
3388,405,16,2,1
3388,405,17,2,1
3388,405,18,2,1
3388,405,19,2,1
3388,405,20,2,1
3388,405,21,2,1
3388,405,22,2,1
3388,405,23,2,1
3388,405,24,2,1
3388,405,25,2,1
3388,405,26,2,1
3388,405,27,2,1
3388,405,28,2,1
3388,405,29,2,1
3388,405,30,2,1
3388,405,31,2,1
3388,405,32,2,1
3388,405,33,2,1
3388,405,34,2,1
3388,405,35,2,1
3388,405,36,2,1
3388,405,37,2,1
3388,405,38,2,1
3388,405,39,2,1
3388,405,40,2,1
3388,405,41,2,1
3388,405,42,2,1
3388,405,43,2,1
3388,405,44,2,1
3388,405,45,2,1
3388,405,46,2,1
3388,405,47,2,1
3388,405,48,2,1
3388,405,49,2,1
3388,405,50,2,1
3389,404,1,1,1
3389,404,2,1,1
3389,404,3,1,1
3389,404,4,1,1
3389,404,5,1,1
3389,404,6,1,1
3389,404,7,1,1
3389,404,8,1,1
3389,404,9,1,1
3389,404,10,1,1
3389,404,11,1,1
3389,404,12,1,1
3389,404,13,1,1
3389,404,14,1,1
3389,404,15,1,1
3389,404,16,1,1
3389,404,17,1,1
3389,404,18,1,1
3389,404,19,1,1
3389,404,20,1,1
3389,404,21,1,1
3389,404,22,1,1
3389,404,23,1,1
3389,404,24,1,1
3389,404,25,1,1
3389,404,26,1,1
3389,404,27,1,1
3389,404,28,1,1
3389,404,29,1,1
3389,404,30,1,1
3389,404,31,1,1
3389,404,32,1,1
3389,404,33,1,1
3389,404,34,1,1
3389,404,35,1,1
3389,404,36,1,1
3389,404,37,1,1
3389,404,38,1,1
3389,404,39,1,1
3389,404,40,1,1
3389,404,41,1,1
3389,404,42,1,1
3389,404,43,1,1
3389,404,44,1,1
3389,404,45,1,1
3389,404,46,1,1
3389,404,47,1,1
3389,404,48,1,1
3389,404,49,1,1
3389,404,50,1,1
3389,404,1,2,1
3389,404,2,2,1
3389,404,3,2,1
3389,404,4,2,1
3389,404,5,2,1
3389,404,6,2,1
3389,404,7,2,1
3389,404,8,2,1
3389,404,9,2,1
3389,404,10,2,1
3389,404,11,2,1
3389,404,12,2,1
3389,404,13,2,1
3389,404,14,2,1
3389,404,15,2,1
3389,404,16,2,1
3389,404,17,2,1
3389,404,18,2,1
3389,404,19,2,1
3389,404,20,2,1
3389,404,21,2,1
3389,404,22,2,1
3389,404,23,2,1
3389,404,24,2,1
3389,404,25,2,1
3389,404,26,2,1
3389,404,27,2,1
3389,404,28,2,1
3389,404,29,2,1
3389,404,30,2,1
3389,404,31,2,1
3389,404,32,2,1
3389,404,33,2,1
3389,404,34,2,1
3389,404,35,2,1
3389,404,36,2,1
3389,404,37,2,1
3389,404,38,2,1
3389,404,39,2,1
3389,404,40,2,1
3389,404,41,2,1
3389,404,42,2,1
3389,404,43,2,1
3389,404,44,2,1
3389,404,45,2,1
3389,404,46,2,1
3389,404,47,2,1
3389,404,48,2,1
3389,404,49,2,1
3389,404,50,2,1
3390,403,1,1,1
3390,403,2,1,1
3390,403,3,1,1
3390,403,4,1,1
3390,403,5,1,1
3390,403,6,1,1
3390,403,7,1,1
3390,403,8,1,1
3390,403,9,1,1
3390,403,10,1,1
3390,403,11,1,1
3390,403,12,1,1
3390,403,13,1,1
3390,403,14,1,1
3390,403,15,1,1
3390,403,16,1,1
3390,403,17,1,1
3390,403,18,1,1
3390,403,19,1,1
3390,403,20,1,1
3390,403,21,1,1
3390,403,22,1,1
3390,403,23,1,1
3390,403,24,1,1
3390,403,25,1,1
3390,403,26,1,1
3390,403,27,1,1
3390,403,28,1,1
3390,403,29,1,1
3390,403,30,1,1
3390,403,31,1,1
3390,403,32,1,1
3390,403,33,1,1
3390,403,34,1,1
3390,403,35,1,1
3390,403,36,1,1
3390,403,37,1,1
3390,403,38,1,1
3390,403,39,1,1
3390,403,40,1,1
3390,403,41,1,1
3390,403,42,1,1
3390,403,43,1,1
3390,403,44,1,1
3390,403,45,1,1
3390,403,46,1,1
3390,403,47,1,1
3390,403,48,1,1
3390,403,49,1,1
3390,403,50,1,1
3390,403,1,2,1
3390,403,2,2,1
3390,403,3,2,1
3390,403,4,2,1
3390,403,5,2,1
3390,403,6,2,1
3390,403,7,2,1
3390,403,8,2,1
3390,403,9,2,1
3390,403,10,2,1
3390,403,11,2,1
3390,403,12,2,1
3390,403,13,2,1
3390,403,14,2,1
3390,403,15,2,1
3390,403,16,2,1
3390,403,17,2,1
3390,403,18,2,1
3390,403,19,2,1
3390,403,20,2,1
3390,403,21,2,1
3390,403,22,2,1
3390,403,23,2,1
3390,403,24,2,1
3390,403,25,2,1
3390,403,26,2,1
3390,403,27,2,1
3390,403,28,2,1
3390,403,29,2,1
3390,403,30,2,1
3390,403,31,2,1
3390,403,32,2,1
3390,403,33,2,1
3390,403,34,2,1
3390,403,35,2,1
3390,403,36,2,1
3390,403,37,2,1
3390,403,38,2,1
3390,403,39,2,1
3390,403,40,2,1
3390,403,41,2,1
3390,403,42,2,1
3390,403,43,2,1
3390,403,44,2,1
3390,403,45,2,1
3390,403,46,2,1
3390,403,47,2,1
3390,403,48,2,1
3390,403,49,2,1
3390,403,50,2,1
3391,402,1,1,1
3391,402,2,1,1
3391,402,3,1,1
3391,402,4,1,1
3391,402,5,1,1
3391,402,6,1,1
3391,402,7,1,1
3391,402,8,1,1
3391,402,9,1,1
3391,402,10,1,1
3391,402,11,1,1
3391,402,12,1,1
3391,402,13,1,1
3391,402,14,1,1
3391,402,15,1,1
3391,402,16,1,1
3391,402,17,1,1
3391,402,18,1,1
3391,402,19,1,1
3391,402,20,1,1
3391,402,21,1,1
3391,402,22,1,1
3391,402,23,1,1
3391,402,24,1,1
3391,402,25,1,1
3391,402,26,1,1
3391,402,27,1,1
3391,402,28,1,1
3391,402,29,1,1
3391,402,30,1,1
3391,402,31,1,1
3391,402,32,1,1
3391,402,33,1,1
3391,402,34,1,1
3391,402,35,1,1
3391,402,36,1,1
3391,402,37,1,1
3391,402,38,1,1
3391,402,39,1,1
3391,402,40,1,1
3391,402,41,1,1
3391,402,42,1,1
3391,402,43,1,1
3391,402,44,1,1
3391,402,45,1,1
3391,402,46,1,1
3391,402,47,1,1
3391,402,48,1,1
3391,402,49,1,1
3391,402,50,1,1
3391,402,1,2,1
3391,402,2,2,1
3391,402,3,2,1
3391,402,4,2,1
3391,402,5,2,1
3391,402,6,2,1
3391,402,7,2,1
3391,402,8,2,1
3391,402,9,2,1
3391,402,10,2,1
3391,402,11,2,1
3391,402,12,2,1
3391,402,13,2,1
3391,402,14,2,1
3391,402,15,2,1
3391,402,16,2,1
3391,402,17,2,1
3391,402,18,2,1
3391,402,19,2,1
3391,402,20,2,1
3391,402,21,2,1
3391,402,22,2,1
3391,402,23,2,1
3391,402,24,2,1
3391,402,25,2,1
3391,402,26,2,1
3391,402,27,2,1
3391,402,28,2,1
3391,402,29,2,1
3391,402,30,2,1
3391,402,31,2,1
3391,402,32,2,1
3391,402,33,2,1
3391,402,34,2,1
3391,402,35,2,1
3391,402,36,2,1
3391,402,37,2,1
3391,402,38,2,1
3391,402,39,2,1
3391,402,40,2,1
3391,402,41,2,1
3391,402,42,2,1
3391,402,43,2,1
3391,402,44,2,1
3391,402,45,2,1
3391,402,46,2,1
3391,402,47,2,1
3391,402,48,2,1
3391,402,49,2,1
3391,402,50,2,1
3392,401,1,1,1
3392,401,2,1,1
3392,401,3,1,1
3392,401,4,1,1
3392,401,5,1,1
3392,401,6,1,1
3392,401,7,1,1
3392,401,8,1,1
3392,401,9,1,1
3392,401,10,1,1
3392,401,11,1,1
3392,401,12,1,1
3392,401,13,1,1
3392,401,14,1,1
3392,401,15,1,1
3392,401,16,1,1
3392,401,17,1,1
3392,401,18,1,1
3392,401,19,1,1
3392,401,20,1,1
3392,401,21,1,1
3392,401,22,1,1
3392,401,23,1,1
3392,401,24,1,1
3392,401,25,1,1
3392,401,26,1,1
3392,401,27,1,1
3392,401,28,1,1
3392,401,29,1,1
3392,401,30,1,1
3392,401,31,1,1
3392,401,32,1,1
3392,401,33,1,1
3392,401,34,1,1
3392,401,35,1,1
3392,401,36,1,1
3392,401,37,1,1
3392,401,38,1,1
3392,401,39,1,1
3392,401,40,1,1
3392,401,41,1,1
3392,401,42,1,1
3392,401,43,1,1
3392,401,44,1,1
3392,401,45,1,1
3392,401,46,1,1
3392,401,47,1,1
3392,401,48,1,1
3392,401,49,1,1
3392,401,50,1,1
3392,401,1,2,1
3392,401,2,2,1
3392,401,3,2,1
3392,401,4,2,1
3392,401,5,2,1
3392,401,6,2,1
3392,401,7,2,1
3392,401,8,2,1
3392,401,9,2,1
3392,401,10,2,1
3392,401,11,2,1
3392,401,12,2,1
3392,401,13,2,1
3392,401,14,2,1
3392,401,15,2,1
3392,401,16,2,1
3392,401,17,2,1
3392,401,18,2,1
3392,401,19,2,1
3392,401,20,2,1
3392,401,21,2,1
3392,401,22,2,1
3392,401,23,2,1
3392,401,24,2,1
3392,401,25,2,1
3392,401,26,2,1
3392,401,27,2,1
3392,401,28,2,1
3392,401,29,2,1
3392,401,30,2,1
3392,401,31,2,1
3392,401,32,2,1
3392,401,33,2,1
3392,401,34,2,1
3392,401,35,2,1
3392,401,36,2,1
3392,401,37,2,1
3392,401,38,2,1
3392,401,39,2,1
3392,401,40,2,1
3392,401,41,2,1
3392,401,42,2,1
3392,401,43,2,1
3392,401,44,2,1
3392,401,45,2,1
3392,401,46,2,1
3392,401,47,2,1
3392,401,48,2,1
3392,401,49,2,1
3392,401,50,2,1
3393,400,1,1,1
3393,400,2,1,1
3393,400,3,1,1
3393,400,4,1,1
3393,400,5,1,1
3393,400,6,1,1
3393,400,7,1,1
3393,400,8,1,1
3393,400,9,1,1
3393,400,10,1,1
3393,400,11,1,1
3393,400,12,1,1
3393,400,13,1,1
3393,400,14,1,1
3393,400,15,1,1
3393,400,16,1,1
3393,400,17,1,1
3393,400,18,1,1
3393,400,19,1,1
3393,400,20,1,1
3393,400,21,1,1
3393,400,22,1,1
3393,400,23,1,1
3393,400,24,1,1
3393,400,25,1,1
3393,400,26,1,1
3393,400,27,1,1
3393,400,28,1,1
3393,400,29,1,1
3393,400,30,1,1
3393,400,31,1,1
3393,400,32,1,1
3393,400,33,1,1
3393,400,34,1,1
3393,400,35,1,1
3393,400,36,1,1
3393,400,37,1,1
3393,400,38,1,1
3393,400,39,1,1
3393,400,40,1,1
3393,400,41,1,1
3393,400,42,1,1
3393,400,43,1,1
3393,400,44,1,1
3393,400,45,1,1
3393,400,46,1,1
3393,400,47,1,1
3393,400,48,1,1
3393,400,49,1,1
3393,400,50,1,1
3393,400,1,2,1
3393,400,2,2,1
3393,400,3,2,1
3393,400,4,2,1
3393,400,5,2,1
3393,400,6,2,1
3393,400,7,2,1
3393,400,8,2,1
3393,400,9,2,1
3393,400,10,2,1
3393,400,11,2,1
3393,400,12,2,1
3393,400,13,2,1
3393,400,14,2,1
3393,400,15,2,1
3393,400,16,2,1
3393,400,17,2,1
3393,400,18,2,1
3393,400,19,2,1
3393,400,20,2,1
3393,400,21,2,1
3393,400,22,2,1
3393,400,23,2,1
3393,400,24,2,1
3393,400,25,2,1
3393,400,26,2,1
3393,400,27,2,1
3393,400,28,2,1
3393,400,29,2,1
3393,400,30,2,1
3393,400,31,2,1
3393,400,32,2,1
3393,400,33,2,1
3393,400,34,2,1
3393,400,35,2,1
3393,400,36,2,1
3393,400,37,2,1
3393,400,38,2,1
3393,400,39,2,1
3393,400,40,2,1
3393,400,41,2,1
3393,400,42,2,1
3393,400,43,2,1
3393,400,44,2,1
3393,400,45,2,1
3393,400,46,2,1
3393,400,47,2,1
3393,400,48,2,1
3393,400,49,2,1
3393,400,50,2,1
3394,399,1,1,1
3394,399,2,1,1
3394,399,3,1,1
3394,399,4,1,1
3394,399,5,1,1
3394,399,6,1,1
3394,399,7,1,1
3394,399,8,1,1
3394,399,9,1,1
3394,399,10,1,1
3394,399,11,1,1
3394,399,12,1,1
3394,399,13,1,1
3394,399,14,1,1
3394,399,15,1,1
3394,399,16,1,1
3394,399,17,1,1
3394,399,18,1,1
3394,399,19,1,1
3394,399,20,1,1
3394,399,21,1,1
3394,399,22,1,1
3394,399,23,1,1
3394,399,24,1,1
3394,399,25,1,1
3394,399,26,1,1
3394,399,27,1,1
3394,399,28,1,1
3394,399,29,1,1
3394,399,30,1,1
3394,399,31,1,1
3394,399,32,1,1
3394,399,33,1,1
3394,399,34,1,1
3394,399,35,1,1
3394,399,36,1,1
3394,399,37,1,1
3394,399,38,1,1
3394,399,39,1,1
3394,399,40,1,1
3394,399,41,1,1
3394,399,42,1,1
3394,399,43,1,1
3394,399,44,1,1
3394,399,45,1,1
3394,399,46,1,1
3394,399,47,1,1
3394,399,48,1,1
3394,399,49,1,1
3394,399,50,1,1
3394,399,1,2,1
3394,399,2,2,1
3394,399,3,2,1
3394,399,4,2,1
3394,399,5,2,1
3394,399,6,2,1
3394,399,7,2,1
3394,399,8,2,1
3394,399,9,2,1
3394,399,10,2,1
3394,399,11,2,1
3394,399,12,2,1
3394,399,13,2,1
3394,399,14,2,1
3394,399,15,2,1
3394,399,16,2,1
3394,399,17,2,1
3394,399,18,2,1
3394,399,19,2,1
3394,399,20,2,1
3394,399,21,2,1
3394,399,22,2,1
3394,399,23,2,1
3394,399,24,2,1
3394,399,25,2,1
3394,399,26,2,1
3394,399,27,2,1
3394,399,28,2,1
3394,399,29,2,1
3394,399,30,2,1
3394,399,31,2,1
3394,399,32,2,1
3394,399,33,2,1
3394,399,34,2,1
3394,399,35,2,1
3394,399,36,2,1
3394,399,37,2,1
3394,399,38,2,1
3394,399,39,2,1
3394,399,40,2,1
3394,399,41,2,1
3394,399,42,2,1
3394,399,43,2,1
3394,399,44,2,1
3394,399,45,2,1
3394,399,46,2,1
3394,399,47,2,1
3394,399,48,2,1
3394,399,49,2,1
3394,399,50,2,1
3394,398,1,1,1
3394,398,2,1,1
3394,398,3,1,1
3394,398,4,1,1
3394,398,5,1,1
3394,398,6,1,1
3394,398,7,1,1
3394,398,8,1,1
3394,398,9,1,1
3394,398,10,1,1
3394,398,11,1,1
3394,398,12,1,1
3394,398,13,1,1
3394,398,14,1,1
3394,398,15,1,1
3394,398,16,1,1
3394,398,17,1,1
3394,398,18,1,1
3394,398,19,1,1
3394,398,20,1,1
3394,398,21,1,1
3394,398,22,1,1
3394,398,23,1,1
3394,398,24,1,1
3394,398,25,1,1
3394,398,26,1,1
3394,398,27,1,1
3394,398,28,1,1
3394,398,29,1,1
3394,398,30,1,1
3394,398,31,1,1
3394,398,32,1,1
3394,398,33,1,1
3394,398,34,1,1
3394,398,35,1,1
3394,398,36,1,1
3394,398,37,1,1
3394,398,38,1,1
3394,398,39,1,1
3394,398,40,1,1
3394,398,41,1,1
3394,398,42,1,1
3394,398,43,1,1
3394,398,44,1,1
3394,398,45,1,1
3394,398,46,1,1
3394,398,47,1,1
3394,398,48,1,1
3394,398,49,1,1
3394,398,50,1,1
3395,398,1,2,1
3395,398,2,2,1
3395,398,3,2,1
3395,398,4,2,1
3395,398,5,2,1
3395,398,6,2,1
3395,398,7,2,1
3395,398,8,2,1
3395,398,9,2,1
3395,398,10,2,1
3395,398,11,2,1
3395,398,12,2,1
3395,398,13,2,1
3395,398,14,2,1
3395,398,15,2,1
3395,398,16,2,1
3395,398,17,2,1
3395,398,18,2,1
3395,398,19,2,1
3395,398,20,2,1
3395,398,21,2,1
3395,398,22,2,1
3395,398,23,2,1
3395,398,24,2,1
3395,398,25,2,1
3395,398,26,2,1
3395,398,27,2,1
3395,398,28,2,1
3395,398,29,2,1
3395,398,30,2,1
3395,398,31,2,1
3395,398,32,2,1
3395,398,33,2,1
3395,398,34,2,1
3395,398,35,2,1
3395,398,36,2,1
3395,398,37,2,1
3395,398,38,2,1
3395,398,39,2,1
3395,398,40,2,1
3395,398,41,2,1
3395,398,42,2,1
3395,398,43,2,1
3395,398,44,2,1
3395,398,45,2,1
3395,398,46,2,1
3395,398,47,2,1
3395,398,48,2,1
3395,398,49,2,1
3395,398,50,2,1
3395,397,1,1,1
3395,397,2,1,1
3395,397,3,1,1
3395,397,4,1,1
3395,397,5,1,1
3395,397,6,1,1
3395,397,7,1,1
3395,397,8,1,1
3395,397,9,1,1
3395,397,10,1,1
3395,397,11,1,1
3395,397,12,1,1
3395,397,13,1,1
3395,397,14,1,1
3395,397,15,1,1
3395,397,16,1,1
3395,397,17,1,1
3395,397,18,1,1
3395,397,19,1,1
3395,397,20,1,1
3395,397,21,1,1
3395,397,22,1,1
3395,397,23,1,1
3395,397,24,1,1
3395,397,25,1,1
3395,397,26,1,1
3395,397,27,1,1
3395,397,28,1,1
3395,397,29,1,1
3395,397,30,1,1
3395,397,31,1,1
3395,397,32,1,1
3395,397,33,1,1
3395,397,34,1,1
3395,397,35,1,1
3395,397,36,1,1
3395,397,37,1,1
3395,397,38,1,1
3395,397,39,1,1
3395,397,40,1,1
3395,397,41,1,1
3395,397,42,1,1
3395,397,43,1,1
3395,397,44,1,1
3395,397,45,1,1
3395,397,46,1,1
3395,397,47,1,1
3395,397,48,1,1
3395,397,49,1,1
3395,397,50,1,1
3396,397,1,2,1
3396,397,2,2,1
3396,397,3,2,1
3396,397,4,2,1
3396,397,5,2,1
3396,397,6,2,1
3396,397,7,2,1
3396,397,8,2,1
3396,397,9,2,1
3396,397,10,2,1
3396,397,11,2,1
3396,397,12,2,1
3396,397,13,2,1
3396,397,14,2,1
3396,397,15,2,1
3396,397,16,2,1
3396,397,17,2,1
3396,397,18,2,1
3396,397,19,2,1
3396,397,20,2,1
3396,397,21,2,1
3396,397,22,2,1
3396,397,23,2,1
3396,397,24,2,1
3396,397,25,2,1
3396,397,26,2,1
3396,397,27,2,1
3396,397,28,2,1
3396,397,29,2,1
3396,397,30,2,1
3396,397,31,2,1
3396,397,32,2,1
3396,397,33,2,1
3396,397,34,2,1
3396,397,35,2,1
3396,397,36,2,1
3396,397,37,2,1
3396,397,38,2,1
3396,397,39,2,1
3396,397,40,2,1
3396,397,41,2,1
3396,397,42,2,1
3396,397,43,2,1
3396,397,44,2,1
3396,397,45,2,1
3396,397,46,2,1
3396,397,47,2,1
3396,397,48,2,1
3396,397,49,2,1
3396,397,50,2,1
3396,396,1,1,1
3396,396,2,1,1
3396,396,3,1,1
3396,396,4,1,1
3396,396,5,1,1
3396,396,6,1,1
3396,396,7,1,1
3396,396,8,1,1
3396,396,9,1,1
3396,396,10,1,1
3396,396,11,1,1
3396,396,12,1,1
3396,396,13,1,1
3396,396,14,1,1
3396,396,15,1,1
3396,396,16,1,1
3396,396,17,1,1
3396,396,18,1,1
3396,396,19,1,1
3396,396,20,1,1
3396,396,21,1,1
3396,396,22,1,1
3396,396,23,1,1
3396,396,24,1,1
3396,396,25,1,1
3396,396,26,1,1
3396,396,27,1,1
3396,396,28,1,1
3396,396,29,1,1
3396,396,30,1,1
3396,396,31,1,1
3396,396,32,1,1
3396,396,33,1,1
3396,396,34,1,1
3396,396,35,1,1
3396,396,36,1,1
3396,396,37,1,1
3396,396,38,1,1
3396,396,39,1,1
3396,396,40,1,1
3396,396,41,1,1
3396,396,42,1,1
3396,396,43,1,1
3396,396,44,1,1
3396,396,45,1,1
3396,396,46,1,1
3396,396,47,1,1
3396,396,48,1,1
3396,396,49,1,1
3396,396,50,1,1
3397,396,1,2,1
3397,396,2,2,1
3397,396,3,2,1
3397,396,4,2,1
3397,396,5,2,1
3397,396,6,2,1
3397,396,7,2,1
3397,396,8,2,1
3397,396,9,2,1
3397,396,10,2,1
3397,396,11,2,1
3397,396,12,2,1
3397,396,13,2,1
3397,396,14,2,1
3397,396,15,2,1
3397,396,16,2,1
3397,396,17,2,1
3397,396,18,2,1
3397,396,19,2,1
3397,396,20,2,1
3397,396,21,2,1
3397,396,22,2,1
3397,396,23,2,1
3397,396,24,2,1
3397,396,25,2,1
3397,396,26,2,1
3397,396,27,2,1
3397,396,28,2,1
3397,396,29,2,1
3397,396,30,2,1
3397,396,31,2,1
3397,396,32,2,1
3397,396,33,2,1
3397,396,34,2,1
3397,396,35,2,1
3397,396,36,2,1
3397,396,37,2,1
3397,396,38,2,1
3397,396,39,2,1
3397,396,40,2,1
3397,396,41,2,1
3397,396,42,2,1
3397,396,43,2,1
3397,396,44,2,1
3397,396,45,2,1
3397,396,46,2,1
3397,396,47,2,1
3397,396,48,2,1
3397,396,49,2,1
3397,396,50,2,1
3397,395,1,1,1
3397,395,2,1,1
3397,395,3,1,1
3397,395,4,1,1
3397,395,5,1,1
3397,395,6,1,1
3397,395,7,1,1
3397,395,8,1,1
3397,395,9,1,1
3397,395,10,1,1
3397,395,11,1,1
3397,395,12,1,1
3397,395,13,1,1
3397,395,14,1,1
3397,395,15,1,1
3397,395,16,1,1
3397,395,17,1,1
3397,395,18,1,1
3397,395,19,1,1
3397,395,20,1,1
3397,395,21,1,1
3397,395,22,1,1
3397,395,23,1,1
3397,395,24,1,1
3397,395,25,1,1
3397,395,26,1,1
3397,395,27,1,1
3397,395,28,1,1
3397,395,29,1,1
3397,395,30,1,1
3397,395,31,1,1
3397,395,32,1,1
3397,395,33,1,1
3397,395,34,1,1
3397,395,35,1,1
3397,395,36,1,1
3397,395,37,1,1
3397,395,38,1,1
3397,395,39,1,1
3397,395,40,1,1
3397,395,41,1,1
3397,395,42,1,1
3397,395,43,1,1
3397,395,44,1,1
3397,395,45,1,1
3397,395,46,1,1
3397,395,47,1,1
3397,395,48,1,1
3397,395,49,1,1
3397,395,50,1,1
3398,395,1,2,1
3398,395,2,2,1
3398,395,3,2,1
3398,395,4,2,1
3398,395,5,2,1
3398,395,6,2,1
3398,395,7,2,1
3398,395,8,2,1
3398,395,9,2,1
3398,395,10,2,1
3398,395,11,2,1
3398,395,12,2,1
3398,395,13,2,1
3398,395,14,2,1
3398,395,15,2,1
3398,395,16,2,1
3398,395,17,2,1
3398,395,18,2,1
3398,395,19,2,1
3398,395,20,2,1
3398,395,21,2,1
3398,395,22,2,1
3398,395,23,2,1
3398,395,24,2,1
3398,395,25,2,1
3398,395,26,2,1
3398,395,27,2,1
3398,395,28,2,1
3398,395,29,2,1
3398,395,30,2,1
3398,395,31,2,1
3398,395,32,2,1
3398,395,33,2,1
3398,395,34,2,1
3398,395,35,2,1
3398,395,36,2,1
3398,395,37,2,1
3398,395,38,2,1
3398,395,39,2,1
3398,395,40,2,1
3398,395,41,2,1
3398,395,42,2,1
3398,395,43,2,1
3398,395,44,2,1
3398,395,45,2,1
3398,395,46,2,1
3398,395,47,2,1
3398,395,48,2,1
3398,395,49,2,1
3398,395,50,2,1
3398,394,1,1,1
3398,394,2,1,1
3398,394,3,1,1
3398,394,4,1,1
3398,394,5,1,1
3398,394,6,1,1
3398,394,7,1,1
3398,394,8,1,1
3398,394,9,1,1
3398,394,10,1,1
3398,394,11,1,1
3398,394,12,1,1
3398,394,13,1,1
3398,394,14,1,1
3398,394,15,1,1
3398,394,16,1,1
3398,394,17,1,1
3398,394,18,1,1
3398,394,19,1,1
3398,394,20,1,1
3398,394,21,1,1
3398,394,22,1,1
3398,394,23,1,1
3398,394,24,1,1
3398,394,25,1,1
3398,394,26,1,1
3398,394,27,1,1
3398,394,28,1,1
3398,394,29,1,1
3398,394,30,1,1
3398,394,31,1,1
3398,394,32,1,1
3398,394,33,1,1
3398,394,34,1,1
3398,394,35,1,1
3398,394,36,1,1
3398,394,37,1,1
3398,394,38,1,1
3398,394,39,1,1
3398,394,40,1,1
3398,394,41,1,1
3398,394,42,1,1
3398,394,43,1,1
3398,394,44,1,1
3398,394,45,1,1
3398,394,46,1,1
3398,394,47,1,1
3398,394,48,1,1
3398,394,49,1,1
3398,394,50,1,1
3399,393,1,1,1
3399,393,2,1,1
3399,393,3,1,1
3399,393,4,1,1
3399,393,5,1,1
3399,393,6,1,1
3399,393,7,1,1
3399,393,8,1,1
3399,393,9,1,1
3399,393,10,1,1
3399,393,11,1,1
3399,393,12,1,1
3399,393,13,1,1
3399,393,14,1,1
3399,393,15,1,1
3399,393,16,1,1
3399,393,17,1,1
3399,393,18,1,1
3399,393,19,1,1
3399,393,20,1,1
3399,393,21,1,1
3399,393,22,1,1
3399,393,23,1,1
3399,393,24,1,1
3399,393,25,1,1
3399,393,26,1,1
3399,393,27,1,1
3399,393,28,1,1
3399,393,29,1,1
3399,393,30,1,1
3399,393,31,1,1
3399,393,32,1,1
3399,393,33,1,1
3399,393,34,1,1
3399,393,35,1,1
3399,393,36,1,1
3399,393,37,1,1
3399,393,38,1,1
3399,393,39,1,1
3399,393,40,1,1
3399,393,41,1,1
3399,393,42,1,1
3399,393,43,1,1
3399,393,44,1,1
3399,393,45,1,1
3399,393,46,1,1
3399,393,47,1,1
3399,393,48,1,1
3399,393,49,1,1
3399,393,50,1,1
3399,393,1,2,1
3399,393,2,2,1
3399,393,3,2,1
3399,393,4,2,1
3399,393,5,2,1
3399,393,6,2,1
3399,393,7,2,1
3399,393,8,2,1
3399,393,9,2,1
3399,393,10,2,1
3399,393,11,2,1
3399,393,12,2,1
3399,393,13,2,1
3399,393,14,2,1
3399,393,15,2,1
3399,393,16,2,1
3399,393,17,2,1
3399,393,18,2,1
3399,393,19,2,1
3399,393,20,2,1
3399,393,21,2,1
3399,393,22,2,1
3399,393,23,2,1
3399,393,24,2,1
3399,393,25,2,1
3399,393,26,2,1
3399,393,27,2,1
3399,393,28,2,1
3399,393,29,2,1
3399,393,30,2,1
3399,393,31,2,1
3399,393,32,2,1
3399,393,33,2,1
3399,393,34,2,1
3399,393,35,2,1
3399,393,36,2,1
3399,393,37,2,1
3399,393,38,2,1
3399,393,39,2,1
3399,393,40,2,1
3399,393,41,2,1
3399,393,42,2,1
3399,393,43,2,1
3399,393,44,2,1
3399,393,45,2,1
3399,393,46,2,1
3399,393,47,2,1
3399,393,48,2,1
3399,393,49,2,1
3399,393,50,2,1
3400,392,1,1,1
3400,392,2,1,1
3400,392,3,1,1
3400,392,4,1,1
3400,392,5,1,1
3400,392,6,1,1
3400,392,7,1,1
3400,392,8,1,1
3400,392,9,1,1
3400,392,10,1,1
3400,392,11,1,1
3400,392,12,1,1
3400,392,13,1,1
3400,392,14,1,1
3400,392,15,1,1
3400,392,16,1,1
3400,392,17,1,1
3400,392,18,1,1
3400,392,19,1,1
3400,392,20,1,1
3400,392,21,1,1
3400,392,22,1,1
3400,392,23,1,1
3400,392,24,1,1
3400,392,25,1,1
3400,392,26,1,1
3400,392,27,1,1
3400,392,28,1,1
3400,392,29,1,1
3400,392,30,1,1
3400,392,31,1,1
3400,392,32,1,1
3400,392,33,1,1
3400,392,34,1,1
3400,392,35,1,1
3400,392,36,1,1
3400,392,37,1,1
3400,392,38,1,1
3400,392,39,1,1
3400,392,40,1,1
3400,392,41,1,1
3400,392,42,1,1
3400,392,43,1,1
3400,392,44,1,1
3400,392,45,1,1
3400,392,46,1,1
3400,392,47,1,1
3400,392,48,1,1
3400,392,49,1,1
3400,392,50,1,1
3400,392,1,2,1
3400,392,2,2,1
3400,392,3,2,1
3400,392,4,2,1
3400,392,5,2,1
3400,392,6,2,1
3400,392,7,2,1
3400,392,8,2,1
3400,392,9,2,1
3400,392,10,2,1
3400,392,11,2,1
3400,392,12,2,1
3400,392,13,2,1
3400,392,14,2,1
3400,392,15,2,1
3400,392,16,2,1
3400,392,17,2,1
3400,392,18,2,1
3400,392,19,2,1
3400,392,20,2,1
3400,392,21,2,1
3400,392,22,2,1
3400,392,23,2,1
3400,392,24,2,1
3400,392,25,2,1
3400,392,26,2,1
3400,392,27,2,1
3400,392,28,2,1
3400,392,29,2,1
3400,392,30,2,1
3400,392,31,2,1
3400,392,32,2,1
3400,392,33,2,1
3400,392,34,2,1
3400,392,35,2,1
3400,392,36,2,1
3400,392,37,2,1
3400,392,38,2,1
3400,392,39,2,1
3400,392,40,2,1
3400,392,41,2,1
3400,392,42,2,1
3400,392,43,2,1
3400,392,44,2,1
3400,392,45,2,1
3400,392,46,2,1
3400,392,47,2,1
3400,392,48,2,1
3400,392,49,2,1
3400,392,50,2,1
3401,391,1,1,1
3401,391,2,1,1
3401,391,3,1,1
3401,391,4,1,1
3401,391,5,1,1
3401,391,6,1,1
3401,391,7,1,1
3401,391,8,1,1
3401,391,9,1,1
3401,391,10,1,1
3401,391,11,1,1
3401,391,12,1,1
3401,391,13,1,1
3401,391,14,1,1
3401,391,15,1,1
3401,391,16,1,1
3401,391,17,1,1
3401,391,18,1,1
3401,391,19,1,1
3401,391,20,1,1
3401,391,21,1,1
3401,391,22,1,1
3401,391,23,1,1
3401,391,24,1,1
3401,391,25,1,1
3401,391,26,1,1
3401,391,27,1,1
3401,391,28,1,1
3401,391,29,1,1
3401,391,30,1,1
3401,391,31,1,1
3401,391,32,1,1
3401,391,33,1,1
3401,391,34,1,1
3401,391,35,1,1
3401,391,36,1,1
3401,391,37,1,1
3401,391,38,1,1
3401,391,39,1,1
3401,391,40,1,1
3401,391,41,1,1
3401,391,42,1,1
3401,391,43,1,1
3401,391,44,1,1
3401,391,45,1,1
3401,391,46,1,1
3401,391,47,1,1
3401,391,48,1,1
3401,391,49,1,1
3401,391,50,1,1
3401,391,1,2,1
3401,391,2,2,1
3401,391,3,2,1
3401,391,4,2,1
3401,391,5,2,1
3401,391,6,2,1
3401,391,7,2,1
3401,391,8,2,1
3401,391,9,2,1
3401,391,10,2,1
3401,391,11,2,1
3401,391,12,2,1
3401,391,13,2,1
3401,391,14,2,1
3401,391,15,2,1
3401,391,16,2,1
3401,391,17,2,1
3401,391,18,2,1
3401,391,19,2,1
3401,391,20,2,1
3401,391,21,2,1
3401,391,22,2,1
3401,391,23,2,1
3401,391,24,2,1
3401,391,25,2,1
3401,391,26,2,1
3401,391,27,2,1
3401,391,28,2,1
3401,391,29,2,1
3401,391,30,2,1
3401,391,31,2,1
3401,391,32,2,1
3401,391,33,2,1
3401,391,34,2,1
3401,391,35,2,1
3401,391,36,2,1
3401,391,37,2,1
3401,391,38,2,1
3401,391,39,2,1
3401,391,40,2,1
3401,391,41,2,1
3401,391,42,2,1
3401,391,43,2,1
3401,391,44,2,1
3401,391,45,2,1
3401,391,46,2,1
3401,391,47,2,1
3401,391,48,2,1
3401,391,49,2,1
3401,391,50,2,1
3402,390,1,1,1
3402,390,2,1,1
3402,390,3,1,1
3402,390,4,1,1
3402,390,5,1,1
3402,390,6,1,1
3402,390,7,1,1
3402,390,8,1,1
3402,390,9,1,1
3402,390,10,1,1
3402,390,11,1,1
3402,390,12,1,1
3402,390,13,1,1
3402,390,14,1,1
3402,390,15,1,1
3402,390,16,1,1
3402,390,17,1,1
3402,390,18,1,1
3402,390,19,1,1
3402,390,20,1,1
3402,390,21,1,1
3402,390,22,1,1
3402,390,23,1,1
3402,390,24,1,1
3402,390,25,1,1
3402,390,26,1,1
3402,390,27,1,1
3402,390,28,1,1
3402,390,29,1,1
3402,390,30,1,1
3402,390,31,1,1
3402,390,32,1,1
3402,390,33,1,1
3402,390,34,1,1
3402,390,35,1,1
3402,390,36,1,1
3402,390,37,1,1
3402,390,38,1,1
3402,390,39,1,1
3402,390,40,1,1
3402,390,41,1,1
3402,390,42,1,1
3402,390,43,1,1
3402,390,44,1,1
3402,390,45,1,1
3402,390,46,1,1
3402,390,47,1,1
3402,390,48,1,1
3402,390,49,1,1
3402,390,50,1,1
3402,390,1,2,1
3402,390,2,2,1
3402,390,3,2,1
3402,390,4,2,1
3402,390,5,2,1
3402,390,6,2,1
3402,390,7,2,1
3402,390,8,2,1
3402,390,9,2,1
3402,390,10,2,1
3402,390,11,2,1
3402,390,12,2,1
3402,390,13,2,1
3402,390,14,2,1
3402,390,15,2,1
3402,390,16,2,1
3402,390,17,2,1
3402,390,18,2,1
3402,390,19,2,1
3402,390,20,2,1
3402,390,21,2,1
3402,390,22,2,1
3402,390,23,2,1
3402,390,24,2,1
3402,390,25,2,1
3402,390,26,2,1
3402,390,27,2,1
3402,390,28,2,1
3402,390,29,2,1
3402,390,30,2,1
3402,390,31,2,1
3402,390,32,2,1
3402,390,33,2,1
3402,390,34,2,1
3402,390,35,2,1
3402,390,36,2,1
3402,390,37,2,1
3402,390,38,2,1
3402,390,39,2,1
3402,390,40,2,1
3402,390,41,2,1
3402,390,42,2,1
3402,390,43,2,1
3402,390,44,2,1
3402,390,45,2,1
3402,390,46,2,1
3402,390,47,2,1
3402,390,48,2,1
3402,390,49,2,1
3402,390,50,2,1
3403,389,1,1,1
3403,389,2,1,1
3403,389,3,1,1
3403,389,4,1,1
3403,389,5,1,1
3403,389,6,1,1
3403,389,7,1,1
3403,389,8,1,1
3403,389,9,1,1
3403,389,10,1,1
3403,389,11,1,1
3403,389,12,1,1
3403,389,13,1,1
3403,389,14,1,1
3403,389,15,1,1
3403,389,16,1,1
3403,389,17,1,1
3403,389,18,1,1
3403,389,19,1,1
3403,389,20,1,1
3403,389,21,1,1
3403,389,22,1,1
3403,389,23,1,1
3403,389,24,1,1
3403,389,25,1,1
3403,389,26,1,1
3403,389,27,1,1
3403,389,28,1,1
3403,389,29,1,1
3403,389,30,1,1
3403,389,31,1,1
3403,389,32,1,1
3403,389,33,1,1
3403,389,34,1,1
3403,389,35,1,1
3403,389,36,1,1
3403,389,37,1,1
3403,389,38,1,1
3403,389,39,1,1
3403,389,40,1,1
3403,389,41,1,1
3403,389,42,1,1
3403,389,43,1,1
3403,389,44,1,1
3403,389,45,1,1
3403,389,46,1,1
3403,389,47,1,1
3403,389,48,1,1
3403,389,49,1,1
3403,389,50,1,1
3403,389,1,2,1
3403,389,2,2,1
3403,389,3,2,1
3403,389,4,2,1
3403,389,5,2,1
3403,389,6,2,1
3403,389,7,2,1
3403,389,8,2,1
3403,389,9,2,1
3403,389,10,2,1
3403,389,11,2,1
3403,389,12,2,1
3403,389,13,2,1
3403,389,14,2,1
3403,389,15,2,1
3403,389,16,2,1
3403,389,17,2,1
3403,389,18,2,1
3403,389,19,2,1
3403,389,20,2,1
3403,389,21,2,1
3403,389,22,2,1
3403,389,23,2,1
3403,389,24,2,1
3403,389,25,2,1
3403,389,26,2,1
3403,389,27,2,1
3403,389,28,2,1
3403,389,29,2,1
3403,389,30,2,1
3403,389,31,2,1
3403,389,32,2,1
3403,389,33,2,1
3403,389,34,2,1
3403,389,35,2,1
3403,389,36,2,1
3403,389,37,2,1
3403,389,38,2,1
3403,389,39,2,1
3403,389,40,2,1
3403,389,41,2,1
3403,389,42,2,1
3403,389,43,2,1
3403,389,44,2,1
3403,389,45,2,1
3403,389,46,2,1
3403,389,47,2,1
3403,389,48,2,1
3403,389,49,2,1
3403,389,50,2,1
3404,388,1,1,1
3404,388,2,1,1
3404,388,3,1,1
3404,388,4,1,1
3404,388,5,1,1
3404,388,6,1,1
3404,388,7,1,1
3404,388,8,1,1
3404,388,9,1,1
3404,388,10,1,1
3404,388,11,1,1
3404,388,12,1,1
3404,388,13,1,1
3404,388,14,1,1
3404,388,15,1,1
3404,388,16,1,1
3404,388,17,1,1
3404,388,18,1,1
3404,388,19,1,1
3404,388,20,1,1
3404,388,21,1,1
3404,388,22,1,1
3404,388,23,1,1
3404,388,24,1,1
3404,388,25,1,1
3404,388,26,1,1
3404,388,27,1,1
3404,388,28,1,1
3404,388,29,1,1
3404,388,30,1,1
3404,388,31,1,1
3404,388,32,1,1
3404,388,33,1,1
3404,388,34,1,1
3404,388,35,1,1
3404,388,36,1,1
3404,388,37,1,1
3404,388,38,1,1
3404,388,39,1,1
3404,388,40,1,1
3404,388,41,1,1
3404,388,42,1,1
3404,388,43,1,1
3404,388,44,1,1
3404,388,45,1,1
3404,388,46,1,1
3404,388,47,1,1
3404,388,48,1,1
3404,388,49,1,1
3404,388,50,1,1
3404,388,1,2,1
3404,388,2,2,1
3404,388,3,2,1
3404,388,4,2,1
3404,388,5,2,1
3404,388,6,2,1
3404,388,7,2,1
3404,388,8,2,1
3404,388,9,2,1
3404,388,10,2,1
3404,388,11,2,1
3404,388,12,2,1
3404,388,13,2,1
3404,388,14,2,1
3404,388,15,2,1
3404,388,16,2,1
3404,388,17,2,1
3404,388,18,2,1
3404,388,19,2,1
3404,388,20,2,1
3404,388,21,2,1
3404,388,22,2,1
3404,388,23,2,1
3404,388,24,2,1
3404,388,25,2,1
3404,388,26,2,1
3404,388,27,2,1
3404,388,28,2,1
3404,388,29,2,1
3404,388,30,2,1
3404,388,31,2,1
3404,388,32,2,1
3404,388,33,2,1
3404,388,34,2,1
3404,388,35,2,1
3404,388,36,2,1
3404,388,37,2,1
3404,388,38,2,1
3404,388,39,2,1
3404,388,40,2,1
3404,388,41,2,1
3404,388,42,2,1
3404,388,43,2,1
3404,388,44,2,1
3404,388,45,2,1
3404,388,46,2,1
3404,388,47,2,1
3404,388,48,2,1
3404,388,49,2,1
3404,388,50,2,1
3405,387,1,1,1
3405,387,2,1,1
3405,387,3,1,1
3405,387,4,1,1
3405,387,5,1,1
3405,387,6,1,1
3405,387,7,1,1
3405,387,8,1,1
3405,387,9,1,1
3405,387,10,1,1
3405,387,11,1,1
3405,387,12,1,1
3405,387,13,1,1
3405,387,14,1,1
3405,387,15,1,1
3405,387,16,1,1
3405,387,17,1,1
3405,387,18,1,1
3405,387,19,1,1
3405,387,20,1,1
3405,387,21,1,1
3405,387,22,1,1
3405,387,23,1,1
3405,387,24,1,1
3405,387,25,1,1
3405,387,26,1,1
3405,387,27,1,1
3405,387,28,1,1
3405,387,29,1,1
3405,387,30,1,1
3405,387,31,1,1
3405,387,32,1,1
3405,387,33,1,1
3405,387,34,1,1
3405,387,35,1,1
3405,387,36,1,1
3405,387,37,1,1
3405,387,38,1,1
3405,387,39,1,1
3405,387,40,1,1
3405,387,41,1,1
3405,387,42,1,1
3405,387,43,1,1
3405,387,44,1,1
3405,387,45,1,1
3405,387,46,1,1
3405,387,47,1,1
3405,387,48,1,1
3405,387,49,1,1
3405,387,50,1,1
3405,387,1,2,1
3405,387,2,2,1
3405,387,3,2,1
3405,387,4,2,1
3405,387,5,2,1
3405,387,6,2,1
3405,387,7,2,1
3405,387,8,2,1
3405,387,9,2,1
3405,387,10,2,1
3405,387,11,2,1
3405,387,12,2,1
3405,387,13,2,1
3405,387,14,2,1
3405,387,15,2,1
3405,387,16,2,1
3405,387,17,2,1
3405,387,18,2,1
3405,387,19,2,1
3405,387,20,2,1
3405,387,21,2,1
3405,387,22,2,1
3405,387,23,2,1
3405,387,24,2,1
3405,387,25,2,1
3405,387,26,2,1
3405,387,27,2,1
3405,387,28,2,1
3405,387,29,2,1
3405,387,30,2,1
3405,387,31,2,1
3405,387,32,2,1
3405,387,33,2,1
3405,387,34,2,1
3405,387,35,2,1
3405,387,36,2,1
3405,387,37,2,1
3405,387,38,2,1
3405,387,39,2,1
3405,387,40,2,1
3405,387,41,2,1
3405,387,42,2,1
3405,387,43,2,1
3405,387,44,2,1
3405,387,45,2,1
3405,387,46,2,1
3405,387,47,2,1
3405,387,48,2,1
3405,387,49,2,1
3405,387,50,2,1
3406,386,1,1,1
3406,386,2,1,1
3406,386,3,1,1
3406,386,4,1,1
3406,386,5,1,1
3406,386,6,1,1
3406,386,7,1,1
3406,386,8,1,1
3406,386,9,1,1
3406,386,10,1,1
3406,386,11,1,1
3406,386,12,1,1
3406,386,13,1,1
3406,386,14,1,1
3406,386,15,1,1
3406,386,16,1,1
3406,386,17,1,1
3406,386,18,1,1
3406,386,19,1,1
3406,386,20,1,1
3406,386,21,1,1
3406,386,22,1,1
3406,386,23,1,1
3406,386,24,1,1
3406,386,25,1,1
3406,386,26,1,1
3406,386,27,1,1
3406,386,28,1,1
3406,386,29,1,1
3406,386,30,1,1
3406,386,31,1,1
3406,386,32,1,1
3406,386,33,1,1
3406,386,34,1,1
3406,386,35,1,1
3406,386,36,1,1
3406,386,37,1,1
3406,386,38,1,1
3406,386,39,1,1
3406,386,40,1,1
3406,386,41,1,1
3406,386,42,1,1
3406,386,43,1,1
3406,386,44,1,1
3406,386,45,1,1
3406,386,46,1,1
3406,386,47,1,1
3406,386,48,1,1
3406,386,49,1,1
3406,386,50,1,1
3406,386,1,2,1
3406,386,2,2,1
3406,386,3,2,1
3406,386,4,2,1
3406,386,5,2,1
3406,386,6,2,1
3406,386,7,2,1
3406,386,8,2,1
3406,386,9,2,1
3406,386,10,2,1
3406,386,11,2,1
3406,386,12,2,1
3406,386,13,2,1
3406,386,14,2,1
3406,386,15,2,1
3406,386,16,2,1
3406,386,17,2,1
3406,386,18,2,1
3406,386,19,2,1
3406,386,20,2,1
3406,386,21,2,1
3406,386,22,2,1
3406,386,23,2,1
3406,386,24,2,1
3406,386,25,2,1
3406,386,26,2,1
3406,386,27,2,1
3406,386,28,2,1
3406,386,29,2,1
3406,386,30,2,1
3406,386,31,2,1
3406,386,32,2,1
3406,386,33,2,1
3406,386,34,2,1
3406,386,35,2,1
3406,386,36,2,1
3406,386,37,2,1
3406,386,38,2,1
3406,386,39,2,1
3406,386,40,2,1
3406,386,41,2,1
3406,386,42,2,1
3406,386,43,2,1
3406,386,44,2,1
3406,386,45,2,1
3406,386,46,2,1
3406,386,47,2,1
3406,386,48,2,1
3406,386,49,2,1
3406,386,50,2,1
3407,385,1,1,1
3407,385,2,1,1
3407,385,3,1,1
3407,385,4,1,1
3407,385,5,1,1
3407,385,6,1,1
3407,385,7,1,1
3407,385,8,1,1
3407,385,9,1,1
3407,385,10,1,1
3407,385,11,1,1
3407,385,12,1,1
3407,385,13,1,1
3407,385,14,1,1
3407,385,15,1,1
3407,385,16,1,1
3407,385,17,1,1
3407,385,18,1,1
3407,385,19,1,1
3407,385,20,1,1
3407,385,21,1,1
3407,385,22,1,1
3407,385,23,1,1
3407,385,24,1,1
3407,385,25,1,1
3407,385,26,1,1
3407,385,27,1,1
3407,385,28,1,1
3407,385,29,1,1
3407,385,30,1,1
3407,385,31,1,1
3407,385,32,1,1
3407,385,33,1,1
3407,385,34,1,1
3407,385,35,1,1
3407,385,36,1,1
3407,385,37,1,1
3407,385,38,1,1
3407,385,39,1,1
3407,385,40,1,1
3407,385,41,1,1
3407,385,42,1,1
3407,385,43,1,1
3407,385,44,1,1
3407,385,45,1,1
3407,385,46,1,1
3407,385,47,1,1
3407,385,48,1,1
3407,385,49,1,1
3407,385,50,1,1
3407,385,1,2,1
3407,385,2,2,1
3407,385,3,2,1
3407,385,4,2,1
3407,385,5,2,1
3407,385,6,2,1
3407,385,7,2,1
3407,385,8,2,1
3407,385,9,2,1
3407,385,10,2,1
3407,385,11,2,1
3407,385,12,2,1
3407,385,13,2,1
3407,385,14,2,1
3407,385,15,2,1
3407,385,16,2,1
3407,385,17,2,1
3407,385,18,2,1
3407,385,19,2,1
3407,385,20,2,1
3407,385,21,2,1
3407,385,22,2,1
3407,385,23,2,1
3407,385,24,2,1
3407,385,25,2,1
3407,385,26,2,1
3407,385,27,2,1
3407,385,28,2,1
3407,385,29,2,1
3407,385,30,2,1
3407,385,31,2,1
3407,385,32,2,1
3407,385,33,2,1
3407,385,34,2,1
3407,385,35,2,1
3407,385,36,2,1
3407,385,37,2,1
3407,385,38,2,1
3407,385,39,2,1
3407,385,40,2,1
3407,385,41,2,1
3407,385,42,2,1
3407,385,43,2,1
3407,385,44,2,1
3407,385,45,2,1
3407,385,46,2,1
3407,385,47,2,1
3407,385,48,2,1
3407,385,49,2,1
3407,385,50,2,1
3408,384,1,1,1
3408,384,2,1,1
3408,384,3,1,1
3408,384,4,1,1
3408,384,5,1,1
3408,384,6,1,1
3408,384,7,1,1
3408,384,8,1,1
3408,384,9,1,1
3408,384,10,1,1
3408,384,11,1,1
3408,384,12,1,1
3408,384,13,1,1
3408,384,14,1,1
3408,384,15,1,1
3408,384,16,1,1
3408,384,17,1,1
3408,384,18,1,1
3408,384,19,1,1
3408,384,20,1,1
3408,384,21,1,1
3408,384,22,1,1
3408,384,23,1,1
3408,384,24,1,1
3408,384,25,1,1
3408,384,26,1,1
3408,384,27,1,1
3408,384,28,1,1
3408,384,29,1,1
3408,384,30,1,1
3408,384,31,1,1
3408,384,32,1,1
3408,384,33,1,1
3408,384,34,1,1
3408,384,35,1,1
3408,384,36,1,1
3408,384,37,1,1
3408,384,38,1,1
3408,384,39,1,1
3408,384,40,1,1
3408,384,41,1,1
3408,384,42,1,1
3408,384,43,1,1
3408,384,44,1,1
3408,384,45,1,1
3408,384,46,1,1
3408,384,47,1,1
3408,384,48,1,1
3408,384,49,1,1
3408,384,50,1,1
3408,384,1,2,1
3408,384,2,2,1
3408,384,3,2,1
3408,384,4,2,1
3408,384,5,2,1
3408,384,6,2,1
3408,384,7,2,1
3408,384,8,2,1
3408,384,9,2,1
3408,384,10,2,1
3408,384,11,2,1
3408,384,12,2,1
3408,384,13,2,1
3408,384,14,2,1
3408,384,15,2,1
3408,384,16,2,1
3408,384,17,2,1
3408,384,18,2,1
3408,384,19,2,1
3408,384,20,2,1
3408,384,21,2,1
3408,384,22,2,1
3408,384,23,2,1
3408,384,24,2,1
3408,384,25,2,1
3408,384,26,2,1
3408,384,27,2,1
3408,384,28,2,1
3408,384,29,2,1
3408,384,30,2,1
3408,384,31,2,1
3408,384,32,2,1
3408,384,33,2,1
3408,384,34,2,1
3408,384,35,2,1
3408,384,36,2,1
3408,384,37,2,1
3408,384,38,2,1
3408,384,39,2,1
3408,384,40,2,1
3408,384,41,2,1
3408,384,42,2,1
3408,384,43,2,1
3408,384,44,2,1
3408,384,45,2,1
3408,384,46,2,1
3408,384,47,2,1
3408,384,48,2,1
3408,384,49,2,1
3408,384,50,2,1
3409,383,1,1,1
3409,383,2,1,1
3409,383,3,1,1
3409,383,4,1,1
3409,383,5,1,1
3409,383,6,1,1
3409,383,7,1,1
3409,383,8,1,1
3409,383,9,1,1
3409,383,10,1,1
3409,383,11,1,1
3409,383,12,1,1
3409,383,13,1,1
3409,383,14,1,1
3409,383,15,1,1
3409,383,16,1,1
3409,383,17,1,1
3409,383,18,1,1
3409,383,19,1,1
3409,383,20,1,1
3409,383,21,1,1
3409,383,22,1,1
3409,383,23,1,1
3409,383,24,1,1
3409,383,25,1,1
3409,383,26,1,1
3409,383,27,1,1
3409,383,28,1,1
3409,383,29,1,1
3409,383,30,1,1
3409,383,31,1,1
3409,383,32,1,1
3409,383,33,1,1
3409,383,34,1,1
3409,383,35,1,1
3409,383,36,1,1
3409,383,37,1,1
3409,383,38,1,1
3409,383,39,1,1
3409,383,40,1,1
3409,383,41,1,1
3409,383,42,1,1
3409,383,43,1,1
3409,383,44,1,1
3409,383,45,1,1
3409,383,46,1,1
3409,383,47,1,1
3409,383,48,1,1
3409,383,49,1,1
3409,383,50,1,1
3409,383,1,2,1
3409,383,2,2,1
3409,383,3,2,1
3409,383,4,2,1
3409,383,5,2,1
3409,383,6,2,1
3409,383,7,2,1
3409,383,8,2,1
3409,383,9,2,1
3409,383,10,2,1
3409,383,11,2,1
3409,383,12,2,1
3409,383,13,2,1
3409,383,14,2,1
3409,383,15,2,1
3409,383,16,2,1
3409,383,17,2,1
3409,383,18,2,1
3409,383,19,2,1
3409,383,20,2,1
3409,383,21,2,1
3409,383,22,2,1
3409,383,23,2,1
3409,383,24,2,1
3409,383,25,2,1
3409,383,26,2,1
3409,383,27,2,1
3409,383,28,2,1
3409,383,29,2,1
3409,383,30,2,1
3409,383,31,2,1
3409,383,32,2,1
3409,383,33,2,1
3409,383,34,2,1
3409,383,35,2,1
3409,383,36,2,1
3409,383,37,2,1
3409,383,38,2,1
3409,383,39,2,1
3409,383,40,2,1
3409,383,41,2,1
3409,383,42,2,1
3409,383,43,2,1
3409,383,44,2,1
3409,383,45,2,1
3409,383,46,2,1
3409,383,47,2,1
3409,383,48,2,1
3409,383,49,2,1
3409,383,50,2,1
3410,382,1,1,1
3410,382,2,1,1
3410,382,3,1,1
3410,382,4,1,1
3410,382,5,1,1
3410,382,6,1,1
3410,382,7,1,1
3410,382,8,1,1
3410,382,9,1,1
3410,382,10,1,1
3410,382,11,1,1
3410,382,12,1,1
3410,382,13,1,1
3410,382,14,1,1
3410,382,15,1,1
3410,382,16,1,1
3410,382,17,1,1
3410,382,18,1,1
3410,382,19,1,1
3410,382,20,1,1
3410,382,21,1,1
3410,382,22,1,1
3410,382,23,1,1
3410,382,24,1,1
3410,382,25,1,1
3410,382,26,1,1
3410,382,27,1,1
3410,382,28,1,1
3410,382,29,1,1
3410,382,30,1,1
3410,382,31,1,1
3410,382,32,1,1
3410,382,33,1,1
3410,382,34,1,1
3410,382,35,1,1
3410,382,36,1,1
3410,382,37,1,1
3410,382,38,1,1
3410,382,39,1,1
3410,382,40,1,1
3410,382,41,1,1
3410,382,42,1,1
3410,382,43,1,1
3410,382,44,1,1
3410,382,45,1,1
3410,382,46,1,1
3410,382,47,1,1
3410,382,48,1,1
3410,382,49,1,1
3410,382,50,1,1
3410,382,1,2,1
3410,382,2,2,1
3410,382,3,2,1
3410,382,4,2,1
3410,382,5,2,1
3410,382,6,2,1
3410,382,7,2,1
3410,382,8,2,1
3410,382,9,2,1
3410,382,10,2,1
3410,382,11,2,1
3410,382,12,2,1
3410,382,13,2,1
3410,382,14,2,1
3410,382,15,2,1
3410,382,16,2,1
3410,382,17,2,1
3410,382,18,2,1
3410,382,19,2,1
3410,382,20,2,1
3410,382,21,2,1
3410,382,22,2,1
3410,382,23,2,1
3410,382,24,2,1
3410,382,25,2,1
3410,382,26,2,1
3410,382,27,2,1
3410,382,28,2,1
3410,382,29,2,1
3410,382,30,2,1
3410,382,31,2,1
3410,382,32,2,1
3410,382,33,2,1
3410,382,34,2,1
3410,382,35,2,1
3410,382,36,2,1
3410,382,37,2,1
3410,382,38,2,1
3410,382,39,2,1
3410,382,40,2,1
3410,382,41,2,1
3410,382,42,2,1
3410,382,43,2,1
3410,382,44,2,1
3410,382,45,2,1
3410,382,46,2,1
3410,382,47,2,1
3410,382,48,2,1
3410,382,49,2,1
3410,382,50,2,1
3411,381,1,1,1
3411,381,2,1,1
3411,381,3,1,1
3411,381,4,1,1
3411,381,5,1,1
3411,381,6,1,1
3411,381,7,1,1
3411,381,8,1,1
3411,381,9,1,1
3411,381,10,1,1
3411,381,11,1,1
3411,381,12,1,1
3411,381,13,1,1
3411,381,14,1,1
3411,381,15,1,1
3411,381,16,1,1
3411,381,17,1,1
3411,381,18,1,1
3411,381,19,1,1
3411,381,20,1,1
3411,381,21,1,1
3411,381,22,1,1
3411,381,23,1,1
3411,381,24,1,1
3411,381,25,1,1
3411,381,26,1,1
3411,381,27,1,1
3411,381,28,1,1
3411,381,29,1,1
3411,381,30,1,1
3411,381,31,1,1
3411,381,32,1,1
3411,381,33,1,1
3411,381,34,1,1
3411,381,35,1,1
3411,381,36,1,1
3411,381,37,1,1
3411,381,38,1,1
3411,381,39,1,1
3411,381,40,1,1
3411,381,41,1,1
3411,381,42,1,1
3411,381,43,1,1
3411,381,44,1,1
3411,381,45,1,1
3411,381,46,1,1
3411,381,47,1,1
3411,381,48,1,1
3411,381,49,1,1
3411,381,50,1,1
3411,381,1,2,1
3411,381,2,2,1
3411,381,3,2,1
3411,381,4,2,1
3411,381,5,2,1
3411,381,6,2,1
3411,381,7,2,1
3411,381,8,2,1
3411,381,9,2,1
3411,381,10,2,1
3411,381,11,2,1
3411,381,12,2,1
3411,381,13,2,1
3411,381,14,2,1
3411,381,15,2,1
3411,381,16,2,1
3411,381,17,2,1
3411,381,18,2,1
3411,381,19,2,1
3411,381,20,2,1
3411,381,21,2,1
3411,381,22,2,1
3411,381,23,2,1
3411,381,24,2,1
3411,381,25,2,1
3411,381,26,2,1
3411,381,27,2,1
3411,381,28,2,1
3411,381,29,2,1
3411,381,30,2,1
3411,381,31,2,1
3411,381,32,2,1
3411,381,33,2,1
3411,381,34,2,1
3411,381,35,2,1
3411,381,36,2,1
3411,381,37,2,1
3411,381,38,2,1
3411,381,39,2,1
3411,381,40,2,1
3411,381,41,2,1
3411,381,42,2,1
3411,381,43,2,1
3411,381,44,2,1
3411,381,45,2,1
3411,381,46,2,1
3411,381,47,2,1
3411,381,48,2,1
3411,381,49,2,1
3411,381,50,2,1
3411,380,1,1,1
3411,380,2,1,1
3411,380,3,1,1
3411,380,4,1,1
3411,380,5,1,1
3411,380,6,1,1
3411,380,7,1,1
3411,380,8,1,1
3411,380,9,1,1
3411,380,10,1,1
3411,380,11,1,1
3411,380,12,1,1
3411,380,13,1,1
3411,380,14,1,1
3411,380,15,1,1
3411,380,16,1,1
3411,380,17,1,1
3411,380,18,1,1
3411,380,19,1,1
3411,380,20,1,1
3411,380,21,1,1
3411,380,22,1,1
3411,380,23,1,1
3411,380,24,1,1
3411,380,25,1,1
3411,380,26,1,1
3411,380,27,1,1
3411,380,28,1,1
3411,380,29,1,1
3411,380,30,1,1
3411,380,31,1,1
3411,380,32,1,1
3411,380,33,1,1
3411,380,34,1,1
3411,380,35,1,1
3411,380,36,1,1
3411,380,37,1,1
3411,380,38,1,1
3411,380,39,1,1
3411,380,40,1,1
3411,380,41,1,1
3411,380,42,1,1
3411,380,43,1,1
3411,380,44,1,1
3411,380,45,1,1
3411,380,46,1,1
3411,380,47,1,1
3411,380,48,1,1
3411,380,49,1,1
3411,380,50,1,1
3412,380,1,2,1
3412,380,2,2,1
3412,380,3,2,1
3412,380,4,2,1
3412,380,5,2,1
3412,380,6,2,1
3412,380,7,2,1
3412,380,8,2,1
3412,380,9,2,1
3412,380,10,2,1
3412,380,11,2,1
3412,380,12,2,1
3412,380,13,2,1
3412,380,14,2,1
3412,380,15,2,1
3412,380,16,2,1
3412,380,17,2,1
3412,380,18,2,1
3412,380,19,2,1
3412,380,20,2,1
3412,380,21,2,1
3412,380,22,2,1
3412,380,23,2,1
3412,380,24,2,1
3412,380,25,2,1
3412,380,26,2,1
3412,380,27,2,1
3412,380,28,2,1
3412,380,29,2,1
3412,380,30,2,1
3412,380,31,2,1
3412,380,32,2,1
3412,380,33,2,1
3412,380,34,2,1
3412,380,35,2,1
3412,380,36,2,1
3412,380,37,2,1
3412,380,38,2,1
3412,380,39,2,1
3412,380,40,2,1
3412,380,41,2,1
3412,380,42,2,1
3412,380,43,2,1
3412,380,44,2,1
3412,380,45,2,1
3412,380,46,2,1
3412,380,47,2,1
3412,380,48,2,1
3412,380,49,2,1
3412,380,50,2,1
3412,379,1,1,1
3412,379,2,1,1
3412,379,3,1,1
3412,379,4,1,1
3412,379,5,1,1
3412,379,6,1,1
3412,379,7,1,1
3412,379,8,1,1
3412,379,9,1,1
3412,379,10,1,1
3412,379,11,1,1
3412,379,12,1,1
3412,379,13,1,1
3412,379,14,1,1
3412,379,15,1,1
3412,379,16,1,1
3412,379,17,1,1
3412,379,18,1,1
3412,379,19,1,1
3412,379,20,1,1
3412,379,21,1,1
3412,379,22,1,1
3412,379,23,1,1
3412,379,24,1,1
3412,379,25,1,1
3412,379,26,1,1
3412,379,27,1,1
3412,379,28,1,1
3412,379,29,1,1
3412,379,30,1,1
3412,379,31,1,1
3412,379,32,1,1
3412,379,33,1,1
3412,379,34,1,1
3412,379,35,1,1
3412,379,36,1,1
3412,379,37,1,1
3412,379,38,1,1
3412,379,39,1,1
3412,379,40,1,1
3412,379,41,1,1
3412,379,42,1,1
3412,379,43,1,1
3412,379,44,1,1
3412,379,45,1,1
3412,379,46,1,1
3412,379,47,1,1
3412,379,48,1,1
3412,379,49,1,1
3412,379,50,1,1
3413,379,1,2,1
3413,379,2,2,1
3413,379,3,2,1
3413,379,4,2,1
3413,379,5,2,1
3413,379,6,2,1
3413,379,7,2,1
3413,379,8,2,1
3413,379,9,2,1
3413,379,10,2,1
3413,379,11,2,1
3413,379,12,2,1
3413,379,13,2,1
3413,379,14,2,1
3413,379,15,2,1
3413,379,16,2,1
3413,379,17,2,1
3413,379,18,2,1
3413,379,19,2,1
3413,379,20,2,1
3413,379,21,2,1
3413,379,22,2,1
3413,379,23,2,1
3413,379,24,2,1
3413,379,25,2,1
3413,379,26,2,1
3413,379,27,2,1
3413,379,28,2,1
3413,379,29,2,1
3413,379,30,2,1
3413,379,31,2,1
3413,379,32,2,1
3413,379,33,2,1
3413,379,34,2,1
3413,379,35,2,1
3413,379,36,2,1
3413,379,37,2,1
3413,379,38,2,1
3413,379,39,2,1
3413,379,40,2,1
3413,379,41,2,1
3413,379,42,2,1
3413,379,43,2,1
3413,379,44,2,1
3413,379,45,2,1
3413,379,46,2,1
3413,379,47,2,1
3413,379,48,2,1
3413,379,49,2,1
3413,379,50,2,1
3413,378,1,1,1
3413,378,2,1,1
3413,378,3,1,1
3413,378,4,1,1
3413,378,5,1,1
3413,378,6,1,1
3413,378,7,1,1
3413,378,8,1,1
3413,378,9,1,1
3413,378,10,1,1
3413,378,11,1,1
3413,378,12,1,1
3413,378,13,1,1
3413,378,14,1,1
3413,378,15,1,1
3413,378,16,1,1
3413,378,17,1,1
3413,378,18,1,1
3413,378,19,1,1
3413,378,20,1,1
3413,378,21,1,1
3413,378,22,1,1
3413,378,23,1,1
3413,378,24,1,1
3413,378,25,1,1
3413,378,26,1,1
3413,378,27,1,1
3413,378,28,1,1
3413,378,29,1,1
3413,378,30,1,1
3413,378,31,1,1
3413,378,32,1,1
3413,378,33,1,1
3413,378,34,1,1
3413,378,35,1,1
3413,378,36,1,1
3413,378,37,1,1
3413,378,38,1,1
3413,378,39,1,1
3413,378,40,1,1
3413,378,41,1,1
3413,378,42,1,1
3413,378,43,1,1
3413,378,44,1,1
3413,378,45,1,1
3413,378,46,1,1
3413,378,47,1,1
3413,378,48,1,1
3413,378,49,1,1
3413,378,50,1,1
3414,378,1,2,1
3414,378,2,2,1
3414,378,3,2,1
3414,378,4,2,1
3414,378,5,2,1
3414,378,6,2,1
3414,378,7,2,1
3414,378,8,2,1
3414,378,9,2,1
3414,378,10,2,1
3414,378,11,2,1
3414,378,12,2,1
3414,378,13,2,1
3414,378,14,2,1
3414,378,15,2,1
3414,378,16,2,1
3414,378,17,2,1
3414,378,18,2,1
3414,378,19,2,1
3414,378,20,2,1
3414,378,21,2,1
3414,378,22,2,1
3414,378,23,2,1
3414,378,24,2,1
3414,378,25,2,1
3414,378,26,2,1
3414,378,27,2,1
3414,378,28,2,1
3414,378,29,2,1
3414,378,30,2,1
3414,378,31,2,1
3414,378,32,2,1
3414,378,33,2,1
3414,378,34,2,1
3414,378,35,2,1
3414,378,36,2,1
3414,378,37,2,1
3414,378,38,2,1
3414,378,39,2,1
3414,378,40,2,1
3414,378,41,2,1
3414,378,42,2,1
3414,378,43,2,1
3414,378,44,2,1
3414,378,45,2,1
3414,378,46,2,1
3414,378,47,2,1
3414,378,48,2,1
3414,378,49,2,1
3414,378,50,2,1
3414,377,1,1,1
3414,377,2,1,1
3414,377,3,1,1
3414,377,4,1,1
3414,377,5,1,1
3414,377,6,1,1
3414,377,7,1,1
3414,377,8,1,1
3414,377,9,1,1
3414,377,10,1,1
3414,377,11,1,1
3414,377,12,1,1
3414,377,13,1,1
3414,377,14,1,1
3414,377,15,1,1
3414,377,16,1,1
3414,377,17,1,1
3414,377,18,1,1
3414,377,19,1,1
3414,377,20,1,1
3414,377,21,1,1
3414,377,22,1,1
3414,377,23,1,1
3414,377,24,1,1
3414,377,25,1,1
3414,377,26,1,1
3414,377,27,1,1
3414,377,28,1,1
3414,377,29,1,1
3414,377,30,1,1
3414,377,31,1,1
3414,377,32,1,1
3414,377,33,1,1
3414,377,34,1,1
3414,377,35,1,1
3414,377,36,1,1
3414,377,37,1,1
3414,377,38,1,1
3414,377,39,1,1
3414,377,40,1,1
3414,377,41,1,1
3414,377,42,1,1
3414,377,43,1,1
3414,377,44,1,1
3414,377,45,1,1
3414,377,46,1,1
3414,377,47,1,1
3414,377,48,1,1
3414,377,49,1,1
3414,377,50,1,1
3415,377,1,2,1
3415,377,2,2,1
3415,377,3,2,1
3415,377,4,2,1
3415,377,5,2,1
3415,377,6,2,1
3415,377,7,2,1
3415,377,8,2,1
3415,377,9,2,1
3415,377,10,2,1
3415,377,11,2,1
3415,377,12,2,1
3415,377,13,2,1
3415,377,14,2,1
3415,377,15,2,1
3415,377,16,2,1
3415,377,17,2,1
3415,377,18,2,1
3415,377,19,2,1
3415,377,20,2,1
3415,377,21,2,1
3415,377,22,2,1
3415,377,23,2,1
3415,377,24,2,1
3415,377,25,2,1
3415,377,26,2,1
3415,377,27,2,1
3415,377,28,2,1
3415,377,29,2,1
3415,377,30,2,1
3415,377,31,2,1
3415,377,32,2,1
3415,377,33,2,1
3415,377,34,2,1
3415,377,35,2,1
3415,377,36,2,1
3415,377,37,2,1
3415,377,38,2,1
3415,377,39,2,1
3415,377,40,2,1
3415,377,41,2,1
3415,377,42,2,1
3415,377,43,2,1
3415,377,44,2,1
3415,377,45,2,1
3415,377,46,2,1
3415,377,47,2,1
3415,377,48,2,1
3415,377,49,2,1
3415,377,50,2,1
3415,376,1,1,1
3415,376,2,1,1
3415,376,3,1,1
3415,376,4,1,1
3415,376,5,1,1
3415,376,6,1,1
3415,376,7,1,1
3415,376,8,1,1
3415,376,9,1,1
3415,376,10,1,1
3415,376,11,1,1
3415,376,12,1,1
3415,376,13,1,1
3415,376,14,1,1
3415,376,15,1,1
3415,376,16,1,1
3415,376,17,1,1
3415,376,18,1,1
3415,376,19,1,1
3415,376,20,1,1
3415,376,21,1,1
3415,376,22,1,1
3415,376,23,1,1
3415,376,24,1,1
3415,376,25,1,1
3415,376,26,1,1
3415,376,27,1,1
3415,376,28,1,1
3415,376,29,1,1
3415,376,30,1,1
3415,376,31,1,1
3415,376,32,1,1
3415,376,33,1,1
3415,376,34,1,1
3415,376,35,1,1
3415,376,36,1,1
3415,376,37,1,1
3415,376,38,1,1
3415,376,39,1,1
3415,376,40,1,1
3415,376,41,1,1
3415,376,42,1,1
3415,376,43,1,1
3415,376,44,1,1
3415,376,45,1,1
3415,376,46,1,1
3415,376,47,1,1
3415,376,48,1,1
3415,376,49,1,1
3415,376,50,1,1
3416,375,1,1,1
3416,375,2,1,1
3416,375,3,1,1
3416,375,4,1,1
3416,375,5,1,1
3416,375,6,1,1
3416,375,7,1,1
3416,375,8,1,1
3416,375,9,1,1
3416,375,10,1,1
3416,375,11,1,1
3416,375,12,1,1
3416,375,13,1,1
3416,375,14,1,1
3416,375,15,1,1
3416,375,16,1,1
3416,375,17,1,1
3416,375,18,1,1
3416,375,19,1,1
3416,375,20,1,1
3416,375,21,1,1
3416,375,22,1,1
3416,375,23,1,1
3416,375,24,1,1
3416,375,25,1,1
3416,375,26,1,1
3416,375,27,1,1
3416,375,28,1,1
3416,375,29,1,1
3416,375,30,1,1
3416,375,31,1,1
3416,375,32,1,1
3416,375,33,1,1
3416,375,34,1,1
3416,375,35,1,1
3416,375,36,1,1
3416,375,37,1,1
3416,375,38,1,1
3416,375,39,1,1
3416,375,40,1,1
3416,375,41,1,1
3416,375,42,1,1
3416,375,43,1,1
3416,375,44,1,1
3416,375,45,1,1
3416,375,46,1,1
3416,375,47,1,1
3416,375,48,1,1
3416,375,49,1,1
3416,375,50,1,1
3416,375,1,2,1
3416,375,2,2,1
3416,375,3,2,1
3416,375,4,2,1
3416,375,5,2,1
3416,375,6,2,1
3416,375,7,2,1
3416,375,8,2,1
3416,375,9,2,1
3416,375,10,2,1
3416,375,11,2,1
3416,375,12,2,1
3416,375,13,2,1
3416,375,14,2,1
3416,375,15,2,1
3416,375,16,2,1
3416,375,17,2,1
3416,375,18,2,1
3416,375,19,2,1
3416,375,20,2,1
3416,375,21,2,1
3416,375,22,2,1
3416,375,23,2,1
3416,375,24,2,1
3416,375,25,2,1
3416,375,26,2,1
3416,375,27,2,1
3416,375,28,2,1
3416,375,29,2,1
3416,375,30,2,1
3416,375,31,2,1
3416,375,32,2,1
3416,375,33,2,1
3416,375,34,2,1
3416,375,35,2,1
3416,375,36,2,1
3416,375,37,2,1
3416,375,38,2,1
3416,375,39,2,1
3416,375,40,2,1
3416,375,41,2,1
3416,375,42,2,1
3416,375,43,2,1
3416,375,44,2,1
3416,375,45,2,1
3416,375,46,2,1
3416,375,47,2,1
3416,375,48,2,1
3416,375,49,2,1
3416,375,50,2,1
3417,374,1,1,1
3417,374,2,1,1
3417,374,3,1,1
3417,374,4,1,1
3417,374,5,1,1
3417,374,6,1,1
3417,374,7,1,1
3417,374,8,1,1
3417,374,9,1,1
3417,374,10,1,1
3417,374,11,1,1
3417,374,12,1,1
3417,374,13,1,1
3417,374,14,1,1
3417,374,15,1,1
3417,374,16,1,1
3417,374,17,1,1
3417,374,18,1,1
3417,374,19,1,1
3417,374,20,1,1
3417,374,21,1,1
3417,374,22,1,1
3417,374,23,1,1
3417,374,24,1,1
3417,374,25,1,1
3417,374,26,1,1
3417,374,27,1,1
3417,374,28,1,1
3417,374,29,1,1
3417,374,30,1,1
3417,374,31,1,1
3417,374,32,1,1
3417,374,33,1,1
3417,374,34,1,1
3417,374,35,1,1
3417,374,36,1,1
3417,374,37,1,1
3417,374,38,1,1
3417,374,39,1,1
3417,374,40,1,1
3417,374,41,1,1
3417,374,42,1,1
3417,374,43,1,1
3417,374,44,1,1
3417,374,45,1,1
3417,374,46,1,1
3417,374,47,1,1
3417,374,48,1,1
3417,374,49,1,1
3417,374,50,1,1
3417,374,1,2,1
3417,374,2,2,1
3417,374,3,2,1
3417,374,4,2,1
3417,374,5,2,1
3417,374,6,2,1
3417,374,7,2,1
3417,374,8,2,1
3417,374,9,2,1
3417,374,10,2,1
3417,374,11,2,1
3417,374,12,2,1
3417,374,13,2,1
3417,374,14,2,1
3417,374,15,2,1
3417,374,16,2,1
3417,374,17,2,1
3417,374,18,2,1
3417,374,19,2,1
3417,374,20,2,1
3417,374,21,2,1
3417,374,22,2,1
3417,374,23,2,1
3417,374,24,2,1
3417,374,25,2,1
3417,374,26,2,1
3417,374,27,2,1
3417,374,28,2,1
3417,374,29,2,1
3417,374,30,2,1
3417,374,31,2,1
3417,374,32,2,1
3417,374,33,2,1
3417,374,34,2,1
3417,374,35,2,1
3417,374,36,2,1
3417,374,37,2,1
3417,374,38,2,1
3417,374,39,2,1
3417,374,40,2,1
3417,374,41,2,1
3417,374,42,2,1
3417,374,43,2,1
3417,374,44,2,1
3417,374,45,2,1
3417,374,46,2,1
3417,374,47,2,1
3417,374,48,2,1
3417,374,49,2,1
3417,374,50,2,1
3418,373,1,1,1
3418,373,2,1,1
3418,373,3,1,1
3418,373,4,1,1
3418,373,5,1,1
3418,373,6,1,1
3418,373,7,1,1
3418,373,8,1,1
3418,373,9,1,1
3418,373,10,1,1
3418,373,11,1,1
3418,373,12,1,1
3418,373,13,1,1
3418,373,14,1,1
3418,373,15,1,1
3418,373,16,1,1
3418,373,17,1,1
3418,373,18,1,1
3418,373,19,1,1
3418,373,20,1,1
3418,373,21,1,1
3418,373,22,1,1
3418,373,23,1,1
3418,373,24,1,1
3418,373,25,1,1
3418,373,26,1,1
3418,373,27,1,1
3418,373,28,1,1
3418,373,29,1,1
3418,373,30,1,1
3418,373,31,1,1
3418,373,32,1,1
3418,373,33,1,1
3418,373,34,1,1
3418,373,35,1,1
3418,373,36,1,1
3418,373,37,1,1
3418,373,38,1,1
3418,373,39,1,1
3418,373,40,1,1
3418,373,41,1,1
3418,373,42,1,1
3418,373,43,1,1
3418,373,44,1,1
3418,373,45,1,1
3418,373,46,1,1
3418,373,47,1,1
3418,373,48,1,1
3418,373,49,1,1
3418,373,50,1,1
3418,373,1,2,1
3418,373,2,2,1
3418,373,3,2,1
3418,373,4,2,1
3418,373,5,2,1
3418,373,6,2,1
3418,373,7,2,1
3418,373,8,2,1
3418,373,9,2,1
3418,373,10,2,1
3418,373,11,2,1
3418,373,12,2,1
3418,373,13,2,1
3418,373,14,2,1
3418,373,15,2,1
3418,373,16,2,1
3418,373,17,2,1
3418,373,18,2,1
3418,373,19,2,1
3418,373,20,2,1
3418,373,21,2,1
3418,373,22,2,1
3418,373,23,2,1
3418,373,24,2,1
3418,373,25,2,1
3418,373,26,2,1
3418,373,27,2,1
3418,373,28,2,1
3418,373,29,2,1
3418,373,30,2,1
3418,373,31,2,1
3418,373,32,2,1
3418,373,33,2,1
3418,373,34,2,1
3418,373,35,2,1
3418,373,36,2,1
3418,373,37,2,1
3418,373,38,2,1
3418,373,39,2,1
3418,373,40,2,1
3418,373,41,2,1
3418,373,42,2,1
3418,373,43,2,1
3418,373,44,2,1
3418,373,45,2,1
3418,373,46,2,1
3418,373,47,2,1
3418,373,48,2,1
3418,373,49,2,1
3418,373,50,2,1
3419,372,1,1,1
3419,372,2,1,1
3419,372,3,1,1
3419,372,4,1,1
3419,372,5,1,1
3419,372,6,1,1
3419,372,7,1,1
3419,372,8,1,1
3419,372,9,1,1
3419,372,10,1,1
3419,372,11,1,1
3419,372,12,1,1
3419,372,13,1,1
3419,372,14,1,1
3419,372,15,1,1
3419,372,16,1,1
3419,372,17,1,1
3419,372,18,1,1
3419,372,19,1,1
3419,372,20,1,1
3419,372,21,1,1
3419,372,22,1,1
3419,372,23,1,1
3419,372,24,1,1
3419,372,25,1,1
3419,372,26,1,1
3419,372,27,1,1
3419,372,28,1,1
3419,372,29,1,1
3419,372,30,1,1
3419,372,31,1,1
3419,372,32,1,1
3419,372,33,1,1
3419,372,34,1,1
3419,372,35,1,1
3419,372,36,1,1
3419,372,37,1,1
3419,372,38,1,1
3419,372,39,1,1
3419,372,40,1,1
3419,372,41,1,1
3419,372,42,1,1
3419,372,43,1,1
3419,372,44,1,1
3419,372,45,1,1
3419,372,46,1,1
3419,372,47,1,1
3419,372,48,1,1
3419,372,49,1,1
3419,372,50,1,1
3419,372,1,2,1
3419,372,2,2,1
3419,372,3,2,1
3419,372,4,2,1
3419,372,5,2,1
3419,372,6,2,1
3419,372,7,2,1
3419,372,8,2,1
3419,372,9,2,1
3419,372,10,2,1
3419,372,11,2,1
3419,372,12,2,1
3419,372,13,2,1
3419,372,14,2,1
3419,372,15,2,1
3419,372,16,2,1
3419,372,17,2,1
3419,372,18,2,1
3419,372,19,2,1
3419,372,20,2,1
3419,372,21,2,1
3419,372,22,2,1
3419,372,23,2,1
3419,372,24,2,1
3419,372,25,2,1
3419,372,26,2,1
3419,372,27,2,1
3419,372,28,2,1
3419,372,29,2,1
3419,372,30,2,1
3419,372,31,2,1
3419,372,32,2,1
3419,372,33,2,1
3419,372,34,2,1
3419,372,35,2,1
3419,372,36,2,1
3419,372,37,2,1
3419,372,38,2,1
3419,372,39,2,1
3419,372,40,2,1
3419,372,41,2,1
3419,372,42,2,1
3419,372,43,2,1
3419,372,44,2,1
3419,372,45,2,1
3419,372,46,2,1
3419,372,47,2,1
3419,372,48,2,1
3419,372,49,2,1
3419,372,50,2,1
3420,371,1,1,1
3420,371,2,1,1
3420,371,3,1,1
3420,371,4,1,1
3420,371,5,1,1
3420,371,6,1,1
3420,371,7,1,1
3420,371,8,1,1
3420,371,9,1,1
3420,371,10,1,1
3420,371,11,1,1
3420,371,12,1,1
3420,371,13,1,1
3420,371,14,1,1
3420,371,15,1,1
3420,371,16,1,1
3420,371,17,1,1
3420,371,18,1,1
3420,371,19,1,1
3420,371,20,1,1
3420,371,21,1,1
3420,371,22,1,1
3420,371,23,1,1
3420,371,24,1,1
3420,371,25,1,1
3420,371,26,1,1
3420,371,27,1,1
3420,371,28,1,1
3420,371,29,1,1
3420,371,30,1,1
3420,371,31,1,1
3420,371,32,1,1
3420,371,33,1,1
3420,371,34,1,1
3420,371,35,1,1
3420,371,36,1,1
3420,371,37,1,1
3420,371,38,1,1
3420,371,39,1,1
3420,371,40,1,1
3420,371,41,1,1
3420,371,42,1,1
3420,371,43,1,1
3420,371,44,1,1
3420,371,45,1,1
3420,371,46,1,1
3420,371,47,1,1
3420,371,48,1,1
3420,371,49,1,1
3420,371,50,1,1
3420,371,1,2,1
3420,371,2,2,1
3420,371,3,2,1
3420,371,4,2,1
3420,371,5,2,1
3420,371,6,2,1
3420,371,7,2,1
3420,371,8,2,1
3420,371,9,2,1
3420,371,10,2,1
3420,371,11,2,1
3420,371,12,2,1
3420,371,13,2,1
3420,371,14,2,1
3420,371,15,2,1
3420,371,16,2,1
3420,371,17,2,1
3420,371,18,2,1
3420,371,19,2,1
3420,371,20,2,1
3420,371,21,2,1
3420,371,22,2,1
3420,371,23,2,1
3420,371,24,2,1
3420,371,25,2,1
3420,371,26,2,1
3420,371,27,2,1
3420,371,28,2,1
3420,371,29,2,1
3420,371,30,2,1
3420,371,31,2,1
3420,371,32,2,1
3420,371,33,2,1
3420,371,34,2,1
3420,371,35,2,1
3420,371,36,2,1
3420,371,37,2,1
3420,371,38,2,1
3420,371,39,2,1
3420,371,40,2,1
3420,371,41,2,1
3420,371,42,2,1
3420,371,43,2,1
3420,371,44,2,1
3420,371,45,2,1
3420,371,46,2,1
3420,371,47,2,1
3420,371,48,2,1
3420,371,49,2,1
3420,371,50,2,1
3421,370,1,1,1
3421,370,2,1,1
3421,370,3,1,1
3421,370,4,1,1
3421,370,5,1,1
3421,370,6,1,1
3421,370,7,1,1
3421,370,8,1,1
3421,370,9,1,1
3421,370,10,1,1
3421,370,11,1,1
3421,370,12,1,1
3421,370,13,1,1
3421,370,14,1,1
3421,370,15,1,1
3421,370,16,1,1
3421,370,17,1,1
3421,370,18,1,1
3421,370,19,1,1
3421,370,20,1,1
3421,370,21,1,1
3421,370,22,1,1
3421,370,23,1,1
3421,370,24,1,1
3421,370,25,1,1
3421,370,26,1,1
3421,370,27,1,1
3421,370,28,1,1
3421,370,29,1,1
3421,370,30,1,1
3421,370,31,1,1
3421,370,32,1,1
3421,370,33,1,1
3421,370,34,1,1
3421,370,35,1,1
3421,370,36,1,1
3421,370,37,1,1
3421,370,38,1,1
3421,370,39,1,1
3421,370,40,1,1
3421,370,41,1,1
3421,370,42,1,1
3421,370,43,1,1
3421,370,44,1,1
3421,370,45,1,1
3421,370,46,1,1
3421,370,47,1,1
3421,370,48,1,1
3421,370,49,1,1
3421,370,50,1,1
3421,370,1,2,1
3421,370,2,2,1
3421,370,3,2,1
3421,370,4,2,1
3421,370,5,2,1
3421,370,6,2,1
3421,370,7,2,1
3421,370,8,2,1
3421,370,9,2,1
3421,370,10,2,1
3421,370,11,2,1
3421,370,12,2,1
3421,370,13,2,1
3421,370,14,2,1
3421,370,15,2,1
3421,370,16,2,1
3421,370,17,2,1
3421,370,18,2,1
3421,370,19,2,1
3421,370,20,2,1
3421,370,21,2,1
3421,370,22,2,1
3421,370,23,2,1
3421,370,24,2,1
3421,370,25,2,1
3421,370,26,2,1
3421,370,27,2,1
3421,370,28,2,1
3421,370,29,2,1
3421,370,30,2,1
3421,370,31,2,1
3421,370,32,2,1
3421,370,33,2,1
3421,370,34,2,1
3421,370,35,2,1
3421,370,36,2,1
3421,370,37,2,1
3421,370,38,2,1
3421,370,39,2,1
3421,370,40,2,1
3421,370,41,2,1
3421,370,42,2,1
3421,370,43,2,1
3421,370,44,2,1
3421,370,45,2,1
3421,370,46,2,1
3421,370,47,2,1
3421,370,48,2,1
3421,370,49,2,1
3421,370,50,2,1
3422,369,1,1,1
3422,369,2,1,1
3422,369,3,1,1
3422,369,4,1,1
3422,369,5,1,1
3422,369,6,1,1
3422,369,7,1,1
3422,369,8,1,1
3422,369,9,1,1
3422,369,10,1,1
3422,369,11,1,1
3422,369,12,1,1
3422,369,13,1,1
3422,369,14,1,1
3422,369,15,1,1
3422,369,16,1,1
3422,369,17,1,1
3422,369,18,1,1
3422,369,19,1,1
3422,369,20,1,1
3422,369,21,1,1
3422,369,22,1,1
3422,369,23,1,1
3422,369,24,1,1
3422,369,25,1,1
3422,369,26,1,1
3422,369,27,1,1
3422,369,28,1,1
3422,369,29,1,1
3422,369,30,1,1
3422,369,31,1,1
3422,369,32,1,1
3422,369,33,1,1
3422,369,34,1,1
3422,369,35,1,1
3422,369,36,1,1
3422,369,37,1,1
3422,369,38,1,1
3422,369,39,1,1
3422,369,40,1,1
3422,369,41,1,1
3422,369,42,1,1
3422,369,43,1,1
3422,369,44,1,1
3422,369,45,1,1
3422,369,46,1,1
3422,369,47,1,1
3422,369,48,1,1
3422,369,49,1,1
3422,369,50,1,1
3422,369,1,2,1
3422,369,2,2,1
3422,369,3,2,1
3422,369,4,2,1
3422,369,5,2,1
3422,369,6,2,1
3422,369,7,2,1
3422,369,8,2,1
3422,369,9,2,1
3422,369,10,2,1
3422,369,11,2,1
3422,369,12,2,1
3422,369,13,2,1
3422,369,14,2,1
3422,369,15,2,1
3422,369,16,2,1
3422,369,17,2,1
3422,369,18,2,1
3422,369,19,2,1
3422,369,20,2,1
3422,369,21,2,1
3422,369,22,2,1
3422,369,23,2,1
3422,369,24,2,1
3422,369,25,2,1
3422,369,26,2,1
3422,369,27,2,1
3422,369,28,2,1
3422,369,29,2,1
3422,369,30,2,1
3422,369,31,2,1
3422,369,32,2,1
3422,369,33,2,1
3422,369,34,2,1
3422,369,35,2,1
3422,369,36,2,1
3422,369,37,2,1
3422,369,38,2,1
3422,369,39,2,1
3422,369,40,2,1
3422,369,41,2,1
3422,369,42,2,1
3422,369,43,2,1
3422,369,44,2,1
3422,369,45,2,1
3422,369,46,2,1
3422,369,47,2,1
3422,369,48,2,1
3422,369,49,2,1
3422,369,50,2,1
3423,368,1,1,1
3423,368,2,1,1
3423,368,3,1,1
3423,368,4,1,1
3423,368,5,1,1
3423,368,6,1,1
3423,368,7,1,1
3423,368,8,1,1
3423,368,9,1,1
3423,368,10,1,1
3423,368,11,1,1
3423,368,12,1,1
3423,368,13,1,1
3423,368,14,1,1
3423,368,15,1,1
3423,368,16,1,1
3423,368,17,1,1
3423,368,18,1,1
3423,368,19,1,1
3423,368,20,1,1
3423,368,21,1,1
3423,368,22,1,1
3423,368,23,1,1
3423,368,24,1,1
3423,368,25,1,1
3423,368,26,1,1
3423,368,27,1,1
3423,368,28,1,1
3423,368,29,1,1
3423,368,30,1,1
3423,368,31,1,1
3423,368,32,1,1
3423,368,33,1,1
3423,368,34,1,1
3423,368,35,1,1
3423,368,36,1,1
3423,368,37,1,1
3423,368,38,1,1
3423,368,39,1,1
3423,368,40,1,1
3423,368,41,1,1
3423,368,42,1,1
3423,368,43,1,1
3423,368,44,1,1
3423,368,45,1,1
3423,368,46,1,1
3423,368,47,1,1
3423,368,48,1,1
3423,368,49,1,1
3423,368,50,1,1
3423,368,1,2,1
3423,368,2,2,1
3423,368,3,2,1
3423,368,4,2,1
3423,368,5,2,1
3423,368,6,2,1
3423,368,7,2,1
3423,368,8,2,1
3423,368,9,2,1
3423,368,10,2,1
3423,368,11,2,1
3423,368,12,2,1
3423,368,13,2,1
3423,368,14,2,1
3423,368,15,2,1
3423,368,16,2,1
3423,368,17,2,1
3423,368,18,2,1
3423,368,19,2,1
3423,368,20,2,1
3423,368,21,2,1
3423,368,22,2,1
3423,368,23,2,1
3423,368,24,2,1
3423,368,25,2,1
3423,368,26,2,1
3423,368,27,2,1
3423,368,28,2,1
3423,368,29,2,1
3423,368,30,2,1
3423,368,31,2,1
3423,368,32,2,1
3423,368,33,2,1
3423,368,34,2,1
3423,368,35,2,1
3423,368,36,2,1
3423,368,37,2,1
3423,368,38,2,1
3423,368,39,2,1
3423,368,40,2,1
3423,368,41,2,1
3423,368,42,2,1
3423,368,43,2,1
3423,368,44,2,1
3423,368,45,2,1
3423,368,46,2,1
3423,368,47,2,1
3423,368,48,2,1
3423,368,49,2,1
3423,368,50,2,1
3424,367,1,1,1
3424,367,2,1,1
3424,367,3,1,1
3424,367,4,1,1
3424,367,5,1,1
3424,367,6,1,1
3424,367,7,1,1
3424,367,8,1,1
3424,367,9,1,1
3424,367,10,1,1
3424,367,11,1,1
3424,367,12,1,1
3424,367,13,1,1
3424,367,14,1,1
3424,367,15,1,1
3424,367,16,1,1
3424,367,17,1,1
3424,367,18,1,1
3424,367,19,1,1
3424,367,20,1,1
3424,367,21,1,1
3424,367,22,1,1
3424,367,23,1,1
3424,367,24,1,1
3424,367,25,1,1
3424,367,26,1,1
3424,367,27,1,1
3424,367,28,1,1
3424,367,29,1,1
3424,367,30,1,1
3424,367,31,1,1
3424,367,32,1,1
3424,367,33,1,1
3424,367,34,1,1
3424,367,35,1,1
3424,367,36,1,1
3424,367,37,1,1
3424,367,38,1,1
3424,367,39,1,1
3424,367,40,1,1
3424,367,41,1,1
3424,367,42,1,1
3424,367,43,1,1
3424,367,44,1,1
3424,367,45,1,1
3424,367,46,1,1
3424,367,47,1,1
3424,367,48,1,1
3424,367,49,1,1
3424,367,50,1,1
3424,367,1,2,1
3424,367,2,2,1
3424,367,3,2,1
3424,367,4,2,1
3424,367,5,2,1
3424,367,6,2,1
3424,367,7,2,1
3424,367,8,2,1
3424,367,9,2,1
3424,367,10,2,1
3424,367,11,2,1
3424,367,12,2,1
3424,367,13,2,1
3424,367,14,2,1
3424,367,15,2,1
3424,367,16,2,1
3424,367,17,2,1
3424,367,18,2,1
3424,367,19,2,1
3424,367,20,2,1
3424,367,21,2,1
3424,367,22,2,1
3424,367,23,2,1
3424,367,24,2,1
3424,367,25,2,1
3424,367,26,2,1
3424,367,27,2,1
3424,367,28,2,1
3424,367,29,2,1
3424,367,30,2,1
3424,367,31,2,1
3424,367,32,2,1
3424,367,33,2,1
3424,367,34,2,1
3424,367,35,2,1
3424,367,36,2,1
3424,367,37,2,1
3424,367,38,2,1
3424,367,39,2,1
3424,367,40,2,1
3424,367,41,2,1
3424,367,42,2,1
3424,367,43,2,1
3424,367,44,2,1
3424,367,45,2,1
3424,367,46,2,1
3424,367,47,2,1
3424,367,48,2,1
3424,367,49,2,1
3424,367,50,2,1
3425,366,1,1,1
3425,366,2,1,1
3425,366,3,1,1
3425,366,4,1,1
3425,366,5,1,1
3425,366,6,1,1
3425,366,7,1,1
3425,366,8,1,1
3425,366,9,1,1
3425,366,10,1,1
3425,366,11,1,1
3425,366,12,1,1
3425,366,13,1,1
3425,366,14,1,1
3425,366,15,1,1
3425,366,16,1,1
3425,366,17,1,1
3425,366,18,1,1
3425,366,19,1,1
3425,366,20,1,1
3425,366,21,1,1
3425,366,22,1,1
3425,366,23,1,1
3425,366,24,1,1
3425,366,25,1,1
3425,366,26,1,1
3425,366,27,1,1
3425,366,28,1,1
3425,366,29,1,1
3425,366,30,1,1
3425,366,31,1,1
3425,366,32,1,1
3425,366,33,1,1
3425,366,34,1,1
3425,366,35,1,1
3425,366,36,1,1
3425,366,37,1,1
3425,366,38,1,1
3425,366,39,1,1
3425,366,40,1,1
3425,366,41,1,1
3425,366,42,1,1
3425,366,43,1,1
3425,366,44,1,1
3425,366,45,1,1
3425,366,46,1,1
3425,366,47,1,1
3425,366,48,1,1
3425,366,49,1,1
3425,366,50,1,1
3425,366,1,2,1
3425,366,2,2,1
3425,366,3,2,1
3425,366,4,2,1
3425,366,5,2,1
3425,366,6,2,1
3425,366,7,2,1
3425,366,8,2,1
3425,366,9,2,1
3425,366,10,2,1
3425,366,11,2,1
3425,366,12,2,1
3425,366,13,2,1
3425,366,14,2,1
3425,366,15,2,1
3425,366,16,2,1
3425,366,17,2,1
3425,366,18,2,1
3425,366,19,2,1
3425,366,20,2,1
3425,366,21,2,1
3425,366,22,2,1
3425,366,23,2,1
3425,366,24,2,1
3425,366,25,2,1
3425,366,26,2,1
3425,366,27,2,1
3425,366,28,2,1
3425,366,29,2,1
3425,366,30,2,1
3425,366,31,2,1
3425,366,32,2,1
3425,366,33,2,1
3425,366,34,2,1
3425,366,35,2,1
3425,366,36,2,1
3425,366,37,2,1
3425,366,38,2,1
3425,366,39,2,1
3425,366,40,2,1
3425,366,41,2,1
3425,366,42,2,1
3425,366,43,2,1
3425,366,44,2,1
3425,366,45,2,1
3425,366,46,2,1
3425,366,47,2,1
3425,366,48,2,1
3425,366,49,2,1
3425,366,50,2,1
3426,365,1,1,1
3426,365,2,1,1
3426,365,3,1,1
3426,365,4,1,1
3426,365,5,1,1
3426,365,6,1,1
3426,365,7,1,1
3426,365,8,1,1
3426,365,9,1,1
3426,365,10,1,1
3426,365,11,1,1
3426,365,12,1,1
3426,365,13,1,1
3426,365,14,1,1
3426,365,15,1,1
3426,365,16,1,1
3426,365,17,1,1
3426,365,18,1,1
3426,365,19,1,1
3426,365,20,1,1
3426,365,21,1,1
3426,365,22,1,1
3426,365,23,1,1
3426,365,24,1,1
3426,365,25,1,1
3426,365,26,1,1
3426,365,27,1,1
3426,365,28,1,1
3426,365,29,1,1
3426,365,30,1,1
3426,365,31,1,1
3426,365,32,1,1
3426,365,33,1,1
3426,365,34,1,1
3426,365,35,1,1
3426,365,36,1,1
3426,365,37,1,1
3426,365,38,1,1
3426,365,39,1,1
3426,365,40,1,1
3426,365,41,1,1
3426,365,42,1,1
3426,365,43,1,1
3426,365,44,1,1
3426,365,45,1,1
3426,365,46,1,1
3426,365,47,1,1
3426,365,48,1,1
3426,365,49,1,1
3426,365,50,1,1
3426,365,1,2,1
3426,365,2,2,1
3426,365,3,2,1
3426,365,4,2,1
3426,365,5,2,1
3426,365,6,2,1
3426,365,7,2,1
3426,365,8,2,1
3426,365,9,2,1
3426,365,10,2,1
3426,365,11,2,1
3426,365,12,2,1
3426,365,13,2,1
3426,365,14,2,1
3426,365,15,2,1
3426,365,16,2,1
3426,365,17,2,1
3426,365,18,2,1
3426,365,19,2,1
3426,365,20,2,1
3426,365,21,2,1
3426,365,22,2,1
3426,365,23,2,1
3426,365,24,2,1
3426,365,25,2,1
3426,365,26,2,1
3426,365,27,2,1
3426,365,28,2,1
3426,365,29,2,1
3426,365,30,2,1
3426,365,31,2,1
3426,365,32,2,1
3426,365,33,2,1
3426,365,34,2,1
3426,365,35,2,1
3426,365,36,2,1
3426,365,37,2,1
3426,365,38,2,1
3426,365,39,2,1
3426,365,40,2,1
3426,365,41,2,1
3426,365,42,2,1
3426,365,43,2,1
3426,365,44,2,1
3426,365,45,2,1
3426,365,46,2,1
3426,365,47,2,1
3426,365,48,2,1
3426,365,49,2,1
3426,365,50,2,1
3427,364,1,1,1
3427,364,2,1,1
3427,364,3,1,1
3427,364,4,1,1
3427,364,5,1,1
3427,364,6,1,1
3427,364,7,1,1
3427,364,8,1,1
3427,364,9,1,1
3427,364,10,1,1
3427,364,11,1,1
3427,364,12,1,1
3427,364,13,1,1
3427,364,14,1,1
3427,364,15,1,1
3427,364,16,1,1
3427,364,17,1,1
3427,364,18,1,1
3427,364,19,1,1
3427,364,20,1,1
3427,364,21,1,1
3427,364,22,1,1
3427,364,23,1,1
3427,364,24,1,1
3427,364,25,1,1
3427,364,26,1,1
3427,364,27,1,1
3427,364,28,1,1
3427,364,29,1,1
3427,364,30,1,1
3427,364,31,1,1
3427,364,32,1,1
3427,364,33,1,1
3427,364,34,1,1
3427,364,35,1,1
3427,364,36,1,1
3427,364,37,1,1
3427,364,38,1,1
3427,364,39,1,1
3427,364,40,1,1
3427,364,41,1,1
3427,364,42,1,1
3427,364,43,1,1
3427,364,44,1,1
3427,364,45,1,1
3427,364,46,1,1
3427,364,47,1,1
3427,364,48,1,1
3427,364,49,1,1
3427,364,50,1,1
3427,364,1,2,1
3427,364,2,2,1
3427,364,3,2,1
3427,364,4,2,1
3427,364,5,2,1
3427,364,6,2,1
3427,364,7,2,1
3427,364,8,2,1
3427,364,9,2,1
3427,364,10,2,1
3427,364,11,2,1
3427,364,12,2,1
3427,364,13,2,1
3427,364,14,2,1
3427,364,15,2,1
3427,364,16,2,1
3427,364,17,2,1
3427,364,18,2,1
3427,364,19,2,1
3427,364,20,2,1
3427,364,21,2,1
3427,364,22,2,1
3427,364,23,2,1
3427,364,24,2,1
3427,364,25,2,1
3427,364,26,2,1
3427,364,27,2,1
3427,364,28,2,1
3427,364,29,2,1
3427,364,30,2,1
3427,364,31,2,1
3427,364,32,2,1
3427,364,33,2,1
3427,364,34,2,1
3427,364,35,2,1
3427,364,36,2,1
3427,364,37,2,1
3427,364,38,2,1
3427,364,39,2,1
3427,364,40,2,1
3427,364,41,2,1
3427,364,42,2,1
3427,364,43,2,1
3427,364,44,2,1
3427,364,45,2,1
3427,364,46,2,1
3427,364,47,2,1
3427,364,48,2,1
3427,364,49,2,1
3427,364,50,2,1
3428,363,1,1,1
3428,363,2,1,1
3428,363,3,1,1
3428,363,4,1,1
3428,363,5,1,1
3428,363,6,1,1
3428,363,7,1,1
3428,363,8,1,1
3428,363,9,1,1
3428,363,10,1,1
3428,363,11,1,1
3428,363,12,1,1
3428,363,13,1,1
3428,363,14,1,1
3428,363,15,1,1
3428,363,16,1,1
3428,363,17,1,1
3428,363,18,1,1
3428,363,19,1,1
3428,363,20,1,1
3428,363,21,1,1
3428,363,22,1,1
3428,363,23,1,1
3428,363,24,1,1
3428,363,25,1,1
3428,363,26,1,1
3428,363,27,1,1
3428,363,28,1,1
3428,363,29,1,1
3428,363,30,1,1
3428,363,31,1,1
3428,363,32,1,1
3428,363,33,1,1
3428,363,34,1,1
3428,363,35,1,1
3428,363,36,1,1
3428,363,37,1,1
3428,363,38,1,1
3428,363,39,1,1
3428,363,40,1,1
3428,363,41,1,1
3428,363,42,1,1
3428,363,43,1,1
3428,363,44,1,1
3428,363,45,1,1
3428,363,46,1,1
3428,363,47,1,1
3428,363,48,1,1
3428,363,49,1,1
3428,363,50,1,1
3428,363,1,2,1
3428,363,2,2,1
3428,363,3,2,1
3428,363,4,2,1
3428,363,5,2,1
3428,363,6,2,1
3428,363,7,2,1
3428,363,8,2,1
3428,363,9,2,1
3428,363,10,2,1
3428,363,11,2,1
3428,363,12,2,1
3428,363,13,2,1
3428,363,14,2,1
3428,363,15,2,1
3428,363,16,2,1
3428,363,17,2,1
3428,363,18,2,1
3428,363,19,2,1
3428,363,20,2,1
3428,363,21,2,1
3428,363,22,2,1
3428,363,23,2,1
3428,363,24,2,1
3428,363,25,2,1
3428,363,26,2,1
3428,363,27,2,1
3428,363,28,2,1
3428,363,29,2,1
3428,363,30,2,1
3428,363,31,2,1
3428,363,32,2,1
3428,363,33,2,1
3428,363,34,2,1
3428,363,35,2,1
3428,363,36,2,1
3428,363,37,2,1
3428,363,38,2,1
3428,363,39,2,1
3428,363,40,2,1
3428,363,41,2,1
3428,363,42,2,1
3428,363,43,2,1
3428,363,44,2,1
3428,363,45,2,1
3428,363,46,2,1
3428,363,47,2,1
3428,363,48,2,1
3428,363,49,2,1
3428,363,50,2,1
3429,362,1,1,1
3429,362,2,1,1
3429,362,3,1,1
3429,362,4,1,1
3429,362,5,1,1
3429,362,6,1,1
3429,362,7,1,1
3429,362,8,1,1
3429,362,9,1,1
3429,362,10,1,1
3429,362,11,1,1
3429,362,12,1,1
3429,362,13,1,1
3429,362,14,1,1
3429,362,15,1,1
3429,362,16,1,1
3429,362,17,1,1
3429,362,18,1,1
3429,362,19,1,1
3429,362,20,1,1
3429,362,21,1,1
3429,362,22,1,1
3429,362,23,1,1
3429,362,24,1,1
3429,362,25,1,1
3429,362,26,1,1
3429,362,27,1,1
3429,362,28,1,1
3429,362,29,1,1
3429,362,30,1,1
3429,362,31,1,1
3429,362,32,1,1
3429,362,33,1,1
3429,362,34,1,1
3429,362,35,1,1
3429,362,36,1,1
3429,362,37,1,1
3429,362,38,1,1
3429,362,39,1,1
3429,362,40,1,1
3429,362,41,1,1
3429,362,42,1,1
3429,362,43,1,1
3429,362,44,1,1
3429,362,45,1,1
3429,362,46,1,1
3429,362,47,1,1
3429,362,48,1,1
3429,362,49,1,1
3429,362,50,1,1
3429,362,1,2,1
3429,362,2,2,1
3429,362,3,2,1
3429,362,4,2,1
3429,362,5,2,1
3429,362,6,2,1
3429,362,7,2,1
3429,362,8,2,1
3429,362,9,2,1
3429,362,10,2,1
3429,362,11,2,1
3429,362,12,2,1
3429,362,13,2,1
3429,362,14,2,1
3429,362,15,2,1
3429,362,16,2,1
3429,362,17,2,1
3429,362,18,2,1
3429,362,19,2,1
3429,362,20,2,1
3429,362,21,2,1
3429,362,22,2,1
3429,362,23,2,1
3429,362,24,2,1
3429,362,25,2,1
3429,362,26,2,1
3429,362,27,2,1
3429,362,28,2,1
3429,362,29,2,1
3429,362,30,2,1
3429,362,31,2,1
3429,362,32,2,1
3429,362,33,2,1
3429,362,34,2,1
3429,362,35,2,1
3429,362,36,2,1
3429,362,37,2,1
3429,362,38,2,1
3429,362,39,2,1
3429,362,40,2,1
3429,362,41,2,1
3429,362,42,2,1
3429,362,43,2,1
3429,362,44,2,1
3429,362,45,2,1
3429,362,46,2,1
3429,362,47,2,1
3429,362,48,2,1
3429,362,49,2,1
3429,362,50,2,1
3430,361,1,1,1
3430,361,2,1,1
3430,361,3,1,1
3430,361,4,1,1
3430,361,5,1,1
3430,361,6,1,1
3430,361,7,1,1
3430,361,8,1,1
3430,361,9,1,1
3430,361,10,1,1
3430,361,11,1,1
3430,361,12,1,1
3430,361,13,1,1
3430,361,14,1,1
3430,361,15,1,1
3430,361,16,1,1
3430,361,17,1,1
3430,361,18,1,1
3430,361,19,1,1
3430,361,20,1,1
3430,361,21,1,1
3430,361,22,1,1
3430,361,23,1,1
3430,361,24,1,1
3430,361,25,1,1
3430,361,26,1,1
3430,361,27,1,1
3430,361,28,1,1
3430,361,29,1,1
3430,361,30,1,1
3430,361,31,1,1
3430,361,32,1,1
3430,361,33,1,1
3430,361,34,1,1
3430,361,35,1,1
3430,361,36,1,1
3430,361,37,1,1
3430,361,38,1,1
3430,361,39,1,1
3430,361,40,1,1
3430,361,41,1,1
3430,361,42,1,1
3430,361,43,1,1
3430,361,44,1,1
3430,361,45,1,1
3430,361,46,1,1
3430,361,47,1,1
3430,361,48,1,1
3430,361,49,1,1
3430,361,50,1,1
3430,361,1,2,1
3430,361,2,2,1
3430,361,3,2,1
3430,361,4,2,1
3430,361,5,2,1
3430,361,6,2,1
3430,361,7,2,1
3430,361,8,2,1
3430,361,9,2,1
3430,361,10,2,1
3430,361,11,2,1
3430,361,12,2,1
3430,361,13,2,1
3430,361,14,2,1
3430,361,15,2,1
3430,361,16,2,1
3430,361,17,2,1
3430,361,18,2,1
3430,361,19,2,1
3430,361,20,2,1
3430,361,21,2,1
3430,361,22,2,1
3430,361,23,2,1
3430,361,24,2,1
3430,361,25,2,1
3430,361,26,2,1
3430,361,27,2,1
3430,361,28,2,1
3430,361,29,2,1
3430,361,30,2,1
3430,361,31,2,1
3430,361,32,2,1
3430,361,33,2,1
3430,361,34,2,1
3430,361,35,2,1
3430,361,36,2,1
3430,361,37,2,1
3430,361,38,2,1
3430,361,39,2,1
3430,361,40,2,1
3430,361,41,2,1
3430,361,42,2,1
3430,361,43,2,1
3430,361,44,2,1
3430,361,45,2,1
3430,361,46,2,1
3430,361,47,2,1
3430,361,48,2,1
3430,361,49,2,1
3430,361,50,2,1
3430,360,1,1,1
3430,360,2,1,1
3430,360,3,1,1
3430,360,4,1,1
3430,360,5,1,1
3430,360,6,1,1
3430,360,7,1,1
3430,360,8,1,1
3430,360,9,1,1
3430,360,10,1,1
3430,360,11,1,1
3430,360,12,1,1
3430,360,13,1,1
3430,360,14,1,1
3430,360,15,1,1
3430,360,16,1,1
3430,360,17,1,1
3430,360,18,1,1
3430,360,19,1,1
3430,360,20,1,1
3430,360,21,1,1
3430,360,22,1,1
3430,360,23,1,1
3430,360,24,1,1
3430,360,25,1,1
3430,360,26,1,1
3430,360,27,1,1
3430,360,28,1,1
3430,360,29,1,1
3430,360,30,1,1
3430,360,31,1,1
3430,360,32,1,1
3430,360,33,1,1
3430,360,34,1,1
3430,360,35,1,1
3430,360,36,1,1
3430,360,37,1,1
3430,360,38,1,1
3430,360,39,1,1
3430,360,40,1,1
3430,360,41,1,1
3430,360,42,1,1
3430,360,43,1,1
3430,360,44,1,1
3430,360,45,1,1
3430,360,46,1,1
3430,360,47,1,1
3430,360,48,1,1
3430,360,49,1,1
3430,360,50,1,1
3431,360,1,2,1
3431,360,2,2,1
3431,360,3,2,1
3431,360,4,2,1
3431,360,5,2,1
3431,360,6,2,1
3431,360,7,2,1
3431,360,8,2,1
3431,360,9,2,1
3431,360,10,2,1
3431,360,11,2,1
3431,360,12,2,1
3431,360,13,2,1
3431,360,14,2,1
3431,360,15,2,1
3431,360,16,2,1
3431,360,17,2,1
3431,360,18,2,1
3431,360,19,2,1
3431,360,20,2,1
3431,360,21,2,1
3431,360,22,2,1
3431,360,23,2,1
3431,360,24,2,1
3431,360,25,2,1
3431,360,26,2,1
3431,360,27,2,1
3431,360,28,2,1
3431,360,29,2,1
3431,360,30,2,1
3431,360,31,2,1
3431,360,32,2,1
3431,360,33,2,1
3431,360,34,2,1
3431,360,35,2,1
3431,360,36,2,1
3431,360,37,2,1
3431,360,38,2,1
3431,360,39,2,1
3431,360,40,2,1
3431,360,41,2,1
3431,360,42,2,1
3431,360,43,2,1
3431,360,44,2,1
3431,360,45,2,1
3431,360,46,2,1
3431,360,47,2,1
3431,360,48,2,1
3431,360,49,2,1
3431,360,50,2,1
3431,359,1,1,1
3431,359,2,1,1
3431,359,3,1,1
3431,359,4,1,1
3431,359,5,1,1
3431,359,6,1,1
3431,359,7,1,1
3431,359,8,1,1
3431,359,9,1,1
3431,359,10,1,1
3431,359,11,1,1
3431,359,12,1,1
3431,359,13,1,1
3431,359,14,1,1
3431,359,15,1,1
3431,359,16,1,1
3431,359,17,1,1
3431,359,18,1,1
3431,359,19,1,1
3431,359,20,1,1
3431,359,21,1,1
3431,359,22,1,1
3431,359,23,1,1
3431,359,24,1,1
3431,359,25,1,1
3431,359,26,1,1
3431,359,27,1,1
3431,359,28,1,1
3431,359,29,1,1
3431,359,30,1,1
3431,359,31,1,1
3431,359,32,1,1
3431,359,33,1,1
3431,359,34,1,1
3431,359,35,1,1
3431,359,36,1,1
3431,359,37,1,1
3431,359,38,1,1
3431,359,39,1,1
3431,359,40,1,1
3431,359,41,1,1
3431,359,42,1,1
3431,359,43,1,1
3431,359,44,1,1
3431,359,45,1,1
3431,359,46,1,1
3431,359,47,1,1
3431,359,48,1,1
3431,359,49,1,1
3431,359,50,1,1
3432,359,1,2,1
3432,359,2,2,1
3432,359,3,2,1
3432,359,4,2,1
3432,359,5,2,1
3432,359,6,2,1
3432,359,7,2,1
3432,359,8,2,1
3432,359,9,2,1
3432,359,10,2,1
3432,359,11,2,1
3432,359,12,2,1
3432,359,13,2,1
3432,359,14,2,1
3432,359,15,2,1
3432,359,16,2,1
3432,359,17,2,1
3432,359,18,2,1
3432,359,19,2,1
3432,359,20,2,1
3432,359,21,2,1
3432,359,22,2,1
3432,359,23,2,1
3432,359,24,2,1
3432,359,25,2,1
3432,359,26,2,1
3432,359,27,2,1
3432,359,28,2,1
3432,359,29,2,1
3432,359,30,2,1
3432,359,31,2,1
3432,359,32,2,1
3432,359,33,2,1
3432,359,34,2,1
3432,359,35,2,1
3432,359,36,2,1
3432,359,37,2,1
3432,359,38,2,1
3432,359,39,2,1
3432,359,40,2,1
3432,359,41,2,1
3432,359,42,2,1
3432,359,43,2,1
3432,359,44,2,1
3432,359,45,2,1
3432,359,46,2,1
3432,359,47,2,1
3432,359,48,2,1
3432,359,49,2,1
3432,359,50,2,1
3432,358,1,1,1
3432,358,2,1,1
3432,358,3,1,1
3432,358,4,1,1
3432,358,5,1,1
3432,358,6,1,1
3432,358,7,1,1
3432,358,8,1,1
3432,358,9,1,1
3432,358,10,1,1
3432,358,11,1,1
3432,358,12,1,1
3432,358,13,1,1
3432,358,14,1,1
3432,358,15,1,1
3432,358,16,1,1
3432,358,17,1,1
3432,358,18,1,1
3432,358,19,1,1
3432,358,20,1,1
3432,358,21,1,1
3432,358,22,1,1
3432,358,23,1,1
3432,358,24,1,1
3432,358,25,1,1
3432,358,26,1,1
3432,358,27,1,1
3432,358,28,1,1
3432,358,29,1,1
3432,358,30,1,1
3432,358,31,1,1
3432,358,32,1,1
3432,358,33,1,1
3432,358,34,1,1
3432,358,35,1,1
3432,358,36,1,1
3432,358,37,1,1
3432,358,38,1,1
3432,358,39,1,1
3432,358,40,1,1
3432,358,41,1,1
3432,358,42,1,1
3432,358,43,1,1
3432,358,44,1,1
3432,358,45,1,1
3432,358,46,1,1
3432,358,47,1,1
3432,358,48,1,1
3432,358,49,1,1
3432,358,50,1,1
3433,358,1,2,1
3433,358,2,2,1
3433,358,3,2,1
3433,358,4,2,1
3433,358,5,2,1
3433,358,6,2,1
3433,358,7,2,1
3433,358,8,2,1
3433,358,9,2,1
3433,358,10,2,1
3433,358,11,2,1
3433,358,12,2,1
3433,358,13,2,1
3433,358,14,2,1
3433,358,15,2,1
3433,358,16,2,1
3433,358,17,2,1
3433,358,18,2,1
3433,358,19,2,1
3433,358,20,2,1
3433,358,21,2,1
3433,358,22,2,1
3433,358,23,2,1
3433,358,24,2,1
3433,358,25,2,1
3433,358,26,2,1
3433,358,27,2,1
3433,358,28,2,1
3433,358,29,2,1
3433,358,30,2,1
3433,358,31,2,1
3433,358,32,2,1
3433,358,33,2,1
3433,358,34,2,1
3433,358,35,2,1
3433,358,36,2,1
3433,358,37,2,1
3433,358,38,2,1
3433,358,39,2,1
3433,358,40,2,1
3433,358,41,2,1
3433,358,42,2,1
3433,358,43,2,1
3433,358,44,2,1
3433,358,45,2,1
3433,358,46,2,1
3433,358,47,2,1
3433,358,48,2,1
3433,358,49,2,1
3433,358,50,2,1
3433,357,1,1,1
3433,357,2,1,1
3433,357,3,1,1
3433,357,4,1,1
3433,357,5,1,1
3433,357,6,1,1
3433,357,7,1,1
3433,357,8,1,1
3433,357,9,1,1
3433,357,10,1,1
3433,357,11,1,1
3433,357,12,1,1
3433,357,13,1,1
3433,357,14,1,1
3433,357,15,1,1
3433,357,16,1,1
3433,357,17,1,1
3433,357,18,1,1
3433,357,19,1,1
3433,357,20,1,1
3433,357,21,1,1
3433,357,22,1,1
3433,357,23,1,1
3433,357,24,1,1
3433,357,25,1,1
3433,357,26,1,1
3433,357,27,1,1
3433,357,28,1,1
3433,357,29,1,1
3433,357,30,1,1
3433,357,31,1,1
3433,357,32,1,1
3433,357,33,1,1
3433,357,34,1,1
3433,357,35,1,1
3433,357,36,1,1
3433,357,37,1,1
3433,357,38,1,1
3433,357,39,1,1
3433,357,40,1,1
3433,357,41,1,1
3433,357,42,1,1
3433,357,43,1,1
3433,357,44,1,1
3433,357,45,1,1
3433,357,46,1,1
3433,357,47,1,1
3433,357,48,1,1
3433,357,49,1,1
3433,357,50,1,1
3434,357,1,2,1
3434,357,2,2,1
3434,357,3,2,1
3434,357,4,2,1
3434,357,5,2,1
3434,357,6,2,1
3434,357,7,2,1
3434,357,8,2,1
3434,357,9,2,1
3434,357,10,2,1
3434,357,11,2,1
3434,357,12,2,1
3434,357,13,2,1
3434,357,14,2,1
3434,357,15,2,1
3434,357,16,2,1
3434,357,17,2,1
3434,357,18,2,1
3434,357,19,2,1
3434,357,20,2,1
3434,357,21,2,1
3434,357,22,2,1
3434,357,23,2,1
3434,357,24,2,1
3434,357,25,2,1
3434,357,26,2,1
3434,357,27,2,1
3434,357,28,2,1
3434,357,29,2,1
3434,357,30,2,1
3434,357,31,2,1
3434,357,32,2,1
3434,357,33,2,1
3434,357,34,2,1
3434,357,35,2,1
3434,357,36,2,1
3434,357,37,2,1
3434,357,38,2,1
3434,357,39,2,1
3434,357,40,2,1
3434,357,41,2,1
3434,357,42,2,1
3434,357,43,2,1
3434,357,44,2,1
3434,357,45,2,1
3434,357,46,2,1
3434,357,47,2,1
3434,357,48,2,1
3434,357,49,2,1
3434,357,50,2,1
3434,356,1,1,1
3434,356,2,1,1
3434,356,3,1,1
3434,356,4,1,1
3434,356,5,1,1
3434,356,6,1,1
3434,356,7,1,1
3434,356,8,1,1
3434,356,9,1,1
3434,356,10,1,1
3434,356,11,1,1
3434,356,12,1,1
3434,356,13,1,1
3434,356,14,1,1
3434,356,15,1,1
3434,356,16,1,1
3434,356,17,1,1
3434,356,18,1,1
3434,356,19,1,1
3434,356,20,1,1
3434,356,21,1,1
3434,356,22,1,1
3434,356,23,1,1
3434,356,24,1,1
3434,356,25,1,1
3434,356,26,1,1
3434,356,27,1,1
3434,356,28,1,1
3434,356,29,1,1
3434,356,30,1,1
3434,356,31,1,1
3434,356,32,1,1
3434,356,33,1,1
3434,356,34,1,1
3434,356,35,1,1
3434,356,36,1,1
3434,356,37,1,1
3434,356,38,1,1
3434,356,39,1,1
3434,356,40,1,1
3434,356,41,1,1
3434,356,42,1,1
3434,356,43,1,1
3434,356,44,1,1
3434,356,45,1,1
3434,356,46,1,1
3434,356,47,1,1
3434,356,48,1,1
3434,356,49,1,1
3434,356,50,1,1
3435,356,1,2,1
3435,356,2,2,1
3435,356,3,2,1
3435,356,4,2,1
3435,356,5,2,1
3435,356,6,2,1
3435,356,7,2,1
3435,356,8,2,1
3435,356,9,2,1
3435,356,10,2,1
3435,356,11,2,1
3435,356,12,2,1
3435,356,13,2,1
3435,356,14,2,1
3435,356,15,2,1
3435,356,16,2,1
3435,356,17,2,1
3435,356,18,2,1
3435,356,19,2,1
3435,356,20,2,1
3435,356,21,2,1
3435,356,22,2,1
3435,356,23,2,1
3435,356,24,2,1
3435,356,25,2,1
3435,356,26,2,1
3435,356,27,2,1
3435,356,28,2,1
3435,356,29,2,1
3435,356,30,2,1
3435,356,31,2,1
3435,356,32,2,1
3435,356,33,2,1
3435,356,34,2,1
3435,356,35,2,1
3435,356,36,2,1
3435,356,37,2,1
3435,356,38,2,1
3435,356,39,2,1
3435,356,40,2,1
3435,356,41,2,1
3435,356,42,2,1
3435,356,43,2,1
3435,356,44,2,1
3435,356,45,2,1
3435,356,46,2,1
3435,356,47,2,1
3435,356,48,2,1
3435,356,49,2,1
3435,356,50,2,1
3435,355,1,1,1
3435,355,2,1,1
3435,355,3,1,1
3435,355,4,1,1
3435,355,5,1,1
3435,355,6,1,1
3435,355,7,1,1
3435,355,8,1,1
3435,355,9,1,1
3435,355,10,1,1
3435,355,11,1,1
3435,355,12,1,1
3435,355,13,1,1
3435,355,14,1,1
3435,355,15,1,1
3435,355,16,1,1
3435,355,17,1,1
3435,355,18,1,1
3435,355,19,1,1
3435,355,20,1,1
3435,355,21,1,1
3435,355,22,1,1
3435,355,23,1,1
3435,355,24,1,1
3435,355,25,1,1
3435,355,26,1,1
3435,355,27,1,1
3435,355,28,1,1
3435,355,29,1,1
3435,355,30,1,1
3435,355,31,1,1
3435,355,32,1,1
3435,355,33,1,1
3435,355,34,1,1
3435,355,35,1,1
3435,355,36,1,1
3435,355,37,1,1
3435,355,38,1,1
3435,355,39,1,1
3435,355,40,1,1
3435,355,41,1,1
3435,355,42,1,1
3435,355,43,1,1
3435,355,44,1,1
3435,355,45,1,1
3435,355,46,1,1
3435,355,47,1,1
3435,355,48,1,1
3435,355,49,1,1
3435,355,50,1,1
3436,354,1,1,1
3436,354,2,1,1
3436,354,3,1,1
3436,354,4,1,1
3436,354,5,1,1
3436,354,6,1,1
3436,354,7,1,1
3436,354,8,1,1
3436,354,9,1,1
3436,354,10,1,1
3436,354,11,1,1
3436,354,12,1,1
3436,354,13,1,1
3436,354,14,1,1
3436,354,15,1,1
3436,354,16,1,1
3436,354,17,1,1
3436,354,18,1,1
3436,354,19,1,1
3436,354,20,1,1
3436,354,21,1,1
3436,354,22,1,1
3436,354,23,1,1
3436,354,24,1,1
3436,354,25,1,1
3436,354,26,1,1
3436,354,27,1,1
3436,354,28,1,1
3436,354,29,1,1
3436,354,30,1,1
3436,354,31,1,1
3436,354,32,1,1
3436,354,33,1,1
3436,354,34,1,1
3436,354,35,1,1
3436,354,36,1,1
3436,354,37,1,1
3436,354,38,1,1
3436,354,39,1,1
3436,354,40,1,1
3436,354,41,1,1
3436,354,42,1,1
3436,354,43,1,1
3436,354,44,1,1
3436,354,45,1,1
3436,354,46,1,1
3436,354,47,1,1
3436,354,48,1,1
3436,354,49,1,1
3436,354,50,1,1
3436,354,1,2,1
3436,354,2,2,1
3436,354,3,2,1
3436,354,4,2,1
3436,354,5,2,1
3436,354,6,2,1
3436,354,7,2,1
3436,354,8,2,1
3436,354,9,2,1
3436,354,10,2,1
3436,354,11,2,1
3436,354,12,2,1
3436,354,13,2,1
3436,354,14,2,1
3436,354,15,2,1
3436,354,16,2,1
3436,354,17,2,1
3436,354,18,2,1
3436,354,19,2,1
3436,354,20,2,1
3436,354,21,2,1
3436,354,22,2,1
3436,354,23,2,1
3436,354,24,2,1
3436,354,25,2,1
3436,354,26,2,1
3436,354,27,2,1
3436,354,28,2,1
3436,354,29,2,1
3436,354,30,2,1
3436,354,31,2,1
3436,354,32,2,1
3436,354,33,2,1
3436,354,34,2,1
3436,354,35,2,1
3436,354,36,2,1
3436,354,37,2,1
3436,354,38,2,1
3436,354,39,2,1
3436,354,40,2,1
3436,354,41,2,1
3436,354,42,2,1
3436,354,43,2,1
3436,354,44,2,1
3436,354,45,2,1
3436,354,46,2,1
3436,354,47,2,1
3436,354,48,2,1
3436,354,49,2,1
3436,354,50,2,1
3437,353,1,1,1
3437,353,2,1,1
3437,353,3,1,1
3437,353,4,1,1
3437,353,5,1,1
3437,353,6,1,1
3437,353,7,1,1
3437,353,8,1,1
3437,353,9,1,1
3437,353,10,1,1
3437,353,11,1,1
3437,353,12,1,1
3437,353,13,1,1
3437,353,14,1,1
3437,353,15,1,1
3437,353,16,1,1
3437,353,17,1,1
3437,353,18,1,1
3437,353,19,1,1
3437,353,20,1,1
3437,353,21,1,1
3437,353,22,1,1
3437,353,23,1,1
3437,353,24,1,1
3437,353,25,1,1
3437,353,26,1,1
3437,353,27,1,1
3437,353,28,1,1
3437,353,29,1,1
3437,353,30,1,1
3437,353,31,1,1
3437,353,32,1,1
3437,353,33,1,1
3437,353,34,1,1
3437,353,35,1,1
3437,353,36,1,1
3437,353,37,1,1
3437,353,38,1,1
3437,353,39,1,1
3437,353,40,1,1
3437,353,41,1,1
3437,353,42,1,1
3437,353,43,1,1
3437,353,44,1,1
3437,353,45,1,1
3437,353,46,1,1
3437,353,47,1,1
3437,353,48,1,1
3437,353,49,1,1
3437,353,50,1,1
3437,353,1,2,1
3437,353,2,2,1
3437,353,3,2,1
3437,353,4,2,1
3437,353,5,2,1
3437,353,6,2,1
3437,353,7,2,1
3437,353,8,2,1
3437,353,9,2,1
3437,353,10,2,1
3437,353,11,2,1
3437,353,12,2,1
3437,353,13,2,1
3437,353,14,2,1
3437,353,15,2,1
3437,353,16,2,1
3437,353,17,2,1
3437,353,18,2,1
3437,353,19,2,1
3437,353,20,2,1
3437,353,21,2,1
3437,353,22,2,1
3437,353,23,2,1
3437,353,24,2,1
3437,353,25,2,1
3437,353,26,2,1
3437,353,27,2,1
3437,353,28,2,1
3437,353,29,2,1
3437,353,30,2,1
3437,353,31,2,1
3437,353,32,2,1
3437,353,33,2,1
3437,353,34,2,1
3437,353,35,2,1
3437,353,36,2,1
3437,353,37,2,1
3437,353,38,2,1
3437,353,39,2,1
3437,353,40,2,1
3437,353,41,2,1
3437,353,42,2,1
3437,353,43,2,1
3437,353,44,2,1
3437,353,45,2,1
3437,353,46,2,1
3437,353,47,2,1
3437,353,48,2,1
3437,353,49,2,1
3437,353,50,2,1
3438,352,1,1,1
3438,352,2,1,1
3438,352,3,1,1
3438,352,4,1,1
3438,352,5,1,1
3438,352,6,1,1
3438,352,7,1,1
3438,352,8,1,1
3438,352,9,1,1
3438,352,10,1,1
3438,352,11,1,1
3438,352,12,1,1
3438,352,13,1,1
3438,352,14,1,1
3438,352,15,1,1
3438,352,16,1,1
3438,352,17,1,1
3438,352,18,1,1
3438,352,19,1,1
3438,352,20,1,1
3438,352,21,1,1
3438,352,22,1,1
3438,352,23,1,1
3438,352,24,1,1
3438,352,25,1,1
3438,352,26,1,1
3438,352,27,1,1
3438,352,28,1,1
3438,352,29,1,1
3438,352,30,1,1
3438,352,31,1,1
3438,352,32,1,1
3438,352,33,1,1
3438,352,34,1,1
3438,352,35,1,1
3438,352,36,1,1
3438,352,37,1,1
3438,352,38,1,1
3438,352,39,1,1
3438,352,40,1,1
3438,352,41,1,1
3438,352,42,1,1
3438,352,43,1,1
3438,352,44,1,1
3438,352,45,1,1
3438,352,46,1,1
3438,352,47,1,1
3438,352,48,1,1
3438,352,49,1,1
3438,352,50,1,1
3438,352,1,2,1
3438,352,2,2,1
3438,352,3,2,1
3438,352,4,2,1
3438,352,5,2,1
3438,352,6,2,1
3438,352,7,2,1
3438,352,8,2,1
3438,352,9,2,1
3438,352,10,2,1
3438,352,11,2,1
3438,352,12,2,1
3438,352,13,2,1
3438,352,14,2,1
3438,352,15,2,1
3438,352,16,2,1
3438,352,17,2,1
3438,352,18,2,1
3438,352,19,2,1
3438,352,20,2,1
3438,352,21,2,1
3438,352,22,2,1
3438,352,23,2,1
3438,352,24,2,1
3438,352,25,2,1
3438,352,26,2,1
3438,352,27,2,1
3438,352,28,2,1
3438,352,29,2,1
3438,352,30,2,1
3438,352,31,2,1
3438,352,32,2,1
3438,352,33,2,1
3438,352,34,2,1
3438,352,35,2,1
3438,352,36,2,1
3438,352,37,2,1
3438,352,38,2,1
3438,352,39,2,1
3438,352,40,2,1
3438,352,41,2,1
3438,352,42,2,1
3438,352,43,2,1
3438,352,44,2,1
3438,352,45,2,1
3438,352,46,2,1
3438,352,47,2,1
3438,352,48,2,1
3438,352,49,2,1
3438,352,50,2,1
3439,351,1,1,1
3439,351,2,1,1
3439,351,3,1,1
3439,351,4,1,1
3439,351,5,1,1
3439,351,6,1,1
3439,351,7,1,1
3439,351,8,1,1
3439,351,9,1,1
3439,351,10,1,1
3439,351,11,1,1
3439,351,12,1,1
3439,351,13,1,1
3439,351,14,1,1
3439,351,15,1,1
3439,351,16,1,1
3439,351,17,1,1
3439,351,18,1,1
3439,351,19,1,1
3439,351,20,1,1
3439,351,21,1,1
3439,351,22,1,1
3439,351,23,1,1
3439,351,24,1,1
3439,351,25,1,1
3439,351,26,1,1
3439,351,27,1,1
3439,351,28,1,1
3439,351,29,1,1
3439,351,30,1,1
3439,351,31,1,1
3439,351,32,1,1
3439,351,33,1,1
3439,351,34,1,1
3439,351,35,1,1
3439,351,36,1,1
3439,351,37,1,1
3439,351,38,1,1
3439,351,39,1,1
3439,351,40,1,1
3439,351,41,1,1
3439,351,42,1,1
3439,351,43,1,1
3439,351,44,1,1
3439,351,45,1,1
3439,351,46,1,1
3439,351,47,1,1
3439,351,48,1,1
3439,351,49,1,1
3439,351,50,1,1
3439,351,1,2,1
3439,351,2,2,1
3439,351,3,2,1
3439,351,4,2,1
3439,351,5,2,1
3439,351,6,2,1
3439,351,7,2,1
3439,351,8,2,1
3439,351,9,2,1
3439,351,10,2,1
3439,351,11,2,1
3439,351,12,2,1
3439,351,13,2,1
3439,351,14,2,1
3439,351,15,2,1
3439,351,16,2,1
3439,351,17,2,1
3439,351,18,2,1
3439,351,19,2,1
3439,351,20,2,1
3439,351,21,2,1
3439,351,22,2,1
3439,351,23,2,1
3439,351,24,2,1
3439,351,25,2,1
3439,351,26,2,1
3439,351,27,2,1
3439,351,28,2,1
3439,351,29,2,1
3439,351,30,2,1
3439,351,31,2,1
3439,351,32,2,1
3439,351,33,2,1
3439,351,34,2,1
3439,351,35,2,1
3439,351,36,2,1
3439,351,37,2,1
3439,351,38,2,1
3439,351,39,2,1
3439,351,40,2,1
3439,351,41,2,1
3439,351,42,2,1
3439,351,43,2,1
3439,351,44,2,1
3439,351,45,2,1
3439,351,46,2,1
3439,351,47,2,1
3439,351,48,2,1
3439,351,49,2,1
3439,351,50,2,1
3440,350,1,1,1
3440,350,2,1,1
3440,350,3,1,1
3440,350,4,1,1
3440,350,5,1,1
3440,350,6,1,1
3440,350,7,1,1
3440,350,8,1,1
3440,350,9,1,1
3440,350,10,1,1
3440,350,11,1,1
3440,350,12,1,1
3440,350,13,1,1
3440,350,14,1,1
3440,350,15,1,1
3440,350,16,1,1
3440,350,17,1,1
3440,350,18,1,1
3440,350,19,1,1
3440,350,20,1,1
3440,350,21,1,1
3440,350,22,1,1
3440,350,23,1,1
3440,350,24,1,1
3440,350,25,1,1
3440,350,26,1,1
3440,350,27,1,1
3440,350,28,1,1
3440,350,29,1,1
3440,350,30,1,1
3440,350,31,1,1
3440,350,32,1,1
3440,350,33,1,1
3440,350,34,1,1
3440,350,35,1,1
3440,350,36,1,1
3440,350,37,1,1
3440,350,38,1,1
3440,350,39,1,1
3440,350,40,1,1
3440,350,41,1,1
3440,350,42,1,1
3440,350,43,1,1
3440,350,44,1,1
3440,350,45,1,1
3440,350,46,1,1
3440,350,47,1,1
3440,350,48,1,1
3440,350,49,1,1
3440,350,50,1,1
3440,350,1,2,1
3440,350,2,2,1
3440,350,3,2,1
3440,350,4,2,1
3440,350,5,2,1
3440,350,6,2,1
3440,350,7,2,1
3440,350,8,2,1
3440,350,9,2,1
3440,350,10,2,1
3440,350,11,2,1
3440,350,12,2,1
3440,350,13,2,1
3440,350,14,2,1
3440,350,15,2,1
3440,350,16,2,1
3440,350,17,2,1
3440,350,18,2,1
3440,350,19,2,1
3440,350,20,2,1
3440,350,21,2,1
3440,350,22,2,1
3440,350,23,2,1
3440,350,24,2,1
3440,350,25,2,1
3440,350,26,2,1
3440,350,27,2,1
3440,350,28,2,1
3440,350,29,2,1
3440,350,30,2,1
3440,350,31,2,1
3440,350,32,2,1
3440,350,33,2,1
3440,350,34,2,1
3440,350,35,2,1
3440,350,36,2,1
3440,350,37,2,1
3440,350,38,2,1
3440,350,39,2,1
3440,350,40,2,1
3440,350,41,2,1
3440,350,42,2,1
3440,350,43,2,1
3440,350,44,2,1
3440,350,45,2,1
3440,350,46,2,1
3440,350,47,2,1
3440,350,48,2,1
3440,350,49,2,1
3440,350,50,2,1
3441,349,1,1,1
3441,349,2,1,1
3441,349,3,1,1
3441,349,4,1,1
3441,349,5,1,1
3441,349,6,1,1
3441,349,7,1,1
3441,349,8,1,1
3441,349,9,1,1
3441,349,10,1,1
3441,349,11,1,1
3441,349,12,1,1
3441,349,13,1,1
3441,349,14,1,1
3441,349,15,1,1
3441,349,16,1,1
3441,349,17,1,1
3441,349,18,1,1
3441,349,19,1,1
3441,349,20,1,1
3441,349,21,1,1
3441,349,22,1,1
3441,349,23,1,1
3441,349,24,1,1
3441,349,25,1,1
3441,349,26,1,1
3441,349,27,1,1
3441,349,28,1,1
3441,349,29,1,1
3441,349,30,1,1
3441,349,31,1,1
3441,349,32,1,1
3441,349,33,1,1
3441,349,34,1,1
3441,349,35,1,1
3441,349,36,1,1
3441,349,37,1,1
3441,349,38,1,1
3441,349,39,1,1
3441,349,40,1,1
3441,349,41,1,1
3441,349,42,1,1
3441,349,43,1,1
3441,349,44,1,1
3441,349,45,1,1
3441,349,46,1,1
3441,349,47,1,1
3441,349,48,1,1
3441,349,49,1,1
3441,349,50,1,1
3441,349,1,2,1
3441,349,2,2,1
3441,349,3,2,1
3441,349,4,2,1
3441,349,5,2,1
3441,349,6,2,1
3441,349,7,2,1
3441,349,8,2,1
3441,349,9,2,1
3441,349,10,2,1
3441,349,11,2,1
3441,349,12,2,1
3441,349,13,2,1
3441,349,14,2,1
3441,349,15,2,1
3441,349,16,2,1
3441,349,17,2,1
3441,349,18,2,1
3441,349,19,2,1
3441,349,20,2,1
3441,349,21,2,1
3441,349,22,2,1
3441,349,23,2,1
3441,349,24,2,1
3441,349,25,2,1
3441,349,26,2,1
3441,349,27,2,1
3441,349,28,2,1
3441,349,29,2,1
3441,349,30,2,1
3441,349,31,2,1
3441,349,32,2,1
3441,349,33,2,1
3441,349,34,2,1
3441,349,35,2,1
3441,349,36,2,1
3441,349,37,2,1
3441,349,38,2,1
3441,349,39,2,1
3441,349,40,2,1
3441,349,41,2,1
3441,349,42,2,1
3441,349,43,2,1
3441,349,44,2,1
3441,349,45,2,1
3441,349,46,2,1
3441,349,47,2,1
3441,349,48,2,1
3441,349,49,2,1
3441,349,50,2,1
3442,348,1,1,1
3442,348,2,1,1
3442,348,3,1,1
3442,348,4,1,1
3442,348,5,1,1
3442,348,6,1,1
3442,348,7,1,1
3442,348,8,1,1
3442,348,9,1,1
3442,348,10,1,1
3442,348,11,1,1
3442,348,12,1,1
3442,348,13,1,1
3442,348,14,1,1
3442,348,15,1,1
3442,348,16,1,1
3442,348,17,1,1
3442,348,18,1,1
3442,348,19,1,1
3442,348,20,1,1
3442,348,21,1,1
3442,348,22,1,1
3442,348,23,1,1
3442,348,24,1,1
3442,348,25,1,1
3442,348,26,1,1
3442,348,27,1,1
3442,348,28,1,1
3442,348,29,1,1
3442,348,30,1,1
3442,348,31,1,1
3442,348,32,1,1
3442,348,33,1,1
3442,348,34,1,1
3442,348,35,1,1
3442,348,36,1,1
3442,348,37,1,1
3442,348,38,1,1
3442,348,39,1,1
3442,348,40,1,1
3442,348,41,1,1
3442,348,42,1,1
3442,348,43,1,1
3442,348,44,1,1
3442,348,45,1,1
3442,348,46,1,1
3442,348,47,1,1
3442,348,48,1,1
3442,348,49,1,1
3442,348,50,1,1
3442,348,1,2,1
3442,348,2,2,1
3442,348,3,2,1
3442,348,4,2,1
3442,348,5,2,1
3442,348,6,2,1
3442,348,7,2,1
3442,348,8,2,1
3442,348,9,2,1
3442,348,10,2,1
3442,348,11,2,1
3442,348,12,2,1
3442,348,13,2,1
3442,348,14,2,1
3442,348,15,2,1
3442,348,16,2,1
3442,348,17,2,1
3442,348,18,2,1
3442,348,19,2,1
3442,348,20,2,1
3442,348,21,2,1
3442,348,22,2,1
3442,348,23,2,1
3442,348,24,2,1
3442,348,25,2,1
3442,348,26,2,1
3442,348,27,2,1
3442,348,28,2,1
3442,348,29,2,1
3442,348,30,2,1
3442,348,31,2,1
3442,348,32,2,1
3442,348,33,2,1
3442,348,34,2,1
3442,348,35,2,1
3442,348,36,2,1
3442,348,37,2,1
3442,348,38,2,1
3442,348,39,2,1
3442,348,40,2,1
3442,348,41,2,1
3442,348,42,2,1
3442,348,43,2,1
3442,348,44,2,1
3442,348,45,2,1
3442,348,46,2,1
3442,348,47,2,1
3442,348,48,2,1
3442,348,49,2,1
3442,348,50,2,1
3443,347,1,1,1
3443,347,2,1,1
3443,347,3,1,1
3443,347,4,1,1
3443,347,5,1,1
3443,347,6,1,1
3443,347,7,1,1
3443,347,8,1,1
3443,347,9,1,1
3443,347,10,1,1
3443,347,11,1,1
3443,347,12,1,1
3443,347,13,1,1
3443,347,14,1,1
3443,347,15,1,1
3443,347,16,1,1
3443,347,17,1,1
3443,347,18,1,1
3443,347,19,1,1
3443,347,20,1,1
3443,347,21,1,1
3443,347,22,1,1
3443,347,23,1,1
3443,347,24,1,1
3443,347,25,1,1
3443,347,26,1,1
3443,347,27,1,1
3443,347,28,1,1
3443,347,29,1,1
3443,347,30,1,1
3443,347,31,1,1
3443,347,32,1,1
3443,347,33,1,1
3443,347,34,1,1
3443,347,35,1,1
3443,347,36,1,1
3443,347,37,1,1
3443,347,38,1,1
3443,347,39,1,1
3443,347,40,1,1
3443,347,41,1,1
3443,347,42,1,1
3443,347,43,1,1
3443,347,44,1,1
3443,347,45,1,1
3443,347,46,1,1
3443,347,47,1,1
3443,347,48,1,1
3443,347,49,1,1
3443,347,50,1,1
3443,347,1,2,1
3443,347,2,2,1
3443,347,3,2,1
3443,347,4,2,1
3443,347,5,2,1
3443,347,6,2,1
3443,347,7,2,1
3443,347,8,2,1
3443,347,9,2,1
3443,347,10,2,1
3443,347,11,2,1
3443,347,12,2,1
3443,347,13,2,1
3443,347,14,2,1
3443,347,15,2,1
3443,347,16,2,1
3443,347,17,2,1
3443,347,18,2,1
3443,347,19,2,1
3443,347,20,2,1
3443,347,21,2,1
3443,347,22,2,1
3443,347,23,2,1
3443,347,24,2,1
3443,347,25,2,1
3443,347,26,2,1
3443,347,27,2,1
3443,347,28,2,1
3443,347,29,2,1
3443,347,30,2,1
3443,347,31,2,1
3443,347,32,2,1
3443,347,33,2,1
3443,347,34,2,1
3443,347,35,2,1
3443,347,36,2,1
3443,347,37,2,1
3443,347,38,2,1
3443,347,39,2,1
3443,347,40,2,1
3443,347,41,2,1
3443,347,42,2,1
3443,347,43,2,1
3443,347,44,2,1
3443,347,45,2,1
3443,347,46,2,1
3443,347,47,2,1
3443,347,48,2,1
3443,347,49,2,1
3443,347,50,2,1
3444,346,1,1,1
3444,346,2,1,1
3444,346,3,1,1
3444,346,4,1,1
3444,346,5,1,1
3444,346,6,1,1
3444,346,7,1,1
3444,346,8,1,1
3444,346,9,1,1
3444,346,10,1,1
3444,346,11,1,1
3444,346,12,1,1
3444,346,13,1,1
3444,346,14,1,1
3444,346,15,1,1
3444,346,16,1,1
3444,346,17,1,1
3444,346,18,1,1
3444,346,19,1,1
3444,346,20,1,1
3444,346,21,1,1
3444,346,22,1,1
3444,346,23,1,1
3444,346,24,1,1
3444,346,25,1,1
3444,346,26,1,1
3444,346,27,1,1
3444,346,28,1,1
3444,346,29,1,1
3444,346,30,1,1
3444,346,31,1,1
3444,346,32,1,1
3444,346,33,1,1
3444,346,34,1,1
3444,346,35,1,1
3444,346,36,1,1
3444,346,37,1,1
3444,346,38,1,1
3444,346,39,1,1
3444,346,40,1,1
3444,346,41,1,1
3444,346,42,1,1
3444,346,43,1,1
3444,346,44,1,1
3444,346,45,1,1
3444,346,46,1,1
3444,346,47,1,1
3444,346,48,1,1
3444,346,49,1,1
3444,346,50,1,1
3444,346,1,2,1
3444,346,2,2,1
3444,346,3,2,1
3444,346,4,2,1
3444,346,5,2,1
3444,346,6,2,1
3444,346,7,2,1
3444,346,8,2,1
3444,346,9,2,1
3444,346,10,2,1
3444,346,11,2,1
3444,346,12,2,1
3444,346,13,2,1
3444,346,14,2,1
3444,346,15,2,1
3444,346,16,2,1
3444,346,17,2,1
3444,346,18,2,1
3444,346,19,2,1
3444,346,20,2,1
3444,346,21,2,1
3444,346,22,2,1
3444,346,23,2,1
3444,346,24,2,1
3444,346,25,2,1
3444,346,26,2,1
3444,346,27,2,1
3444,346,28,2,1
3444,346,29,2,1
3444,346,30,2,1
3444,346,31,2,1
3444,346,32,2,1
3444,346,33,2,1
3444,346,34,2,1
3444,346,35,2,1
3444,346,36,2,1
3444,346,37,2,1
3444,346,38,2,1
3444,346,39,2,1
3444,346,40,2,1
3444,346,41,2,1
3444,346,42,2,1
3444,346,43,2,1
3444,346,44,2,1
3444,346,45,2,1
3444,346,46,2,1
3444,346,47,2,1
3444,346,48,2,1
3444,346,49,2,1
3444,346,50,2,1
3445,345,1,1,1
3445,345,2,1,1
3445,345,3,1,1
3445,345,4,1,1
3445,345,5,1,1
3445,345,6,1,1
3445,345,7,1,1
3445,345,8,1,1
3445,345,9,1,1
3445,345,10,1,1
3445,345,11,1,1
3445,345,12,1,1
3445,345,13,1,1
3445,345,14,1,1
3445,345,15,1,1
3445,345,16,1,1
3445,345,17,1,1
3445,345,18,1,1
3445,345,19,1,1
3445,345,20,1,1
3445,345,21,1,1
3445,345,22,1,1
3445,345,23,1,1
3445,345,24,1,1
3445,345,25,1,1
3445,345,26,1,1
3445,345,27,1,1
3445,345,28,1,1
3445,345,29,1,1
3445,345,30,1,1
3445,345,31,1,1
3445,345,32,1,1
3445,345,33,1,1
3445,345,34,1,1
3445,345,35,1,1
3445,345,36,1,1
3445,345,37,1,1
3445,345,38,1,1
3445,345,39,1,1
3445,345,40,1,1
3445,345,41,1,1
3445,345,42,1,1
3445,345,43,1,1
3445,345,44,1,1
3445,345,45,1,1
3445,345,46,1,1
3445,345,47,1,1
3445,345,48,1,1
3445,345,49,1,1
3445,345,50,1,1
3445,345,1,2,1
3445,345,2,2,1
3445,345,3,2,1
3445,345,4,2,1
3445,345,5,2,1
3445,345,6,2,1
3445,345,7,2,1
3445,345,8,2,1
3445,345,9,2,1
3445,345,10,2,1
3445,345,11,2,1
3445,345,12,2,1
3445,345,13,2,1
3445,345,14,2,1
3445,345,15,2,1
3445,345,16,2,1
3445,345,17,2,1
3445,345,18,2,1
3445,345,19,2,1
3445,345,20,2,1
3445,345,21,2,1
3445,345,22,2,1
3445,345,23,2,1
3445,345,24,2,1
3445,345,25,2,1
3445,345,26,2,1
3445,345,27,2,1
3445,345,28,2,1
3445,345,29,2,1
3445,345,30,2,1
3445,345,31,2,1
3445,345,32,2,1
3445,345,33,2,1
3445,345,34,2,1
3445,345,35,2,1
3445,345,36,2,1
3445,345,37,2,1
3445,345,38,2,1
3445,345,39,2,1
3445,345,40,2,1
3445,345,41,2,1
3445,345,42,2,1
3445,345,43,2,1
3445,345,44,2,1
3445,345,45,2,1
3445,345,46,2,1
3445,345,47,2,1
3445,345,48,2,1
3445,345,49,2,1
3445,345,50,2,1
3446,344,1,1,1
3446,344,2,1,1
3446,344,3,1,1
3446,344,4,1,1
3446,344,5,1,1
3446,344,6,1,1
3446,344,7,1,1
3446,344,8,1,1
3446,344,9,1,1
3446,344,10,1,1
3446,344,11,1,1
3446,344,12,1,1
3446,344,13,1,1
3446,344,14,1,1
3446,344,15,1,1
3446,344,16,1,1
3446,344,17,1,1
3446,344,18,1,1
3446,344,19,1,1
3446,344,20,1,1
3446,344,21,1,1
3446,344,22,1,1
3446,344,23,1,1
3446,344,24,1,1
3446,344,25,1,1
3446,344,26,1,1
3446,344,27,1,1
3446,344,28,1,1
3446,344,29,1,1
3446,344,30,1,1
3446,344,31,1,1
3446,344,32,1,1
3446,344,33,1,1
3446,344,34,1,1
3446,344,35,1,1
3446,344,36,1,1
3446,344,37,1,1
3446,344,38,1,1
3446,344,39,1,1
3446,344,40,1,1
3446,344,41,1,1
3446,344,42,1,1
3446,344,43,1,1
3446,344,44,1,1
3446,344,45,1,1
3446,344,46,1,1
3446,344,47,1,1
3446,344,48,1,1
3446,344,49,1,1
3446,344,50,1,1
3446,344,1,2,1
3446,344,2,2,1
3446,344,3,2,1
3446,344,4,2,1
3446,344,5,2,1
3446,344,6,2,1
3446,344,7,2,1
3446,344,8,2,1
3446,344,9,2,1
3446,344,10,2,1
3446,344,11,2,1
3446,344,12,2,1
3446,344,13,2,1
3446,344,14,2,1
3446,344,15,2,1
3446,344,16,2,1
3446,344,17,2,1
3446,344,18,2,1
3446,344,19,2,1
3446,344,20,2,1
3446,344,21,2,1
3446,344,22,2,1
3446,344,23,2,1
3446,344,24,2,1
3446,344,25,2,1
3446,344,26,2,1
3446,344,27,2,1
3446,344,28,2,1
3446,344,29,2,1
3446,344,30,2,1
3446,344,31,2,1
3446,344,32,2,1
3446,344,33,2,1
3446,344,34,2,1
3446,344,35,2,1
3446,344,36,2,1
3446,344,37,2,1
3446,344,38,2,1
3446,344,39,2,1
3446,344,40,2,1
3446,344,41,2,1
3446,344,42,2,1
3446,344,43,2,1
3446,344,44,2,1
3446,344,45,2,1
3446,344,46,2,1
3446,344,47,2,1
3446,344,48,2,1
3446,344,49,2,1
3446,344,50,2,1
3447,343,1,1,1
3447,343,2,1,1
3447,343,3,1,1
3447,343,4,1,1
3447,343,5,1,1
3447,343,6,1,1
3447,343,7,1,1
3447,343,8,1,1
3447,343,9,1,1
3447,343,10,1,1
3447,343,11,1,1
3447,343,12,1,1
3447,343,13,1,1
3447,343,14,1,1
3447,343,15,1,1
3447,343,16,1,1
3447,343,17,1,1
3447,343,18,1,1
3447,343,19,1,1
3447,343,20,1,1
3447,343,21,1,1
3447,343,22,1,1
3447,343,23,1,1
3447,343,24,1,1
3447,343,25,1,1
3447,343,26,1,1
3447,343,27,1,1
3447,343,28,1,1
3447,343,29,1,1
3447,343,30,1,1
3447,343,31,1,1
3447,343,32,1,1
3447,343,33,1,1
3447,343,34,1,1
3447,343,35,1,1
3447,343,36,1,1
3447,343,37,1,1
3447,343,38,1,1
3447,343,39,1,1
3447,343,40,1,1
3447,343,41,1,1
3447,343,42,1,1
3447,343,43,1,1
3447,343,44,1,1
3447,343,45,1,1
3447,343,46,1,1
3447,343,47,1,1
3447,343,48,1,1
3447,343,49,1,1
3447,343,50,1,1
3447,343,1,2,1
3447,343,2,2,1
3447,343,3,2,1
3447,343,4,2,1
3447,343,5,2,1
3447,343,6,2,1
3447,343,7,2,1
3447,343,8,2,1
3447,343,9,2,1
3447,343,10,2,1
3447,343,11,2,1
3447,343,12,2,1
3447,343,13,2,1
3447,343,14,2,1
3447,343,15,2,1
3447,343,16,2,1
3447,343,17,2,1
3447,343,18,2,1
3447,343,19,2,1
3447,343,20,2,1
3447,343,21,2,1
3447,343,22,2,1
3447,343,23,2,1
3447,343,24,2,1
3447,343,25,2,1
3447,343,26,2,1
3447,343,27,2,1
3447,343,28,2,1
3447,343,29,2,1
3447,343,30,2,1
3447,343,31,2,1
3447,343,32,2,1
3447,343,33,2,1
3447,343,34,2,1
3447,343,35,2,1
3447,343,36,2,1
3447,343,37,2,1
3447,343,38,2,1
3447,343,39,2,1
3447,343,40,2,1
3447,343,41,2,1
3447,343,42,2,1
3447,343,43,2,1
3447,343,44,2,1
3447,343,45,2,1
3447,343,46,2,1
3447,343,47,2,1
3447,343,48,2,1
3447,343,49,2,1
3447,343,50,2,1
3448,342,1,1,1
3448,342,2,1,1
3448,342,3,1,1
3448,342,4,1,1
3448,342,5,1,1
3448,342,6,1,1
3448,342,7,1,1
3448,342,8,1,1
3448,342,9,1,1
3448,342,10,1,1
3448,342,11,1,1
3448,342,12,1,1
3448,342,13,1,1
3448,342,14,1,1
3448,342,15,1,1
3448,342,16,1,1
3448,342,17,1,1
3448,342,18,1,1
3448,342,19,1,1
3448,342,20,1,1
3448,342,21,1,1
3448,342,22,1,1
3448,342,23,1,1
3448,342,24,1,1
3448,342,25,1,1
3448,342,26,1,1
3448,342,27,1,1
3448,342,28,1,1
3448,342,29,1,1
3448,342,30,1,1
3448,342,31,1,1
3448,342,32,1,1
3448,342,33,1,1
3448,342,34,1,1
3448,342,35,1,1
3448,342,36,1,1
3448,342,37,1,1
3448,342,38,1,1
3448,342,39,1,1
3448,342,40,1,1
3448,342,41,1,1
3448,342,42,1,1
3448,342,43,1,1
3448,342,44,1,1
3448,342,45,1,1
3448,342,46,1,1
3448,342,47,1,1
3448,342,48,1,1
3448,342,49,1,1
3448,342,50,1,1
3448,342,1,2,1
3448,342,2,2,1
3448,342,3,2,1
3448,342,4,2,1
3448,342,5,2,1
3448,342,6,2,1
3448,342,7,2,1
3448,342,8,2,1
3448,342,9,2,1
3448,342,10,2,1
3448,342,11,2,1
3448,342,12,2,1
3448,342,13,2,1
3448,342,14,2,1
3448,342,15,2,1
3448,342,16,2,1
3448,342,17,2,1
3448,342,18,2,1
3448,342,19,2,1
3448,342,20,2,1
3448,342,21,2,1
3448,342,22,2,1
3448,342,23,2,1
3448,342,24,2,1
3448,342,25,2,1
3448,342,26,2,1
3448,342,27,2,1
3448,342,28,2,1
3448,342,29,2,1
3448,342,30,2,1
3448,342,31,2,1
3448,342,32,2,1
3448,342,33,2,1
3448,342,34,2,1
3448,342,35,2,1
3448,342,36,2,1
3448,342,37,2,1
3448,342,38,2,1
3448,342,39,2,1
3448,342,40,2,1
3448,342,41,2,1
3448,342,42,2,1
3448,342,43,2,1
3448,342,44,2,1
3448,342,45,2,1
3448,342,46,2,1
3448,342,47,2,1
3448,342,48,2,1
3448,342,49,2,1
3448,342,50,2,1
3449,341,1,1,1
3449,341,2,1,1
3449,341,3,1,1
3449,341,4,1,1
3449,341,5,1,1
3449,341,6,1,1
3449,341,7,1,1
3449,341,8,1,1
3449,341,9,1,1
3449,341,10,1,1
3449,341,11,1,1
3449,341,12,1,1
3449,341,13,1,1
3449,341,14,1,1
3449,341,15,1,1
3449,341,16,1,1
3449,341,17,1,1
3449,341,18,1,1
3449,341,19,1,1
3449,341,20,1,1
3449,341,21,1,1
3449,341,22,1,1
3449,341,23,1,1
3449,341,24,1,1
3449,341,25,1,1
3449,341,26,1,1
3449,341,27,1,1
3449,341,28,1,1
3449,341,29,1,1
3449,341,30,1,1
3449,341,31,1,1
3449,341,32,1,1
3449,341,33,1,1
3449,341,34,1,1
3449,341,35,1,1
3449,341,36,1,1
3449,341,37,1,1
3449,341,38,1,1
3449,341,39,1,1
3449,341,40,1,1
3449,341,41,1,1
3449,341,42,1,1
3449,341,43,1,1
3449,341,44,1,1
3449,341,45,1,1
3449,341,46,1,1
3449,341,47,1,1
3449,341,48,1,1
3449,341,49,1,1
3449,341,50,1,1
3449,341,1,2,1
3449,341,2,2,1
3449,341,3,2,1
3449,341,4,2,1
3449,341,5,2,1
3449,341,6,2,1
3449,341,7,2,1
3449,341,8,2,1
3449,341,9,2,1
3449,341,10,2,1
3449,341,11,2,1
3449,341,12,2,1
3449,341,13,2,1
3449,341,14,2,1
3449,341,15,2,1
3449,341,16,2,1
3449,341,17,2,1
3449,341,18,2,1
3449,341,19,2,1
3449,341,20,2,1
3449,341,21,2,1
3449,341,22,2,1
3449,341,23,2,1
3449,341,24,2,1
3449,341,25,2,1
3449,341,26,2,1
3449,341,27,2,1
3449,341,28,2,1
3449,341,29,2,1
3449,341,30,2,1
3449,341,31,2,1
3449,341,32,2,1
3449,341,33,2,1
3449,341,34,2,1
3449,341,35,2,1
3449,341,36,2,1
3449,341,37,2,1
3449,341,38,2,1
3449,341,39,2,1
3449,341,40,2,1
3449,341,41,2,1
3449,341,42,2,1
3449,341,43,2,1
3449,341,44,2,1
3449,341,45,2,1
3449,341,46,2,1
3449,341,47,2,1
3449,341,48,2,1
3449,341,49,2,1
3449,341,50,2,1
3450,340,1,1,1
3450,340,2,1,1
3450,340,3,1,1
3450,340,4,1,1
3450,340,5,1,1
3450,340,6,1,1
3450,340,7,1,1
3450,340,8,1,1
3450,340,9,1,1
3450,340,10,1,1
3450,340,11,1,1
3450,340,12,1,1
3450,340,13,1,1
3450,340,14,1,1
3450,340,15,1,1
3450,340,16,1,1
3450,340,17,1,1
3450,340,18,1,1
3450,340,19,1,1
3450,340,20,1,1
3450,340,21,1,1
3450,340,22,1,1
3450,340,23,1,1
3450,340,24,1,1
3450,340,25,1,1
3450,340,26,1,1
3450,340,27,1,1
3450,340,28,1,1
3450,340,29,1,1
3450,340,30,1,1
3450,340,31,1,1
3450,340,32,1,1
3450,340,33,1,1
3450,340,34,1,1
3450,340,35,1,1
3450,340,36,1,1
3450,340,37,1,1
3450,340,38,1,1
3450,340,39,1,1
3450,340,40,1,1
3450,340,41,1,1
3450,340,42,1,1
3450,340,43,1,1
3450,340,44,1,1
3450,340,45,1,1
3450,340,46,1,1
3450,340,47,1,1
3450,340,48,1,1
3450,340,49,1,1
3450,340,50,1,1
3450,340,1,2,1
3450,340,2,2,1
3450,340,3,2,1
3450,340,4,2,1
3450,340,5,2,1
3450,340,6,2,1
3450,340,7,2,1
3450,340,8,2,1
3450,340,9,2,1
3450,340,10,2,1
3450,340,11,2,1
3450,340,12,2,1
3450,340,13,2,1
3450,340,14,2,1
3450,340,15,2,1
3450,340,16,2,1
3450,340,17,2,1
3450,340,18,2,1
3450,340,19,2,1
3450,340,20,2,1
3450,340,21,2,1
3450,340,22,2,1
3450,340,23,2,1
3450,340,24,2,1
3450,340,25,2,1
3450,340,26,2,1
3450,340,27,2,1
3450,340,28,2,1
3450,340,29,2,1
3450,340,30,2,1
3450,340,31,2,1
3450,340,32,2,1
3450,340,33,2,1
3450,340,34,2,1
3450,340,35,2,1
3450,340,36,2,1
3450,340,37,2,1
3450,340,38,2,1
3450,340,39,2,1
3450,340,40,2,1
3450,340,41,2,1
3450,340,42,2,1
3450,340,43,2,1
3450,340,44,2,1
3450,340,45,2,1
3450,340,46,2,1
3450,340,47,2,1
3450,340,48,2,1
3450,340,49,2,1
3450,340,50,2,1
3451,339,1,1,1
3451,339,2,1,1
3451,339,3,1,1
3451,339,4,1,1
3451,339,5,1,1
3451,339,6,1,1
3451,339,7,1,1
3451,339,8,1,1
3451,339,9,1,1
3451,339,10,1,1
3451,339,11,1,1
3451,339,12,1,1
3451,339,13,1,1
3451,339,14,1,1
3451,339,15,1,1
3451,339,16,1,1
3451,339,17,1,1
3451,339,18,1,1
3451,339,19,1,1
3451,339,20,1,1
3451,339,21,1,1
3451,339,22,1,1
3451,339,23,1,1
3451,339,24,1,1
3451,339,25,1,1
3451,339,26,1,1
3451,339,27,1,1
3451,339,28,1,1
3451,339,29,1,1
3451,339,30,1,1
3451,339,31,1,1
3451,339,32,1,1
3451,339,33,1,1
3451,339,34,1,1
3451,339,35,1,1
3451,339,36,1,1
3451,339,37,1,1
3451,339,38,1,1
3451,339,39,1,1
3451,339,40,1,1
3451,339,41,1,1
3451,339,42,1,1
3451,339,43,1,1
3451,339,44,1,1
3451,339,45,1,1
3451,339,46,1,1
3451,339,47,1,1
3451,339,48,1,1
3451,339,49,1,1
3451,339,50,1,1
3451,339,1,2,1
3451,339,2,2,1
3451,339,3,2,1
3451,339,4,2,1
3451,339,5,2,1
3451,339,6,2,1
3451,339,7,2,1
3451,339,8,2,1
3451,339,9,2,1
3451,339,10,2,1
3451,339,11,2,1
3451,339,12,2,1
3451,339,13,2,1
3451,339,14,2,1
3451,339,15,2,1
3451,339,16,2,1
3451,339,17,2,1
3451,339,18,2,1
3451,339,19,2,1
3451,339,20,2,1
3451,339,21,2,1
3451,339,22,2,1
3451,339,23,2,1
3451,339,24,2,1
3451,339,25,2,1
3451,339,26,2,1
3451,339,27,2,1
3451,339,28,2,1
3451,339,29,2,1
3451,339,30,2,1
3451,339,31,2,1
3451,339,32,2,1
3451,339,33,2,1
3451,339,34,2,1
3451,339,35,2,1
3451,339,36,2,1
3451,339,37,2,1
3451,339,38,2,1
3451,339,39,2,1
3451,339,40,2,1
3451,339,41,2,1
3451,339,42,2,1
3451,339,43,2,1
3451,339,44,2,1
3451,339,45,2,1
3451,339,46,2,1
3451,339,47,2,1
3451,339,48,2,1
3451,339,49,2,1
3451,339,50,2,1
3452,338,1,1,1
3452,338,2,1,1
3452,338,3,1,1
3452,338,4,1,1
3452,338,5,1,1
3452,338,6,1,1
3452,338,7,1,1
3452,338,8,1,1
3452,338,9,1,1
3452,338,10,1,1
3452,338,11,1,1
3452,338,12,1,1
3452,338,13,1,1
3452,338,14,1,1
3452,338,15,1,1
3452,338,16,1,1
3452,338,17,1,1
3452,338,18,1,1
3452,338,19,1,1
3452,338,20,1,1
3452,338,21,1,1
3452,338,22,1,1
3452,338,23,1,1
3452,338,24,1,1
3452,338,25,1,1
3452,338,26,1,1
3452,338,27,1,1
3452,338,28,1,1
3452,338,29,1,1
3452,338,30,1,1
3452,338,31,1,1
3452,338,32,1,1
3452,338,33,1,1
3452,338,34,1,1
3452,338,35,1,1
3452,338,36,1,1
3452,338,37,1,1
3452,338,38,1,1
3452,338,39,1,1
3452,338,40,1,1
3452,338,41,1,1
3452,338,42,1,1
3452,338,43,1,1
3452,338,44,1,1
3452,338,45,1,1
3452,338,46,1,1
3452,338,47,1,1
3452,338,48,1,1
3452,338,49,1,1
3452,338,50,1,1
3452,338,1,2,1
3452,338,2,2,1
3452,338,3,2,1
3452,338,4,2,1
3452,338,5,2,1
3452,338,6,2,1
3452,338,7,2,1
3452,338,8,2,1
3452,338,9,2,1
3452,338,10,2,1
3452,338,11,2,1
3452,338,12,2,1
3452,338,13,2,1
3452,338,14,2,1
3452,338,15,2,1
3452,338,16,2,1
3452,338,17,2,1
3452,338,18,2,1
3452,338,19,2,1
3452,338,20,2,1
3452,338,21,2,1
3452,338,22,2,1
3452,338,23,2,1
3452,338,24,2,1
3452,338,25,2,1
3452,338,26,2,1
3452,338,27,2,1
3452,338,28,2,1
3452,338,29,2,1
3452,338,30,2,1
3452,338,31,2,1
3452,338,32,2,1
3452,338,33,2,1
3452,338,34,2,1
3452,338,35,2,1
3452,338,36,2,1
3452,338,37,2,1
3452,338,38,2,1
3452,338,39,2,1
3452,338,40,2,1
3452,338,41,2,1
3452,338,42,2,1
3452,338,43,2,1
3452,338,44,2,1
3452,338,45,2,1
3452,338,46,2,1
3452,338,47,2,1
3452,338,48,2,1
3452,338,49,2,1
3452,338,50,2,1
3453,337,1,1,1
3453,337,2,1,1
3453,337,3,1,1
3453,337,4,1,1
3453,337,5,1,1
3453,337,6,1,1
3453,337,7,1,1
3453,337,8,1,1
3453,337,9,1,1
3453,337,10,1,1
3453,337,11,1,1
3453,337,12,1,1
3453,337,13,1,1
3453,337,14,1,1
3453,337,15,1,1
3453,337,16,1,1
3453,337,17,1,1
3453,337,18,1,1
3453,337,19,1,1
3453,337,20,1,1
3453,337,21,1,1
3453,337,22,1,1
3453,337,23,1,1
3453,337,24,1,1
3453,337,25,1,1
3453,337,26,1,1
3453,337,27,1,1
3453,337,28,1,1
3453,337,29,1,1
3453,337,30,1,1
3453,337,31,1,1
3453,337,32,1,1
3453,337,33,1,1
3453,337,34,1,1
3453,337,35,1,1
3453,337,36,1,1
3453,337,37,1,1
3453,337,38,1,1
3453,337,39,1,1
3453,337,40,1,1
3453,337,41,1,1
3453,337,42,1,1
3453,337,43,1,1
3453,337,44,1,1
3453,337,45,1,1
3453,337,46,1,1
3453,337,47,1,1
3453,337,48,1,1
3453,337,49,1,1
3453,337,50,1,1
3453,337,1,2,1
3453,337,2,2,1
3453,337,3,2,1
3453,337,4,2,1
3453,337,5,2,1
3453,337,6,2,1
3453,337,7,2,1
3453,337,8,2,1
3453,337,9,2,1
3453,337,10,2,1
3453,337,11,2,1
3453,337,12,2,1
3453,337,13,2,1
3453,337,14,2,1
3453,337,15,2,1
3453,337,16,2,1
3453,337,17,2,1
3453,337,18,2,1
3453,337,19,2,1
3453,337,20,2,1
3453,337,21,2,1
3453,337,22,2,1
3453,337,23,2,1
3453,337,24,2,1
3453,337,25,2,1
3453,337,26,2,1
3453,337,27,2,1
3453,337,28,2,1
3453,337,29,2,1
3453,337,30,2,1
3453,337,31,2,1
3453,337,32,2,1
3453,337,33,2,1
3453,337,34,2,1
3453,337,35,2,1
3453,337,36,2,1
3453,337,37,2,1
3453,337,38,2,1
3453,337,39,2,1
3453,337,40,2,1
3453,337,41,2,1
3453,337,42,2,1
3453,337,43,2,1
3453,337,44,2,1
3453,337,45,2,1
3453,337,46,2,1
3453,337,47,2,1
3453,337,48,2,1
3453,337,49,2,1
3453,337,50,2,1
3454,336,1,1,1
3454,336,2,1,1
3454,336,3,1,1
3454,336,4,1,1
3454,336,5,1,1
3454,336,6,1,1
3454,336,7,1,1
3454,336,8,1,1
3454,336,9,1,1
3454,336,10,1,1
3454,336,11,1,1
3454,336,12,1,1
3454,336,13,1,1
3454,336,14,1,1
3454,336,15,1,1
3454,336,16,1,1
3454,336,17,1,1
3454,336,18,1,1
3454,336,19,1,1
3454,336,20,1,1
3454,336,21,1,1
3454,336,22,1,1
3454,336,23,1,1
3454,336,24,1,1
3454,336,25,1,1
3454,336,26,1,1
3454,336,27,1,1
3454,336,28,1,1
3454,336,29,1,1
3454,336,30,1,1
3454,336,31,1,1
3454,336,32,1,1
3454,336,33,1,1
3454,336,34,1,1
3454,336,35,1,1
3454,336,36,1,1
3454,336,37,1,1
3454,336,38,1,1
3454,336,39,1,1
3454,336,40,1,1
3454,336,41,1,1
3454,336,42,1,1
3454,336,43,1,1
3454,336,44,1,1
3454,336,45,1,1
3454,336,46,1,1
3454,336,47,1,1
3454,336,48,1,1
3454,336,49,1,1
3454,336,50,1,1
3454,336,1,2,1
3454,336,2,2,1
3454,336,3,2,1
3454,336,4,2,1
3454,336,5,2,1
3454,336,6,2,1
3454,336,7,2,1
3454,336,8,2,1
3454,336,9,2,1
3454,336,10,2,1
3454,336,11,2,1
3454,336,12,2,1
3454,336,13,2,1
3454,336,14,2,1
3454,336,15,2,1
3454,336,16,2,1
3454,336,17,2,1
3454,336,18,2,1
3454,336,19,2,1
3454,336,20,2,1
3454,336,21,2,1
3454,336,22,2,1
3454,336,23,2,1
3454,336,24,2,1
3454,336,25,2,1
3454,336,26,2,1
3454,336,27,2,1
3454,336,28,2,1
3454,336,29,2,1
3454,336,30,2,1
3454,336,31,2,1
3454,336,32,2,1
3454,336,33,2,1
3454,336,34,2,1
3454,336,35,2,1
3454,336,36,2,1
3454,336,37,2,1
3454,336,38,2,1
3454,336,39,2,1
3454,336,40,2,1
3454,336,41,2,1
3454,336,42,2,1
3454,336,43,2,1
3454,336,44,2,1
3454,336,45,2,1
3454,336,46,2,1
3454,336,47,2,1
3454,336,48,2,1
3454,336,49,2,1
3454,336,50,2,1
3454,335,1,1,1
3454,335,2,1,1
3454,335,3,1,1
3454,335,4,1,1
3454,335,5,1,1
3454,335,6,1,1
3454,335,7,1,1
3454,335,8,1,1
3454,335,9,1,1
3454,335,10,1,1
3454,335,11,1,1
3454,335,12,1,1
3454,335,13,1,1
3454,335,14,1,1
3454,335,15,1,1
3454,335,16,1,1
3454,335,17,1,1
3454,335,18,1,1
3454,335,19,1,1
3454,335,20,1,1
3454,335,21,1,1
3454,335,22,1,1
3454,335,23,1,1
3454,335,24,1,1
3454,335,25,1,1
3454,335,26,1,1
3454,335,27,1,1
3454,335,28,1,1
3454,335,29,1,1
3454,335,30,1,1
3454,335,31,1,1
3454,335,32,1,1
3454,335,33,1,1
3454,335,34,1,1
3454,335,35,1,1
3454,335,36,1,1
3454,335,37,1,1
3454,335,38,1,1
3454,335,39,1,1
3454,335,40,1,1
3454,335,41,1,1
3454,335,42,1,1
3454,335,43,1,1
3454,335,44,1,1
3454,335,45,1,1
3454,335,46,1,1
3454,335,47,1,1
3454,335,48,1,1
3454,335,49,1,1
3454,335,50,1,1
3455,335,1,2,1
3455,335,2,2,1
3455,335,3,2,1
3455,335,4,2,1
3455,335,5,2,1
3455,335,6,2,1
3455,335,7,2,1
3455,335,8,2,1
3455,335,9,2,1
3455,335,10,2,1
3455,335,11,2,1
3455,335,12,2,1
3455,335,13,2,1
3455,335,14,2,1
3455,335,15,2,1
3455,335,16,2,1
3455,335,17,2,1
3455,335,18,2,1
3455,335,19,2,1
3455,335,20,2,1
3455,335,21,2,1
3455,335,22,2,1
3455,335,23,2,1
3455,335,24,2,1
3455,335,25,2,1
3455,335,26,2,1
3455,335,27,2,1
3455,335,28,2,1
3455,335,29,2,1
3455,335,30,2,1
3455,335,31,2,1
3455,335,32,2,1
3455,335,33,2,1
3455,335,34,2,1
3455,335,35,2,1
3455,335,36,2,1
3455,335,37,2,1
3455,335,38,2,1
3455,335,39,2,1
3455,335,40,2,1
3455,335,41,2,1
3455,335,42,2,1
3455,335,43,2,1
3455,335,44,2,1
3455,335,45,2,1
3455,335,46,2,1
3455,335,47,2,1
3455,335,48,2,1
3455,335,49,2,1
3455,335,50,2,1
3455,334,1,1,1
3455,334,2,1,1
3455,334,3,1,1
3455,334,4,1,1
3455,334,5,1,1
3455,334,6,1,1
3455,334,7,1,1
3455,334,8,1,1
3455,334,9,1,1
3455,334,10,1,1
3455,334,11,1,1
3455,334,12,1,1
3455,334,13,1,1
3455,334,14,1,1
3455,334,15,1,1
3455,334,16,1,1
3455,334,17,1,1
3455,334,18,1,1
3455,334,19,1,1
3455,334,20,1,1
3455,334,21,1,1
3455,334,22,1,1
3455,334,23,1,1
3455,334,24,1,1
3455,334,25,1,1
3455,334,26,1,1
3455,334,27,1,1
3455,334,28,1,1
3455,334,29,1,1
3455,334,30,1,1
3455,334,31,1,1
3455,334,32,1,1
3455,334,33,1,1
3455,334,34,1,1
3455,334,35,1,1
3455,334,36,1,1
3455,334,37,1,1
3455,334,38,1,1
3455,334,39,1,1
3455,334,40,1,1
3455,334,41,1,1
3455,334,42,1,1
3455,334,43,1,1
3455,334,44,1,1
3455,334,45,1,1
3455,334,46,1,1
3455,334,47,1,1
3455,334,48,1,1
3455,334,49,1,1
3455,334,50,1,1
3456,334,1,2,1
3456,334,2,2,1
3456,334,3,2,1
3456,334,4,2,1
3456,334,5,2,1
3456,334,6,2,1
3456,334,7,2,1
3456,334,8,2,1
3456,334,9,2,1
3456,334,10,2,1
3456,334,11,2,1
3456,334,12,2,1
3456,334,13,2,1
3456,334,14,2,1
3456,334,15,2,1
3456,334,16,2,1
3456,334,17,2,1
3456,334,18,2,1
3456,334,19,2,1
3456,334,20,2,1
3456,334,21,2,1
3456,334,22,2,1
3456,334,23,2,1
3456,334,24,2,1
3456,334,25,2,1
3456,334,26,2,1
3456,334,27,2,1
3456,334,28,2,1
3456,334,29,2,1
3456,334,30,2,1
3456,334,31,2,1
3456,334,32,2,1
3456,334,33,2,1
3456,334,34,2,1
3456,334,35,2,1
3456,334,36,2,1
3456,334,37,2,1
3456,334,38,2,1
3456,334,39,2,1
3456,334,40,2,1
3456,334,41,2,1
3456,334,42,2,1
3456,334,43,2,1
3456,334,44,2,1
3456,334,45,2,1
3456,334,46,2,1
3456,334,47,2,1
3456,334,48,2,1
3456,334,49,2,1
3456,334,50,2,1
3456,333,1,1,1
3456,333,2,1,1
3456,333,3,1,1
3456,333,4,1,1
3456,333,5,1,1
3456,333,6,1,1
3456,333,7,1,1
3456,333,8,1,1
3456,333,9,1,1
3456,333,10,1,1
3456,333,11,1,1
3456,333,12,1,1
3456,333,13,1,1
3456,333,14,1,1
3456,333,15,1,1
3456,333,16,1,1
3456,333,17,1,1
3456,333,18,1,1
3456,333,19,1,1
3456,333,20,1,1
3456,333,21,1,1
3456,333,22,1,1
3456,333,23,1,1
3456,333,24,1,1
3456,333,25,1,1
3456,333,26,1,1
3456,333,27,1,1
3456,333,28,1,1
3456,333,29,1,1
3456,333,30,1,1
3456,333,31,1,1
3456,333,32,1,1
3456,333,33,1,1
3456,333,34,1,1
3456,333,35,1,1
3456,333,36,1,1
3456,333,37,1,1
3456,333,38,1,1
3456,333,39,1,1
3456,333,40,1,1
3456,333,41,1,1
3456,333,42,1,1
3456,333,43,1,1
3456,333,44,1,1
3456,333,45,1,1
3456,333,46,1,1
3456,333,47,1,1
3456,333,48,1,1
3456,333,49,1,1
3456,333,50,1,1
3457,333,1,2,1
3457,333,2,2,1
3457,333,3,2,1
3457,333,4,2,1
3457,333,5,2,1
3457,333,6,2,1
3457,333,7,2,1
3457,333,8,2,1
3457,333,9,2,1
3457,333,10,2,1
3457,333,11,2,1
3457,333,12,2,1
3457,333,13,2,1
3457,333,14,2,1
3457,333,15,2,1
3457,333,16,2,1
3457,333,17,2,1
3457,333,18,2,1
3457,333,19,2,1
3457,333,20,2,1
3457,333,21,2,1
3457,333,22,2,1
3457,333,23,2,1
3457,333,24,2,1
3457,333,25,2,1
3457,333,26,2,1
3457,333,27,2,1
3457,333,28,2,1
3457,333,29,2,1
3457,333,30,2,1
3457,333,31,2,1
3457,333,32,2,1
3457,333,33,2,1
3457,333,34,2,1
3457,333,35,2,1
3457,333,36,2,1
3457,333,37,2,1
3457,333,38,2,1
3457,333,39,2,1
3457,333,40,2,1
3457,333,41,2,1
3457,333,42,2,1
3457,333,43,2,1
3457,333,44,2,1
3457,333,45,2,1
3457,333,46,2,1
3457,333,47,2,1
3457,333,48,2,1
3457,333,49,2,1
3457,333,50,2,1
3457,332,1,1,1
3457,332,2,1,1
3457,332,3,1,1
3457,332,4,1,1
3457,332,5,1,1
3457,332,6,1,1
3457,332,7,1,1
3457,332,8,1,1
3457,332,9,1,1
3457,332,10,1,1
3457,332,11,1,1
3457,332,12,1,1
3457,332,13,1,1
3457,332,14,1,1
3457,332,15,1,1
3457,332,16,1,1
3457,332,17,1,1
3457,332,18,1,1
3457,332,19,1,1
3457,332,20,1,1
3457,332,21,1,1
3457,332,22,1,1
3457,332,23,1,1
3457,332,24,1,1
3457,332,25,1,1
3457,332,26,1,1
3457,332,27,1,1
3457,332,28,1,1
3457,332,29,1,1
3457,332,30,1,1
3457,332,31,1,1
3457,332,32,1,1
3457,332,33,1,1
3457,332,34,1,1
3457,332,35,1,1
3457,332,36,1,1
3457,332,37,1,1
3457,332,38,1,1
3457,332,39,1,1
3457,332,40,1,1
3457,332,41,1,1
3457,332,42,1,1
3457,332,43,1,1
3457,332,44,1,1
3457,332,45,1,1
3457,332,46,1,1
3457,332,47,1,1
3457,332,48,1,1
3457,332,49,1,1
3457,332,50,1,1
3458,332,1,2,1
3458,332,2,2,1
3458,332,3,2,1
3458,332,4,2,1
3458,332,5,2,1
3458,332,6,2,1
3458,332,7,2,1
3458,332,8,2,1
3458,332,9,2,1
3458,332,10,2,1
3458,332,11,2,1
3458,332,12,2,1
3458,332,13,2,1
3458,332,14,2,1
3458,332,15,2,1
3458,332,16,2,1
3458,332,17,2,1
3458,332,18,2,1
3458,332,19,2,1
3458,332,20,2,1
3458,332,21,2,1
3458,332,22,2,1
3458,332,23,2,1
3458,332,24,2,1
3458,332,25,2,1
3458,332,26,2,1
3458,332,27,2,1
3458,332,28,2,1
3458,332,29,2,1
3458,332,30,2,1
3458,332,31,2,1
3458,332,32,2,1
3458,332,33,2,1
3458,332,34,2,1
3458,332,35,2,1
3458,332,36,2,1
3458,332,37,2,1
3458,332,38,2,1
3458,332,39,2,1
3458,332,40,2,1
3458,332,41,2,1
3458,332,42,2,1
3458,332,43,2,1
3458,332,44,2,1
3458,332,45,2,1
3458,332,46,2,1
3458,332,47,2,1
3458,332,48,2,1
3458,332,49,2,1
3458,332,50,2,1
3458,331,1,1,1
3458,331,2,1,1
3458,331,3,1,1
3458,331,4,1,1
3458,331,5,1,1
3458,331,6,1,1
3458,331,7,1,1
3458,331,8,1,1
3458,331,9,1,1
3458,331,10,1,1
3458,331,11,1,1
3458,331,12,1,1
3458,331,13,1,1
3458,331,14,1,1
3458,331,15,1,1
3458,331,16,1,1
3458,331,17,1,1
3458,331,18,1,1
3458,331,19,1,1
3458,331,20,1,1
3458,331,21,1,1
3458,331,22,1,1
3458,331,23,1,1
3458,331,24,1,1
3458,331,25,1,1
3458,331,26,1,1
3458,331,27,1,1
3458,331,28,1,1
3458,331,29,1,1
3458,331,30,1,1
3458,331,31,1,1
3458,331,32,1,1
3458,331,33,1,1
3458,331,34,1,1
3458,331,35,1,1
3458,331,36,1,1
3458,331,37,1,1
3458,331,38,1,1
3458,331,39,1,1
3458,331,40,1,1
3458,331,41,1,1
3458,331,42,1,1
3458,331,43,1,1
3458,331,44,1,1
3458,331,45,1,1
3458,331,46,1,1
3458,331,47,1,1
3458,331,48,1,1
3458,331,49,1,1
3458,331,50,1,1
3459,331,1,2,1
3459,331,2,2,1
3459,331,3,2,1
3459,331,4,2,1
3459,331,5,2,1
3459,331,6,2,1
3459,331,7,2,1
3459,331,8,2,1
3459,331,9,2,1
3459,331,10,2,1
3459,331,11,2,1
3459,331,12,2,1
3459,331,13,2,1
3459,331,14,2,1
3459,331,15,2,1
3459,331,16,2,1
3459,331,17,2,1
3459,331,18,2,1
3459,331,19,2,1
3459,331,20,2,1
3459,331,21,2,1
3459,331,22,2,1
3459,331,23,2,1
3459,331,24,2,1
3459,331,25,2,1
3459,331,26,2,1
3459,331,27,2,1
3459,331,28,2,1
3459,331,29,2,1
3459,331,30,2,1
3459,331,31,2,1
3459,331,32,2,1
3459,331,33,2,1
3459,331,34,2,1
3459,331,35,2,1
3459,331,36,2,1
3459,331,37,2,1
3459,331,38,2,1
3459,331,39,2,1
3459,331,40,2,1
3459,331,41,2,1
3459,331,42,2,1
3459,331,43,2,1
3459,331,44,2,1
3459,331,45,2,1
3459,331,46,2,1
3459,331,47,2,1
3459,331,48,2,1
3459,331,49,2,1
3459,331,50,2,1
3459,330,1,1,1
3459,330,2,1,1
3459,330,3,1,1
3459,330,4,1,1
3459,330,5,1,1
3459,330,6,1,1
3459,330,7,1,1
3459,330,8,1,1
3459,330,9,1,1
3459,330,10,1,1
3459,330,11,1,1
3459,330,12,1,1
3459,330,13,1,1
3459,330,14,1,1
3459,330,15,1,1
3459,330,16,1,1
3459,330,17,1,1
3459,330,18,1,1
3459,330,19,1,1
3459,330,20,1,1
3459,330,21,1,1
3459,330,22,1,1
3459,330,23,1,1
3459,330,24,1,1
3459,330,25,1,1
3459,330,26,1,1
3459,330,27,1,1
3459,330,28,1,1
3459,330,29,1,1
3459,330,30,1,1
3459,330,31,1,1
3459,330,32,1,1
3459,330,33,1,1
3459,330,34,1,1
3459,330,35,1,1
3459,330,36,1,1
3459,330,37,1,1
3459,330,38,1,1
3459,330,39,1,1
3459,330,40,1,1
3459,330,41,1,1
3459,330,42,1,1
3459,330,43,1,1
3459,330,44,1,1
3459,330,45,1,1
3459,330,46,1,1
3459,330,47,1,1
3459,330,48,1,1
3459,330,49,1,1
3459,330,50,1,1
3460,330,1,2,1
3460,330,2,2,1
3460,330,3,2,1
3460,330,4,2,1
3460,330,5,2,1
3460,330,6,2,1
3460,330,7,2,1
3460,330,8,2,1
3460,330,9,2,1
3460,330,10,2,1
3460,330,11,2,1
3460,330,12,2,1
3460,330,13,2,1
3460,330,14,2,1
3460,330,15,2,1
3460,330,16,2,1
3460,330,17,2,1
3460,330,18,2,1
3460,330,19,2,1
3460,330,20,2,1
3460,330,21,2,1
3460,330,22,2,1
3460,330,23,2,1
3460,330,24,2,1
3460,330,25,2,1
3460,330,26,2,1
3460,330,27,2,1
3460,330,28,2,1
3460,330,29,2,1
3460,330,30,2,1
3460,330,31,2,1
3460,330,32,2,1
3460,330,33,2,1
3460,330,34,2,1
3460,330,35,2,1
3460,330,36,2,1
3460,330,37,2,1
3460,330,38,2,1
3460,330,39,2,1
3460,330,40,2,1
3460,330,41,2,1
3460,330,42,2,1
3460,330,43,2,1
3460,330,44,2,1
3460,330,45,2,1
3460,330,46,2,1
3460,330,47,2,1
3460,330,48,2,1
3460,330,49,2,1
3460,330,50,2,1
3460,329,1,1,1
3460,329,2,1,1
3460,329,3,1,1
3460,329,4,1,1
3460,329,5,1,1
3460,329,6,1,1
3460,329,7,1,1
3460,329,8,1,1
3460,329,9,1,1
3460,329,10,1,1
3460,329,11,1,1
3460,329,12,1,1
3460,329,13,1,1
3460,329,14,1,1
3460,329,15,1,1
3460,329,16,1,1
3460,329,17,1,1
3460,329,18,1,1
3460,329,19,1,1
3460,329,20,1,1
3460,329,21,1,1
3460,329,22,1,1
3460,329,23,1,1
3460,329,24,1,1
3460,329,25,1,1
3460,329,26,1,1
3460,329,27,1,1
3460,329,28,1,1
3460,329,29,1,1
3460,329,30,1,1
3460,329,31,1,1
3460,329,32,1,1
3460,329,33,1,1
3460,329,34,1,1
3460,329,35,1,1
3460,329,36,1,1
3460,329,37,1,1
3460,329,38,1,1
3460,329,39,1,1
3460,329,40,1,1
3460,329,41,1,1
3460,329,42,1,1
3460,329,43,1,1
3460,329,44,1,1
3460,329,45,1,1
3460,329,46,1,1
3460,329,47,1,1
3460,329,48,1,1
3460,329,49,1,1
3460,329,50,1,1
3461,329,1,2,1
3461,329,2,2,1
3461,329,3,2,1
3461,329,4,2,1
3461,329,5,2,1
3461,329,6,2,1
3461,329,7,2,1
3461,329,8,2,1
3461,329,9,2,1
3461,329,10,2,1
3461,329,11,2,1
3461,329,12,2,1
3461,329,13,2,1
3461,329,14,2,1
3461,329,15,2,1
3461,329,16,2,1
3461,329,17,2,1
3461,329,18,2,1
3461,329,19,2,1
3461,329,20,2,1
3461,329,21,2,1
3461,329,22,2,1
3461,329,23,2,1
3461,329,24,2,1
3461,329,25,2,1
3461,329,26,2,1
3461,329,27,2,1
3461,329,28,2,1
3461,329,29,2,1
3461,329,30,2,1
3461,329,31,2,1
3461,329,32,2,1
3461,329,33,2,1
3461,329,34,2,1
3461,329,35,2,1
3461,329,36,2,1
3461,329,37,2,1
3461,329,38,2,1
3461,329,39,2,1
3461,329,40,2,1
3461,329,41,2,1
3461,329,42,2,1
3461,329,43,2,1
3461,329,44,2,1
3461,329,45,2,1
3461,329,46,2,1
3461,329,47,2,1
3461,329,48,2,1
3461,329,49,2,1
3461,329,50,2,1
3461,328,1,1,1
3461,328,2,1,1
3461,328,3,1,1
3461,328,4,1,1
3461,328,5,1,1
3461,328,6,1,1
3461,328,7,1,1
3461,328,8,1,1
3461,328,9,1,1
3461,328,10,1,1
3461,328,11,1,1
3461,328,12,1,1
3461,328,13,1,1
3461,328,14,1,1
3461,328,15,1,1
3461,328,16,1,1
3461,328,17,1,1
3461,328,18,1,1
3461,328,19,1,1
3461,328,20,1,1
3461,328,21,1,1
3461,328,22,1,1
3461,328,23,1,1
3461,328,24,1,1
3461,328,25,1,1
3461,328,26,1,1
3461,328,27,1,1
3461,328,28,1,1
3461,328,29,1,1
3461,328,30,1,1
3461,328,31,1,1
3461,328,32,1,1
3461,328,33,1,1
3461,328,34,1,1
3461,328,35,1,1
3461,328,36,1,1
3461,328,37,1,1
3461,328,38,1,1
3461,328,39,1,1
3461,328,40,1,1
3461,328,41,1,1
3461,328,42,1,1
3461,328,43,1,1
3461,328,44,1,1
3461,328,45,1,1
3461,328,46,1,1
3461,328,47,1,1
3461,328,48,1,1
3461,328,49,1,1
3461,328,50,1,1
3462,327,1,1,1
3462,327,2,1,1
3462,327,3,1,1
3462,327,4,1,1
3462,327,5,1,1
3462,327,6,1,1
3462,327,7,1,1
3462,327,8,1,1
3462,327,9,1,1
3462,327,10,1,1
3462,327,11,1,1
3462,327,12,1,1
3462,327,13,1,1
3462,327,14,1,1
3462,327,15,1,1
3462,327,16,1,1
3462,327,17,1,1
3462,327,18,1,1
3462,327,19,1,1
3462,327,20,1,1
3462,327,21,1,1
3462,327,22,1,1
3462,327,23,1,1
3462,327,24,1,1
3462,327,25,1,1
3462,327,26,1,1
3462,327,27,1,1
3462,327,28,1,1
3462,327,29,1,1
3462,327,30,1,1
3462,327,31,1,1
3462,327,32,1,1
3462,327,33,1,1
3462,327,34,1,1
3462,327,35,1,1
3462,327,36,1,1
3462,327,37,1,1
3462,327,38,1,1
3462,327,39,1,1
3462,327,40,1,1
3462,327,41,1,1
3462,327,42,1,1
3462,327,43,1,1
3462,327,44,1,1
3462,327,45,1,1
3462,327,46,1,1
3462,327,47,1,1
3462,327,48,1,1
3462,327,49,1,1
3462,327,50,1,1
3462,327,1,2,1
3462,327,2,2,1
3462,327,3,2,1
3462,327,4,2,1
3462,327,5,2,1
3462,327,6,2,1
3462,327,7,2,1
3462,327,8,2,1
3462,327,9,2,1
3462,327,10,2,1
3462,327,11,2,1
3462,327,12,2,1
3462,327,13,2,1
3462,327,14,2,1
3462,327,15,2,1
3462,327,16,2,1
3462,327,17,2,1
3462,327,18,2,1
3462,327,19,2,1
3462,327,20,2,1
3462,327,21,2,1
3462,327,22,2,1
3462,327,23,2,1
3462,327,24,2,1
3462,327,25,2,1
3462,327,26,2,1
3462,327,27,2,1
3462,327,28,2,1
3462,327,29,2,1
3462,327,30,2,1
3462,327,31,2,1
3462,327,32,2,1
3462,327,33,2,1
3462,327,34,2,1
3462,327,35,2,1
3462,327,36,2,1
3462,327,37,2,1
3462,327,38,2,1
3462,327,39,2,1
3462,327,40,2,1
3462,327,41,2,1
3462,327,42,2,1
3462,327,43,2,1
3462,327,44,2,1
3462,327,45,2,1
3462,327,46,2,1
3462,327,47,2,1
3462,327,48,2,1
3462,327,49,2,1
3462,327,50,2,1
3463,326,1,1,1
3463,326,2,1,1
3463,326,3,1,1
3463,326,4,1,1
3463,326,5,1,1
3463,326,6,1,1
3463,326,7,1,1
3463,326,8,1,1
3463,326,9,1,1
3463,326,10,1,1
3463,326,11,1,1
3463,326,12,1,1
3463,326,13,1,1
3463,326,14,1,1
3463,326,15,1,1
3463,326,16,1,1
3463,326,17,1,1
3463,326,18,1,1
3463,326,19,1,1
3463,326,20,1,1
3463,326,21,1,1
3463,326,22,1,1
3463,326,23,1,1
3463,326,24,1,1
3463,326,25,1,1
3463,326,26,1,1
3463,326,27,1,1
3463,326,28,1,1
3463,326,29,1,1
3463,326,30,1,1
3463,326,31,1,1
3463,326,32,1,1
3463,326,33,1,1
3463,326,34,1,1
3463,326,35,1,1
3463,326,36,1,1
3463,326,37,1,1
3463,326,38,1,1
3463,326,39,1,1
3463,326,40,1,1
3463,326,41,1,1
3463,326,42,1,1
3463,326,43,1,1
3463,326,44,1,1
3463,326,45,1,1
3463,326,46,1,1
3463,326,47,1,1
3463,326,48,1,1
3463,326,49,1,1
3463,326,50,1,1
3463,326,1,2,1
3463,326,2,2,1
3463,326,3,2,1
3463,326,4,2,1
3463,326,5,2,1
3463,326,6,2,1
3463,326,7,2,1
3463,326,8,2,1
3463,326,9,2,1
3463,326,10,2,1
3463,326,11,2,1
3463,326,12,2,1
3463,326,13,2,1
3463,326,14,2,1
3463,326,15,2,1
3463,326,16,2,1
3463,326,17,2,1
3463,326,18,2,1
3463,326,19,2,1
3463,326,20,2,1
3463,326,21,2,1
3463,326,22,2,1
3463,326,23,2,1
3463,326,24,2,1
3463,326,25,2,1
3463,326,26,2,1
3463,326,27,2,1
3463,326,28,2,1
3463,326,29,2,1
3463,326,30,2,1
3463,326,31,2,1
3463,326,32,2,1
3463,326,33,2,1
3463,326,34,2,1
3463,326,35,2,1
3463,326,36,2,1
3463,326,37,2,1
3463,326,38,2,1
3463,326,39,2,1
3463,326,40,2,1
3463,326,41,2,1
3463,326,42,2,1
3463,326,43,2,1
3463,326,44,2,1
3463,326,45,2,1
3463,326,46,2,1
3463,326,47,2,1
3463,326,48,2,1
3463,326,49,2,1
3463,326,50,2,1
3464,325,1,1,1
3464,325,2,1,1
3464,325,3,1,1
3464,325,4,1,1
3464,325,5,1,1
3464,325,6,1,1
3464,325,7,1,1
3464,325,8,1,1
3464,325,9,1,1
3464,325,10,1,1
3464,325,11,1,1
3464,325,12,1,1
3464,325,13,1,1
3464,325,14,1,1
3464,325,15,1,1
3464,325,16,1,1
3464,325,17,1,1
3464,325,18,1,1
3464,325,19,1,1
3464,325,20,1,1
3464,325,21,1,1
3464,325,22,1,1
3464,325,23,1,1
3464,325,24,1,1
3464,325,25,1,1
3464,325,26,1,1
3464,325,27,1,1
3464,325,28,1,1
3464,325,29,1,1
3464,325,30,1,1
3464,325,31,1,1
3464,325,32,1,1
3464,325,33,1,1
3464,325,34,1,1
3464,325,35,1,1
3464,325,36,1,1
3464,325,37,1,1
3464,325,38,1,1
3464,325,39,1,1
3464,325,40,1,1
3464,325,41,1,1
3464,325,42,1,1
3464,325,43,1,1
3464,325,44,1,1
3464,325,45,1,1
3464,325,46,1,1
3464,325,47,1,1
3464,325,48,1,1
3464,325,49,1,1
3464,325,50,1,1
3464,325,1,2,1
3464,325,2,2,1
3464,325,3,2,1
3464,325,4,2,1
3464,325,5,2,1
3464,325,6,2,1
3464,325,7,2,1
3464,325,8,2,1
3464,325,9,2,1
3464,325,10,2,1
3464,325,11,2,1
3464,325,12,2,1
3464,325,13,2,1
3464,325,14,2,1
3464,325,15,2,1
3464,325,16,2,1
3464,325,17,2,1
3464,325,18,2,1
3464,325,19,2,1
3464,325,20,2,1
3464,325,21,2,1
3464,325,22,2,1
3464,325,23,2,1
3464,325,24,2,1
3464,325,25,2,1
3464,325,26,2,1
3464,325,27,2,1
3464,325,28,2,1
3464,325,29,2,1
3464,325,30,2,1
3464,325,31,2,1
3464,325,32,2,1
3464,325,33,2,1
3464,325,34,2,1
3464,325,35,2,1
3464,325,36,2,1
3464,325,37,2,1
3464,325,38,2,1
3464,325,39,2,1
3464,325,40,2,1
3464,325,41,2,1
3464,325,42,2,1
3464,325,43,2,1
3464,325,44,2,1
3464,325,45,2,1
3464,325,46,2,1
3464,325,47,2,1
3464,325,48,2,1
3464,325,49,2,1
3464,325,50,2,1
3465,324,1,1,1
3465,324,2,1,1
3465,324,3,1,1
3465,324,4,1,1
3465,324,5,1,1
3465,324,6,1,1
3465,324,7,1,1
3465,324,8,1,1
3465,324,9,1,1
3465,324,10,1,1
3465,324,11,1,1
3465,324,12,1,1
3465,324,13,1,1
3465,324,14,1,1
3465,324,15,1,1
3465,324,16,1,1
3465,324,17,1,1
3465,324,18,1,1
3465,324,19,1,1
3465,324,20,1,1
3465,324,21,1,1
3465,324,22,1,1
3465,324,23,1,1
3465,324,24,1,1
3465,324,25,1,1
3465,324,26,1,1
3465,324,27,1,1
3465,324,28,1,1
3465,324,29,1,1
3465,324,30,1,1
3465,324,31,1,1
3465,324,32,1,1
3465,324,33,1,1
3465,324,34,1,1
3465,324,35,1,1
3465,324,36,1,1
3465,324,37,1,1
3465,324,38,1,1
3465,324,39,1,1
3465,324,40,1,1
3465,324,41,1,1
3465,324,42,1,1
3465,324,43,1,1
3465,324,44,1,1
3465,324,45,1,1
3465,324,46,1,1
3465,324,47,1,1
3465,324,48,1,1
3465,324,49,1,1
3465,324,50,1,1
3465,324,1,2,1
3465,324,2,2,1
3465,324,3,2,1
3465,324,4,2,1
3465,324,5,2,1
3465,324,6,2,1
3465,324,7,2,1
3465,324,8,2,1
3465,324,9,2,1
3465,324,10,2,1
3465,324,11,2,1
3465,324,12,2,1
3465,324,13,2,1
3465,324,14,2,1
3465,324,15,2,1
3465,324,16,2,1
3465,324,17,2,1
3465,324,18,2,1
3465,324,19,2,1
3465,324,20,2,1
3465,324,21,2,1
3465,324,22,2,1
3465,324,23,2,1
3465,324,24,2,1
3465,324,25,2,1
3465,324,26,2,1
3465,324,27,2,1
3465,324,28,2,1
3465,324,29,2,1
3465,324,30,2,1
3465,324,31,2,1
3465,324,32,2,1
3465,324,33,2,1
3465,324,34,2,1
3465,324,35,2,1
3465,324,36,2,1
3465,324,37,2,1
3465,324,38,2,1
3465,324,39,2,1
3465,324,40,2,1
3465,324,41,2,1
3465,324,42,2,1
3465,324,43,2,1
3465,324,44,2,1
3465,324,45,2,1
3465,324,46,2,1
3465,324,47,2,1
3465,324,48,2,1
3465,324,49,2,1
3465,324,50,2,1
3466,323,1,1,1
3466,323,2,1,1
3466,323,3,1,1
3466,323,4,1,1
3466,323,5,1,1
3466,323,6,1,1
3466,323,7,1,1
3466,323,8,1,1
3466,323,9,1,1
3466,323,10,1,1
3466,323,11,1,1
3466,323,12,1,1
3466,323,13,1,1
3466,323,14,1,1
3466,323,15,1,1
3466,323,16,1,1
3466,323,17,1,1
3466,323,18,1,1
3466,323,19,1,1
3466,323,20,1,1
3466,323,21,1,1
3466,323,22,1,1
3466,323,23,1,1
3466,323,24,1,1
3466,323,25,1,1
3466,323,26,1,1
3466,323,27,1,1
3466,323,28,1,1
3466,323,29,1,1
3466,323,30,1,1
3466,323,31,1,1
3466,323,32,1,1
3466,323,33,1,1
3466,323,34,1,1
3466,323,35,1,1
3466,323,36,1,1
3466,323,37,1,1
3466,323,38,1,1
3466,323,39,1,1
3466,323,40,1,1
3466,323,41,1,1
3466,323,42,1,1
3466,323,43,1,1
3466,323,44,1,1
3466,323,45,1,1
3466,323,46,1,1
3466,323,47,1,1
3466,323,48,1,1
3466,323,49,1,1
3466,323,50,1,1
3466,323,1,2,1
3466,323,2,2,1
3466,323,3,2,1
3466,323,4,2,1
3466,323,5,2,1
3466,323,6,2,1
3466,323,7,2,1
3466,323,8,2,1
3466,323,9,2,1
3466,323,10,2,1
3466,323,11,2,1
3466,323,12,2,1
3466,323,13,2,1
3466,323,14,2,1
3466,323,15,2,1
3466,323,16,2,1
3466,323,17,2,1
3466,323,18,2,1
3466,323,19,2,1
3466,323,20,2,1
3466,323,21,2,1
3466,323,22,2,1
3466,323,23,2,1
3466,323,24,2,1
3466,323,25,2,1
3466,323,26,2,1
3466,323,27,2,1
3466,323,28,2,1
3466,323,29,2,1
3466,323,30,2,1
3466,323,31,2,1
3466,323,32,2,1
3466,323,33,2,1
3466,323,34,2,1
3466,323,35,2,1
3466,323,36,2,1
3466,323,37,2,1
3466,323,38,2,1
3466,323,39,2,1
3466,323,40,2,1
3466,323,41,2,1
3466,323,42,2,1
3466,323,43,2,1
3466,323,44,2,1
3466,323,45,2,1
3466,323,46,2,1
3466,323,47,2,1
3466,323,48,2,1
3466,323,49,2,1
3466,323,50,2,1
3467,322,1,1,1
3467,322,2,1,1
3467,322,3,1,1
3467,322,4,1,1
3467,322,5,1,1
3467,322,6,1,1
3467,322,7,1,1
3467,322,8,1,1
3467,322,9,1,1
3467,322,10,1,1
3467,322,11,1,1
3467,322,12,1,1
3467,322,13,1,1
3467,322,14,1,1
3467,322,15,1,1
3467,322,16,1,1
3467,322,17,1,1
3467,322,18,1,1
3467,322,19,1,1
3467,322,20,1,1
3467,322,21,1,1
3467,322,22,1,1
3467,322,23,1,1
3467,322,24,1,1
3467,322,25,1,1
3467,322,26,1,1
3467,322,27,1,1
3467,322,28,1,1
3467,322,29,1,1
3467,322,30,1,1
3467,322,31,1,1
3467,322,32,1,1
3467,322,33,1,1
3467,322,34,1,1
3467,322,35,1,1
3467,322,36,1,1
3467,322,37,1,1
3467,322,38,1,1
3467,322,39,1,1
3467,322,40,1,1
3467,322,41,1,1
3467,322,42,1,1
3467,322,43,1,1
3467,322,44,1,1
3467,322,45,1,1
3467,322,46,1,1
3467,322,47,1,1
3467,322,48,1,1
3467,322,49,1,1
3467,322,50,1,1
3467,322,1,2,1
3467,322,2,2,1
3467,322,3,2,1
3467,322,4,2,1
3467,322,5,2,1
3467,322,6,2,1
3467,322,7,2,1
3467,322,8,2,1
3467,322,9,2,1
3467,322,10,2,1
3467,322,11,2,1
3467,322,12,2,1
3467,322,13,2,1
3467,322,14,2,1
3467,322,15,2,1
3467,322,16,2,1
3467,322,17,2,1
3467,322,18,2,1
3467,322,19,2,1
3467,322,20,2,1
3467,322,21,2,1
3467,322,22,2,1
3467,322,23,2,1
3467,322,24,2,1
3467,322,25,2,1
3467,322,26,2,1
3467,322,27,2,1
3467,322,28,2,1
3467,322,29,2,1
3467,322,30,2,1
3467,322,31,2,1
3467,322,32,2,1
3467,322,33,2,1
3467,322,34,2,1
3467,322,35,2,1
3467,322,36,2,1
3467,322,37,2,1
3467,322,38,2,1
3467,322,39,2,1
3467,322,40,2,1
3467,322,41,2,1
3467,322,42,2,1
3467,322,43,2,1
3467,322,44,2,1
3467,322,45,2,1
3467,322,46,2,1
3467,322,47,2,1
3467,322,48,2,1
3467,322,49,2,1
3467,322,50,2,1
3468,321,1,1,1
3468,321,2,1,1
3468,321,3,1,1
3468,321,4,1,1
3468,321,5,1,1
3468,321,6,1,1
3468,321,7,1,1
3468,321,8,1,1
3468,321,9,1,1
3468,321,10,1,1
3468,321,11,1,1
3468,321,12,1,1
3468,321,13,1,1
3468,321,14,1,1
3468,321,15,1,1
3468,321,16,1,1
3468,321,17,1,1
3468,321,18,1,1
3468,321,19,1,1
3468,321,20,1,1
3468,321,21,1,1
3468,321,22,1,1
3468,321,23,1,1
3468,321,24,1,1
3468,321,25,1,1
3468,321,26,1,1
3468,321,27,1,1
3468,321,28,1,1
3468,321,29,1,1
3468,321,30,1,1
3468,321,31,1,1
3468,321,32,1,1
3468,321,33,1,1
3468,321,34,1,1
3468,321,35,1,1
3468,321,36,1,1
3468,321,37,1,1
3468,321,38,1,1
3468,321,39,1,1
3468,321,40,1,1
3468,321,41,1,1
3468,321,42,1,1
3468,321,43,1,1
3468,321,44,1,1
3468,321,45,1,1
3468,321,46,1,1
3468,321,47,1,1
3468,321,48,1,1
3468,321,49,1,1
3468,321,50,1,1
3468,321,1,2,1
3468,321,2,2,1
3468,321,3,2,1
3468,321,4,2,1
3468,321,5,2,1
3468,321,6,2,1
3468,321,7,2,1
3468,321,8,2,1
3468,321,9,2,1
3468,321,10,2,1
3468,321,11,2,1
3468,321,12,2,1
3468,321,13,2,1
3468,321,14,2,1
3468,321,15,2,1
3468,321,16,2,1
3468,321,17,2,1
3468,321,18,2,1
3468,321,19,2,1
3468,321,20,2,1
3468,321,21,2,1
3468,321,22,2,1
3468,321,23,2,1
3468,321,24,2,1
3468,321,25,2,1
3468,321,26,2,1
3468,321,27,2,1
3468,321,28,2,1
3468,321,29,2,1
3468,321,30,2,1
3468,321,31,2,1
3468,321,32,2,1
3468,321,33,2,1
3468,321,34,2,1
3468,321,35,2,1
3468,321,36,2,1
3468,321,37,2,1
3468,321,38,2,1
3468,321,39,2,1
3468,321,40,2,1
3468,321,41,2,1
3468,321,42,2,1
3468,321,43,2,1
3468,321,44,2,1
3468,321,45,2,1
3468,321,46,2,1
3468,321,47,2,1
3468,321,48,2,1
3468,321,49,2,1
3468,321,50,2,1
3469,320,1,1,1
3469,320,2,1,1
3469,320,3,1,1
3469,320,4,1,1
3469,320,5,1,1
3469,320,6,1,1
3469,320,7,1,1
3469,320,8,1,1
3469,320,9,1,1
3469,320,10,1,1
3469,320,11,1,1
3469,320,12,1,1
3469,320,13,1,1
3469,320,14,1,1
3469,320,15,1,1
3469,320,16,1,1
3469,320,17,1,1
3469,320,18,1,1
3469,320,19,1,1
3469,320,20,1,1
3469,320,21,1,1
3469,320,22,1,1
3469,320,23,1,1
3469,320,24,1,1
3469,320,25,1,1
3469,320,26,1,1
3469,320,27,1,1
3469,320,28,1,1
3469,320,29,1,1
3469,320,30,1,1
3469,320,31,1,1
3469,320,32,1,1
3469,320,33,1,1
3469,320,34,1,1
3469,320,35,1,1
3469,320,36,1,1
3469,320,37,1,1
3469,320,38,1,1
3469,320,39,1,1
3469,320,40,1,1
3469,320,41,1,1
3469,320,42,1,1
3469,320,43,1,1
3469,320,44,1,1
3469,320,45,1,1
3469,320,46,1,1
3469,320,47,1,1
3469,320,48,1,1
3469,320,49,1,1
3469,320,50,1,1
3469,320,1,2,1
3469,320,2,2,1
3469,320,3,2,1
3469,320,4,2,1
3469,320,5,2,1
3469,320,6,2,1
3469,320,7,2,1
3469,320,8,2,1
3469,320,9,2,1
3469,320,10,2,1
3469,320,11,2,1
3469,320,12,2,1
3469,320,13,2,1
3469,320,14,2,1
3469,320,15,2,1
3469,320,16,2,1
3469,320,17,2,1
3469,320,18,2,1
3469,320,19,2,1
3469,320,20,2,1
3469,320,21,2,1
3469,320,22,2,1
3469,320,23,2,1
3469,320,24,2,1
3469,320,25,2,1
3469,320,26,2,1
3469,320,27,2,1
3469,320,28,2,1
3469,320,29,2,1
3469,320,30,2,1
3469,320,31,2,1
3469,320,32,2,1
3469,320,33,2,1
3469,320,34,2,1
3469,320,35,2,1
3469,320,36,2,1
3469,320,37,2,1
3469,320,38,2,1
3469,320,39,2,1
3469,320,40,2,1
3469,320,41,2,1
3469,320,42,2,1
3469,320,43,2,1
3469,320,44,2,1
3469,320,45,2,1
3469,320,46,2,1
3469,320,47,2,1
3469,320,48,2,1
3469,320,49,2,1
3469,320,50,2,1
3470,319,1,1,1
3470,319,2,1,1
3470,319,3,1,1
3470,319,4,1,1
3470,319,5,1,1
3470,319,6,1,1
3470,319,7,1,1
3470,319,8,1,1
3470,319,9,1,1
3470,319,10,1,1
3470,319,11,1,1
3470,319,12,1,1
3470,319,13,1,1
3470,319,14,1,1
3470,319,15,1,1
3470,319,16,1,1
3470,319,17,1,1
3470,319,18,1,1
3470,319,19,1,1
3470,319,20,1,1
3470,319,21,1,1
3470,319,22,1,1
3470,319,23,1,1
3470,319,24,1,1
3470,319,25,1,1
3470,319,26,1,1
3470,319,27,1,1
3470,319,28,1,1
3470,319,29,1,1
3470,319,30,1,1
3470,319,31,1,1
3470,319,32,1,1
3470,319,33,1,1
3470,319,34,1,1
3470,319,35,1,1
3470,319,36,1,1
3470,319,37,1,1
3470,319,38,1,1
3470,319,39,1,1
3470,319,40,1,1
3470,319,41,1,1
3470,319,42,1,1
3470,319,43,1,1
3470,319,44,1,1
3470,319,45,1,1
3470,319,46,1,1
3470,319,47,1,1
3470,319,48,1,1
3470,319,49,1,1
3470,319,50,1,1
3470,319,1,2,1
3470,319,2,2,1
3470,319,3,2,1
3470,319,4,2,1
3470,319,5,2,1
3470,319,6,2,1
3470,319,7,2,1
3470,319,8,2,1
3470,319,9,2,1
3470,319,10,2,1
3470,319,11,2,1
3470,319,12,2,1
3470,319,13,2,1
3470,319,14,2,1
3470,319,15,2,1
3470,319,16,2,1
3470,319,17,2,1
3470,319,18,2,1
3470,319,19,2,1
3470,319,20,2,1
3470,319,21,2,1
3470,319,22,2,1
3470,319,23,2,1
3470,319,24,2,1
3470,319,25,2,1
3470,319,26,2,1
3470,319,27,2,1
3470,319,28,2,1
3470,319,29,2,1
3470,319,30,2,1
3470,319,31,2,1
3470,319,32,2,1
3470,319,33,2,1
3470,319,34,2,1
3470,319,35,2,1
3470,319,36,2,1
3470,319,37,2,1
3470,319,38,2,1
3470,319,39,2,1
3470,319,40,2,1
3470,319,41,2,1
3470,319,42,2,1
3470,319,43,2,1
3470,319,44,2,1
3470,319,45,2,1
3470,319,46,2,1
3470,319,47,2,1
3470,319,48,2,1
3470,319,49,2,1
3470,319,50,2,1
3471,318,1,1,1
3471,318,2,1,1
3471,318,3,1,1
3471,318,4,1,1
3471,318,5,1,1
3471,318,6,1,1
3471,318,7,1,1
3471,318,8,1,1
3471,318,9,1,1
3471,318,10,1,1
3471,318,11,1,1
3471,318,12,1,1
3471,318,13,1,1
3471,318,14,1,1
3471,318,15,1,1
3471,318,16,1,1
3471,318,17,1,1
3471,318,18,1,1
3471,318,19,1,1
3471,318,20,1,1
3471,318,21,1,1
3471,318,22,1,1
3471,318,23,1,1
3471,318,24,1,1
3471,318,25,1,1
3471,318,26,1,1
3471,318,27,1,1
3471,318,28,1,1
3471,318,29,1,1
3471,318,30,1,1
3471,318,31,1,1
3471,318,32,1,1
3471,318,33,1,1
3471,318,34,1,1
3471,318,35,1,1
3471,318,36,1,1
3471,318,37,1,1
3471,318,38,1,1
3471,318,39,1,1
3471,318,40,1,1
3471,318,41,1,1
3471,318,42,1,1
3471,318,43,1,1
3471,318,44,1,1
3471,318,45,1,1
3471,318,46,1,1
3471,318,47,1,1
3471,318,48,1,1
3471,318,49,1,1
3471,318,50,1,1
3471,318,1,2,1
3471,318,2,2,1
3471,318,3,2,1
3471,318,4,2,1
3471,318,5,2,1
3471,318,6,2,1
3471,318,7,2,1
3471,318,8,2,1
3471,318,9,2,1
3471,318,10,2,1
3471,318,11,2,1
3471,318,12,2,1
3471,318,13,2,1
3471,318,14,2,1
3471,318,15,2,1
3471,318,16,2,1
3471,318,17,2,1
3471,318,18,2,1
3471,318,19,2,1
3471,318,20,2,1
3471,318,21,2,1
3471,318,22,2,1
3471,318,23,2,1
3471,318,24,2,1
3471,318,25,2,1
3471,318,26,2,1
3471,318,27,2,1
3471,318,28,2,1
3471,318,29,2,1
3471,318,30,2,1
3471,318,31,2,1
3471,318,32,2,1
3471,318,33,2,1
3471,318,34,2,1
3471,318,35,2,1
3471,318,36,2,1
3471,318,37,2,1
3471,318,38,2,1
3471,318,39,2,1
3471,318,40,2,1
3471,318,41,2,1
3471,318,42,2,1
3471,318,43,2,1
3471,318,44,2,1
3471,318,45,2,1
3471,318,46,2,1
3471,318,47,2,1
3471,318,48,2,1
3471,318,49,2,1
3471,318,50,2,1
3472,317,1,1,1
3472,317,2,1,1
3472,317,3,1,1
3472,317,4,1,1
3472,317,5,1,1
3472,317,6,1,1
3472,317,7,1,1
3472,317,8,1,1
3472,317,9,1,1
3472,317,10,1,1
3472,317,11,1,1
3472,317,12,1,1
3472,317,13,1,1
3472,317,14,1,1
3472,317,15,1,1
3472,317,16,1,1
3472,317,17,1,1
3472,317,18,1,1
3472,317,19,1,1
3472,317,20,1,1
3472,317,21,1,1
3472,317,22,1,1
3472,317,23,1,1
3472,317,24,1,1
3472,317,25,1,1
3472,317,26,1,1
3472,317,27,1,1
3472,317,28,1,1
3472,317,29,1,1
3472,317,30,1,1
3472,317,31,1,1
3472,317,32,1,1
3472,317,33,1,1
3472,317,34,1,1
3472,317,35,1,1
3472,317,36,1,1
3472,317,37,1,1
3472,317,38,1,1
3472,317,39,1,1
3472,317,40,1,1
3472,317,41,1,1
3472,317,42,1,1
3472,317,43,1,1
3472,317,44,1,1
3472,317,45,1,1
3472,317,46,1,1
3472,317,47,1,1
3472,317,48,1,1
3472,317,49,1,1
3472,317,50,1,1
3472,317,1,2,1
3472,317,2,2,1
3472,317,3,2,1
3472,317,4,2,1
3472,317,5,2,1
3472,317,6,2,1
3472,317,7,2,1
3472,317,8,2,1
3472,317,9,2,1
3472,317,10,2,1
3472,317,11,2,1
3472,317,12,2,1
3472,317,13,2,1
3472,317,14,2,1
3472,317,15,2,1
3472,317,16,2,1
3472,317,17,2,1
3472,317,18,2,1
3472,317,19,2,1
3472,317,20,2,1
3472,317,21,2,1
3472,317,22,2,1
3472,317,23,2,1
3472,317,24,2,1
3472,317,25,2,1
3472,317,26,2,1
3472,317,27,2,1
3472,317,28,2,1
3472,317,29,2,1
3472,317,30,2,1
3472,317,31,2,1
3472,317,32,2,1
3472,317,33,2,1
3472,317,34,2,1
3472,317,35,2,1
3472,317,36,2,1
3472,317,37,2,1
3472,317,38,2,1
3472,317,39,2,1
3472,317,40,2,1
3472,317,41,2,1
3472,317,42,2,1
3472,317,43,2,1
3472,317,44,2,1
3472,317,45,2,1
3472,317,46,2,1
3472,317,47,2,1
3472,317,48,2,1
3472,317,49,2,1
3472,317,50,2,1
3473,316,1,1,1
3473,316,2,1,1
3473,316,3,1,1
3473,316,4,1,1
3473,316,5,1,1
3473,316,6,1,1
3473,316,7,1,1
3473,316,8,1,1
3473,316,9,1,1
3473,316,10,1,1
3473,316,11,1,1
3473,316,12,1,1
3473,316,13,1,1
3473,316,14,1,1
3473,316,15,1,1
3473,316,16,1,1
3473,316,17,1,1
3473,316,18,1,1
3473,316,19,1,1
3473,316,20,1,1
3473,316,21,1,1
3473,316,22,1,1
3473,316,23,1,1
3473,316,24,1,1
3473,316,25,1,1
3473,316,26,1,1
3473,316,27,1,1
3473,316,28,1,1
3473,316,29,1,1
3473,316,30,1,1
3473,316,31,1,1
3473,316,32,1,1
3473,316,33,1,1
3473,316,34,1,1
3473,316,35,1,1
3473,316,36,1,1
3473,316,37,1,1
3473,316,38,1,1
3473,316,39,1,1
3473,316,40,1,1
3473,316,41,1,1
3473,316,42,1,1
3473,316,43,1,1
3473,316,44,1,1
3473,316,45,1,1
3473,316,46,1,1
3473,316,47,1,1
3473,316,48,1,1
3473,316,49,1,1
3473,316,50,1,1
3473,316,1,2,1
3473,316,2,2,1
3473,316,3,2,1
3473,316,4,2,1
3473,316,5,2,1
3473,316,6,2,1
3473,316,7,2,1
3473,316,8,2,1
3473,316,9,2,1
3473,316,10,2,1
3473,316,11,2,1
3473,316,12,2,1
3473,316,13,2,1
3473,316,14,2,1
3473,316,15,2,1
3473,316,16,2,1
3473,316,17,2,1
3473,316,18,2,1
3473,316,19,2,1
3473,316,20,2,1
3473,316,21,2,1
3473,316,22,2,1
3473,316,23,2,1
3473,316,24,2,1
3473,316,25,2,1
3473,316,26,2,1
3473,316,27,2,1
3473,316,28,2,1
3473,316,29,2,1
3473,316,30,2,1
3473,316,31,2,1
3473,316,32,2,1
3473,316,33,2,1
3473,316,34,2,1
3473,316,35,2,1
3473,316,36,2,1
3473,316,37,2,1
3473,316,38,2,1
3473,316,39,2,1
3473,316,40,2,1
3473,316,41,2,1
3473,316,42,2,1
3473,316,43,2,1
3473,316,44,2,1
3473,316,45,2,1
3473,316,46,2,1
3473,316,47,2,1
3473,316,48,2,1
3473,316,49,2,1
3473,316,50,2,1
3474,315,1,1,1
3474,315,2,1,1
3474,315,3,1,1
3474,315,4,1,1
3474,315,5,1,1
3474,315,6,1,1
3474,315,7,1,1
3474,315,8,1,1
3474,315,9,1,1
3474,315,10,1,1
3474,315,11,1,1
3474,315,12,1,1
3474,315,13,1,1
3474,315,14,1,1
3474,315,15,1,1
3474,315,16,1,1
3474,315,17,1,1
3474,315,18,1,1
3474,315,19,1,1
3474,315,20,1,1
3474,315,21,1,1
3474,315,22,1,1
3474,315,23,1,1
3474,315,24,1,1
3474,315,25,1,1
3474,315,26,1,1
3474,315,27,1,1
3474,315,28,1,1
3474,315,29,1,1
3474,315,30,1,1
3474,315,31,1,1
3474,315,32,1,1
3474,315,33,1,1
3474,315,34,1,1
3474,315,35,1,1
3474,315,36,1,1
3474,315,37,1,1
3474,315,38,1,1
3474,315,39,1,1
3474,315,40,1,1
3474,315,41,1,1
3474,315,42,1,1
3474,315,43,1,1
3474,315,44,1,1
3474,315,45,1,1
3474,315,46,1,1
3474,315,47,1,1
3474,315,48,1,1
3474,315,49,1,1
3474,315,50,1,1
3474,315,1,2,1
3474,315,2,2,1
3474,315,3,2,1
3474,315,4,2,1
3474,315,5,2,1
3474,315,6,2,1
3474,315,7,2,1
3474,315,8,2,1
3474,315,9,2,1
3474,315,10,2,1
3474,315,11,2,1
3474,315,12,2,1
3474,315,13,2,1
3474,315,14,2,1
3474,315,15,2,1
3474,315,16,2,1
3474,315,17,2,1
3474,315,18,2,1
3474,315,19,2,1
3474,315,20,2,1
3474,315,21,2,1
3474,315,22,2,1
3474,315,23,2,1
3474,315,24,2,1
3474,315,25,2,1
3474,315,26,2,1
3474,315,27,2,1
3474,315,28,2,1
3474,315,29,2,1
3474,315,30,2,1
3474,315,31,2,1
3474,315,32,2,1
3474,315,33,2,1
3474,315,34,2,1
3474,315,35,2,1
3474,315,36,2,1
3474,315,37,2,1
3474,315,38,2,1
3474,315,39,2,1
3474,315,40,2,1
3474,315,41,2,1
3474,315,42,2,1
3474,315,43,2,1
3474,315,44,2,1
3474,315,45,2,1
3474,315,46,2,1
3474,315,47,2,1
3474,315,48,2,1
3474,315,49,2,1
3474,315,50,2,1
3475,314,1,1,1
3475,314,2,1,1
3475,314,3,1,1
3475,314,4,1,1
3475,314,5,1,1
3475,314,6,1,1
3475,314,7,1,1
3475,314,8,1,1
3475,314,9,1,1
3475,314,10,1,1
3475,314,11,1,1
3475,314,12,1,1
3475,314,13,1,1
3475,314,14,1,1
3475,314,15,1,1
3475,314,16,1,1
3475,314,17,1,1
3475,314,18,1,1
3475,314,19,1,1
3475,314,20,1,1
3475,314,21,1,1
3475,314,22,1,1
3475,314,23,1,1
3475,314,24,1,1
3475,314,25,1,1
3475,314,26,1,1
3475,314,27,1,1
3475,314,28,1,1
3475,314,29,1,1
3475,314,30,1,1
3475,314,31,1,1
3475,314,32,1,1
3475,314,33,1,1
3475,314,34,1,1
3475,314,35,1,1
3475,314,36,1,1
3475,314,37,1,1
3475,314,38,1,1
3475,314,39,1,1
3475,314,40,1,1
3475,314,41,1,1
3475,314,42,1,1
3475,314,43,1,1
3475,314,44,1,1
3475,314,45,1,1
3475,314,46,1,1
3475,314,47,1,1
3475,314,48,1,1
3475,314,49,1,1
3475,314,50,1,1
3475,314,1,2,1
3475,314,2,2,1
3475,314,3,2,1
3475,314,4,2,1
3475,314,5,2,1
3475,314,6,2,1
3475,314,7,2,1
3475,314,8,2,1
3475,314,9,2,1
3475,314,10,2,1
3475,314,11,2,1
3475,314,12,2,1
3475,314,13,2,1
3475,314,14,2,1
3475,314,15,2,1
3475,314,16,2,1
3475,314,17,2,1
3475,314,18,2,1
3475,314,19,2,1
3475,314,20,2,1
3475,314,21,2,1
3475,314,22,2,1
3475,314,23,2,1
3475,314,24,2,1
3475,314,25,2,1
3475,314,26,2,1
3475,314,27,2,1
3475,314,28,2,1
3475,314,29,2,1
3475,314,30,2,1
3475,314,31,2,1
3475,314,32,2,1
3475,314,33,2,1
3475,314,34,2,1
3475,314,35,2,1
3475,314,36,2,1
3475,314,37,2,1
3475,314,38,2,1
3475,314,39,2,1
3475,314,40,2,1
3475,314,41,2,1
3475,314,42,2,1
3475,314,43,2,1
3475,314,44,2,1
3475,314,45,2,1
3475,314,46,2,1
3475,314,47,2,1
3475,314,48,2,1
3475,314,49,2,1
3475,314,50,2,1
3476,313,1,1,1
3476,313,2,1,1
3476,313,3,1,1
3476,313,4,1,1
3476,313,5,1,1
3476,313,6,1,1
3476,313,7,1,1
3476,313,8,1,1
3476,313,9,1,1
3476,313,10,1,1
3476,313,11,1,1
3476,313,12,1,1
3476,313,13,1,1
3476,313,14,1,1
3476,313,15,1,1
3476,313,16,1,1
3476,313,17,1,1
3476,313,18,1,1
3476,313,19,1,1
3476,313,20,1,1
3476,313,21,1,1
3476,313,22,1,1
3476,313,23,1,1
3476,313,24,1,1
3476,313,25,1,1
3476,313,26,1,1
3476,313,27,1,1
3476,313,28,1,1
3476,313,29,1,1
3476,313,30,1,1
3476,313,31,1,1
3476,313,32,1,1
3476,313,33,1,1
3476,313,34,1,1
3476,313,35,1,1
3476,313,36,1,1
3476,313,37,1,1
3476,313,38,1,1
3476,313,39,1,1
3476,313,40,1,1
3476,313,41,1,1
3476,313,42,1,1
3476,313,43,1,1
3476,313,44,1,1
3476,313,45,1,1
3476,313,46,1,1
3476,313,47,1,1
3476,313,48,1,1
3476,313,49,1,1
3476,313,50,1,1
3476,313,1,2,1
3476,313,2,2,1
3476,313,3,2,1
3476,313,4,2,1
3476,313,5,2,1
3476,313,6,2,1
3476,313,7,2,1
3476,313,8,2,1
3476,313,9,2,1
3476,313,10,2,1
3476,313,11,2,1
3476,313,12,2,1
3476,313,13,2,1
3476,313,14,2,1
3476,313,15,2,1
3476,313,16,2,1
3476,313,17,2,1
3476,313,18,2,1
3476,313,19,2,1
3476,313,20,2,1
3476,313,21,2,1
3476,313,22,2,1
3476,313,23,2,1
3476,313,24,2,1
3476,313,25,2,1
3476,313,26,2,1
3476,313,27,2,1
3476,313,28,2,1
3476,313,29,2,1
3476,313,30,2,1
3476,313,31,2,1
3476,313,32,2,1
3476,313,33,2,1
3476,313,34,2,1
3476,313,35,2,1
3476,313,36,2,1
3476,313,37,2,1
3476,313,38,2,1
3476,313,39,2,1
3476,313,40,2,1
3476,313,41,2,1
3476,313,42,2,1
3476,313,43,2,1
3476,313,44,2,1
3476,313,45,2,1
3476,313,46,2,1
3476,313,47,2,1
3476,313,48,2,1
3476,313,49,2,1
3476,313,50,2,1
3477,312,1,1,1
3477,312,2,1,1
3477,312,3,1,1
3477,312,4,1,1
3477,312,5,1,1
3477,312,6,1,1
3477,312,7,1,1
3477,312,8,1,1
3477,312,9,1,1
3477,312,10,1,1
3477,312,11,1,1
3477,312,12,1,1
3477,312,13,1,1
3477,312,14,1,1
3477,312,15,1,1
3477,312,16,1,1
3477,312,17,1,1
3477,312,18,1,1
3477,312,19,1,1
3477,312,20,1,1
3477,312,21,1,1
3477,312,22,1,1
3477,312,23,1,1
3477,312,24,1,1
3477,312,25,1,1
3477,312,26,1,1
3477,312,27,1,1
3477,312,28,1,1
3477,312,29,1,1
3477,312,30,1,1
3477,312,31,1,1
3477,312,32,1,1
3477,312,33,1,1
3477,312,34,1,1
3477,312,35,1,1
3477,312,36,1,1
3477,312,37,1,1
3477,312,38,1,1
3477,312,39,1,1
3477,312,40,1,1
3477,312,41,1,1
3477,312,42,1,1
3477,312,43,1,1
3477,312,44,1,1
3477,312,45,1,1
3477,312,46,1,1
3477,312,47,1,1
3477,312,48,1,1
3477,312,49,1,1
3477,312,50,1,1
3477,312,1,2,1
3477,312,2,2,1
3477,312,3,2,1
3477,312,4,2,1
3477,312,5,2,1
3477,312,6,2,1
3477,312,7,2,1
3477,312,8,2,1
3477,312,9,2,1
3477,312,10,2,1
3477,312,11,2,1
3477,312,12,2,1
3477,312,13,2,1
3477,312,14,2,1
3477,312,15,2,1
3477,312,16,2,1
3477,312,17,2,1
3477,312,18,2,1
3477,312,19,2,1
3477,312,20,2,1
3477,312,21,2,1
3477,312,22,2,1
3477,312,23,2,1
3477,312,24,2,1
3477,312,25,2,1
3477,312,26,2,1
3477,312,27,2,1
3477,312,28,2,1
3477,312,29,2,1
3477,312,30,2,1
3477,312,31,2,1
3477,312,32,2,1
3477,312,33,2,1
3477,312,34,2,1
3477,312,35,2,1
3477,312,36,2,1
3477,312,37,2,1
3477,312,38,2,1
3477,312,39,2,1
3477,312,40,2,1
3477,312,41,2,1
3477,312,42,2,1
3477,312,43,2,1
3477,312,44,2,1
3477,312,45,2,1
3477,312,46,2,1
3477,312,47,2,1
3477,312,48,2,1
3477,312,49,2,1
3477,312,50,2,1
3478,311,1,1,1
3478,311,2,1,1
3478,311,3,1,1
3478,311,4,1,1
3478,311,5,1,1
3478,311,6,1,1
3478,311,7,1,1
3478,311,8,1,1
3478,311,9,1,1
3478,311,10,1,1
3478,311,11,1,1
3478,311,12,1,1
3478,311,13,1,1
3478,311,14,1,1
3478,311,15,1,1
3478,311,16,1,1
3478,311,17,1,1
3478,311,18,1,1
3478,311,19,1,1
3478,311,20,1,1
3478,311,21,1,1
3478,311,22,1,1
3478,311,23,1,1
3478,311,24,1,1
3478,311,25,1,1
3478,311,26,1,1
3478,311,27,1,1
3478,311,28,1,1
3478,311,29,1,1
3478,311,30,1,1
3478,311,31,1,1
3478,311,32,1,1
3478,311,33,1,1
3478,311,34,1,1
3478,311,35,1,1
3478,311,36,1,1
3478,311,37,1,1
3478,311,38,1,1
3478,311,39,1,1
3478,311,40,1,1
3478,311,41,1,1
3478,311,42,1,1
3478,311,43,1,1
3478,311,44,1,1
3478,311,45,1,1
3478,311,46,1,1
3478,311,47,1,1
3478,311,48,1,1
3478,311,49,1,1
3478,311,50,1,1
3478,311,1,2,1
3478,311,2,2,1
3478,311,3,2,1
3478,311,4,2,1
3478,311,5,2,1
3478,311,6,2,1
3478,311,7,2,1
3478,311,8,2,1
3478,311,9,2,1
3478,311,10,2,1
3478,311,11,2,1
3478,311,12,2,1
3478,311,13,2,1
3478,311,14,2,1
3478,311,15,2,1
3478,311,16,2,1
3478,311,17,2,1
3478,311,18,2,1
3478,311,19,2,1
3478,311,20,2,1
3478,311,21,2,1
3478,311,22,2,1
3478,311,23,2,1
3478,311,24,2,1
3478,311,25,2,1
3478,311,26,2,1
3478,311,27,2,1
3478,311,28,2,1
3478,311,29,2,1
3478,311,30,2,1
3478,311,31,2,1
3478,311,32,2,1
3478,311,33,2,1
3478,311,34,2,1
3478,311,35,2,1
3478,311,36,2,1
3478,311,37,2,1
3478,311,38,2,1
3478,311,39,2,1
3478,311,40,2,1
3478,311,41,2,1
3478,311,42,2,1
3478,311,43,2,1
3478,311,44,2,1
3478,311,45,2,1
3478,311,46,2,1
3478,311,47,2,1
3478,311,48,2,1
3478,311,49,2,1
3478,311,50,2,1
3479,310,1,1,1
3479,310,2,1,1
3479,310,3,1,1
3479,310,4,1,1
3479,310,5,1,1
3479,310,6,1,1
3479,310,7,1,1
3479,310,8,1,1
3479,310,9,1,1
3479,310,10,1,1
3479,310,11,1,1
3479,310,12,1,1
3479,310,13,1,1
3479,310,14,1,1
3479,310,15,1,1
3479,310,16,1,1
3479,310,17,1,1
3479,310,18,1,1
3479,310,19,1,1
3479,310,20,1,1
3479,310,21,1,1
3479,310,22,1,1
3479,310,23,1,1
3479,310,24,1,1
3479,310,25,1,1
3479,310,26,1,1
3479,310,27,1,1
3479,310,28,1,1
3479,310,29,1,1
3479,310,30,1,1
3479,310,31,1,1
3479,310,32,1,1
3479,310,33,1,1
3479,310,34,1,1
3479,310,35,1,1
3479,310,36,1,1
3479,310,37,1,1
3479,310,38,1,1
3479,310,39,1,1
3479,310,40,1,1
3479,310,41,1,1
3479,310,42,1,1
3479,310,43,1,1
3479,310,44,1,1
3479,310,45,1,1
3479,310,46,1,1
3479,310,47,1,1
3479,310,48,1,1
3479,310,49,1,1
3479,310,50,1,1
3479,310,1,2,1
3479,310,2,2,1
3479,310,3,2,1
3479,310,4,2,1
3479,310,5,2,1
3479,310,6,2,1
3479,310,7,2,1
3479,310,8,2,1
3479,310,9,2,1
3479,310,10,2,1
3479,310,11,2,1
3479,310,12,2,1
3479,310,13,2,1
3479,310,14,2,1
3479,310,15,2,1
3479,310,16,2,1
3479,310,17,2,1
3479,310,18,2,1
3479,310,19,2,1
3479,310,20,2,1
3479,310,21,2,1
3479,310,22,2,1
3479,310,23,2,1
3479,310,24,2,1
3479,310,25,2,1
3479,310,26,2,1
3479,310,27,2,1
3479,310,28,2,1
3479,310,29,2,1
3479,310,30,2,1
3479,310,31,2,1
3479,310,32,2,1
3479,310,33,2,1
3479,310,34,2,1
3479,310,35,2,1
3479,310,36,2,1
3479,310,37,2,1
3479,310,38,2,1
3479,310,39,2,1
3479,310,40,2,1
3479,310,41,2,1
3479,310,42,2,1
3479,310,43,2,1
3479,310,44,2,1
3479,310,45,2,1
3479,310,46,2,1
3479,310,47,2,1
3479,310,48,2,1
3479,310,49,2,1
3479,310,50,2,1
3480,309,1,1,1
3480,309,2,1,1
3480,309,3,1,1
3480,309,4,1,1
3480,309,5,1,1
3480,309,6,1,1
3480,309,7,1,1
3480,309,8,1,1
3480,309,9,1,1
3480,309,10,1,1
3480,309,11,1,1
3480,309,12,1,1
3480,309,13,1,1
3480,309,14,1,1
3480,309,15,1,1
3480,309,16,1,1
3480,309,17,1,1
3480,309,18,1,1
3480,309,19,1,1
3480,309,20,1,1
3480,309,21,1,1
3480,309,22,1,1
3480,309,23,1,1
3480,309,24,1,1
3480,309,25,1,1
3480,309,26,1,1
3480,309,27,1,1
3480,309,28,1,1
3480,309,29,1,1
3480,309,30,1,1
3480,309,31,1,1
3480,309,32,1,1
3480,309,33,1,1
3480,309,34,1,1
3480,309,35,1,1
3480,309,36,1,1
3480,309,37,1,1
3480,309,38,1,1
3480,309,39,1,1
3480,309,40,1,1
3480,309,41,1,1
3480,309,42,1,1
3480,309,43,1,1
3480,309,44,1,1
3480,309,45,1,1
3480,309,46,1,1
3480,309,47,1,1
3480,309,48,1,1
3480,309,49,1,1
3480,309,50,1,1
3480,309,1,2,1
3480,309,2,2,1
3480,309,3,2,1
3480,309,4,2,1
3480,309,5,2,1
3480,309,6,2,1
3480,309,7,2,1
3480,309,8,2,1
3480,309,9,2,1
3480,309,10,2,1
3480,309,11,2,1
3480,309,12,2,1
3480,309,13,2,1
3480,309,14,2,1
3480,309,15,2,1
3480,309,16,2,1
3480,309,17,2,1
3480,309,18,2,1
3480,309,19,2,1
3480,309,20,2,1
3480,309,21,2,1
3480,309,22,2,1
3480,309,23,2,1
3480,309,24,2,1
3480,309,25,2,1
3480,309,26,2,1
3480,309,27,2,1
3480,309,28,2,1
3480,309,29,2,1
3480,309,30,2,1
3480,309,31,2,1
3480,309,32,2,1
3480,309,33,2,1
3480,309,34,2,1
3480,309,35,2,1
3480,309,36,2,1
3480,309,37,2,1
3480,309,38,2,1
3480,309,39,2,1
3480,309,40,2,1
3480,309,41,2,1
3480,309,42,2,1
3480,309,43,2,1
3480,309,44,2,1
3480,309,45,2,1
3480,309,46,2,1
3480,309,47,2,1
3480,309,48,2,1
3480,309,49,2,1
3480,309,50,2,1
3480,308,1,1,1
3480,308,2,1,1
3480,308,3,1,1
3480,308,4,1,1
3480,308,5,1,1
3480,308,6,1,1
3480,308,7,1,1
3480,308,8,1,1
3480,308,9,1,1
3480,308,10,1,1
3480,308,11,1,1
3480,308,12,1,1
3480,308,13,1,1
3480,308,14,1,1
3480,308,15,1,1
3480,308,16,1,1
3480,308,17,1,1
3480,308,18,1,1
3480,308,19,1,1
3480,308,20,1,1
3480,308,21,1,1
3480,308,22,1,1
3480,308,23,1,1
3480,308,24,1,1
3480,308,25,1,1
3480,308,26,1,1
3480,308,27,1,1
3480,308,28,1,1
3480,308,29,1,1
3480,308,30,1,1
3480,308,31,1,1
3480,308,32,1,1
3480,308,33,1,1
3480,308,34,1,1
3480,308,35,1,1
3480,308,36,1,1
3480,308,37,1,1
3480,308,38,1,1
3480,308,39,1,1
3480,308,40,1,1
3480,308,41,1,1
3480,308,42,1,1
3480,308,43,1,1
3480,308,44,1,1
3480,308,45,1,1
3480,308,46,1,1
3480,308,47,1,1
3480,308,48,1,1
3480,308,49,1,1
3480,308,50,1,1
3481,308,1,2,1
3481,308,2,2,1
3481,308,3,2,1
3481,308,4,2,1
3481,308,5,2,1
3481,308,6,2,1
3481,308,7,2,1
3481,308,8,2,1
3481,308,9,2,1
3481,308,10,2,1
3481,308,11,2,1
3481,308,12,2,1
3481,308,13,2,1
3481,308,14,2,1
3481,308,15,2,1
3481,308,16,2,1
3481,308,17,2,1
3481,308,18,2,1
3481,308,19,2,1
3481,308,20,2,1
3481,308,21,2,1
3481,308,22,2,1
3481,308,23,2,1
3481,308,24,2,1
3481,308,25,2,1
3481,308,26,2,1
3481,308,27,2,1
3481,308,28,2,1
3481,308,29,2,1
3481,308,30,2,1
3481,308,31,2,1
3481,308,32,2,1
3481,308,33,2,1
3481,308,34,2,1
3481,308,35,2,1
3481,308,36,2,1
3481,308,37,2,1
3481,308,38,2,1
3481,308,39,2,1
3481,308,40,2,1
3481,308,41,2,1
3481,308,42,2,1
3481,308,43,2,1
3481,308,44,2,1
3481,308,45,2,1
3481,308,46,2,1
3481,308,47,2,1
3481,308,48,2,1
3481,308,49,2,1
3481,308,50,2,1
3481,307,1,1,1
3481,307,2,1,1
3481,307,3,1,1
3481,307,4,1,1
3481,307,5,1,1
3481,307,6,1,1
3481,307,7,1,1
3481,307,8,1,1
3481,307,9,1,1
3481,307,10,1,1
3481,307,11,1,1
3481,307,12,1,1
3481,307,13,1,1
3481,307,14,1,1
3481,307,15,1,1
3481,307,16,1,1
3481,307,17,1,1
3481,307,18,1,1
3481,307,19,1,1
3481,307,20,1,1
3481,307,21,1,1
3481,307,22,1,1
3481,307,23,1,1
3481,307,24,1,1
3481,307,25,1,1
3481,307,26,1,1
3481,307,27,1,1
3481,307,28,1,1
3481,307,29,1,1
3481,307,30,1,1
3481,307,31,1,1
3481,307,32,1,1
3481,307,33,1,1
3481,307,34,1,1
3481,307,35,1,1
3481,307,36,1,1
3481,307,37,1,1
3481,307,38,1,1
3481,307,39,1,1
3481,307,40,1,1
3481,307,41,1,1
3481,307,42,1,1
3481,307,43,1,1
3481,307,44,1,1
3481,307,45,1,1
3481,307,46,1,1
3481,307,47,1,1
3481,307,48,1,1
3481,307,49,1,1
3481,307,50,1,1
3482,307,1,2,1
3482,307,2,2,1
3482,307,3,2,1
3482,307,4,2,1
3482,307,5,2,1
3482,307,6,2,1
3482,307,7,2,1
3482,307,8,2,1
3482,307,9,2,1
3482,307,10,2,1
3482,307,11,2,1
3482,307,12,2,1
3482,307,13,2,1
3482,307,14,2,1
3482,307,15,2,1
3482,307,16,2,1
3482,307,17,2,1
3482,307,18,2,1
3482,307,19,2,1
3482,307,20,2,1
3482,307,21,2,1
3482,307,22,2,1
3482,307,23,2,1
3482,307,24,2,1
3482,307,25,2,1
3482,307,26,2,1
3482,307,27,2,1
3482,307,28,2,1
3482,307,29,2,1
3482,307,30,2,1
3482,307,31,2,1
3482,307,32,2,1
3482,307,33,2,1
3482,307,34,2,1
3482,307,35,2,1
3482,307,36,2,1
3482,307,37,2,1
3482,307,38,2,1
3482,307,39,2,1
3482,307,40,2,1
3482,307,41,2,1
3482,307,42,2,1
3482,307,43,2,1
3482,307,44,2,1
3482,307,45,2,1
3482,307,46,2,1
3482,307,47,2,1
3482,307,48,2,1
3482,307,49,2,1
3482,307,50,2,1
3482,306,1,1,1
3482,306,2,1,1
3482,306,3,1,1
3482,306,4,1,1
3482,306,5,1,1
3482,306,6,1,1
3482,306,7,1,1
3482,306,8,1,1
3482,306,9,1,1
3482,306,10,1,1
3482,306,11,1,1
3482,306,12,1,1
3482,306,13,1,1
3482,306,14,1,1
3482,306,15,1,1
3482,306,16,1,1
3482,306,17,1,1
3482,306,18,1,1
3482,306,19,1,1
3482,306,20,1,1
3482,306,21,1,1
3482,306,22,1,1
3482,306,23,1,1
3482,306,24,1,1
3482,306,25,1,1
3482,306,26,1,1
3482,306,27,1,1
3482,306,28,1,1
3482,306,29,1,1
3482,306,30,1,1
3482,306,31,1,1
3482,306,32,1,1
3482,306,33,1,1
3482,306,34,1,1
3482,306,35,1,1
3482,306,36,1,1
3482,306,37,1,1
3482,306,38,1,1
3482,306,39,1,1
3482,306,40,1,1
3482,306,41,1,1
3482,306,42,1,1
3482,306,43,1,1
3482,306,44,1,1
3482,306,45,1,1
3482,306,46,1,1
3482,306,47,1,1
3482,306,48,1,1
3482,306,49,1,1
3482,306,50,1,1
3483,306,1,2,1
3483,306,2,2,1
3483,306,3,2,1
3483,306,4,2,1
3483,306,5,2,1
3483,306,6,2,1
3483,306,7,2,1
3483,306,8,2,1
3483,306,9,2,1
3483,306,10,2,1
3483,306,11,2,1
3483,306,12,2,1
3483,306,13,2,1
3483,306,14,2,1
3483,306,15,2,1
3483,306,16,2,1
3483,306,17,2,1
3483,306,18,2,1
3483,306,19,2,1
3483,306,20,2,1
3483,306,21,2,1
3483,306,22,2,1
3483,306,23,2,1
3483,306,24,2,1
3483,306,25,2,1
3483,306,26,2,1
3483,306,27,2,1
3483,306,28,2,1
3483,306,29,2,1
3483,306,30,2,1
3483,306,31,2,1
3483,306,32,2,1
3483,306,33,2,1
3483,306,34,2,1
3483,306,35,2,1
3483,306,36,2,1
3483,306,37,2,1
3483,306,38,2,1
3483,306,39,2,1
3483,306,40,2,1
3483,306,41,2,1
3483,306,42,2,1
3483,306,43,2,1
3483,306,44,2,1
3483,306,45,2,1
3483,306,46,2,1
3483,306,47,2,1
3483,306,48,2,1
3483,306,49,2,1
3483,306,50,2,1
3483,305,1,1,1
3483,305,2,1,1
3483,305,3,1,1
3483,305,4,1,1
3483,305,5,1,1
3483,305,6,1,1
3483,305,7,1,1
3483,305,8,1,1
3483,305,9,1,1
3483,305,10,1,1
3483,305,11,1,1
3483,305,12,1,1
3483,305,13,1,1
3483,305,14,1,1
3483,305,15,1,1
3483,305,16,1,1
3483,305,17,1,1
3483,305,18,1,1
3483,305,19,1,1
3483,305,20,1,1
3483,305,21,1,1
3483,305,22,1,1
3483,305,23,1,1
3483,305,24,1,1
3483,305,25,1,1
3483,305,26,1,1
3483,305,27,1,1
3483,305,28,1,1
3483,305,29,1,1
3483,305,30,1,1
3483,305,31,1,1
3483,305,32,1,1
3483,305,33,1,1
3483,305,34,1,1
3483,305,35,1,1
3483,305,36,1,1
3483,305,37,1,1
3483,305,38,1,1
3483,305,39,1,1
3483,305,40,1,1
3483,305,41,1,1
3483,305,42,1,1
3483,305,43,1,1
3483,305,44,1,1
3483,305,45,1,1
3483,305,46,1,1
3483,305,47,1,1
3483,305,48,1,1
3483,305,49,1,1
3483,305,50,1,1
3484,305,1,2,1
3484,305,2,2,1
3484,305,3,2,1
3484,305,4,2,1
3484,305,5,2,1
3484,305,6,2,1
3484,305,7,2,1
3484,305,8,2,1
3484,305,9,2,1
3484,305,10,2,1
3484,305,11,2,1
3484,305,12,2,1
3484,305,13,2,1
3484,305,14,2,1
3484,305,15,2,1
3484,305,16,2,1
3484,305,17,2,1
3484,305,18,2,1
3484,305,19,2,1
3484,305,20,2,1
3484,305,21,2,1
3484,305,22,2,1
3484,305,23,2,1
3484,305,24,2,1
3484,305,25,2,1
3484,305,26,2,1
3484,305,27,2,1
3484,305,28,2,1
3484,305,29,2,1
3484,305,30,2,1
3484,305,31,2,1
3484,305,32,2,1
3484,305,33,2,1
3484,305,34,2,1
3484,305,35,2,1
3484,305,36,2,1
3484,305,37,2,1
3484,305,38,2,1
3484,305,39,2,1
3484,305,40,2,1
3484,305,41,2,1
3484,305,42,2,1
3484,305,43,2,1
3484,305,44,2,1
3484,305,45,2,1
3484,305,46,2,1
3484,305,47,2,1
3484,305,48,2,1
3484,305,49,2,1
3484,305,50,2,1
3484,304,1,1,1
3484,304,2,1,1
3484,304,3,1,1
3484,304,4,1,1
3484,304,5,1,1
3484,304,6,1,1
3484,304,7,1,1
3484,304,8,1,1
3484,304,9,1,1
3484,304,10,1,1
3484,304,11,1,1
3484,304,12,1,1
3484,304,13,1,1
3484,304,14,1,1
3484,304,15,1,1
3484,304,16,1,1
3484,304,17,1,1
3484,304,18,1,1
3484,304,19,1,1
3484,304,20,1,1
3484,304,21,1,1
3484,304,22,1,1
3484,304,23,1,1
3484,304,24,1,1
3484,304,25,1,1
3484,304,26,1,1
3484,304,27,1,1
3484,304,28,1,1
3484,304,29,1,1
3484,304,30,1,1
3484,304,31,1,1
3484,304,32,1,1
3484,304,33,1,1
3484,304,34,1,1
3484,304,35,1,1
3484,304,36,1,1
3484,304,37,1,1
3484,304,38,1,1
3484,304,39,1,1
3484,304,40,1,1
3484,304,41,1,1
3484,304,42,1,1
3484,304,43,1,1
3484,304,44,1,1
3484,304,45,1,1
3484,304,46,1,1
3484,304,47,1,1
3484,304,48,1,1
3484,304,49,1,1
3484,304,50,1,1
3485,304,1,2,1
3485,304,2,2,1
3485,304,3,2,1
3485,304,4,2,1
3485,304,5,2,1
3485,304,6,2,1
3485,304,7,2,1
3485,304,8,2,1
3485,304,9,2,1
3485,304,10,2,1
3485,304,11,2,1
3485,304,12,2,1
3485,304,13,2,1
3485,304,14,2,1
3485,304,15,2,1
3485,304,16,2,1
3485,304,17,2,1
3485,304,18,2,1
3485,304,19,2,1
3485,304,20,2,1
3485,304,21,2,1
3485,304,22,2,1
3485,304,23,2,1
3485,304,24,2,1
3485,304,25,2,1
3485,304,26,2,1
3485,304,27,2,1
3485,304,28,2,1
3485,304,29,2,1
3485,304,30,2,1
3485,304,31,2,1
3485,304,32,2,1
3485,304,33,2,1
3485,304,34,2,1
3485,304,35,2,1
3485,304,36,2,1
3485,304,37,2,1
3485,304,38,2,1
3485,304,39,2,1
3485,304,40,2,1
3485,304,41,2,1
3485,304,42,2,1
3485,304,43,2,1
3485,304,44,2,1
3485,304,45,2,1
3485,304,46,2,1
3485,304,47,2,1
3485,304,48,2,1
3485,304,49,2,1
3485,304,50,2,1
3485,303,1,1,1
3485,303,2,1,1
3485,303,3,1,1
3485,303,4,1,1
3485,303,5,1,1
3485,303,6,1,1
3485,303,7,1,1
3485,303,8,1,1
3485,303,9,1,1
3485,303,10,1,1
3485,303,11,1,1
3485,303,12,1,1
3485,303,13,1,1
3485,303,14,1,1
3485,303,15,1,1
3485,303,16,1,1
3485,303,17,1,1
3485,303,18,1,1
3485,303,19,1,1
3485,303,20,1,1
3485,303,21,1,1
3485,303,22,1,1
3485,303,23,1,1
3485,303,24,1,1
3485,303,25,1,1
3485,303,26,1,1
3485,303,27,1,1
3485,303,28,1,1
3485,303,29,1,1
3485,303,30,1,1
3485,303,31,1,1
3485,303,32,1,1
3485,303,33,1,1
3485,303,34,1,1
3485,303,35,1,1
3485,303,36,1,1
3485,303,37,1,1
3485,303,38,1,1
3485,303,39,1,1
3485,303,40,1,1
3485,303,41,1,1
3485,303,42,1,1
3485,303,43,1,1
3485,303,44,1,1
3485,303,45,1,1
3485,303,46,1,1
3485,303,47,1,1
3485,303,48,1,1
3485,303,49,1,1
3485,303,50,1,1
3486,303,1,2,1
3486,303,2,2,1
3486,303,3,2,1
3486,303,4,2,1
3486,303,5,2,1
3486,303,6,2,1
3486,303,7,2,1
3486,303,8,2,1
3486,303,9,2,1
3486,303,10,2,1
3486,303,11,2,1
3486,303,12,2,1
3486,303,13,2,1
3486,303,14,2,1
3486,303,15,2,1
3486,303,16,2,1
3486,303,17,2,1
3486,303,18,2,1
3486,303,19,2,1
3486,303,20,2,1
3486,303,21,2,1
3486,303,22,2,1
3486,303,23,2,1
3486,303,24,2,1
3486,303,25,2,1
3486,303,26,2,1
3486,303,27,2,1
3486,303,28,2,1
3486,303,29,2,1
3486,303,30,2,1
3486,303,31,2,1
3486,303,32,2,1
3486,303,33,2,1
3486,303,34,2,1
3486,303,35,2,1
3486,303,36,2,1
3486,303,37,2,1
3486,303,38,2,1
3486,303,39,2,1
3486,303,40,2,1
3486,303,41,2,1
3486,303,42,2,1
3486,303,43,2,1
3486,303,44,2,1
3486,303,45,2,1
3486,303,46,2,1
3486,303,47,2,1
3486,303,48,2,1
3486,303,49,2,1
3486,303,50,2,1
3486,302,1,1,1
3486,302,2,1,1
3486,302,3,1,1
3486,302,4,1,1
3486,302,5,1,1
3486,302,6,1,1
3486,302,7,1,1
3486,302,8,1,1
3486,302,9,1,1
3486,302,10,1,1
3486,302,11,1,1
3486,302,12,1,1
3486,302,13,1,1
3486,302,14,1,1
3486,302,15,1,1
3486,302,16,1,1
3486,302,17,1,1
3486,302,18,1,1
3486,302,19,1,1
3486,302,20,1,1
3486,302,21,1,1
3486,302,22,1,1
3486,302,23,1,1
3486,302,24,1,1
3486,302,25,1,1
3486,302,26,1,1
3486,302,27,1,1
3486,302,28,1,1
3486,302,29,1,1
3486,302,30,1,1
3486,302,31,1,1
3486,302,32,1,1
3486,302,33,1,1
3486,302,34,1,1
3486,302,35,1,1
3486,302,36,1,1
3486,302,37,1,1
3486,302,38,1,1
3486,302,39,1,1
3486,302,40,1,1
3486,302,41,1,1
3486,302,42,1,1
3486,302,43,1,1
3486,302,44,1,1
3486,302,45,1,1
3486,302,46,1,1
3486,302,47,1,1
3486,302,48,1,1
3486,302,49,1,1
3486,302,50,1,1
3487,301,1,1,1
3487,301,2,1,1
3487,301,3,1,1
3487,301,4,1,1
3487,301,5,1,1
3487,301,6,1,1
3487,301,7,1,1
3487,301,8,1,1
3487,301,9,1,1
3487,301,10,1,1
3487,301,11,1,1
3487,301,12,1,1
3487,301,13,1,1
3487,301,14,1,1
3487,301,15,1,1
3487,301,16,1,1
3487,301,17,1,1
3487,301,18,1,1
3487,301,19,1,1
3487,301,20,1,1
3487,301,21,1,1
3487,301,22,1,1
3487,301,23,1,1
3487,301,24,1,1
3487,301,25,1,1
3487,301,26,1,1
3487,301,27,1,1
3487,301,28,1,1
3487,301,29,1,1
3487,301,30,1,1
3487,301,31,1,1
3487,301,32,1,1
3487,301,33,1,1
3487,301,34,1,1
3487,301,35,1,1
3487,301,36,1,1
3487,301,37,1,1
3487,301,38,1,1
3487,301,39,1,1
3487,301,40,1,1
3487,301,41,1,1
3487,301,42,1,1
3487,301,43,1,1
3487,301,44,1,1
3487,301,45,1,1
3487,301,46,1,1
3487,301,47,1,1
3487,301,48,1,1
3487,301,49,1,1
3487,301,50,1,1
3487,301,1,2,1
3487,301,2,2,1
3487,301,3,2,1
3487,301,4,2,1
3487,301,5,2,1
3487,301,6,2,1
3487,301,7,2,1
3487,301,8,2,1
3487,301,9,2,1
3487,301,10,2,1
3487,301,11,2,1
3487,301,12,2,1
3487,301,13,2,1
3487,301,14,2,1
3487,301,15,2,1
3487,301,16,2,1
3487,301,17,2,1
3487,301,18,2,1
3487,301,19,2,1
3487,301,20,2,1
3487,301,21,2,1
3487,301,22,2,1
3487,301,23,2,1
3487,301,24,2,1
3487,301,25,2,1
3487,301,26,2,1
3487,301,27,2,1
3487,301,28,2,1
3487,301,29,2,1
3487,301,30,2,1
3487,301,31,2,1
3487,301,32,2,1
3487,301,33,2,1
3487,301,34,2,1
3487,301,35,2,1
3487,301,36,2,1
3487,301,37,2,1
3487,301,38,2,1
3487,301,39,2,1
3487,301,40,2,1
3487,301,41,2,1
3487,301,42,2,1
3487,301,43,2,1
3487,301,44,2,1
3487,301,45,2,1
3487,301,46,2,1
3487,301,47,2,1
3487,301,48,2,1
3487,301,49,2,1
3487,301,50,2,1
3488,300,1,1,1
3488,300,2,1,1
3488,300,3,1,1
3488,300,4,1,1
3488,300,5,1,1
3488,300,6,1,1
3488,300,7,1,1
3488,300,8,1,1
3488,300,9,1,1
3488,300,10,1,1
3488,300,11,1,1
3488,300,12,1,1
3488,300,13,1,1
3488,300,14,1,1
3488,300,15,1,1
3488,300,16,1,1
3488,300,17,1,1
3488,300,18,1,1
3488,300,19,1,1
3488,300,20,1,1
3488,300,21,1,1
3488,300,22,1,1
3488,300,23,1,1
3488,300,24,1,1
3488,300,25,1,1
3488,300,26,1,1
3488,300,27,1,1
3488,300,28,1,1
3488,300,29,1,1
3488,300,30,1,1
3488,300,31,1,1
3488,300,32,1,1
3488,300,33,1,1
3488,300,34,1,1
3488,300,35,1,1
3488,300,36,1,1
3488,300,37,1,1
3488,300,38,1,1
3488,300,39,1,1
3488,300,40,1,1
3488,300,41,1,1
3488,300,42,1,1
3488,300,43,1,1
3488,300,44,1,1
3488,300,45,1,1
3488,300,46,1,1
3488,300,47,1,1
3488,300,48,1,1
3488,300,49,1,1
3488,300,50,1,1
3488,300,1,2,1
3488,300,2,2,1
3488,300,3,2,1
3488,300,4,2,1
3488,300,5,2,1
3488,300,6,2,1
3488,300,7,2,1
3488,300,8,2,1
3488,300,9,2,1
3488,300,10,2,1
3488,300,11,2,1
3488,300,12,2,1
3488,300,13,2,1
3488,300,14,2,1
3488,300,15,2,1
3488,300,16,2,1
3488,300,17,2,1
3488,300,18,2,1
3488,300,19,2,1
3488,300,20,2,1
3488,300,21,2,1
3488,300,22,2,1
3488,300,23,2,1
3488,300,24,2,1
3488,300,25,2,1
3488,300,26,2,1
3488,300,27,2,1
3488,300,28,2,1
3488,300,29,2,1
3488,300,30,2,1
3488,300,31,2,1
3488,300,32,2,1
3488,300,33,2,1
3488,300,34,2,1
3488,300,35,2,1
3488,300,36,2,1
3488,300,37,2,1
3488,300,38,2,1
3488,300,39,2,1
3488,300,40,2,1
3488,300,41,2,1
3488,300,42,2,1
3488,300,43,2,1
3488,300,44,2,1
3488,300,45,2,1
3488,300,46,2,1
3488,300,47,2,1
3488,300,48,2,1
3488,300,49,2,1
3488,300,50,2,1
3489,299,1,1,1
3489,299,2,1,1
3489,299,3,1,1
3489,299,4,1,1
3489,299,5,1,1
3489,299,6,1,1
3489,299,7,1,1
3489,299,8,1,1
3489,299,9,1,1
3489,299,10,1,1
3489,299,11,1,1
3489,299,12,1,1
3489,299,13,1,1
3489,299,14,1,1
3489,299,15,1,1
3489,299,16,1,1
3489,299,17,1,1
3489,299,18,1,1
3489,299,19,1,1
3489,299,20,1,1
3489,299,21,1,1
3489,299,22,1,1
3489,299,23,1,1
3489,299,24,1,1
3489,299,25,1,1
3489,299,26,1,1
3489,299,27,1,1
3489,299,28,1,1
3489,299,29,1,1
3489,299,30,1,1
3489,299,31,1,1
3489,299,32,1,1
3489,299,33,1,1
3489,299,34,1,1
3489,299,35,1,1
3489,299,36,1,1
3489,299,37,1,1
3489,299,38,1,1
3489,299,39,1,1
3489,299,40,1,1
3489,299,41,1,1
3489,299,42,1,1
3489,299,43,1,1
3489,299,44,1,1
3489,299,45,1,1
3489,299,46,1,1
3489,299,47,1,1
3489,299,48,1,1
3489,299,49,1,1
3489,299,50,1,1
3489,299,1,2,1
3489,299,2,2,1
3489,299,3,2,1
3489,299,4,2,1
3489,299,5,2,1
3489,299,6,2,1
3489,299,7,2,1
3489,299,8,2,1
3489,299,9,2,1
3489,299,10,2,1
3489,299,11,2,1
3489,299,12,2,1
3489,299,13,2,1
3489,299,14,2,1
3489,299,15,2,1
3489,299,16,2,1
3489,299,17,2,1
3489,299,18,2,1
3489,299,19,2,1
3489,299,20,2,1
3489,299,21,2,1
3489,299,22,2,1
3489,299,23,2,1
3489,299,24,2,1
3489,299,25,2,1
3489,299,26,2,1
3489,299,27,2,1
3489,299,28,2,1
3489,299,29,2,1
3489,299,30,2,1
3489,299,31,2,1
3489,299,32,2,1
3489,299,33,2,1
3489,299,34,2,1
3489,299,35,2,1
3489,299,36,2,1
3489,299,37,2,1
3489,299,38,2,1
3489,299,39,2,1
3489,299,40,2,1
3489,299,41,2,1
3489,299,42,2,1
3489,299,43,2,1
3489,299,44,2,1
3489,299,45,2,1
3489,299,46,2,1
3489,299,47,2,1
3489,299,48,2,1
3489,299,49,2,1
3489,299,50,2,1
3490,298,1,1,1
3490,298,2,1,1
3490,298,3,1,1
3490,298,4,1,1
3490,298,5,1,1
3490,298,6,1,1
3490,298,7,1,1
3490,298,8,1,1
3490,298,9,1,1
3490,298,10,1,1
3490,298,11,1,1
3490,298,12,1,1
3490,298,13,1,1
3490,298,14,1,1
3490,298,15,1,1
3490,298,16,1,1
3490,298,17,1,1
3490,298,18,1,1
3490,298,19,1,1
3490,298,20,1,1
3490,298,21,1,1
3490,298,22,1,1
3490,298,23,1,1
3490,298,24,1,1
3490,298,25,1,1
3490,298,26,1,1
3490,298,27,1,1
3490,298,28,1,1
3490,298,29,1,1
3490,298,30,1,1
3490,298,31,1,1
3490,298,32,1,1
3490,298,33,1,1
3490,298,34,1,1
3490,298,35,1,1
3490,298,36,1,1
3490,298,37,1,1
3490,298,38,1,1
3490,298,39,1,1
3490,298,40,1,1
3490,298,41,1,1
3490,298,42,1,1
3490,298,43,1,1
3490,298,44,1,1
3490,298,45,1,1
3490,298,46,1,1
3490,298,47,1,1
3490,298,48,1,1
3490,298,49,1,1
3490,298,50,1,1
3490,298,1,2,1
3490,298,2,2,1
3490,298,3,2,1
3490,298,4,2,1
3490,298,5,2,1
3490,298,6,2,1
3490,298,7,2,1
3490,298,8,2,1
3490,298,9,2,1
3490,298,10,2,1
3490,298,11,2,1
3490,298,12,2,1
3490,298,13,2,1
3490,298,14,2,1
3490,298,15,2,1
3490,298,16,2,1
3490,298,17,2,1
3490,298,18,2,1
3490,298,19,2,1
3490,298,20,2,1
3490,298,21,2,1
3490,298,22,2,1
3490,298,23,2,1
3490,298,24,2,1
3490,298,25,2,1
3490,298,26,2,1
3490,298,27,2,1
3490,298,28,2,1
3490,298,29,2,1
3490,298,30,2,1
3490,298,31,2,1
3490,298,32,2,1
3490,298,33,2,1
3490,298,34,2,1
3490,298,35,2,1
3490,298,36,2,1
3490,298,37,2,1
3490,298,38,2,1
3490,298,39,2,1
3490,298,40,2,1
3490,298,41,2,1
3490,298,42,2,1
3490,298,43,2,1
3490,298,44,2,1
3490,298,45,2,1
3490,298,46,2,1
3490,298,47,2,1
3490,298,48,2,1
3490,298,49,2,1
3490,298,50,2,1
3491,297,1,1,1
3491,297,2,1,1
3491,297,3,1,1
3491,297,4,1,1
3491,297,5,1,1
3491,297,6,1,1
3491,297,7,1,1
3491,297,8,1,1
3491,297,9,1,1
3491,297,10,1,1
3491,297,11,1,1
3491,297,12,1,1
3491,297,13,1,1
3491,297,14,1,1
3491,297,15,1,1
3491,297,16,1,1
3491,297,17,1,1
3491,297,18,1,1
3491,297,19,1,1
3491,297,20,1,1
3491,297,21,1,1
3491,297,22,1,1
3491,297,23,1,1
3491,297,24,1,1
3491,297,25,1,1
3491,297,26,1,1
3491,297,27,1,1
3491,297,28,1,1
3491,297,29,1,1
3491,297,30,1,1
3491,297,31,1,1
3491,297,32,1,1
3491,297,33,1,1
3491,297,34,1,1
3491,297,35,1,1
3491,297,36,1,1
3491,297,37,1,1
3491,297,38,1,1
3491,297,39,1,1
3491,297,40,1,1
3491,297,41,1,1
3491,297,42,1,1
3491,297,43,1,1
3491,297,44,1,1
3491,297,45,1,1
3491,297,46,1,1
3491,297,47,1,1
3491,297,48,1,1
3491,297,49,1,1
3491,297,50,1,1
3491,297,1,2,1
3491,297,2,2,1
3491,297,3,2,1
3491,297,4,2,1
3491,297,5,2,1
3491,297,6,2,1
3491,297,7,2,1
3491,297,8,2,1
3491,297,9,2,1
3491,297,10,2,1
3491,297,11,2,1
3491,297,12,2,1
3491,297,13,2,1
3491,297,14,2,1
3491,297,15,2,1
3491,297,16,2,1
3491,297,17,2,1
3491,297,18,2,1
3491,297,19,2,1
3491,297,20,2,1
3491,297,21,2,1
3491,297,22,2,1
3491,297,23,2,1
3491,297,24,2,1
3491,297,25,2,1
3491,297,26,2,1
3491,297,27,2,1
3491,297,28,2,1
3491,297,29,2,1
3491,297,30,2,1
3491,297,31,2,1
3491,297,32,2,1
3491,297,33,2,1
3491,297,34,2,1
3491,297,35,2,1
3491,297,36,2,1
3491,297,37,2,1
3491,297,38,2,1
3491,297,39,2,1
3491,297,40,2,1
3491,297,41,2,1
3491,297,42,2,1
3491,297,43,2,1
3491,297,44,2,1
3491,297,45,2,1
3491,297,46,2,1
3491,297,47,2,1
3491,297,48,2,1
3491,297,49,2,1
3491,297,50,2,1
3492,296,1,1,1
3492,296,2,1,1
3492,296,3,1,1
3492,296,4,1,1
3492,296,5,1,1
3492,296,6,1,1
3492,296,7,1,1
3492,296,8,1,1
3492,296,9,1,1
3492,296,10,1,1
3492,296,11,1,1
3492,296,12,1,1
3492,296,13,1,1
3492,296,14,1,1
3492,296,15,1,1
3492,296,16,1,1
3492,296,17,1,1
3492,296,18,1,1
3492,296,19,1,1
3492,296,20,1,1
3492,296,21,1,1
3492,296,22,1,1
3492,296,23,1,1
3492,296,24,1,1
3492,296,25,1,1
3492,296,26,1,1
3492,296,27,1,1
3492,296,28,1,1
3492,296,29,1,1
3492,296,30,1,1
3492,296,31,1,1
3492,296,32,1,1
3492,296,33,1,1
3492,296,34,1,1
3492,296,35,1,1
3492,296,36,1,1
3492,296,37,1,1
3492,296,38,1,1
3492,296,39,1,1
3492,296,40,1,1
3492,296,41,1,1
3492,296,42,1,1
3492,296,43,1,1
3492,296,44,1,1
3492,296,45,1,1
3492,296,46,1,1
3492,296,47,1,1
3492,296,48,1,1
3492,296,49,1,1
3492,296,50,1,1
3492,296,1,2,1
3492,296,2,2,1
3492,296,3,2,1
3492,296,4,2,1
3492,296,5,2,1
3492,296,6,2,1
3492,296,7,2,1
3492,296,8,2,1
3492,296,9,2,1
3492,296,10,2,1
3492,296,11,2,1
3492,296,12,2,1
3492,296,13,2,1
3492,296,14,2,1
3492,296,15,2,1
3492,296,16,2,1
3492,296,17,2,1
3492,296,18,2,1
3492,296,19,2,1
3492,296,20,2,1
3492,296,21,2,1
3492,296,22,2,1
3492,296,23,2,1
3492,296,24,2,1
3492,296,25,2,1
3492,296,26,2,1
3492,296,27,2,1
3492,296,28,2,1
3492,296,29,2,1
3492,296,30,2,1
3492,296,31,2,1
3492,296,32,2,1
3492,296,33,2,1
3492,296,34,2,1
3492,296,35,2,1
3492,296,36,2,1
3492,296,37,2,1
3492,296,38,2,1
3492,296,39,2,1
3492,296,40,2,1
3492,296,41,2,1
3492,296,42,2,1
3492,296,43,2,1
3492,296,44,2,1
3492,296,45,2,1
3492,296,46,2,1
3492,296,47,2,1
3492,296,48,2,1
3492,296,49,2,1
3492,296,50,2,1
3493,295,1,1,1
3493,295,2,1,1
3493,295,3,1,1
3493,295,4,1,1
3493,295,5,1,1
3493,295,6,1,1
3493,295,7,1,1
3493,295,8,1,1
3493,295,9,1,1
3493,295,10,1,1
3493,295,11,1,1
3493,295,12,1,1
3493,295,13,1,1
3493,295,14,1,1
3493,295,15,1,1
3493,295,16,1,1
3493,295,17,1,1
3493,295,18,1,1
3493,295,19,1,1
3493,295,20,1,1
3493,295,21,1,1
3493,295,22,1,1
3493,295,23,1,1
3493,295,24,1,1
3493,295,25,1,1
3493,295,26,1,1
3493,295,27,1,1
3493,295,28,1,1
3493,295,29,1,1
3493,295,30,1,1
3493,295,31,1,1
3493,295,32,1,1
3493,295,33,1,1
3493,295,34,1,1
3493,295,35,1,1
3493,295,36,1,1
3493,295,37,1,1
3493,295,38,1,1
3493,295,39,1,1
3493,295,40,1,1
3493,295,41,1,1
3493,295,42,1,1
3493,295,43,1,1
3493,295,44,1,1
3493,295,45,1,1
3493,295,46,1,1
3493,295,47,1,1
3493,295,48,1,1
3493,295,49,1,1
3493,295,50,1,1
3493,295,1,2,1
3493,295,2,2,1
3493,295,3,2,1
3493,295,4,2,1
3493,295,5,2,1
3493,295,6,2,1
3493,295,7,2,1
3493,295,8,2,1
3493,295,9,2,1
3493,295,10,2,1
3493,295,11,2,1
3493,295,12,2,1
3493,295,13,2,1
3493,295,14,2,1
3493,295,15,2,1
3493,295,16,2,1
3493,295,17,2,1
3493,295,18,2,1
3493,295,19,2,1
3493,295,20,2,1
3493,295,21,2,1
3493,295,22,2,1
3493,295,23,2,1
3493,295,24,2,1
3493,295,25,2,1
3493,295,26,2,1
3493,295,27,2,1
3493,295,28,2,1
3493,295,29,2,1
3493,295,30,2,1
3493,295,31,2,1
3493,295,32,2,1
3493,295,33,2,1
3493,295,34,2,1
3493,295,35,2,1
3493,295,36,2,1
3493,295,37,2,1
3493,295,38,2,1
3493,295,39,2,1
3493,295,40,2,1
3493,295,41,2,1
3493,295,42,2,1
3493,295,43,2,1
3493,295,44,2,1
3493,295,45,2,1
3493,295,46,2,1
3493,295,47,2,1
3493,295,48,2,1
3493,295,49,2,1
3493,295,50,2,1
3494,294,1,1,1
3494,294,2,1,1
3494,294,3,1,1
3494,294,4,1,1
3494,294,5,1,1
3494,294,6,1,1
3494,294,7,1,1
3494,294,8,1,1
3494,294,9,1,1
3494,294,10,1,1
3494,294,11,1,1
3494,294,12,1,1
3494,294,13,1,1
3494,294,14,1,1
3494,294,15,1,1
3494,294,16,1,1
3494,294,17,1,1
3494,294,18,1,1
3494,294,19,1,1
3494,294,20,1,1
3494,294,21,1,1
3494,294,22,1,1
3494,294,23,1,1
3494,294,24,1,1
3494,294,25,1,1
3494,294,26,1,1
3494,294,27,1,1
3494,294,28,1,1
3494,294,29,1,1
3494,294,30,1,1
3494,294,31,1,1
3494,294,32,1,1
3494,294,33,1,1
3494,294,34,1,1
3494,294,35,1,1
3494,294,36,1,1
3494,294,37,1,1
3494,294,38,1,1
3494,294,39,1,1
3494,294,40,1,1
3494,294,41,1,1
3494,294,42,1,1
3494,294,43,1,1
3494,294,44,1,1
3494,294,45,1,1
3494,294,46,1,1
3494,294,47,1,1
3494,294,48,1,1
3494,294,49,1,1
3494,294,50,1,1
3494,294,1,2,1
3494,294,2,2,1
3494,294,3,2,1
3494,294,4,2,1
3494,294,5,2,1
3494,294,6,2,1
3494,294,7,2,1
3494,294,8,2,1
3494,294,9,2,1
3494,294,10,2,1
3494,294,11,2,1
3494,294,12,2,1
3494,294,13,2,1
3494,294,14,2,1
3494,294,15,2,1
3494,294,16,2,1
3494,294,17,2,1
3494,294,18,2,1
3494,294,19,2,1
3494,294,20,2,1
3494,294,21,2,1
3494,294,22,2,1
3494,294,23,2,1
3494,294,24,2,1
3494,294,25,2,1
3494,294,26,2,1
3494,294,27,2,1
3494,294,28,2,1
3494,294,29,2,1
3494,294,30,2,1
3494,294,31,2,1
3494,294,32,2,1
3494,294,33,2,1
3494,294,34,2,1
3494,294,35,2,1
3494,294,36,2,1
3494,294,37,2,1
3494,294,38,2,1
3494,294,39,2,1
3494,294,40,2,1
3494,294,41,2,1
3494,294,42,2,1
3494,294,43,2,1
3494,294,44,2,1
3494,294,45,2,1
3494,294,46,2,1
3494,294,47,2,1
3494,294,48,2,1
3494,294,49,2,1
3494,294,50,2,1
3495,293,1,1,1
3495,293,2,1,1
3495,293,3,1,1
3495,293,4,1,1
3495,293,5,1,1
3495,293,6,1,1
3495,293,7,1,1
3495,293,8,1,1
3495,293,9,1,1
3495,293,10,1,1
3495,293,11,1,1
3495,293,12,1,1
3495,293,13,1,1
3495,293,14,1,1
3495,293,15,1,1
3495,293,16,1,1
3495,293,17,1,1
3495,293,18,1,1
3495,293,19,1,1
3495,293,20,1,1
3495,293,21,1,1
3495,293,22,1,1
3495,293,23,1,1
3495,293,24,1,1
3495,293,25,1,1
3495,293,26,1,1
3495,293,27,1,1
3495,293,28,1,1
3495,293,29,1,1
3495,293,30,1,1
3495,293,31,1,1
3495,293,32,1,1
3495,293,33,1,1
3495,293,34,1,1
3495,293,35,1,1
3495,293,36,1,1
3495,293,37,1,1
3495,293,38,1,1
3495,293,39,1,1
3495,293,40,1,1
3495,293,41,1,1
3495,293,42,1,1
3495,293,43,1,1
3495,293,44,1,1
3495,293,45,1,1
3495,293,46,1,1
3495,293,47,1,1
3495,293,48,1,1
3495,293,49,1,1
3495,293,50,1,1
3495,293,1,2,1
3495,293,2,2,1
3495,293,3,2,1
3495,293,4,2,1
3495,293,5,2,1
3495,293,6,2,1
3495,293,7,2,1
3495,293,8,2,1
3495,293,9,2,1
3495,293,10,2,1
3495,293,11,2,1
3495,293,12,2,1
3495,293,13,2,1
3495,293,14,2,1
3495,293,15,2,1
3495,293,16,2,1
3495,293,17,2,1
3495,293,18,2,1
3495,293,19,2,1
3495,293,20,2,1
3495,293,21,2,1
3495,293,22,2,1
3495,293,23,2,1
3495,293,24,2,1
3495,293,25,2,1
3495,293,26,2,1
3495,293,27,2,1
3495,293,28,2,1
3495,293,29,2,1
3495,293,30,2,1
3495,293,31,2,1
3495,293,32,2,1
3495,293,33,2,1
3495,293,34,2,1
3495,293,35,2,1
3495,293,36,2,1
3495,293,37,2,1
3495,293,38,2,1
3495,293,39,2,1
3495,293,40,2,1
3495,293,41,2,1
3495,293,42,2,1
3495,293,43,2,1
3495,293,44,2,1
3495,293,45,2,1
3495,293,46,2,1
3495,293,47,2,1
3495,293,48,2,1
3495,293,49,2,1
3495,293,50,2,1
3496,292,1,1,1
3496,292,2,1,1
3496,292,3,1,1
3496,292,4,1,1
3496,292,5,1,1
3496,292,6,1,1
3496,292,7,1,1
3496,292,8,1,1
3496,292,9,1,1
3496,292,10,1,1
3496,292,11,1,1
3496,292,12,1,1
3496,292,13,1,1
3496,292,14,1,1
3496,292,15,1,1
3496,292,16,1,1
3496,292,17,1,1
3496,292,18,1,1
3496,292,19,1,1
3496,292,20,1,1
3496,292,21,1,1
3496,292,22,1,1
3496,292,23,1,1
3496,292,24,1,1
3496,292,25,1,1
3496,292,26,1,1
3496,292,27,1,1
3496,292,28,1,1
3496,292,29,1,1
3496,292,30,1,1
3496,292,31,1,1
3496,292,32,1,1
3496,292,33,1,1
3496,292,34,1,1
3496,292,35,1,1
3496,292,36,1,1
3496,292,37,1,1
3496,292,38,1,1
3496,292,39,1,1
3496,292,40,1,1
3496,292,41,1,1
3496,292,42,1,1
3496,292,43,1,1
3496,292,44,1,1
3496,292,45,1,1
3496,292,46,1,1
3496,292,47,1,1
3496,292,48,1,1
3496,292,49,1,1
3496,292,50,1,1
3496,292,1,2,1
3496,292,2,2,1
3496,292,3,2,1
3496,292,4,2,1
3496,292,5,2,1
3496,292,6,2,1
3496,292,7,2,1
3496,292,8,2,1
3496,292,9,2,1
3496,292,10,2,1
3496,292,11,2,1
3496,292,12,2,1
3496,292,13,2,1
3496,292,14,2,1
3496,292,15,2,1
3496,292,16,2,1
3496,292,17,2,1
3496,292,18,2,1
3496,292,19,2,1
3496,292,20,2,1
3496,292,21,2,1
3496,292,22,2,1
3496,292,23,2,1
3496,292,24,2,1
3496,292,25,2,1
3496,292,26,2,1
3496,292,27,2,1
3496,292,28,2,1
3496,292,29,2,1
3496,292,30,2,1
3496,292,31,2,1
3496,292,32,2,1
3496,292,33,2,1
3496,292,34,2,1
3496,292,35,2,1
3496,292,36,2,1
3496,292,37,2,1
3496,292,38,2,1
3496,292,39,2,1
3496,292,40,2,1
3496,292,41,2,1
3496,292,42,2,1
3496,292,43,2,1
3496,292,44,2,1
3496,292,45,2,1
3496,292,46,2,1
3496,292,47,2,1
3496,292,48,2,1
3496,292,49,2,1
3496,292,50,2,1
3497,291,1,1,1
3497,291,2,1,1
3497,291,3,1,1
3497,291,4,1,1
3497,291,5,1,1
3497,291,6,1,1
3497,291,7,1,1
3497,291,8,1,1
3497,291,9,1,1
3497,291,10,1,1
3497,291,11,1,1
3497,291,12,1,1
3497,291,13,1,1
3497,291,14,1,1
3497,291,15,1,1
3497,291,16,1,1
3497,291,17,1,1
3497,291,18,1,1
3497,291,19,1,1
3497,291,20,1,1
3497,291,21,1,1
3497,291,22,1,1
3497,291,23,1,1
3497,291,24,1,1
3497,291,25,1,1
3497,291,26,1,1
3497,291,27,1,1
3497,291,28,1,1
3497,291,29,1,1
3497,291,30,1,1
3497,291,31,1,1
3497,291,32,1,1
3497,291,33,1,1
3497,291,34,1,1
3497,291,35,1,1
3497,291,36,1,1
3497,291,37,1,1
3497,291,38,1,1
3497,291,39,1,1
3497,291,40,1,1
3497,291,41,1,1
3497,291,42,1,1
3497,291,43,1,1
3497,291,44,1,1
3497,291,45,1,1
3497,291,46,1,1
3497,291,47,1,1
3497,291,48,1,1
3497,291,49,1,1
3497,291,50,1,1
3497,291,1,2,1
3497,291,2,2,1
3497,291,3,2,1
3497,291,4,2,1
3497,291,5,2,1
3497,291,6,2,1
3497,291,7,2,1
3497,291,8,2,1
3497,291,9,2,1
3497,291,10,2,1
3497,291,11,2,1
3497,291,12,2,1
3497,291,13,2,1
3497,291,14,2,1
3497,291,15,2,1
3497,291,16,2,1
3497,291,17,2,1
3497,291,18,2,1
3497,291,19,2,1
3497,291,20,2,1
3497,291,21,2,1
3497,291,22,2,1
3497,291,23,2,1
3497,291,24,2,1
3497,291,25,2,1
3497,291,26,2,1
3497,291,27,2,1
3497,291,28,2,1
3497,291,29,2,1
3497,291,30,2,1
3497,291,31,2,1
3497,291,32,2,1
3497,291,33,2,1
3497,291,34,2,1
3497,291,35,2,1
3497,291,36,2,1
3497,291,37,2,1
3497,291,38,2,1
3497,291,39,2,1
3497,291,40,2,1
3497,291,41,2,1
3497,291,42,2,1
3497,291,43,2,1
3497,291,44,2,1
3497,291,45,2,1
3497,291,46,2,1
3497,291,47,2,1
3497,291,48,2,1
3497,291,49,2,1
3497,291,50,2,1
3498,290,1,1,1
3498,290,2,1,1
3498,290,3,1,1
3498,290,4,1,1
3498,290,5,1,1
3498,290,6,1,1
3498,290,7,1,1
3498,290,8,1,1
3498,290,9,1,1
3498,290,10,1,1
3498,290,11,1,1
3498,290,12,1,1
3498,290,13,1,1
3498,290,14,1,1
3498,290,15,1,1
3498,290,16,1,1
3498,290,17,1,1
3498,290,18,1,1
3498,290,19,1,1
3498,290,20,1,1
3498,290,21,1,1
3498,290,22,1,1
3498,290,23,1,1
3498,290,24,1,1
3498,290,25,1,1
3498,290,26,1,1
3498,290,27,1,1
3498,290,28,1,1
3498,290,29,1,1
3498,290,30,1,1
3498,290,31,1,1
3498,290,32,1,1
3498,290,33,1,1
3498,290,34,1,1
3498,290,35,1,1
3498,290,36,1,1
3498,290,37,1,1
3498,290,38,1,1
3498,290,39,1,1
3498,290,40,1,1
3498,290,41,1,1
3498,290,42,1,1
3498,290,43,1,1
3498,290,44,1,1
3498,290,45,1,1
3498,290,46,1,1
3498,290,47,1,1
3498,290,48,1,1
3498,290,49,1,1
3498,290,50,1,1
3498,290,1,2,1
3498,290,2,2,1
3498,290,3,2,1
3498,290,4,2,1
3498,290,5,2,1
3498,290,6,2,1
3498,290,7,2,1
3498,290,8,2,1
3498,290,9,2,1
3498,290,10,2,1
3498,290,11,2,1
3498,290,12,2,1
3498,290,13,2,1
3498,290,14,2,1
3498,290,15,2,1
3498,290,16,2,1
3498,290,17,2,1
3498,290,18,2,1
3498,290,19,2,1
3498,290,20,2,1
3498,290,21,2,1
3498,290,22,2,1
3498,290,23,2,1
3498,290,24,2,1
3498,290,25,2,1
3498,290,26,2,1
3498,290,27,2,1
3498,290,28,2,1
3498,290,29,2,1
3498,290,30,2,1
3498,290,31,2,1
3498,290,32,2,1
3498,290,33,2,1
3498,290,34,2,1
3498,290,35,2,1
3498,290,36,2,1
3498,290,37,2,1
3498,290,38,2,1
3498,290,39,2,1
3498,290,40,2,1
3498,290,41,2,1
3498,290,42,2,1
3498,290,43,2,1
3498,290,44,2,1
3498,290,45,2,1
3498,290,46,2,1
3498,290,47,2,1
3498,290,48,2,1
3498,290,49,2,1
3498,290,50,2,1
3499,289,1,1,1
3499,289,2,1,1
3499,289,3,1,1
3499,289,4,1,1
3499,289,5,1,1
3499,289,6,1,1
3499,289,7,1,1
3499,289,8,1,1
3499,289,9,1,1
3499,289,10,1,1
3499,289,11,1,1
3499,289,12,1,1
3499,289,13,1,1
3499,289,14,1,1
3499,289,15,1,1
3499,289,16,1,1
3499,289,17,1,1
3499,289,18,1,1
3499,289,19,1,1
3499,289,20,1,1
3499,289,21,1,1
3499,289,22,1,1
3499,289,23,1,1
3499,289,24,1,1
3499,289,25,1,1
3499,289,26,1,1
3499,289,27,1,1
3499,289,28,1,1
3499,289,29,1,1
3499,289,30,1,1
3499,289,31,1,1
3499,289,32,1,1
3499,289,33,1,1
3499,289,34,1,1
3499,289,35,1,1
3499,289,36,1,1
3499,289,37,1,1
3499,289,38,1,1
3499,289,39,1,1
3499,289,40,1,1
3499,289,41,1,1
3499,289,42,1,1
3499,289,43,1,1
3499,289,44,1,1
3499,289,45,1,1
3499,289,46,1,1
3499,289,47,1,1
3499,289,48,1,1
3499,289,49,1,1
3499,289,50,1,1
3499,289,1,2,1
3499,289,2,2,1
3499,289,3,2,1
3499,289,4,2,1
3499,289,5,2,1
3499,289,6,2,1
3499,289,7,2,1
3499,289,8,2,1
3499,289,9,2,1
3499,289,10,2,1
3499,289,11,2,1
3499,289,12,2,1
3499,289,13,2,1
3499,289,14,2,1
3499,289,15,2,1
3499,289,16,2,1
3499,289,17,2,1
3499,289,18,2,1
3499,289,19,2,1
3499,289,20,2,1
3499,289,21,2,1
3499,289,22,2,1
3499,289,23,2,1
3499,289,24,2,1
3499,289,25,2,1
3499,289,26,2,1
3499,289,27,2,1
3499,289,28,2,1
3499,289,29,2,1
3499,289,30,2,1
3499,289,31,2,1
3499,289,32,2,1
3499,289,33,2,1
3499,289,34,2,1
3499,289,35,2,1
3499,289,36,2,1
3499,289,37,2,1
3499,289,38,2,1
3499,289,39,2,1
3499,289,40,2,1
3499,289,41,2,1
3499,289,42,2,1
3499,289,43,2,1
3499,289,44,2,1
3499,289,45,2,1
3499,289,46,2,1
3499,289,47,2,1
3499,289,48,2,1
3499,289,49,2,1
3499,289,50,2,1
3500,288,1,1,1
3500,288,2,1,1
3500,288,3,1,1
3500,288,4,1,1
3500,288,5,1,1
3500,288,6,1,1
3500,288,7,1,1
3500,288,8,1,1
3500,288,9,1,1
3500,288,10,1,1
3500,288,11,1,1
3500,288,12,1,1
3500,288,13,1,1
3500,288,14,1,1
3500,288,15,1,1
3500,288,16,1,1
3500,288,17,1,1
3500,288,18,1,1
3500,288,19,1,1
3500,288,20,1,1
3500,288,21,1,1
3500,288,22,1,1
3500,288,23,1,1
3500,288,24,1,1
3500,288,25,1,1
3500,288,26,1,1
3500,288,27,1,1
3500,288,28,1,1
3500,288,29,1,1
3500,288,30,1,1
3500,288,31,1,1
3500,288,32,1,1
3500,288,33,1,1
3500,288,34,1,1
3500,288,35,1,1
3500,288,36,1,1
3500,288,37,1,1
3500,288,38,1,1
3500,288,39,1,1
3500,288,40,1,1
3500,288,41,1,1
3500,288,42,1,1
3500,288,43,1,1
3500,288,44,1,1
3500,288,45,1,1
3500,288,46,1,1
3500,288,47,1,1
3500,288,48,1,1
3500,288,49,1,1
3500,288,50,1,1
3500,288,1,2,1
3500,288,2,2,1
3500,288,3,2,1
3500,288,4,2,1
3500,288,5,2,1
3500,288,6,2,1
3500,288,7,2,1
3500,288,8,2,1
3500,288,9,2,1
3500,288,10,2,1
3500,288,11,2,1
3500,288,12,2,1
3500,288,13,2,1
3500,288,14,2,1
3500,288,15,2,1
3500,288,16,2,1
3500,288,17,2,1
3500,288,18,2,1
3500,288,19,2,1
3500,288,20,2,1
3500,288,21,2,1
3500,288,22,2,1
3500,288,23,2,1
3500,288,24,2,1
3500,288,25,2,1
3500,288,26,2,1
3500,288,27,2,1
3500,288,28,2,1
3500,288,29,2,1
3500,288,30,2,1
3500,288,31,2,1
3500,288,32,2,1
3500,288,33,2,1
3500,288,34,2,1
3500,288,35,2,1
3500,288,36,2,1
3500,288,37,2,1
3500,288,38,2,1
3500,288,39,2,1
3500,288,40,2,1
3500,288,41,2,1
3500,288,42,2,1
3500,288,43,2,1
3500,288,44,2,1
3500,288,45,2,1
3500,288,46,2,1
3500,288,47,2,1
3500,288,48,2,1
3500,288,49,2,1
3500,288,50,2,1
3501,287,1,1,1
3501,287,2,1,1
3501,287,3,1,1
3501,287,4,1,1
3501,287,5,1,1
3501,287,6,1,1
3501,287,7,1,1
3501,287,8,1,1
3501,287,9,1,1
3501,287,10,1,1
3501,287,11,1,1
3501,287,12,1,1
3501,287,13,1,1
3501,287,14,1,1
3501,287,15,1,1
3501,287,16,1,1
3501,287,17,1,1
3501,287,18,1,1
3501,287,19,1,1
3501,287,20,1,1
3501,287,21,1,1
3501,287,22,1,1
3501,287,23,1,1
3501,287,24,1,1
3501,287,25,1,1
3501,287,26,1,1
3501,287,27,1,1
3501,287,28,1,1
3501,287,29,1,1
3501,287,30,1,1
3501,287,31,1,1
3501,287,32,1,1
3501,287,33,1,1
3501,287,34,1,1
3501,287,35,1,1
3501,287,36,1,1
3501,287,37,1,1
3501,287,38,1,1
3501,287,39,1,1
3501,287,40,1,1
3501,287,41,1,1
3501,287,42,1,1
3501,287,43,1,1
3501,287,44,1,1
3501,287,45,1,1
3501,287,46,1,1
3501,287,47,1,1
3501,287,48,1,1
3501,287,49,1,1
3501,287,50,1,1
3501,287,1,2,1
3501,287,2,2,1
3501,287,3,2,1
3501,287,4,2,1
3501,287,5,2,1
3501,287,6,2,1
3501,287,7,2,1
3501,287,8,2,1
3501,287,9,2,1
3501,287,10,2,1
3501,287,11,2,1
3501,287,12,2,1
3501,287,13,2,1
3501,287,14,2,1
3501,287,15,2,1
3501,287,16,2,1
3501,287,17,2,1
3501,287,18,2,1
3501,287,19,2,1
3501,287,20,2,1
3501,287,21,2,1
3501,287,22,2,1
3501,287,23,2,1
3501,287,24,2,1
3501,287,25,2,1
3501,287,26,2,1
3501,287,27,2,1
3501,287,28,2,1
3501,287,29,2,1
3501,287,30,2,1
3501,287,31,2,1
3501,287,32,2,1
3501,287,33,2,1
3501,287,34,2,1
3501,287,35,2,1
3501,287,36,2,1
3501,287,37,2,1
3501,287,38,2,1
3501,287,39,2,1
3501,287,40,2,1
3501,287,41,2,1
3501,287,42,2,1
3501,287,43,2,1
3501,287,44,2,1
3501,287,45,2,1
3501,287,46,2,1
3501,287,47,2,1
3501,287,48,2,1
3501,287,49,2,1
3501,287,50,2,1
3502,286,1,1,1
3502,286,2,1,1
3502,286,3,1,1
3502,286,4,1,1
3502,286,5,1,1
3502,286,6,1,1
3502,286,7,1,1
3502,286,8,1,1
3502,286,9,1,1
3502,286,10,1,1
3502,286,11,1,1
3502,286,12,1,1
3502,286,13,1,1
3502,286,14,1,1
3502,286,15,1,1
3502,286,16,1,1
3502,286,17,1,1
3502,286,18,1,1
3502,286,19,1,1
3502,286,20,1,1
3502,286,21,1,1
3502,286,22,1,1
3502,286,23,1,1
3502,286,24,1,1
3502,286,25,1,1
3502,286,26,1,1
3502,286,27,1,1
3502,286,28,1,1
3502,286,29,1,1
3502,286,30,1,1
3502,286,31,1,1
3502,286,32,1,1
3502,286,33,1,1
3502,286,34,1,1
3502,286,35,1,1
3502,286,36,1,1
3502,286,37,1,1
3502,286,38,1,1
3502,286,39,1,1
3502,286,40,1,1
3502,286,41,1,1
3502,286,42,1,1
3502,286,43,1,1
3502,286,44,1,1
3502,286,45,1,1
3502,286,46,1,1
3502,286,47,1,1
3502,286,48,1,1
3502,286,49,1,1
3502,286,50,1,1
3502,286,1,2,1
3502,286,2,2,1
3502,286,3,2,1
3502,286,4,2,1
3502,286,5,2,1
3502,286,6,2,1
3502,286,7,2,1
3502,286,8,2,1
3502,286,9,2,1
3502,286,10,2,1
3502,286,11,2,1
3502,286,12,2,1
3502,286,13,2,1
3502,286,14,2,1
3502,286,15,2,1
3502,286,16,2,1
3502,286,17,2,1
3502,286,18,2,1
3502,286,19,2,1
3502,286,20,2,1
3502,286,21,2,1
3502,286,22,2,1
3502,286,23,2,1
3502,286,24,2,1
3502,286,25,2,1
3502,286,26,2,1
3502,286,27,2,1
3502,286,28,2,1
3502,286,29,2,1
3502,286,30,2,1
3502,286,31,2,1
3502,286,32,2,1
3502,286,33,2,1
3502,286,34,2,1
3502,286,35,2,1
3502,286,36,2,1
3502,286,37,2,1
3502,286,38,2,1
3502,286,39,2,1
3502,286,40,2,1
3502,286,41,2,1
3502,286,42,2,1
3502,286,43,2,1
3502,286,44,2,1
3502,286,45,2,1
3502,286,46,2,1
3502,286,47,2,1
3502,286,48,2,1
3502,286,49,2,1
3502,286,50,2,1
3503,285,1,1,1
3503,285,2,1,1
3503,285,3,1,1
3503,285,4,1,1
3503,285,5,1,1
3503,285,6,1,1
3503,285,7,1,1
3503,285,8,1,1
3503,285,9,1,1
3503,285,10,1,1
3503,285,11,1,1
3503,285,12,1,1
3503,285,13,1,1
3503,285,14,1,1
3503,285,15,1,1
3503,285,16,1,1
3503,285,17,1,1
3503,285,18,1,1
3503,285,19,1,1
3503,285,20,1,1
3503,285,21,1,1
3503,285,22,1,1
3503,285,23,1,1
3503,285,24,1,1
3503,285,25,1,1
3503,285,26,1,1
3503,285,27,1,1
3503,285,28,1,1
3503,285,29,1,1
3503,285,30,1,1
3503,285,31,1,1
3503,285,32,1,1
3503,285,33,1,1
3503,285,34,1,1
3503,285,35,1,1
3503,285,36,1,1
3503,285,37,1,1
3503,285,38,1,1
3503,285,39,1,1
3503,285,40,1,1
3503,285,41,1,1
3503,285,42,1,1
3503,285,43,1,1
3503,285,44,1,1
3503,285,45,1,1
3503,285,46,1,1
3503,285,47,1,1
3503,285,48,1,1
3503,285,49,1,1
3503,285,50,1,1
3503,285,1,2,1
3503,285,2,2,1
3503,285,3,2,1
3503,285,4,2,1
3503,285,5,2,1
3503,285,6,2,1
3503,285,7,2,1
3503,285,8,2,1
3503,285,9,2,1
3503,285,10,2,1
3503,285,11,2,1
3503,285,12,2,1
3503,285,13,2,1
3503,285,14,2,1
3503,285,15,2,1
3503,285,16,2,1
3503,285,17,2,1
3503,285,18,2,1
3503,285,19,2,1
3503,285,20,2,1
3503,285,21,2,1
3503,285,22,2,1
3503,285,23,2,1
3503,285,24,2,1
3503,285,25,2,1
3503,285,26,2,1
3503,285,27,2,1
3503,285,28,2,1
3503,285,29,2,1
3503,285,30,2,1
3503,285,31,2,1
3503,285,32,2,1
3503,285,33,2,1
3503,285,34,2,1
3503,285,35,2,1
3503,285,36,2,1
3503,285,37,2,1
3503,285,38,2,1
3503,285,39,2,1
3503,285,40,2,1
3503,285,41,2,1
3503,285,42,2,1
3503,285,43,2,1
3503,285,44,2,1
3503,285,45,2,1
3503,285,46,2,1
3503,285,47,2,1
3503,285,48,2,1
3503,285,49,2,1
3503,285,50,2,1
3503,284,1,1,1
3503,284,2,1,1
3503,284,3,1,1
3503,284,4,1,1
3503,284,5,1,1
3503,284,6,1,1
3503,284,7,1,1
3503,284,8,1,1
3503,284,9,1,1
3503,284,10,1,1
3503,284,11,1,1
3503,284,12,1,1
3503,284,13,1,1
3503,284,14,1,1
3503,284,15,1,1
3503,284,16,1,1
3503,284,17,1,1
3503,284,18,1,1
3503,284,19,1,1
3503,284,20,1,1
3503,284,21,1,1
3503,284,22,1,1
3503,284,23,1,1
3503,284,24,1,1
3503,284,25,1,1
3503,284,26,1,1
3503,284,27,1,1
3503,284,28,1,1
3503,284,29,1,1
3503,284,30,1,1
3503,284,31,1,1
3503,284,32,1,1
3503,284,33,1,1
3503,284,34,1,1
3503,284,35,1,1
3503,284,36,1,1
3503,284,37,1,1
3503,284,38,1,1
3503,284,39,1,1
3503,284,40,1,1
3503,284,41,1,1
3503,284,42,1,1
3503,284,43,1,1
3503,284,44,1,1
3503,284,45,1,1
3503,284,46,1,1
3503,284,47,1,1
3503,284,48,1,1
3503,284,49,1,1
3503,284,50,1,1
3504,284,1,2,1
3504,284,2,2,1
3504,284,3,2,1
3504,284,4,2,1
3504,284,5,2,1
3504,284,6,2,1
3504,284,7,2,1
3504,284,8,2,1
3504,284,9,2,1
3504,284,10,2,1
3504,284,11,2,1
3504,284,12,2,1
3504,284,13,2,1
3504,284,14,2,1
3504,284,15,2,1
3504,284,16,2,1
3504,284,17,2,1
3504,284,18,2,1
3504,284,19,2,1
3504,284,20,2,1
3504,284,21,2,1
3504,284,22,2,1
3504,284,23,2,1
3504,284,24,2,1
3504,284,25,2,1
3504,284,26,2,1
3504,284,27,2,1
3504,284,28,2,1
3504,284,29,2,1
3504,284,30,2,1
3504,284,31,2,1
3504,284,32,2,1
3504,284,33,2,1
3504,284,34,2,1
3504,284,35,2,1
3504,284,36,2,1
3504,284,37,2,1
3504,284,38,2,1
3504,284,39,2,1
3504,284,40,2,1
3504,284,41,2,1
3504,284,42,2,1
3504,284,43,2,1
3504,284,44,2,1
3504,284,45,2,1
3504,284,46,2,1
3504,284,47,2,1
3504,284,48,2,1
3504,284,49,2,1
3504,284,50,2,1
3504,283,1,1,1
3504,283,2,1,1
3504,283,3,1,1
3504,283,4,1,1
3504,283,5,1,1
3504,283,6,1,1
3504,283,7,1,1
3504,283,8,1,1
3504,283,9,1,1
3504,283,10,1,1
3504,283,11,1,1
3504,283,12,1,1
3504,283,13,1,1
3504,283,14,1,1
3504,283,15,1,1
3504,283,16,1,1
3504,283,17,1,1
3504,283,18,1,1
3504,283,19,1,1
3504,283,20,1,1
3504,283,21,1,1
3504,283,22,1,1
3504,283,23,1,1
3504,283,24,1,1
3504,283,25,1,1
3504,283,26,1,1
3504,283,27,1,1
3504,283,28,1,1
3504,283,29,1,1
3504,283,30,1,1
3504,283,31,1,1
3504,283,32,1,1
3504,283,33,1,1
3504,283,34,1,1
3504,283,35,1,1
3504,283,36,1,1
3504,283,37,1,1
3504,283,38,1,1
3504,283,39,1,1
3504,283,40,1,1
3504,283,41,1,1
3504,283,42,1,1
3504,283,43,1,1
3504,283,44,1,1
3504,283,45,1,1
3504,283,46,1,1
3504,283,47,1,1
3504,283,48,1,1
3504,283,49,1,1
3504,283,50,1,1
3505,283,1,2,1
3505,283,2,2,1
3505,283,3,2,1
3505,283,4,2,1
3505,283,5,2,1
3505,283,6,2,1
3505,283,7,2,1
3505,283,8,2,1
3505,283,9,2,1
3505,283,10,2,1
3505,283,11,2,1
3505,283,12,2,1
3505,283,13,2,1
3505,283,14,2,1
3505,283,15,2,1
3505,283,16,2,1
3505,283,17,2,1
3505,283,18,2,1
3505,283,19,2,1
3505,283,20,2,1
3505,283,21,2,1
3505,283,22,2,1
3505,283,23,2,1
3505,283,24,2,1
3505,283,25,2,1
3505,283,26,2,1
3505,283,27,2,1
3505,283,28,2,1
3505,283,29,2,1
3505,283,30,2,1
3505,283,31,2,1
3505,283,32,2,1
3505,283,33,2,1
3505,283,34,2,1
3505,283,35,2,1
3505,283,36,2,1
3505,283,37,2,1
3505,283,38,2,1
3505,283,39,2,1
3505,283,40,2,1
3505,283,41,2,1
3505,283,42,2,1
3505,283,43,2,1
3505,283,44,2,1
3505,283,45,2,1
3505,283,46,2,1
3505,283,47,2,1
3505,283,48,2,1
3505,283,49,2,1
3505,283,50,2,1
3505,282,1,1,1
3505,282,2,1,1
3505,282,3,1,1
3505,282,4,1,1
3505,282,5,1,1
3505,282,6,1,1
3505,282,7,1,1
3505,282,8,1,1
3505,282,9,1,1
3505,282,10,1,1
3505,282,11,1,1
3505,282,12,1,1
3505,282,13,1,1
3505,282,14,1,1
3505,282,15,1,1
3505,282,16,1,1
3505,282,17,1,1
3505,282,18,1,1
3505,282,19,1,1
3505,282,20,1,1
3505,282,21,1,1
3505,282,22,1,1
3505,282,23,1,1
3505,282,24,1,1
3505,282,25,1,1
3505,282,26,1,1
3505,282,27,1,1
3505,282,28,1,1
3505,282,29,1,1
3505,282,30,1,1
3505,282,31,1,1
3505,282,32,1,1
3505,282,33,1,1
3505,282,34,1,1
3505,282,35,1,1
3505,282,36,1,1
3505,282,37,1,1
3505,282,38,1,1
3505,282,39,1,1
3505,282,40,1,1
3505,282,41,1,1
3505,282,42,1,1
3505,282,43,1,1
3505,282,44,1,1
3505,282,45,1,1
3505,282,46,1,1
3505,282,47,1,1
3505,282,48,1,1
3505,282,49,1,1
3505,282,50,1,1
3166,414,1,1,-1
3166,414,2,1,-1
3166,414,3,1,-1
3166,414,4,1,-1
3166,414,5,1,-1
3166,414,6,1,-1
3166,414,7,1,-1
3166,414,8,1,-1
3166,414,9,1,-1
3166,414,10,1,-1
3166,414,11,1,-1
3166,414,12,1,-1
3166,414,13,1,-1
3166,414,14,1,-1
3166,414,15,1,-1
3166,414,16,1,-1
3166,414,17,1,-1
3166,414,18,1,-1
3166,414,19,1,-1
3166,414,20,1,-1
3166,414,21,1,-1
3166,414,22,1,-1
3166,414,23,1,-1
3166,414,24,1,-1
3166,414,25,1,-1
3166,414,26,1,-1
3166,414,27,1,-1
3166,414,28,1,-1
3166,414,29,1,-1
3166,414,30,1,-1
3166,414,31,1,-1
3166,414,32,1,-1
3166,414,33,1,-1
3166,414,34,1,-1
3166,414,35,1,-1
3166,414,36,1,-1
3166,414,37,1,-1
3166,414,38,1,-1
3166,414,39,1,-1
3166,414,40,1,-1
3166,414,41,1,-1
3166,414,42,1,-1
3166,414,43,1,-1
3166,414,44,1,-1
3166,414,45,1,-1
3166,414,46,1,-1
3166,414,47,1,-1
3166,414,48,1,-1
3166,414,49,1,-1
3166,414,50,1,-1
3166,414,1,2,1
3166,414,2,2,1
3166,414,3,2,1
3166,414,4,2,1
3166,414,5,2,1
3166,414,6,2,1
3166,414,7,2,1
3166,414,8,2,1
3166,414,9,2,1
3166,414,10,2,1
3166,414,11,2,1
3166,414,12,2,1
3166,414,13,2,1
3166,414,14,2,1
3166,414,15,2,1
3166,414,16,2,1
3166,414,17,2,1
3166,414,18,2,1
3166,414,19,2,1
3166,414,20,2,1
3166,414,21,2,1
3166,414,22,2,1
3166,414,23,2,1
3166,414,24,2,1
3166,414,25,2,1
3166,414,26,2,1
3166,414,27,2,1
3166,414,28,2,1
3166,414,29,2,1
3166,414,30,2,1
3166,414,31,2,1
3166,414,32,2,1
3166,414,33,2,1
3166,414,34,2,1
3166,414,35,2,1
3166,414,36,2,1
3166,414,37,2,1
3166,414,38,2,1
3166,414,39,2,1
3166,414,40,2,1
3166,414,41,2,1
3166,414,42,2,1
3166,414,43,2,1
3166,414,44,2,1
3166,414,45,2,1
3166,414,46,2,1
3166,414,47,2,1
3166,414,48,2,1
3166,414,49,2,1
3166,414,50,2,1
3167,414,1,2,1
3167,414,2,2,1
3167,414,3,2,1
3167,414,4,2,1
3167,414,5,2,1
3167,414,6,2,1
3167,414,7,2,1
3167,414,8,2,1
3167,414,9,2,1
3167,414,10,2,1
3167,414,11,2,1
3167,414,12,2,1
3167,414,13,2,1
3167,414,14,2,1
3167,414,15,2,1
3167,414,16,2,1
3167,414,17,2,1
3167,414,18,2,1
3167,414,19,2,1
3167,414,20,2,1
3167,414,21,2,1
3167,414,22,2,1
3167,414,23,2,1
3167,414,24,2,1
3167,414,25,2,1
3167,414,26,2,1
3167,414,27,2,1
3167,414,28,2,1
3167,414,29,2,1
3167,414,30,2,1
3167,414,31,2,1
3167,414,32,2,1
3167,414,33,2,1
3167,414,34,2,1
3167,414,35,2,1
3167,414,36,2,1
3167,414,37,2,1
3167,414,38,2,1
3167,414,39,2,1
3167,414,40,2,1
3167,414,41,2,1
3167,414,42,2,1
3167,414,43,2,1
3167,414,44,2,1
3167,414,45,2,1
3167,414,46,2,1
3167,414,47,2,1
3167,414,48,2,1
3167,414,49,2,1
3167,414,50,2,1
3168,414,1,2,1
3168,414,2,2,1
3168,414,3,2,1
3168,414,4,2,1
3168,414,5,2,1
3168,414,6,2,1
3168,414,7,2,1
3168,414,8,2,1
3168,414,9,2,1
3168,414,10,2,1
3168,414,11,2,1
3168,414,12,2,1
3168,414,13,2,1
3168,414,14,2,1
3168,414,15,2,1
3168,414,16,2,1
3168,414,17,2,1
3168,414,18,2,1
3168,414,19,2,1
3168,414,20,2,1
3168,414,21,2,1
3168,414,22,2,1
3168,414,23,2,1
3168,414,24,2,1
3168,414,25,2,1
3168,414,26,2,1
3168,414,27,2,1
3168,414,28,2,1
3168,414,29,2,1
3168,414,30,2,1
3168,414,31,2,1
3168,414,32,2,1
3168,414,33,2,1
3168,414,34,2,1
3168,414,35,2,1
3168,414,36,2,1
3168,414,37,2,1
3168,414,38,2,1
3168,414,39,2,1
3168,414,40,2,1
3168,414,41,2,1
3168,414,42,2,1
3168,414,43,2,1
3168,414,44,2,1
3168,414,45,2,1
3168,414,46,2,1
3168,414,47,2,1
3168,414,48,2,1
3168,414,49,2,1
3168,414,50,2,1
3169,414,1,2,1
3169,414,2,2,1
3169,414,3,2,1
3169,414,4,2,1
3169,414,5,2,1
3169,414,6,2,1
3169,414,7,2,1
3169,414,8,2,1
3169,414,9,2,1
3169,414,10,2,1
3169,414,11,2,1
3169,414,12,2,1
3169,414,13,2,1
3169,414,14,2,1
3169,414,15,2,1
3169,414,16,2,1
3169,414,17,2,1
3169,414,18,2,1
3169,414,19,2,1
3169,414,20,2,1
3169,414,21,2,1
3169,414,22,2,1
3169,414,23,2,1
3169,414,24,2,1
3169,414,25,2,1
3169,414,26,2,1
3169,414,27,2,1
3169,414,28,2,1
3169,414,29,2,1
3169,414,30,2,1
3169,414,31,2,1
3169,414,32,2,1
3169,414,33,2,1
3169,414,34,2,1
3169,414,35,2,1
3169,414,36,2,1
3169,414,37,2,1
3169,414,38,2,1
3169,414,39,2,1
3169,414,40,2,1
3169,414,41,2,1
3169,414,42,2,1
3169,414,43,2,1
3169,414,44,2,1
3169,414,45,2,1
3169,414,46,2,1
3169,414,47,2,1
3169,414,48,2,1
3169,414,49,2,1
3169,414,50,2,1
3170,414,1,2,1
3170,414,2,2,1
3170,414,3,2,1
3170,414,4,2,1
3170,414,5,2,1
3170,414,6,2,1
3170,414,7,2,1
3170,414,8,2,1
3170,414,9,2,1
3170,414,10,2,1
3170,414,11,2,1
3170,414,12,2,1
3170,414,13,2,1
3170,414,14,2,1
3170,414,15,2,1
3170,414,16,2,1
3170,414,17,2,1
3170,414,18,2,1
3170,414,19,2,1
3170,414,20,2,1
3170,414,21,2,1
3170,414,22,2,1
3170,414,23,2,1
3170,414,24,2,1
3170,414,25,2,1
3170,414,26,2,1
3170,414,27,2,1
3170,414,28,2,1
3170,414,29,2,1
3170,414,30,2,1
3170,414,31,2,1
3170,414,32,2,1
3170,414,33,2,1
3170,414,34,2,1
3170,414,35,2,1
3170,414,36,2,1
3170,414,37,2,1
3170,414,38,2,1
3170,414,39,2,1
3170,414,40,2,1
3170,414,41,2,1
3170,414,42,2,1
3170,414,43,2,1
3170,414,44,2,1
3170,414,45,2,1
3170,414,46,2,1
3170,414,47,2,1
3170,414,48,2,1
3170,414,49,2,1
3170,414,50,2,1
3171,414,1,2,1
3171,414,2,2,1
3171,414,3,2,1
3171,414,4,2,1
3171,414,5,2,1
3171,414,6,2,1
3171,414,7,2,1
3171,414,8,2,1
3171,414,9,2,1
3171,414,10,2,1
3171,414,11,2,1
3171,414,12,2,1
3171,414,13,2,1
3171,414,14,2,1
3171,414,15,2,1
3171,414,16,2,1
3171,414,17,2,1
3171,414,18,2,1
3171,414,19,2,1
3171,414,20,2,1
3171,414,21,2,1
3171,414,22,2,1
3171,414,23,2,1
3171,414,24,2,1
3171,414,25,2,1
3171,414,26,2,1
3171,414,27,2,1
3171,414,28,2,1
3171,414,29,2,1
3171,414,30,2,1
3171,414,31,2,1
3171,414,32,2,1
3171,414,33,2,1
3171,414,34,2,1
3171,414,35,2,1
3171,414,36,2,1
3171,414,37,2,1
3171,414,38,2,1
3171,414,39,2,1
3171,414,40,2,1
3171,414,41,2,1
3171,414,42,2,1
3171,414,43,2,1
3171,414,44,2,1
3171,414,45,2,1
3171,414,46,2,1
3171,414,47,2,1
3171,414,48,2,1
3171,414,49,2,1
3171,414,50,2,1
3172,414,1,2,1
3172,414,2,2,1
3172,414,3,2,1
3172,414,4,2,1
3172,414,5,2,1
3172,414,6,2,1
3172,414,7,2,1
3172,414,8,2,1
3172,414,9,2,1
3172,414,10,2,1
3172,414,11,2,1
3172,414,12,2,1
3172,414,13,2,1
3172,414,14,2,1
3172,414,15,2,1
3172,414,16,2,1
3172,414,17,2,1
3172,414,18,2,1
3172,414,19,2,1
3172,414,20,2,1
3172,414,21,2,1
3172,414,22,2,1
3172,414,23,2,1
3172,414,24,2,1
3172,414,25,2,1
3172,414,26,2,1
3172,414,27,2,1
3172,414,28,2,1
3172,414,29,2,1
3172,414,30,2,1
3172,414,31,2,1
3172,414,32,2,1
3172,414,33,2,1
3172,414,34,2,1
3172,414,35,2,1
3172,414,36,2,1
3172,414,37,2,1
3172,414,38,2,1
3172,414,39,2,1
3172,414,40,2,1
3172,414,41,2,1
3172,414,42,2,1
3172,414,43,2,1
3172,414,44,2,1
3172,414,45,2,1
3172,414,46,2,1
3172,414,47,2,1
3172,414,48,2,1
3172,414,49,2,1
3172,414,50,2,1
3173,414,1,2,1
3173,414,2,2,1
3173,414,3,2,1
3173,414,4,2,1
3173,414,5,2,1
3173,414,6,2,1
3173,414,7,2,1
3173,414,8,2,1
3173,414,9,2,1
3173,414,10,2,1
3173,414,11,2,1
3173,414,12,2,1
3173,414,13,2,1
3173,414,14,2,1
3173,414,15,2,1
3173,414,16,2,1
3173,414,17,2,1
3173,414,18,2,1
3173,414,19,2,1
3173,414,20,2,1
3173,414,21,2,1
3173,414,22,2,1
3173,414,23,2,1
3173,414,24,2,1
3173,414,25,2,1
3173,414,26,2,1
3173,414,27,2,1
3173,414,28,2,1
3173,414,29,2,1
3173,414,30,2,1
3173,414,31,2,1
3173,414,32,2,1
3173,414,33,2,1
3173,414,34,2,1
3173,414,35,2,1
3173,414,36,2,1
3173,414,37,2,1
3173,414,38,2,1
3173,414,39,2,1
3173,414,40,2,1
3173,414,41,2,1
3173,414,42,2,1
3173,414,43,2,1
3173,414,44,2,1
3173,414,45,2,1
3173,414,46,2,1
3173,414,47,2,1
3173,414,48,2,1
3173,414,49,2,1
3173,414,50,2,1
3174,414,1,2,1
3174,414,2,2,1
3174,414,3,2,1
3174,414,4,2,1
3174,414,5,2,1
3174,414,6,2,1
3174,414,7,2,1
3174,414,8,2,1
3174,414,9,2,1
3174,414,10,2,1
3174,414,11,2,1
3174,414,12,2,1
3174,414,13,2,1
3174,414,14,2,1
3174,414,15,2,1
3174,414,16,2,1
3174,414,17,2,1
3174,414,18,2,1
3174,414,19,2,1
3174,414,20,2,1
3174,414,21,2,1
3174,414,22,2,1
3174,414,23,2,1
3174,414,24,2,1
3174,414,25,2,1
3174,414,26,2,1
3174,414,27,2,1
3174,414,28,2,1
3174,414,29,2,1
3174,414,30,2,1
3174,414,31,2,1
3174,414,32,2,1
3174,414,33,2,1
3174,414,34,2,1
3174,414,35,2,1
3174,414,36,2,1
3174,414,37,2,1
3174,414,38,2,1
3174,414,39,2,1
3174,414,40,2,1
3174,414,41,2,1
3174,414,42,2,1
3174,414,43,2,1
3174,414,44,2,1
3174,414,45,2,1
3174,414,46,2,1
3174,414,47,2,1
3174,414,48,2,1
3174,414,49,2,1
3174,414,50,2,1
3175,414,1,2,1
3175,414,2,2,1
3175,414,3,2,1
3175,414,4,2,1
3175,414,5,2,1
3175,414,6,2,1
3175,414,7,2,1
3175,414,8,2,1
3175,414,9,2,1
3175,414,10,2,1
3175,414,11,2,1
3175,414,12,2,1
3175,414,13,2,1
3175,414,14,2,1
3175,414,15,2,1
3175,414,16,2,1
3175,414,17,2,1
3175,414,18,2,1
3175,414,19,2,1
3175,414,20,2,1
3175,414,21,2,1
3175,414,22,2,1
3175,414,23,2,1
3175,414,24,2,1
3175,414,25,2,1
3175,414,26,2,1
3175,414,27,2,1
3175,414,28,2,1
3175,414,29,2,1
3175,414,30,2,1
3175,414,31,2,1
3175,414,32,2,1
3175,414,33,2,1
3175,414,34,2,1
3175,414,35,2,1
3175,414,36,2,1
3175,414,37,2,1
3175,414,38,2,1
3175,414,39,2,1
3175,414,40,2,1
3175,414,41,2,1
3175,414,42,2,1
3175,414,43,2,1
3175,414,44,2,1
3175,414,45,2,1
3175,414,46,2,1
3175,414,47,2,1
3175,414,48,2,1
3175,414,49,2,1
3175,414,50,2,1
3176,414,1,2,1
3176,414,2,2,1
3176,414,3,2,1
3176,414,4,2,1
3176,414,5,2,1
3176,414,6,2,1
3176,414,7,2,1
3176,414,8,2,1
3176,414,9,2,1
3176,414,10,2,1
3176,414,11,2,1
3176,414,12,2,1
3176,414,13,2,1
3176,414,14,2,1
3176,414,15,2,1
3176,414,16,2,1
3176,414,17,2,1
3176,414,18,2,1
3176,414,19,2,1
3176,414,20,2,1
3176,414,21,2,1
3176,414,22,2,1
3176,414,23,2,1
3176,414,24,2,1
3176,414,25,2,1
3176,414,26,2,1
3176,414,27,2,1
3176,414,28,2,1
3176,414,29,2,1
3176,414,30,2,1
3176,414,31,2,1
3176,414,32,2,1
3176,414,33,2,1
3176,414,34,2,1
3176,414,35,2,1
3176,414,36,2,1
3176,414,37,2,1
3176,414,38,2,1
3176,414,39,2,1
3176,414,40,2,1
3176,414,41,2,1
3176,414,42,2,1
3176,414,43,2,1
3176,414,44,2,1
3176,414,45,2,1
3176,414,46,2,1
3176,414,47,2,1
3176,414,48,2,1
3176,414,49,2,1
3176,414,50,2,1
3177,414,1,2,1
3177,414,2,2,1
3177,414,3,2,1
3177,414,4,2,1
3177,414,5,2,1
3177,414,6,2,1
3177,414,7,2,1
3177,414,8,2,1
3177,414,9,2,1
3177,414,10,2,1
3177,414,11,2,1
3177,414,12,2,1
3177,414,13,2,1
3177,414,14,2,1
3177,414,15,2,1
3177,414,16,2,1
3177,414,17,2,1
3177,414,18,2,1
3177,414,19,2,1
3177,414,20,2,1
3177,414,21,2,1
3177,414,22,2,1
3177,414,23,2,1
3177,414,24,2,1
3177,414,25,2,1
3177,414,26,2,1
3177,414,27,2,1
3177,414,28,2,1
3177,414,29,2,1
3177,414,30,2,1
3177,414,31,2,1
3177,414,32,2,1
3177,414,33,2,1
3177,414,34,2,1
3177,414,35,2,1
3177,414,36,2,1
3177,414,37,2,1
3177,414,38,2,1
3177,414,39,2,1
3177,414,40,2,1
3177,414,41,2,1
3177,414,42,2,1
3177,414,43,2,1
3177,414,44,2,1
3177,414,45,2,1
3177,414,46,2,1
3177,414,47,2,1
3177,414,48,2,1
3177,414,49,2,1
3177,414,50,2,1
3178,414,1,2,1
3178,414,2,2,1
3178,414,3,2,1
3178,414,4,2,1
3178,414,5,2,1
3178,414,6,2,1
3178,414,7,2,1
3178,414,8,2,1
3178,414,9,2,1
3178,414,10,2,1
3178,414,11,2,1
3178,414,12,2,1
3178,414,13,2,1
3178,414,14,2,1
3178,414,15,2,1
3178,414,16,2,1
3178,414,17,2,1
3178,414,18,2,1
3178,414,19,2,1
3178,414,20,2,1
3178,414,21,2,1
3178,414,22,2,1
3178,414,23,2,1
3178,414,24,2,1
3178,414,25,2,1
3178,414,26,2,1
3178,414,27,2,1
3178,414,28,2,1
3178,414,29,2,1
3178,414,30,2,1
3178,414,31,2,1
3178,414,32,2,1
3178,414,33,2,1
3178,414,34,2,1
3178,414,35,2,1
3178,414,36,2,1
3178,414,37,2,1
3178,414,38,2,1
3178,414,39,2,1
3178,414,40,2,1
3178,414,41,2,1
3178,414,42,2,1
3178,414,43,2,1
3178,414,44,2,1
3178,414,45,2,1
3178,414,46,2,1
3178,414,47,2,1
3178,414,48,2,1
3178,414,49,2,1
3178,414,50,2,1
3179,414,1,2,1
3179,414,2,2,1
3179,414,3,2,1
3179,414,4,2,1
3179,414,5,2,1
3179,414,6,2,1
3179,414,7,2,1
3179,414,8,2,1
3179,414,9,2,1
3179,414,10,2,1
3179,414,11,2,1
3179,414,12,2,1
3179,414,13,2,1
3179,414,14,2,1
3179,414,15,2,1
3179,414,16,2,1
3179,414,17,2,1
3179,414,18,2,1
3179,414,19,2,1
3179,414,20,2,1
3179,414,21,2,1
3179,414,22,2,1
3179,414,23,2,1
3179,414,24,2,1
3179,414,25,2,1
3179,414,26,2,1
3179,414,27,2,1
3179,414,28,2,1
3179,414,29,2,1
3179,414,30,2,1
3179,414,31,2,1
3179,414,32,2,1
3179,414,33,2,1
3179,414,34,2,1
3179,414,35,2,1
3179,414,36,2,1
3179,414,37,2,1
3179,414,38,2,1
3179,414,39,2,1
3179,414,40,2,1
3179,414,41,2,1
3179,414,42,2,1
3179,414,43,2,1
3179,414,44,2,1
3179,414,45,2,1
3179,414,46,2,1
3179,414,47,2,1
3179,414,48,2,1
3179,414,49,2,1
3179,414,50,2,1
3180,414,1,2,1
3180,414,2,2,1
3180,414,3,2,1
3180,414,4,2,1
3180,414,5,2,1
3180,414,6,2,1
3180,414,7,2,1
3180,414,8,2,1
3180,414,9,2,1
3180,414,10,2,1
3180,414,11,2,1
3180,414,12,2,1
3180,414,13,2,1
3180,414,14,2,1
3180,414,15,2,1
3180,414,16,2,1
3180,414,17,2,1
3180,414,18,2,1
3180,414,19,2,1
3180,414,20,2,1
3180,414,21,2,1
3180,414,22,2,1
3180,414,23,2,1
3180,414,24,2,1
3180,414,25,2,1
3180,414,26,2,1
3180,414,27,2,1
3180,414,28,2,1
3180,414,29,2,1
3180,414,30,2,1
3180,414,31,2,1
3180,414,32,2,1
3180,414,33,2,1
3180,414,34,2,1
3180,414,35,2,1
3180,414,36,2,1
3180,414,37,2,1
3180,414,38,2,1
3180,414,39,2,1
3180,414,40,2,1
3180,414,41,2,1
3180,414,42,2,1
3180,414,43,2,1
3180,414,44,2,1
3180,414,45,2,1
3180,414,46,2,1
3180,414,47,2,1
3180,414,48,2,1
3180,414,49,2,1
3180,414,50,2,1
3181,414,1,2,1
3181,414,2,2,1
3181,414,3,2,1
3181,414,4,2,1
3181,414,5,2,1
3181,414,6,2,1
3181,414,7,2,1
3181,414,8,2,1
3181,414,9,2,1
3181,414,10,2,1
3181,414,11,2,1
3181,414,12,2,1
3181,414,13,2,1
3181,414,14,2,1
3181,414,15,2,1
3181,414,16,2,1
3181,414,17,2,1
3181,414,18,2,1
3181,414,19,2,1
3181,414,20,2,1
3181,414,21,2,1
3181,414,22,2,1
3181,414,23,2,1
3181,414,24,2,1
3181,414,25,2,1
3181,414,26,2,1
3181,414,27,2,1
3181,414,28,2,1
3181,414,29,2,1
3181,414,30,2,1
3181,414,31,2,1
3181,414,32,2,1
3181,414,33,2,1
3181,414,34,2,1
3181,414,35,2,1
3181,414,36,2,1
3181,414,37,2,1
3181,414,38,2,1
3181,414,39,2,1
3181,414,40,2,1
3181,414,41,2,1
3181,414,42,2,1
3181,414,43,2,1
3181,414,44,2,1
3181,414,45,2,1
3181,414,46,2,1
3181,414,47,2,1
3181,414,48,2,1
3181,414,49,2,1
3181,414,50,2,1
3182,414,1,2,1
3182,414,2,2,1
3182,414,3,2,1
3182,414,4,2,1
3182,414,5,2,1
3182,414,6,2,1
3182,414,7,2,1
3182,414,8,2,1
3182,414,9,2,1
3182,414,10,2,1
3182,414,11,2,1
3182,414,12,2,1
3182,414,13,2,1
3182,414,14,2,1
3182,414,15,2,1
3182,414,16,2,1
3182,414,17,2,1
3182,414,18,2,1
3182,414,19,2,1
3182,414,20,2,1
3182,414,21,2,1
3182,414,22,2,1
3182,414,23,2,1
3182,414,24,2,1
3182,414,25,2,1
3182,414,26,2,1
3182,414,27,2,1
3182,414,28,2,1
3182,414,29,2,1
3182,414,30,2,1
3182,414,31,2,1
3182,414,32,2,1
3182,414,33,2,1
3182,414,34,2,1
3182,414,35,2,1
3182,414,36,2,1
3182,414,37,2,1
3182,414,38,2,1
3182,414,39,2,1
3182,414,40,2,1
3182,414,41,2,1
3182,414,42,2,1
3182,414,43,2,1
3182,414,44,2,1
3182,414,45,2,1
3182,414,46,2,1
3182,414,47,2,1
3182,414,48,2,1
3182,414,49,2,1
3182,414,50,2,1
3183,414,1,2,1
3183,414,2,2,1
3183,414,3,2,1
3183,414,4,2,1
3183,414,5,2,1
3183,414,6,2,1
3183,414,7,2,1
3183,414,8,2,1
3183,414,9,2,1
3183,414,10,2,1
3183,414,11,2,1
3183,414,12,2,1
3183,414,13,2,1
3183,414,14,2,1
3183,414,15,2,1
3183,414,16,2,1
3183,414,17,2,1
3183,414,18,2,1
3183,414,19,2,1
3183,414,20,2,1
3183,414,21,2,1
3183,414,22,2,1
3183,414,23,2,1
3183,414,24,2,1
3183,414,25,2,1
3183,414,26,2,1
3183,414,27,2,1
3183,414,28,2,1
3183,414,29,2,1
3183,414,30,2,1
3183,414,31,2,1
3183,414,32,2,1
3183,414,33,2,1
3183,414,34,2,1
3183,414,35,2,1
3183,414,36,2,1
3183,414,37,2,1
3183,414,38,2,1
3183,414,39,2,1
3183,414,40,2,1
3183,414,41,2,1
3183,414,42,2,1
3183,414,43,2,1
3183,414,44,2,1
3183,414,45,2,1
3183,414,46,2,1
3183,414,47,2,1
3183,414,48,2,1
3183,414,49,2,1
3183,414,50,2,1
3184,414,1,2,1
3184,414,2,2,1
3184,414,3,2,1
3184,414,4,2,1
3184,414,5,2,1
3184,414,6,2,1
3184,414,7,2,1
3184,414,8,2,1
3184,414,9,2,1
3184,414,10,2,1
3184,414,11,2,1
3184,414,12,2,1
3184,414,13,2,1
3184,414,14,2,1
3184,414,15,2,1
3184,414,16,2,1
3184,414,17,2,1
3184,414,18,2,1
3184,414,19,2,1
3184,414,20,2,1
3184,414,21,2,1
3184,414,22,2,1
3184,414,23,2,1
3184,414,24,2,1
3184,414,25,2,1
3184,414,26,2,1
3184,414,27,2,1
3184,414,28,2,1
3184,414,29,2,1
3184,414,30,2,1
3184,414,31,2,1
3184,414,32,2,1
3184,414,33,2,1
3184,414,34,2,1
3184,414,35,2,1
3184,414,36,2,1
3184,414,37,2,1
3184,414,38,2,1
3184,414,39,2,1
3184,414,40,2,1
3184,414,41,2,1
3184,414,42,2,1
3184,414,43,2,1
3184,414,44,2,1
3184,414,45,2,1
3184,414,46,2,1
3184,414,47,2,1
3184,414,48,2,1
3184,414,49,2,1
3184,414,50,2,1
3185,414,1,2,1
3185,414,2,2,1
3185,414,3,2,1
3185,414,4,2,1
3185,414,5,2,1
3185,414,6,2,1
3185,414,7,2,1
3185,414,8,2,1
3185,414,9,2,1
3185,414,10,2,1
3185,414,11,2,1
3185,414,12,2,1
3185,414,13,2,1
3185,414,14,2,1
3185,414,15,2,1
3185,414,16,2,1
3185,414,17,2,1
3185,414,18,2,1
3185,414,19,2,1
3185,414,20,2,1
3185,414,21,2,1
3185,414,22,2,1
3185,414,23,2,1
3185,414,24,2,1
3185,414,25,2,1
3185,414,26,2,1
3185,414,27,2,1
3185,414,28,2,1
3185,414,29,2,1
3185,414,30,2,1
3185,414,31,2,1
3185,414,32,2,1
3185,414,33,2,1
3185,414,34,2,1
3185,414,35,2,1
3185,414,36,2,1
3185,414,37,2,1
3185,414,38,2,1
3185,414,39,2,1
3185,414,40,2,1
3185,414,41,2,1
3185,414,42,2,1
3185,414,43,2,1
3185,414,44,2,1
3185,414,45,2,1
3185,414,46,2,1
3185,414,47,2,1
3185,414,48,2,1
3185,414,49,2,1
3185,414,50,2,1
3186,414,1,2,1
3186,414,2,2,1
3186,414,3,2,1
3186,414,4,2,1
3186,414,5,2,1
3186,414,6,2,1
3186,414,7,2,1
3186,414,8,2,1
3186,414,9,2,1
3186,414,10,2,1
3186,414,11,2,1
3186,414,12,2,1
3186,414,13,2,1
3186,414,14,2,1
3186,414,15,2,1
3186,414,16,2,1
3186,414,17,2,1
3186,414,18,2,1
3186,414,19,2,1
3186,414,20,2,1
3186,414,21,2,1
3186,414,22,2,1
3186,414,23,2,1
3186,414,24,2,1
3186,414,25,2,1
3186,414,26,2,1
3186,414,27,2,1
3186,414,28,2,1
3186,414,29,2,1
3186,414,30,2,1
3186,414,31,2,1
3186,414,32,2,1
3186,414,33,2,1
3186,414,34,2,1
3186,414,35,2,1
3186,414,36,2,1
3186,414,37,2,1
3186,414,38,2,1
3186,414,39,2,1
3186,414,40,2,1
3186,414,41,2,1
3186,414,42,2,1
3186,414,43,2,1
3186,414,44,2,1
3186,414,45,2,1
3186,414,46,2,1
3186,414,47,2,1
3186,414,48,2,1
3186,414,49,2,1
3186,414,50,2,1
3187,414,1,2,1
3187,414,2,2,1
3187,414,3,2,1
3187,414,4,2,1
3187,414,5,2,1
3187,414,6,2,1
3187,414,7,2,1
3187,414,8,2,1
3187,414,9,2,1
3187,414,10,2,1
3187,414,11,2,1
3187,414,12,2,1
3187,414,13,2,1
3187,414,14,2,1
3187,414,15,2,1
3187,414,16,2,1
3187,414,17,2,1
3187,414,18,2,1
3187,414,19,2,1
3187,414,20,2,1
3187,414,21,2,1
3187,414,22,2,1
3187,414,23,2,1
3187,414,24,2,1
3187,414,25,2,1
3187,414,26,2,1
3187,414,27,2,1
3187,414,28,2,1
3187,414,29,2,1
3187,414,30,2,1
3187,414,31,2,1
3187,414,32,2,1
3187,414,33,2,1
3187,414,34,2,1
3187,414,35,2,1
3187,414,36,2,1
3187,414,37,2,1
3187,414,38,2,1
3187,414,39,2,1
3187,414,40,2,1
3187,414,41,2,1
3187,414,42,2,1
3187,414,43,2,1
3187,414,44,2,1
3187,414,45,2,1
3187,414,46,2,1
3187,414,47,2,1
3187,414,48,2,1
3187,414,49,2,1
3187,414,50,2,1
3188,414,1,2,1
3188,414,2,2,1
3188,414,3,2,1
3188,414,4,2,1
3188,414,5,2,1
3188,414,6,2,1
3188,414,7,2,1
3188,414,8,2,1
3188,414,9,2,1
3188,414,10,2,1
3188,414,11,2,1
3188,414,12,2,1
3188,414,13,2,1
3188,414,14,2,1
3188,414,15,2,1
3188,414,16,2,1
3188,414,17,2,1
3188,414,18,2,1
3188,414,19,2,1
3188,414,20,2,1
3188,414,21,2,1
3188,414,22,2,1
3188,414,23,2,1
3188,414,24,2,1
3188,414,25,2,1
3188,414,26,2,1
3188,414,27,2,1
3188,414,28,2,1
3188,414,29,2,1
3188,414,30,2,1
3188,414,31,2,1
3188,414,32,2,1
3188,414,33,2,1
3188,414,34,2,1
3188,414,35,2,1
3188,414,36,2,1
3188,414,37,2,1
3188,414,38,2,1
3188,414,39,2,1
3188,414,40,2,1
3188,414,41,2,1
3188,414,42,2,1
3188,414,43,2,1
3188,414,44,2,1
3188,414,45,2,1
3188,414,46,2,1
3188,414,47,2,1
3188,414,48,2,1
3188,414,49,2,1
3188,414,50,2,1
3189,414,1,2,1
3189,414,2,2,1
3189,414,3,2,1
3189,414,4,2,1
3189,414,5,2,1
3189,414,6,2,1
3189,414,7,2,1
3189,414,8,2,1
3189,414,9,2,1
3189,414,10,2,1
3189,414,11,2,1
3189,414,12,2,1
3189,414,13,2,1
3189,414,14,2,1
3189,414,15,2,1
3189,414,16,2,1
3189,414,17,2,1
3189,414,18,2,1
3189,414,19,2,1
3189,414,20,2,1
3189,414,21,2,1
3189,414,22,2,1
3189,414,23,2,1
3189,414,24,2,1
3189,414,25,2,1
3189,414,26,2,1
3189,414,27,2,1
3189,414,28,2,1
3189,414,29,2,1
3189,414,30,2,1
3189,414,31,2,1
3189,414,32,2,1
3189,414,33,2,1
3189,414,34,2,1
3189,414,35,2,1
3189,414,36,2,1
3189,414,37,2,1
3189,414,38,2,1
3189,414,39,2,1
3189,414,40,2,1
3189,414,41,2,1
3189,414,42,2,1
3189,414,43,2,1
3189,414,44,2,1
3189,414,45,2,1
3189,414,46,2,1
3189,414,47,2,1
3189,414,48,2,1
3189,414,49,2,1
3189,414,50,2,1
3190,414,1,2,1
3190,414,2,2,1
3190,414,3,2,1
3190,414,4,2,1
3190,414,5,2,1
3190,414,6,2,1
3190,414,7,2,1
3190,414,8,2,1
3190,414,9,2,1
3190,414,10,2,1
3190,414,11,2,1
3190,414,12,2,1
3190,414,13,2,1
3190,414,14,2,1
3190,414,15,2,1
3190,414,16,2,1
3190,414,17,2,1
3190,414,18,2,1
3190,414,19,2,1
3190,414,20,2,1
3190,414,21,2,1
3190,414,22,2,1
3190,414,23,2,1
3190,414,24,2,1
3190,414,25,2,1
3190,414,26,2,1
3190,414,27,2,1
3190,414,28,2,1
3190,414,29,2,1
3190,414,30,2,1
3190,414,31,2,1
3190,414,32,2,1
3190,414,33,2,1
3190,414,34,2,1
3190,414,35,2,1
3190,414,36,2,1
3190,414,37,2,1
3190,414,38,2,1
3190,414,39,2,1
3190,414,40,2,1
3190,414,41,2,1
3190,414,42,2,1
3190,414,43,2,1
3190,414,44,2,1
3190,414,45,2,1
3190,414,46,2,1
3190,414,47,2,1
3190,414,48,2,1
3190,414,49,2,1
3190,414,50,2,1
3191,415,1,1,-1
3191,415,2,1,-1
3191,415,3,1,-1
3191,415,4,1,-1
3191,415,5,1,-1
3191,415,6,1,-1
3191,415,7,1,-1
3191,415,8,1,-1
3191,415,9,1,-1
3191,415,10,1,-1
3191,415,11,1,-1
3191,415,12,1,-1
3191,415,13,1,-1
3191,415,14,1,-1
3191,415,15,1,-1
3191,415,16,1,-1
3191,415,17,1,-1
3191,415,18,1,-1
3191,415,19,1,-1
3191,415,20,1,-1
3191,415,21,1,-1
3191,415,22,1,-1
3191,415,23,1,-1
3191,415,24,1,-1
3191,415,25,1,-1
3191,415,26,1,-1
3191,415,27,1,-1
3191,415,28,1,-1
3191,415,29,1,-1
3191,415,30,1,-1
3191,415,31,1,-1
3191,415,32,1,-1
3191,415,33,1,-1
3191,415,34,1,-1
3191,415,35,1,-1
3191,415,36,1,-1
3191,415,37,1,-1
3191,415,38,1,-1
3191,415,39,1,-1
3191,415,40,1,-1
3191,415,41,1,-1
3191,415,42,1,-1
3191,415,43,1,-1
3191,415,44,1,-1
3191,415,45,1,-1
3191,415,46,1,-1
3191,415,47,1,-1
3191,415,48,1,-1
3191,415,49,1,-1
3191,415,50,1,-1
3191,415,1,2,1
3191,415,2,2,1
3191,415,3,2,1
3191,415,4,2,1
3191,415,5,2,1
3191,415,6,2,1
3191,415,7,2,1
3191,415,8,2,1
3191,415,9,2,1
3191,415,10,2,1
3191,415,11,2,1
3191,415,12,2,1
3191,415,13,2,1
3191,415,14,2,1
3191,415,15,2,1
3191,415,16,2,1
3191,415,17,2,1
3191,415,18,2,1
3191,415,19,2,1
3191,415,20,2,1
3191,415,21,2,1
3191,415,22,2,1
3191,415,23,2,1
3191,415,24,2,1
3191,415,25,2,1
3191,415,26,2,1
3191,415,27,2,1
3191,415,28,2,1
3191,415,29,2,1
3191,415,30,2,1
3191,415,31,2,1
3191,415,32,2,1
3191,415,33,2,1
3191,415,34,2,1
3191,415,35,2,1
3191,415,36,2,1
3191,415,37,2,1
3191,415,38,2,1
3191,415,39,2,1
3191,415,40,2,1
3191,415,41,2,1
3191,415,42,2,1
3191,415,43,2,1
3191,415,44,2,1
3191,415,45,2,1
3191,415,46,2,1
3191,415,47,2,1
3191,415,48,2,1
3191,415,49,2,1
3191,415,50,2,1
3192,415,1,2,1
3192,415,2,2,1
3192,415,3,2,1
3192,415,4,2,1
3192,415,5,2,1
3192,415,6,2,1
3192,415,7,2,1
3192,415,8,2,1
3192,415,9,2,1
3192,415,10,2,1
3192,415,11,2,1
3192,415,12,2,1
3192,415,13,2,1
3192,415,14,2,1
3192,415,15,2,1
3192,415,16,2,1
3192,415,17,2,1
3192,415,18,2,1
3192,415,19,2,1
3192,415,20,2,1
3192,415,21,2,1
3192,415,22,2,1
3192,415,23,2,1
3192,415,24,2,1
3192,415,25,2,1
3192,415,26,2,1
3192,415,27,2,1
3192,415,28,2,1
3192,415,29,2,1
3192,415,30,2,1
3192,415,31,2,1
3192,415,32,2,1
3192,415,33,2,1
3192,415,34,2,1
3192,415,35,2,1
3192,415,36,2,1
3192,415,37,2,1
3192,415,38,2,1
3192,415,39,2,1
3192,415,40,2,1
3192,415,41,2,1
3192,415,42,2,1
3192,415,43,2,1
3192,415,44,2,1
3192,415,45,2,1
3192,415,46,2,1
3192,415,47,2,1
3192,415,48,2,1
3192,415,49,2,1
3192,415,50,2,1
3193,415,1,2,1
3193,415,2,2,1
3193,415,3,2,1
3193,415,4,2,1
3193,415,5,2,1
3193,415,6,2,1
3193,415,7,2,1
3193,415,8,2,1
3193,415,9,2,1
3193,415,10,2,1
3193,415,11,2,1
3193,415,12,2,1
3193,415,13,2,1
3193,415,14,2,1
3193,415,15,2,1
3193,415,16,2,1
3193,415,17,2,1
3193,415,18,2,1
3193,415,19,2,1
3193,415,20,2,1
3193,415,21,2,1
3193,415,22,2,1
3193,415,23,2,1
3193,415,24,2,1
3193,415,25,2,1
3193,415,26,2,1
3193,415,27,2,1
3193,415,28,2,1
3193,415,29,2,1
3193,415,30,2,1
3193,415,31,2,1
3193,415,32,2,1
3193,415,33,2,1
3193,415,34,2,1
3193,415,35,2,1
3193,415,36,2,1
3193,415,37,2,1
3193,415,38,2,1
3193,415,39,2,1
3193,415,40,2,1
3193,415,41,2,1
3193,415,42,2,1
3193,415,43,2,1
3193,415,44,2,1
3193,415,45,2,1
3193,415,46,2,1
3193,415,47,2,1
3193,415,48,2,1
3193,415,49,2,1
3193,415,50,2,1
3194,415,1,2,1
3194,415,2,2,1
3194,415,3,2,1
3194,415,4,2,1
3194,415,5,2,1
3194,415,6,2,1
3194,415,7,2,1
3194,415,8,2,1
3194,415,9,2,1
3194,415,10,2,1
3194,415,11,2,1
3194,415,12,2,1
3194,415,13,2,1
3194,415,14,2,1
3194,415,15,2,1
3194,415,16,2,1
3194,415,17,2,1
3194,415,18,2,1
3194,415,19,2,1
3194,415,20,2,1
3194,415,21,2,1
3194,415,22,2,1
3194,415,23,2,1
3194,415,24,2,1
3194,415,25,2,1
3194,415,26,2,1
3194,415,27,2,1
3194,415,28,2,1
3194,415,29,2,1
3194,415,30,2,1
3194,415,31,2,1
3194,415,32,2,1
3194,415,33,2,1
3194,415,34,2,1
3194,415,35,2,1
3194,415,36,2,1
3194,415,37,2,1
3194,415,38,2,1
3194,415,39,2,1
3194,415,40,2,1
3194,415,41,2,1
3194,415,42,2,1
3194,415,43,2,1
3194,415,44,2,1
3194,415,45,2,1
3194,415,46,2,1
3194,415,47,2,1
3194,415,48,2,1
3194,415,49,2,1
3194,415,50,2,1
3195,415,1,2,1
3195,415,2,2,1
3195,415,3,2,1
3195,415,4,2,1
3195,415,5,2,1
3195,415,6,2,1
3195,415,7,2,1
3195,415,8,2,1
3195,415,9,2,1
3195,415,10,2,1
3195,415,11,2,1
3195,415,12,2,1
3195,415,13,2,1
3195,415,14,2,1
3195,415,15,2,1
3195,415,16,2,1
3195,415,17,2,1
3195,415,18,2,1
3195,415,19,2,1
3195,415,20,2,1
3195,415,21,2,1
3195,415,22,2,1
3195,415,23,2,1
3195,415,24,2,1
3195,415,25,2,1
3195,415,26,2,1
3195,415,27,2,1
3195,415,28,2,1
3195,415,29,2,1
3195,415,30,2,1
3195,415,31,2,1
3195,415,32,2,1
3195,415,33,2,1
3195,415,34,2,1
3195,415,35,2,1
3195,415,36,2,1
3195,415,37,2,1
3195,415,38,2,1
3195,415,39,2,1
3195,415,40,2,1
3195,415,41,2,1
3195,415,42,2,1
3195,415,43,2,1
3195,415,44,2,1
3195,415,45,2,1
3195,415,46,2,1
3195,415,47,2,1
3195,415,48,2,1
3195,415,49,2,1
3195,415,50,2,1
3196,415,1,2,1
3196,415,2,2,1
3196,415,3,2,1
3196,415,4,2,1
3196,415,5,2,1
3196,415,6,2,1
3196,415,7,2,1
3196,415,8,2,1
3196,415,9,2,1
3196,415,10,2,1
3196,415,11,2,1
3196,415,12,2,1
3196,415,13,2,1
3196,415,14,2,1
3196,415,15,2,1
3196,415,16,2,1
3196,415,17,2,1
3196,415,18,2,1
3196,415,19,2,1
3196,415,20,2,1
3196,415,21,2,1
3196,415,22,2,1
3196,415,23,2,1
3196,415,24,2,1
3196,415,25,2,1
3196,415,26,2,1
3196,415,27,2,1
3196,415,28,2,1
3196,415,29,2,1
3196,415,30,2,1
3196,415,31,2,1
3196,415,32,2,1
3196,415,33,2,1
3196,415,34,2,1
3196,415,35,2,1
3196,415,36,2,1
3196,415,37,2,1
3196,415,38,2,1
3196,415,39,2,1
3196,415,40,2,1
3196,415,41,2,1
3196,415,42,2,1
3196,415,43,2,1
3196,415,44,2,1
3196,415,45,2,1
3196,415,46,2,1
3196,415,47,2,1
3196,415,48,2,1
3196,415,49,2,1
3196,415,50,2,1
3197,415,1,2,1
3197,415,2,2,1
3197,415,3,2,1
3197,415,4,2,1
3197,415,5,2,1
3197,415,6,2,1
3197,415,7,2,1
3197,415,8,2,1
3197,415,9,2,1
3197,415,10,2,1
3197,415,11,2,1
3197,415,12,2,1
3197,415,13,2,1
3197,415,14,2,1
3197,415,15,2,1
3197,415,16,2,1
3197,415,17,2,1
3197,415,18,2,1
3197,415,19,2,1
3197,415,20,2,1
3197,415,21,2,1
3197,415,22,2,1
3197,415,23,2,1
3197,415,24,2,1
3197,415,25,2,1
3197,415,26,2,1
3197,415,27,2,1
3197,415,28,2,1
3197,415,29,2,1
3197,415,30,2,1
3197,415,31,2,1
3197,415,32,2,1
3197,415,33,2,1
3197,415,34,2,1
3197,415,35,2,1
3197,415,36,2,1
3197,415,37,2,1
3197,415,38,2,1
3197,415,39,2,1
3197,415,40,2,1
3197,415,41,2,1
3197,415,42,2,1
3197,415,43,2,1
3197,415,44,2,1
3197,415,45,2,1
3197,415,46,2,1
3197,415,47,2,1
3197,415,48,2,1
3197,415,49,2,1
3197,415,50,2,1
3198,415,1,2,1
3198,415,2,2,1
3198,415,3,2,1
3198,415,4,2,1
3198,415,5,2,1
3198,415,6,2,1
3198,415,7,2,1
3198,415,8,2,1
3198,415,9,2,1
3198,415,10,2,1
3198,415,11,2,1
3198,415,12,2,1
3198,415,13,2,1
3198,415,14,2,1
3198,415,15,2,1
3198,415,16,2,1
3198,415,17,2,1
3198,415,18,2,1
3198,415,19,2,1
3198,415,20,2,1
3198,415,21,2,1
3198,415,22,2,1
3198,415,23,2,1
3198,415,24,2,1
3198,415,25,2,1
3198,415,26,2,1
3198,415,27,2,1
3198,415,28,2,1
3198,415,29,2,1
3198,415,30,2,1
3198,415,31,2,1
3198,415,32,2,1
3198,415,33,2,1
3198,415,34,2,1
3198,415,35,2,1
3198,415,36,2,1
3198,415,37,2,1
3198,415,38,2,1
3198,415,39,2,1
3198,415,40,2,1
3198,415,41,2,1
3198,415,42,2,1
3198,415,43,2,1
3198,415,44,2,1
3198,415,45,2,1
3198,415,46,2,1
3198,415,47,2,1
3198,415,48,2,1
3198,415,49,2,1
3198,415,50,2,1
3199,415,1,2,1
3199,415,2,2,1
3199,415,3,2,1
3199,415,4,2,1
3199,415,5,2,1
3199,415,6,2,1
3199,415,7,2,1
3199,415,8,2,1
3199,415,9,2,1
3199,415,10,2,1
3199,415,11,2,1
3199,415,12,2,1
3199,415,13,2,1
3199,415,14,2,1
3199,415,15,2,1
3199,415,16,2,1
3199,415,17,2,1
3199,415,18,2,1
3199,415,19,2,1
3199,415,20,2,1
3199,415,21,2,1
3199,415,22,2,1
3199,415,23,2,1
3199,415,24,2,1
3199,415,25,2,1
3199,415,26,2,1
3199,415,27,2,1
3199,415,28,2,1
3199,415,29,2,1
3199,415,30,2,1
3199,415,31,2,1
3199,415,32,2,1
3199,415,33,2,1
3199,415,34,2,1
3199,415,35,2,1
3199,415,36,2,1
3199,415,37,2,1
3199,415,38,2,1
3199,415,39,2,1
3199,415,40,2,1
3199,415,41,2,1
3199,415,42,2,1
3199,415,43,2,1
3199,415,44,2,1
3199,415,45,2,1
3199,415,46,2,1
3199,415,47,2,1
3199,415,48,2,1
3199,415,49,2,1
3199,415,50,2,1
3200,415,1,2,1
3200,415,2,2,1
3200,415,3,2,1
3200,415,4,2,1
3200,415,5,2,1
3200,415,6,2,1
3200,415,7,2,1
3200,415,8,2,1
3200,415,9,2,1
3200,415,10,2,1
3200,415,11,2,1
3200,415,12,2,1
3200,415,13,2,1
3200,415,14,2,1
3200,415,15,2,1
3200,415,16,2,1
3200,415,17,2,1
3200,415,18,2,1
3200,415,19,2,1
3200,415,20,2,1
3200,415,21,2,1
3200,415,22,2,1
3200,415,23,2,1
3200,415,24,2,1
3200,415,25,2,1
3200,415,26,2,1
3200,415,27,2,1
3200,415,28,2,1
3200,415,29,2,1
3200,415,30,2,1
3200,415,31,2,1
3200,415,32,2,1
3200,415,33,2,1
3200,415,34,2,1
3200,415,35,2,1
3200,415,36,2,1
3200,415,37,2,1
3200,415,38,2,1
3200,415,39,2,1
3200,415,40,2,1
3200,415,41,2,1
3200,415,42,2,1
3200,415,43,2,1
3200,415,44,2,1
3200,415,45,2,1
3200,415,46,2,1
3200,415,47,2,1
3200,415,48,2,1
3200,415,49,2,1
3200,415,50,2,1
3201,415,1,2,1
3201,415,2,2,1
3201,415,3,2,1
3201,415,4,2,1
3201,415,5,2,1
3201,415,6,2,1
3201,415,7,2,1
3201,415,8,2,1
3201,415,9,2,1
3201,415,10,2,1
3201,415,11,2,1
3201,415,12,2,1
3201,415,13,2,1
3201,415,14,2,1
3201,415,15,2,1
3201,415,16,2,1
3201,415,17,2,1
3201,415,18,2,1
3201,415,19,2,1
3201,415,20,2,1
3201,415,21,2,1
3201,415,22,2,1
3201,415,23,2,1
3201,415,24,2,1
3201,415,25,2,1
3201,415,26,2,1
3201,415,27,2,1
3201,415,28,2,1
3201,415,29,2,1
3201,415,30,2,1
3201,415,31,2,1
3201,415,32,2,1
3201,415,33,2,1
3201,415,34,2,1
3201,415,35,2,1
3201,415,36,2,1
3201,415,37,2,1
3201,415,38,2,1
3201,415,39,2,1
3201,415,40,2,1
3201,415,41,2,1
3201,415,42,2,1
3201,415,43,2,1
3201,415,44,2,1
3201,415,45,2,1
3201,415,46,2,1
3201,415,47,2,1
3201,415,48,2,1
3201,415,49,2,1
3201,415,50,2,1
3202,415,1,2,1
3202,415,2,2,1
3202,415,3,2,1
3202,415,4,2,1
3202,415,5,2,1
3202,415,6,2,1
3202,415,7,2,1
3202,415,8,2,1
3202,415,9,2,1
3202,415,10,2,1
3202,415,11,2,1
3202,415,12,2,1
3202,415,13,2,1
3202,415,14,2,1
3202,415,15,2,1
3202,415,16,2,1
3202,415,17,2,1
3202,415,18,2,1
3202,415,19,2,1
3202,415,20,2,1
3202,415,21,2,1
3202,415,22,2,1
3202,415,23,2,1
3202,415,24,2,1
3202,415,25,2,1
3202,415,26,2,1
3202,415,27,2,1
3202,415,28,2,1
3202,415,29,2,1
3202,415,30,2,1
3202,415,31,2,1
3202,415,32,2,1
3202,415,33,2,1
3202,415,34,2,1
3202,415,35,2,1
3202,415,36,2,1
3202,415,37,2,1
3202,415,38,2,1
3202,415,39,2,1
3202,415,40,2,1
3202,415,41,2,1
3202,415,42,2,1
3202,415,43,2,1
3202,415,44,2,1
3202,415,45,2,1
3202,415,46,2,1
3202,415,47,2,1
3202,415,48,2,1
3202,415,49,2,1
3202,415,50,2,1
3203,415,1,2,1
3203,415,2,2,1
3203,415,3,2,1
3203,415,4,2,1
3203,415,5,2,1
3203,415,6,2,1
3203,415,7,2,1
3203,415,8,2,1
3203,415,9,2,1
3203,415,10,2,1
3203,415,11,2,1
3203,415,12,2,1
3203,415,13,2,1
3203,415,14,2,1
3203,415,15,2,1
3203,415,16,2,1
3203,415,17,2,1
3203,415,18,2,1
3203,415,19,2,1
3203,415,20,2,1
3203,415,21,2,1
3203,415,22,2,1
3203,415,23,2,1
3203,415,24,2,1
3203,415,25,2,1
3203,415,26,2,1
3203,415,27,2,1
3203,415,28,2,1
3203,415,29,2,1
3203,415,30,2,1
3203,415,31,2,1
3203,415,32,2,1
3203,415,33,2,1
3203,415,34,2,1
3203,415,35,2,1
3203,415,36,2,1
3203,415,37,2,1
3203,415,38,2,1
3203,415,39,2,1
3203,415,40,2,1
3203,415,41,2,1
3203,415,42,2,1
3203,415,43,2,1
3203,415,44,2,1
3203,415,45,2,1
3203,415,46,2,1
3203,415,47,2,1
3203,415,48,2,1
3203,415,49,2,1
3203,415,50,2,1
3204,416,1,1,-1
3204,416,2,1,-1
3204,416,3,1,-1
3204,416,4,1,-1
3204,416,5,1,-1
3204,416,6,1,-1
3204,416,7,1,-1
3204,416,8,1,-1
3204,416,9,1,-1
3204,416,10,1,-1
3204,416,11,1,-1
3204,416,12,1,-1
3204,416,13,1,-1
3204,416,14,1,-1
3204,416,15,1,-1
3204,416,16,1,-1
3204,416,17,1,-1
3204,416,18,1,-1
3204,416,19,1,-1
3204,416,20,1,-1
3204,416,21,1,-1
3204,416,22,1,-1
3204,416,23,1,-1
3204,416,24,1,-1
3204,416,25,1,-1
3204,416,26,1,-1
3204,416,27,1,-1
3204,416,28,1,-1
3204,416,29,1,-1
3204,416,30,1,-1
3204,416,31,1,-1
3204,416,32,1,-1
3204,416,33,1,-1
3204,416,34,1,-1
3204,416,35,1,-1
3204,416,36,1,-1
3204,416,37,1,-1
3204,416,38,1,-1
3204,416,39,1,-1
3204,416,40,1,-1
3204,416,41,1,-1
3204,416,42,1,-1
3204,416,43,1,-1
3204,416,44,1,-1
3204,416,45,1,-1
3204,416,46,1,-1
3204,416,47,1,-1
3204,416,48,1,-1
3204,416,49,1,-1
3204,416,50,1,-1
3204,416,1,2,1
3204,416,2,2,1
3204,416,3,2,1
3204,416,4,2,1
3204,416,5,2,1
3204,416,6,2,1
3204,416,7,2,1
3204,416,8,2,1
3204,416,9,2,1
3204,416,10,2,1
3204,416,11,2,1
3204,416,12,2,1
3204,416,13,2,1
3204,416,14,2,1
3204,416,15,2,1
3204,416,16,2,1
3204,416,17,2,1
3204,416,18,2,1
3204,416,19,2,1
3204,416,20,2,1
3204,416,21,2,1
3204,416,22,2,1
3204,416,23,2,1
3204,416,24,2,1
3204,416,25,2,1
3204,416,26,2,1
3204,416,27,2,1
3204,416,28,2,1
3204,416,29,2,1
3204,416,30,2,1
3204,416,31,2,1
3204,416,32,2,1
3204,416,33,2,1
3204,416,34,2,1
3204,416,35,2,1
3204,416,36,2,1
3204,416,37,2,1
3204,416,38,2,1
3204,416,39,2,1
3204,416,40,2,1
3204,416,41,2,1
3204,416,42,2,1
3204,416,43,2,1
3204,416,44,2,1
3204,416,45,2,1
3204,416,46,2,1
3204,416,47,2,1
3204,416,48,2,1
3204,416,49,2,1
3204,416,50,2,1
3205,416,1,2,1
3205,416,2,2,1
3205,416,3,2,1
3205,416,4,2,1
3205,416,5,2,1
3205,416,6,2,1
3205,416,7,2,1
3205,416,8,2,1
3205,416,9,2,1
3205,416,10,2,1
3205,416,11,2,1
3205,416,12,2,1
3205,416,13,2,1
3205,416,14,2,1
3205,416,15,2,1
3205,416,16,2,1
3205,416,17,2,1
3205,416,18,2,1
3205,416,19,2,1
3205,416,20,2,1
3205,416,21,2,1
3205,416,22,2,1
3205,416,23,2,1
3205,416,24,2,1
3205,416,25,2,1
3205,416,26,2,1
3205,416,27,2,1
3205,416,28,2,1
3205,416,29,2,1
3205,416,30,2,1
3205,416,31,2,1
3205,416,32,2,1
3205,416,33,2,1
3205,416,34,2,1
3205,416,35,2,1
3205,416,36,2,1
3205,416,37,2,1
3205,416,38,2,1
3205,416,39,2,1
3205,416,40,2,1
3205,416,41,2,1
3205,416,42,2,1
3205,416,43,2,1
3205,416,44,2,1
3205,416,45,2,1
3205,416,46,2,1
3205,416,47,2,1
3205,416,48,2,1
3205,416,49,2,1
3205,416,50,2,1
3206,416,1,2,1
3206,416,2,2,1
3206,416,3,2,1
3206,416,4,2,1
3206,416,5,2,1
3206,416,6,2,1
3206,416,7,2,1
3206,416,8,2,1
3206,416,9,2,1
3206,416,10,2,1
3206,416,11,2,1
3206,416,12,2,1
3206,416,13,2,1
3206,416,14,2,1
3206,416,15,2,1
3206,416,16,2,1
3206,416,17,2,1
3206,416,18,2,1
3206,416,19,2,1
3206,416,20,2,1
3206,416,21,2,1
3206,416,22,2,1
3206,416,23,2,1
3206,416,24,2,1
3206,416,25,2,1
3206,416,26,2,1
3206,416,27,2,1
3206,416,28,2,1
3206,416,29,2,1
3206,416,30,2,1
3206,416,31,2,1
3206,416,32,2,1
3206,416,33,2,1
3206,416,34,2,1
3206,416,35,2,1
3206,416,36,2,1
3206,416,37,2,1
3206,416,38,2,1
3206,416,39,2,1
3206,416,40,2,1
3206,416,41,2,1
3206,416,42,2,1
3206,416,43,2,1
3206,416,44,2,1
3206,416,45,2,1
3206,416,46,2,1
3206,416,47,2,1
3206,416,48,2,1
3206,416,49,2,1
3206,416,50,2,1
3207,416,1,2,1
3207,416,2,2,1
3207,416,3,2,1
3207,416,4,2,1
3207,416,5,2,1
3207,416,6,2,1
3207,416,7,2,1
3207,416,8,2,1
3207,416,9,2,1
3207,416,10,2,1
3207,416,11,2,1
3207,416,12,2,1
3207,416,13,2,1
3207,416,14,2,1
3207,416,15,2,1
3207,416,16,2,1
3207,416,17,2,1
3207,416,18,2,1
3207,416,19,2,1
3207,416,20,2,1
3207,416,21,2,1
3207,416,22,2,1
3207,416,23,2,1
3207,416,24,2,1
3207,416,25,2,1
3207,416,26,2,1
3207,416,27,2,1
3207,416,28,2,1
3207,416,29,2,1
3207,416,30,2,1
3207,416,31,2,1
3207,416,32,2,1
3207,416,33,2,1
3207,416,34,2,1
3207,416,35,2,1
3207,416,36,2,1
3207,416,37,2,1
3207,416,38,2,1
3207,416,39,2,1
3207,416,40,2,1
3207,416,41,2,1
3207,416,42,2,1
3207,416,43,2,1
3207,416,44,2,1
3207,416,45,2,1
3207,416,46,2,1
3207,416,47,2,1
3207,416,48,2,1
3207,416,49,2,1
3207,416,50,2,1
3208,416,1,2,1
3208,416,2,2,1
3208,416,3,2,1
3208,416,4,2,1
3208,416,5,2,1
3208,416,6,2,1
3208,416,7,2,1
3208,416,8,2,1
3208,416,9,2,1
3208,416,10,2,1
3208,416,11,2,1
3208,416,12,2,1
3208,416,13,2,1
3208,416,14,2,1
3208,416,15,2,1
3208,416,16,2,1
3208,416,17,2,1
3208,416,18,2,1
3208,416,19,2,1
3208,416,20,2,1
3208,416,21,2,1
3208,416,22,2,1
3208,416,23,2,1
3208,416,24,2,1
3208,416,25,2,1
3208,416,26,2,1
3208,416,27,2,1
3208,416,28,2,1
3208,416,29,2,1
3208,416,30,2,1
3208,416,31,2,1
3208,416,32,2,1
3208,416,33,2,1
3208,416,34,2,1
3208,416,35,2,1
3208,416,36,2,1
3208,416,37,2,1
3208,416,38,2,1
3208,416,39,2,1
3208,416,40,2,1
3208,416,41,2,1
3208,416,42,2,1
3208,416,43,2,1
3208,416,44,2,1
3208,416,45,2,1
3208,416,46,2,1
3208,416,47,2,1
3208,416,48,2,1
3208,416,49,2,1
3208,416,50,2,1
3209,416,1,2,1
3209,416,2,2,1
3209,416,3,2,1
3209,416,4,2,1
3209,416,5,2,1
3209,416,6,2,1
3209,416,7,2,1
3209,416,8,2,1
3209,416,9,2,1
3209,416,10,2,1
3209,416,11,2,1
3209,416,12,2,1
3209,416,13,2,1
3209,416,14,2,1
3209,416,15,2,1
3209,416,16,2,1
3209,416,17,2,1
3209,416,18,2,1
3209,416,19,2,1
3209,416,20,2,1
3209,416,21,2,1
3209,416,22,2,1
3209,416,23,2,1
3209,416,24,2,1
3209,416,25,2,1
3209,416,26,2,1
3209,416,27,2,1
3209,416,28,2,1
3209,416,29,2,1
3209,416,30,2,1
3209,416,31,2,1
3209,416,32,2,1
3209,416,33,2,1
3209,416,34,2,1
3209,416,35,2,1
3209,416,36,2,1
3209,416,37,2,1
3209,416,38,2,1
3209,416,39,2,1
3209,416,40,2,1
3209,416,41,2,1
3209,416,42,2,1
3209,416,43,2,1
3209,416,44,2,1
3209,416,45,2,1
3209,416,46,2,1
3209,416,47,2,1
3209,416,48,2,1
3209,416,49,2,1
3209,416,50,2,1
3210,416,1,2,1
3210,416,2,2,1
3210,416,3,2,1
3210,416,4,2,1
3210,416,5,2,1
3210,416,6,2,1
3210,416,7,2,1
3210,416,8,2,1
3210,416,9,2,1
3210,416,10,2,1
3210,416,11,2,1
3210,416,12,2,1
3210,416,13,2,1
3210,416,14,2,1
3210,416,15,2,1
3210,416,16,2,1
3210,416,17,2,1
3210,416,18,2,1
3210,416,19,2,1
3210,416,20,2,1
3210,416,21,2,1
3210,416,22,2,1
3210,416,23,2,1
3210,416,24,2,1
3210,416,25,2,1
3210,416,26,2,1
3210,416,27,2,1
3210,416,28,2,1
3210,416,29,2,1
3210,416,30,2,1
3210,416,31,2,1
3210,416,32,2,1
3210,416,33,2,1
3210,416,34,2,1
3210,416,35,2,1
3210,416,36,2,1
3210,416,37,2,1
3210,416,38,2,1
3210,416,39,2,1
3210,416,40,2,1
3210,416,41,2,1
3210,416,42,2,1
3210,416,43,2,1
3210,416,44,2,1
3210,416,45,2,1
3210,416,46,2,1
3210,416,47,2,1
3210,416,48,2,1
3210,416,49,2,1
3210,416,50,2,1
3211,416,1,2,1
3211,416,2,2,1
3211,416,3,2,1
3211,416,4,2,1
3211,416,5,2,1
3211,416,6,2,1
3211,416,7,2,1
3211,416,8,2,1
3211,416,9,2,1
3211,416,10,2,1
3211,416,11,2,1
3211,416,12,2,1
3211,416,13,2,1
3211,416,14,2,1
3211,416,15,2,1
3211,416,16,2,1
3211,416,17,2,1
3211,416,18,2,1
3211,416,19,2,1
3211,416,20,2,1
3211,416,21,2,1
3211,416,22,2,1
3211,416,23,2,1
3211,416,24,2,1
3211,416,25,2,1
3211,416,26,2,1
3211,416,27,2,1
3211,416,28,2,1
3211,416,29,2,1
3211,416,30,2,1
3211,416,31,2,1
3211,416,32,2,1
3211,416,33,2,1
3211,416,34,2,1
3211,416,35,2,1
3211,416,36,2,1
3211,416,37,2,1
3211,416,38,2,1
3211,416,39,2,1
3211,416,40,2,1
3211,416,41,2,1
3211,416,42,2,1
3211,416,43,2,1
3211,416,44,2,1
3211,416,45,2,1
3211,416,46,2,1
3211,416,47,2,1
3211,416,48,2,1
3211,416,49,2,1
3211,416,50,2,1
3212,416,1,2,1
3212,416,2,2,1
3212,416,3,2,1
3212,416,4,2,1
3212,416,5,2,1
3212,416,6,2,1
3212,416,7,2,1
3212,416,8,2,1
3212,416,9,2,1
3212,416,10,2,1
3212,416,11,2,1
3212,416,12,2,1
3212,416,13,2,1
3212,416,14,2,1
3212,416,15,2,1
3212,416,16,2,1
3212,416,17,2,1
3212,416,18,2,1
3212,416,19,2,1
3212,416,20,2,1
3212,416,21,2,1
3212,416,22,2,1
3212,416,23,2,1
3212,416,24,2,1
3212,416,25,2,1
3212,416,26,2,1
3212,416,27,2,1
3212,416,28,2,1
3212,416,29,2,1
3212,416,30,2,1
3212,416,31,2,1
3212,416,32,2,1
3212,416,33,2,1
3212,416,34,2,1
3212,416,35,2,1
3212,416,36,2,1
3212,416,37,2,1
3212,416,38,2,1
3212,416,39,2,1
3212,416,40,2,1
3212,416,41,2,1
3212,416,42,2,1
3212,416,43,2,1
3212,416,44,2,1
3212,416,45,2,1
3212,416,46,2,1
3212,416,47,2,1
3212,416,48,2,1
3212,416,49,2,1
3212,416,50,2,1
3213,417,1,1,-1
3213,417,2,1,-1
3213,417,3,1,-1
3213,417,4,1,-1
3213,417,5,1,-1
3213,417,6,1,-1
3213,417,7,1,-1
3213,417,8,1,-1
3213,417,9,1,-1
3213,417,10,1,-1
3213,417,11,1,-1
3213,417,12,1,-1
3213,417,13,1,-1
3213,417,14,1,-1
3213,417,15,1,-1
3213,417,16,1,-1
3213,417,17,1,-1
3213,417,18,1,-1
3213,417,19,1,-1
3213,417,20,1,-1
3213,417,21,1,-1
3213,417,22,1,-1
3213,417,23,1,-1
3213,417,24,1,-1
3213,417,25,1,-1
3213,417,26,1,-1
3213,417,27,1,-1
3213,417,28,1,-1
3213,417,29,1,-1
3213,417,30,1,-1
3213,417,31,1,-1
3213,417,32,1,-1
3213,417,33,1,-1
3213,417,34,1,-1
3213,417,35,1,-1
3213,417,36,1,-1
3213,417,37,1,-1
3213,417,38,1,-1
3213,417,39,1,-1
3213,417,40,1,-1
3213,417,41,1,-1
3213,417,42,1,-1
3213,417,43,1,-1
3213,417,44,1,-1
3213,417,45,1,-1
3213,417,46,1,-1
3213,417,47,1,-1
3213,417,48,1,-1
3213,417,49,1,-1
3213,417,50,1,-1
3213,417,1,2,1
3213,417,2,2,1
3213,417,3,2,1
3213,417,4,2,1
3213,417,5,2,1
3213,417,6,2,1
3213,417,7,2,1
3213,417,8,2,1
3213,417,9,2,1
3213,417,10,2,1
3213,417,11,2,1
3213,417,12,2,1
3213,417,13,2,1
3213,417,14,2,1
3213,417,15,2,1
3213,417,16,2,1
3213,417,17,2,1
3213,417,18,2,1
3213,417,19,2,1
3213,417,20,2,1
3213,417,21,2,1
3213,417,22,2,1
3213,417,23,2,1
3213,417,24,2,1
3213,417,25,2,1
3213,417,26,2,1
3213,417,27,2,1
3213,417,28,2,1
3213,417,29,2,1
3213,417,30,2,1
3213,417,31,2,1
3213,417,32,2,1
3213,417,33,2,1
3213,417,34,2,1
3213,417,35,2,1
3213,417,36,2,1
3213,417,37,2,1
3213,417,38,2,1
3213,417,39,2,1
3213,417,40,2,1
3213,417,41,2,1
3213,417,42,2,1
3213,417,43,2,1
3213,417,44,2,1
3213,417,45,2,1
3213,417,46,2,1
3213,417,47,2,1
3213,417,48,2,1
3213,417,49,2,1
3213,417,50,2,1
3214,417,1,2,1
3214,417,2,2,1
3214,417,3,2,1
3214,417,4,2,1
3214,417,5,2,1
3214,417,6,2,1
3214,417,7,2,1
3214,417,8,2,1
3214,417,9,2,1
3214,417,10,2,1
3214,417,11,2,1
3214,417,12,2,1
3214,417,13,2,1
3214,417,14,2,1
3214,417,15,2,1
3214,417,16,2,1
3214,417,17,2,1
3214,417,18,2,1
3214,417,19,2,1
3214,417,20,2,1
3214,417,21,2,1
3214,417,22,2,1
3214,417,23,2,1
3214,417,24,2,1
3214,417,25,2,1
3214,417,26,2,1
3214,417,27,2,1
3214,417,28,2,1
3214,417,29,2,1
3214,417,30,2,1
3214,417,31,2,1
3214,417,32,2,1
3214,417,33,2,1
3214,417,34,2,1
3214,417,35,2,1
3214,417,36,2,1
3214,417,37,2,1
3214,417,38,2,1
3214,417,39,2,1
3214,417,40,2,1
3214,417,41,2,1
3214,417,42,2,1
3214,417,43,2,1
3214,417,44,2,1
3214,417,45,2,1
3214,417,46,2,1
3214,417,47,2,1
3214,417,48,2,1
3214,417,49,2,1
3214,417,50,2,1
3215,417,1,2,1
3215,417,2,2,1
3215,417,3,2,1
3215,417,4,2,1
3215,417,5,2,1
3215,417,6,2,1
3215,417,7,2,1
3215,417,8,2,1
3215,417,9,2,1
3215,417,10,2,1
3215,417,11,2,1
3215,417,12,2,1
3215,417,13,2,1
3215,417,14,2,1
3215,417,15,2,1
3215,417,16,2,1
3215,417,17,2,1
3215,417,18,2,1
3215,417,19,2,1
3215,417,20,2,1
3215,417,21,2,1
3215,417,22,2,1
3215,417,23,2,1
3215,417,24,2,1
3215,417,25,2,1
3215,417,26,2,1
3215,417,27,2,1
3215,417,28,2,1
3215,417,29,2,1
3215,417,30,2,1
3215,417,31,2,1
3215,417,32,2,1
3215,417,33,2,1
3215,417,34,2,1
3215,417,35,2,1
3215,417,36,2,1
3215,417,37,2,1
3215,417,38,2,1
3215,417,39,2,1
3215,417,40,2,1
3215,417,41,2,1
3215,417,42,2,1
3215,417,43,2,1
3215,417,44,2,1
3215,417,45,2,1
3215,417,46,2,1
3215,417,47,2,1
3215,417,48,2,1
3215,417,49,2,1
3215,417,50,2,1
3216,417,1,2,1
3216,417,2,2,1
3216,417,3,2,1
3216,417,4,2,1
3216,417,5,2,1
3216,417,6,2,1
3216,417,7,2,1
3216,417,8,2,1
3216,417,9,2,1
3216,417,10,2,1
3216,417,11,2,1
3216,417,12,2,1
3216,417,13,2,1
3216,417,14,2,1
3216,417,15,2,1
3216,417,16,2,1
3216,417,17,2,1
3216,417,18,2,1
3216,417,19,2,1
3216,417,20,2,1
3216,417,21,2,1
3216,417,22,2,1
3216,417,23,2,1
3216,417,24,2,1
3216,417,25,2,1
3216,417,26,2,1
3216,417,27,2,1
3216,417,28,2,1
3216,417,29,2,1
3216,417,30,2,1
3216,417,31,2,1
3216,417,32,2,1
3216,417,33,2,1
3216,417,34,2,1
3216,417,35,2,1
3216,417,36,2,1
3216,417,37,2,1
3216,417,38,2,1
3216,417,39,2,1
3216,417,40,2,1
3216,417,41,2,1
3216,417,42,2,1
3216,417,43,2,1
3216,417,44,2,1
3216,417,45,2,1
3216,417,46,2,1
3216,417,47,2,1
3216,417,48,2,1
3216,417,49,2,1
3216,417,50,2,1
3217,417,1,2,1
3217,417,2,2,1
3217,417,3,2,1
3217,417,4,2,1
3217,417,5,2,1
3217,417,6,2,1
3217,417,7,2,1
3217,417,8,2,1
3217,417,9,2,1
3217,417,10,2,1
3217,417,11,2,1
3217,417,12,2,1
3217,417,13,2,1
3217,417,14,2,1
3217,417,15,2,1
3217,417,16,2,1
3217,417,17,2,1
3217,417,18,2,1
3217,417,19,2,1
3217,417,20,2,1
3217,417,21,2,1
3217,417,22,2,1
3217,417,23,2,1
3217,417,24,2,1
3217,417,25,2,1
3217,417,26,2,1
3217,417,27,2,1
3217,417,28,2,1
3217,417,29,2,1
3217,417,30,2,1
3217,417,31,2,1
3217,417,32,2,1
3217,417,33,2,1
3217,417,34,2,1
3217,417,35,2,1
3217,417,36,2,1
3217,417,37,2,1
3217,417,38,2,1
3217,417,39,2,1
3217,417,40,2,1
3217,417,41,2,1
3217,417,42,2,1
3217,417,43,2,1
3217,417,44,2,1
3217,417,45,2,1
3217,417,46,2,1
3217,417,47,2,1
3217,417,48,2,1
3217,417,49,2,1
3217,417,50,2,1
3218,417,1,2,1
3218,417,2,2,1
3218,417,3,2,1
3218,417,4,2,1
3218,417,5,2,1
3218,417,6,2,1
3218,417,7,2,1
3218,417,8,2,1
3218,417,9,2,1
3218,417,10,2,1
3218,417,11,2,1
3218,417,12,2,1
3218,417,13,2,1
3218,417,14,2,1
3218,417,15,2,1
3218,417,16,2,1
3218,417,17,2,1
3218,417,18,2,1
3218,417,19,2,1
3218,417,20,2,1
3218,417,21,2,1
3218,417,22,2,1
3218,417,23,2,1
3218,417,24,2,1
3218,417,25,2,1
3218,417,26,2,1
3218,417,27,2,1
3218,417,28,2,1
3218,417,29,2,1
3218,417,30,2,1
3218,417,31,2,1
3218,417,32,2,1
3218,417,33,2,1
3218,417,34,2,1
3218,417,35,2,1
3218,417,36,2,1
3218,417,37,2,1
3218,417,38,2,1
3218,417,39,2,1
3218,417,40,2,1
3218,417,41,2,1
3218,417,42,2,1
3218,417,43,2,1
3218,417,44,2,1
3218,417,45,2,1
3218,417,46,2,1
3218,417,47,2,1
3218,417,48,2,1
3218,417,49,2,1
3218,417,50,2,1
3219,417,1,2,1
3219,417,2,2,1
3219,417,3,2,1
3219,417,4,2,1
3219,417,5,2,1
3219,417,6,2,1
3219,417,7,2,1
3219,417,8,2,1
3219,417,9,2,1
3219,417,10,2,1
3219,417,11,2,1
3219,417,12,2,1
3219,417,13,2,1
3219,417,14,2,1
3219,417,15,2,1
3219,417,16,2,1
3219,417,17,2,1
3219,417,18,2,1
3219,417,19,2,1
3219,417,20,2,1
3219,417,21,2,1
3219,417,22,2,1
3219,417,23,2,1
3219,417,24,2,1
3219,417,25,2,1
3219,417,26,2,1
3219,417,27,2,1
3219,417,28,2,1
3219,417,29,2,1
3219,417,30,2,1
3219,417,31,2,1
3219,417,32,2,1
3219,417,33,2,1
3219,417,34,2,1
3219,417,35,2,1
3219,417,36,2,1
3219,417,37,2,1
3219,417,38,2,1
3219,417,39,2,1
3219,417,40,2,1
3219,417,41,2,1
3219,417,42,2,1
3219,417,43,2,1
3219,417,44,2,1
3219,417,45,2,1
3219,417,46,2,1
3219,417,47,2,1
3219,417,48,2,1
3219,417,49,2,1
3219,417,50,2,1
3220,417,1,2,1
3220,417,2,2,1
3220,417,3,2,1
3220,417,4,2,1
3220,417,5,2,1
3220,417,6,2,1
3220,417,7,2,1
3220,417,8,2,1
3220,417,9,2,1
3220,417,10,2,1
3220,417,11,2,1
3220,417,12,2,1
3220,417,13,2,1
3220,417,14,2,1
3220,417,15,2,1
3220,417,16,2,1
3220,417,17,2,1
3220,417,18,2,1
3220,417,19,2,1
3220,417,20,2,1
3220,417,21,2,1
3220,417,22,2,1
3220,417,23,2,1
3220,417,24,2,1
3220,417,25,2,1
3220,417,26,2,1
3220,417,27,2,1
3220,417,28,2,1
3220,417,29,2,1
3220,417,30,2,1
3220,417,31,2,1
3220,417,32,2,1
3220,417,33,2,1
3220,417,34,2,1
3220,417,35,2,1
3220,417,36,2,1
3220,417,37,2,1
3220,417,38,2,1
3220,417,39,2,1
3220,417,40,2,1
3220,417,41,2,1
3220,417,42,2,1
3220,417,43,2,1
3220,417,44,2,1
3220,417,45,2,1
3220,417,46,2,1
3220,417,47,2,1
3220,417,48,2,1
3220,417,49,2,1
3220,417,50,2,1
3221,418,1,1,-1
3221,418,2,1,-1
3221,418,3,1,-1
3221,418,4,1,-1
3221,418,5,1,-1
3221,418,6,1,-1
3221,418,7,1,-1
3221,418,8,1,-1
3221,418,9,1,-1
3221,418,10,1,-1
3221,418,11,1,-1
3221,418,12,1,-1
3221,418,13,1,-1
3221,418,14,1,-1
3221,418,15,1,-1
3221,418,16,1,-1
3221,418,17,1,-1
3221,418,18,1,-1
3221,418,19,1,-1
3221,418,20,1,-1
3221,418,21,1,-1
3221,418,22,1,-1
3221,418,23,1,-1
3221,418,24,1,-1
3221,418,25,1,-1
3221,418,26,1,-1
3221,418,27,1,-1
3221,418,28,1,-1
3221,418,29,1,-1
3221,418,30,1,-1
3221,418,31,1,-1
3221,418,32,1,-1
3221,418,33,1,-1
3221,418,34,1,-1
3221,418,35,1,-1
3221,418,36,1,-1
3221,418,37,1,-1
3221,418,38,1,-1
3221,418,39,1,-1
3221,418,40,1,-1
3221,418,41,1,-1
3221,418,42,1,-1
3221,418,43,1,-1
3221,418,44,1,-1
3221,418,45,1,-1
3221,418,46,1,-1
3221,418,47,1,-1
3221,418,48,1,-1
3221,418,49,1,-1
3221,418,50,1,-1
3221,418,1,2,1
3221,418,2,2,1
3221,418,3,2,1
3221,418,4,2,1
3221,418,5,2,1
3221,418,6,2,1
3221,418,7,2,1
3221,418,8,2,1
3221,418,9,2,1
3221,418,10,2,1
3221,418,11,2,1
3221,418,12,2,1
3221,418,13,2,1
3221,418,14,2,1
3221,418,15,2,1
3221,418,16,2,1
3221,418,17,2,1
3221,418,18,2,1
3221,418,19,2,1
3221,418,20,2,1
3221,418,21,2,1
3221,418,22,2,1
3221,418,23,2,1
3221,418,24,2,1
3221,418,25,2,1
3221,418,26,2,1
3221,418,27,2,1
3221,418,28,2,1
3221,418,29,2,1
3221,418,30,2,1
3221,418,31,2,1
3221,418,32,2,1
3221,418,33,2,1
3221,418,34,2,1
3221,418,35,2,1
3221,418,36,2,1
3221,418,37,2,1
3221,418,38,2,1
3221,418,39,2,1
3221,418,40,2,1
3221,418,41,2,1
3221,418,42,2,1
3221,418,43,2,1
3221,418,44,2,1
3221,418,45,2,1
3221,418,46,2,1
3221,418,47,2,1
3221,418,48,2,1
3221,418,49,2,1
3221,418,50,2,1
3222,418,1,2,1
3222,418,2,2,1
3222,418,3,2,1
3222,418,4,2,1
3222,418,5,2,1
3222,418,6,2,1
3222,418,7,2,1
3222,418,8,2,1
3222,418,9,2,1
3222,418,10,2,1
3222,418,11,2,1
3222,418,12,2,1
3222,418,13,2,1
3222,418,14,2,1
3222,418,15,2,1
3222,418,16,2,1
3222,418,17,2,1
3222,418,18,2,1
3222,418,19,2,1
3222,418,20,2,1
3222,418,21,2,1
3222,418,22,2,1
3222,418,23,2,1
3222,418,24,2,1
3222,418,25,2,1
3222,418,26,2,1
3222,418,27,2,1
3222,418,28,2,1
3222,418,29,2,1
3222,418,30,2,1
3222,418,31,2,1
3222,418,32,2,1
3222,418,33,2,1
3222,418,34,2,1
3222,418,35,2,1
3222,418,36,2,1
3222,418,37,2,1
3222,418,38,2,1
3222,418,39,2,1
3222,418,40,2,1
3222,418,41,2,1
3222,418,42,2,1
3222,418,43,2,1
3222,418,44,2,1
3222,418,45,2,1
3222,418,46,2,1
3222,418,47,2,1
3222,418,48,2,1
3222,418,49,2,1
3222,418,50,2,1
3223,418,1,2,1
3223,418,2,2,1
3223,418,3,2,1
3223,418,4,2,1
3223,418,5,2,1
3223,418,6,2,1
3223,418,7,2,1
3223,418,8,2,1
3223,418,9,2,1
3223,418,10,2,1
3223,418,11,2,1
3223,418,12,2,1
3223,418,13,2,1
3223,418,14,2,1
3223,418,15,2,1
3223,418,16,2,1
3223,418,17,2,1
3223,418,18,2,1
3223,418,19,2,1
3223,418,20,2,1
3223,418,21,2,1
3223,418,22,2,1
3223,418,23,2,1
3223,418,24,2,1
3223,418,25,2,1
3223,418,26,2,1
3223,418,27,2,1
3223,418,28,2,1
3223,418,29,2,1
3223,418,30,2,1
3223,418,31,2,1
3223,418,32,2,1
3223,418,33,2,1
3223,418,34,2,1
3223,418,35,2,1
3223,418,36,2,1
3223,418,37,2,1
3223,418,38,2,1
3223,418,39,2,1
3223,418,40,2,1
3223,418,41,2,1
3223,418,42,2,1
3223,418,43,2,1
3223,418,44,2,1
3223,418,45,2,1
3223,418,46,2,1
3223,418,47,2,1
3223,418,48,2,1
3223,418,49,2,1
3223,418,50,2,1
3224,418,1,2,1
3224,418,2,2,1
3224,418,3,2,1
3224,418,4,2,1
3224,418,5,2,1
3224,418,6,2,1
3224,418,7,2,1
3224,418,8,2,1
3224,418,9,2,1
3224,418,10,2,1
3224,418,11,2,1
3224,418,12,2,1
3224,418,13,2,1
3224,418,14,2,1
3224,418,15,2,1
3224,418,16,2,1
3224,418,17,2,1
3224,418,18,2,1
3224,418,19,2,1
3224,418,20,2,1
3224,418,21,2,1
3224,418,22,2,1
3224,418,23,2,1
3224,418,24,2,1
3224,418,25,2,1
3224,418,26,2,1
3224,418,27,2,1
3224,418,28,2,1
3224,418,29,2,1
3224,418,30,2,1
3224,418,31,2,1
3224,418,32,2,1
3224,418,33,2,1
3224,418,34,2,1
3224,418,35,2,1
3224,418,36,2,1
3224,418,37,2,1
3224,418,38,2,1
3224,418,39,2,1
3224,418,40,2,1
3224,418,41,2,1
3224,418,42,2,1
3224,418,43,2,1
3224,418,44,2,1
3224,418,45,2,1
3224,418,46,2,1
3224,418,47,2,1
3224,418,48,2,1
3224,418,49,2,1
3224,418,50,2,1
3225,418,1,2,1
3225,418,2,2,1
3225,418,3,2,1
3225,418,4,2,1
3225,418,5,2,1
3225,418,6,2,1
3225,418,7,2,1
3225,418,8,2,1
3225,418,9,2,1
3225,418,10,2,1
3225,418,11,2,1
3225,418,12,2,1
3225,418,13,2,1
3225,418,14,2,1
3225,418,15,2,1
3225,418,16,2,1
3225,418,17,2,1
3225,418,18,2,1
3225,418,19,2,1
3225,418,20,2,1
3225,418,21,2,1
3225,418,22,2,1
3225,418,23,2,1
3225,418,24,2,1
3225,418,25,2,1
3225,418,26,2,1
3225,418,27,2,1
3225,418,28,2,1
3225,418,29,2,1
3225,418,30,2,1
3225,418,31,2,1
3225,418,32,2,1
3225,418,33,2,1
3225,418,34,2,1
3225,418,35,2,1
3225,418,36,2,1
3225,418,37,2,1
3225,418,38,2,1
3225,418,39,2,1
3225,418,40,2,1
3225,418,41,2,1
3225,418,42,2,1
3225,418,43,2,1
3225,418,44,2,1
3225,418,45,2,1
3225,418,46,2,1
3225,418,47,2,1
3225,418,48,2,1
3225,418,49,2,1
3225,418,50,2,1
3226,418,1,2,1
3226,418,2,2,1
3226,418,3,2,1
3226,418,4,2,1
3226,418,5,2,1
3226,418,6,2,1
3226,418,7,2,1
3226,418,8,2,1
3226,418,9,2,1
3226,418,10,2,1
3226,418,11,2,1
3226,418,12,2,1
3226,418,13,2,1
3226,418,14,2,1
3226,418,15,2,1
3226,418,16,2,1
3226,418,17,2,1
3226,418,18,2,1
3226,418,19,2,1
3226,418,20,2,1
3226,418,21,2,1
3226,418,22,2,1
3226,418,23,2,1
3226,418,24,2,1
3226,418,25,2,1
3226,418,26,2,1
3226,418,27,2,1
3226,418,28,2,1
3226,418,29,2,1
3226,418,30,2,1
3226,418,31,2,1
3226,418,32,2,1
3226,418,33,2,1
3226,418,34,2,1
3226,418,35,2,1
3226,418,36,2,1
3226,418,37,2,1
3226,418,38,2,1
3226,418,39,2,1
3226,418,40,2,1
3226,418,41,2,1
3226,418,42,2,1
3226,418,43,2,1
3226,418,44,2,1
3226,418,45,2,1
3226,418,46,2,1
3226,418,47,2,1
3226,418,48,2,1
3226,418,49,2,1
3226,418,50,2,1
3227,419,1,1,-1
3227,419,2,1,-1
3227,419,3,1,-1
3227,419,4,1,-1
3227,419,5,1,-1
3227,419,6,1,-1
3227,419,7,1,-1
3227,419,8,1,-1
3227,419,9,1,-1
3227,419,10,1,-1
3227,419,11,1,-1
3227,419,12,1,-1
3227,419,13,1,-1
3227,419,14,1,-1
3227,419,15,1,-1
3227,419,16,1,-1
3227,419,17,1,-1
3227,419,18,1,-1
3227,419,19,1,-1
3227,419,20,1,-1
3227,419,21,1,-1
3227,419,22,1,-1
3227,419,23,1,-1
3227,419,24,1,-1
3227,419,25,1,-1
3227,419,26,1,-1
3227,419,27,1,-1
3227,419,28,1,-1
3227,419,29,1,-1
3227,419,30,1,-1
3227,419,31,1,-1
3227,419,32,1,-1
3227,419,33,1,-1
3227,419,34,1,-1
3227,419,35,1,-1
3227,419,36,1,-1
3227,419,37,1,-1
3227,419,38,1,-1
3227,419,39,1,-1
3227,419,40,1,-1
3227,419,41,1,-1
3227,419,42,1,-1
3227,419,43,1,-1
3227,419,44,1,-1
3227,419,45,1,-1
3227,419,46,1,-1
3227,419,47,1,-1
3227,419,48,1,-1
3227,419,49,1,-1
3227,419,50,1,-1
3227,419,1,2,1
3227,419,2,2,1
3227,419,3,2,1
3227,419,4,2,1
3227,419,5,2,1
3227,419,6,2,1
3227,419,7,2,1
3227,419,8,2,1
3227,419,9,2,1
3227,419,10,2,1
3227,419,11,2,1
3227,419,12,2,1
3227,419,13,2,1
3227,419,14,2,1
3227,419,15,2,1
3227,419,16,2,1
3227,419,17,2,1
3227,419,18,2,1
3227,419,19,2,1
3227,419,20,2,1
3227,419,21,2,1
3227,419,22,2,1
3227,419,23,2,1
3227,419,24,2,1
3227,419,25,2,1
3227,419,26,2,1
3227,419,27,2,1
3227,419,28,2,1
3227,419,29,2,1
3227,419,30,2,1
3227,419,31,2,1
3227,419,32,2,1
3227,419,33,2,1
3227,419,34,2,1
3227,419,35,2,1
3227,419,36,2,1
3227,419,37,2,1
3227,419,38,2,1
3227,419,39,2,1
3227,419,40,2,1
3227,419,41,2,1
3227,419,42,2,1
3227,419,43,2,1
3227,419,44,2,1
3227,419,45,2,1
3227,419,46,2,1
3227,419,47,2,1
3227,419,48,2,1
3227,419,49,2,1
3227,419,50,2,1
3228,419,1,2,1
3228,419,2,2,1
3228,419,3,2,1
3228,419,4,2,1
3228,419,5,2,1
3228,419,6,2,1
3228,419,7,2,1
3228,419,8,2,1
3228,419,9,2,1
3228,419,10,2,1
3228,419,11,2,1
3228,419,12,2,1
3228,419,13,2,1
3228,419,14,2,1
3228,419,15,2,1
3228,419,16,2,1
3228,419,17,2,1
3228,419,18,2,1
3228,419,19,2,1
3228,419,20,2,1
3228,419,21,2,1
3228,419,22,2,1
3228,419,23,2,1
3228,419,24,2,1
3228,419,25,2,1
3228,419,26,2,1
3228,419,27,2,1
3228,419,28,2,1
3228,419,29,2,1
3228,419,30,2,1
3228,419,31,2,1
3228,419,32,2,1
3228,419,33,2,1
3228,419,34,2,1
3228,419,35,2,1
3228,419,36,2,1
3228,419,37,2,1
3228,419,38,2,1
3228,419,39,2,1
3228,419,40,2,1
3228,419,41,2,1
3228,419,42,2,1
3228,419,43,2,1
3228,419,44,2,1
3228,419,45,2,1
3228,419,46,2,1
3228,419,47,2,1
3228,419,48,2,1
3228,419,49,2,1
3228,419,50,2,1
3229,419,1,2,1
3229,419,2,2,1
3229,419,3,2,1
3229,419,4,2,1
3229,419,5,2,1
3229,419,6,2,1
3229,419,7,2,1
3229,419,8,2,1
3229,419,9,2,1
3229,419,10,2,1
3229,419,11,2,1
3229,419,12,2,1
3229,419,13,2,1
3229,419,14,2,1
3229,419,15,2,1
3229,419,16,2,1
3229,419,17,2,1
3229,419,18,2,1
3229,419,19,2,1
3229,419,20,2,1
3229,419,21,2,1
3229,419,22,2,1
3229,419,23,2,1
3229,419,24,2,1
3229,419,25,2,1
3229,419,26,2,1
3229,419,27,2,1
3229,419,28,2,1
3229,419,29,2,1
3229,419,30,2,1
3229,419,31,2,1
3229,419,32,2,1
3229,419,33,2,1
3229,419,34,2,1
3229,419,35,2,1
3229,419,36,2,1
3229,419,37,2,1
3229,419,38,2,1
3229,419,39,2,1
3229,419,40,2,1
3229,419,41,2,1
3229,419,42,2,1
3229,419,43,2,1
3229,419,44,2,1
3229,419,45,2,1
3229,419,46,2,1
3229,419,47,2,1
3229,419,48,2,1
3229,419,49,2,1
3229,419,50,2,1
3230,419,1,2,1
3230,419,2,2,1
3230,419,3,2,1
3230,419,4,2,1
3230,419,5,2,1
3230,419,6,2,1
3230,419,7,2,1
3230,419,8,2,1
3230,419,9,2,1
3230,419,10,2,1
3230,419,11,2,1
3230,419,12,2,1
3230,419,13,2,1
3230,419,14,2,1
3230,419,15,2,1
3230,419,16,2,1
3230,419,17,2,1
3230,419,18,2,1
3230,419,19,2,1
3230,419,20,2,1
3230,419,21,2,1
3230,419,22,2,1
3230,419,23,2,1
3230,419,24,2,1
3230,419,25,2,1
3230,419,26,2,1
3230,419,27,2,1
3230,419,28,2,1
3230,419,29,2,1
3230,419,30,2,1
3230,419,31,2,1
3230,419,32,2,1
3230,419,33,2,1
3230,419,34,2,1
3230,419,35,2,1
3230,419,36,2,1
3230,419,37,2,1
3230,419,38,2,1
3230,419,39,2,1
3230,419,40,2,1
3230,419,41,2,1
3230,419,42,2,1
3230,419,43,2,1
3230,419,44,2,1
3230,419,45,2,1
3230,419,46,2,1
3230,419,47,2,1
3230,419,48,2,1
3230,419,49,2,1
3230,419,50,2,1
3231,419,1,2,1
3231,419,2,2,1
3231,419,3,2,1
3231,419,4,2,1
3231,419,5,2,1
3231,419,6,2,1
3231,419,7,2,1
3231,419,8,2,1
3231,419,9,2,1
3231,419,10,2,1
3231,419,11,2,1
3231,419,12,2,1
3231,419,13,2,1
3231,419,14,2,1
3231,419,15,2,1
3231,419,16,2,1
3231,419,17,2,1
3231,419,18,2,1
3231,419,19,2,1
3231,419,20,2,1
3231,419,21,2,1
3231,419,22,2,1
3231,419,23,2,1
3231,419,24,2,1
3231,419,25,2,1
3231,419,26,2,1
3231,419,27,2,1
3231,419,28,2,1
3231,419,29,2,1
3231,419,30,2,1
3231,419,31,2,1
3231,419,32,2,1
3231,419,33,2,1
3231,419,34,2,1
3231,419,35,2,1
3231,419,36,2,1
3231,419,37,2,1
3231,419,38,2,1
3231,419,39,2,1
3231,419,40,2,1
3231,419,41,2,1
3231,419,42,2,1
3231,419,43,2,1
3231,419,44,2,1
3231,419,45,2,1
3231,419,46,2,1
3231,419,47,2,1
3231,419,48,2,1
3231,419,49,2,1
3231,419,50,2,1
3232,419,1,2,1
3232,419,2,2,1
3232,419,3,2,1
3232,419,4,2,1
3232,419,5,2,1
3232,419,6,2,1
3232,419,7,2,1
3232,419,8,2,1
3232,419,9,2,1
3232,419,10,2,1
3232,419,11,2,1
3232,419,12,2,1
3232,419,13,2,1
3232,419,14,2,1
3232,419,15,2,1
3232,419,16,2,1
3232,419,17,2,1
3232,419,18,2,1
3232,419,19,2,1
3232,419,20,2,1
3232,419,21,2,1
3232,419,22,2,1
3232,419,23,2,1
3232,419,24,2,1
3232,419,25,2,1
3232,419,26,2,1
3232,419,27,2,1
3232,419,28,2,1
3232,419,29,2,1
3232,419,30,2,1
3232,419,31,2,1
3232,419,32,2,1
3232,419,33,2,1
3232,419,34,2,1
3232,419,35,2,1
3232,419,36,2,1
3232,419,37,2,1
3232,419,38,2,1
3232,419,39,2,1
3232,419,40,2,1
3232,419,41,2,1
3232,419,42,2,1
3232,419,43,2,1
3232,419,44,2,1
3232,419,45,2,1
3232,419,46,2,1
3232,419,47,2,1
3232,419,48,2,1
3232,419,49,2,1
3232,419,50,2,1
3233,420,1,1,-1
3233,420,2,1,-1
3233,420,3,1,-1
3233,420,4,1,-1
3233,420,5,1,-1
3233,420,6,1,-1
3233,420,7,1,-1
3233,420,8,1,-1
3233,420,9,1,-1
3233,420,10,1,-1
3233,420,11,1,-1
3233,420,12,1,-1
3233,420,13,1,-1
3233,420,14,1,-1
3233,420,15,1,-1
3233,420,16,1,-1
3233,420,17,1,-1
3233,420,18,1,-1
3233,420,19,1,-1
3233,420,20,1,-1
3233,420,21,1,-1
3233,420,22,1,-1
3233,420,23,1,-1
3233,420,24,1,-1
3233,420,25,1,-1
3233,420,26,1,-1
3233,420,27,1,-1
3233,420,28,1,-1
3233,420,29,1,-1
3233,420,30,1,-1
3233,420,31,1,-1
3233,420,32,1,-1
3233,420,33,1,-1
3233,420,34,1,-1
3233,420,35,1,-1
3233,420,36,1,-1
3233,420,37,1,-1
3233,420,38,1,-1
3233,420,39,1,-1
3233,420,40,1,-1
3233,420,41,1,-1
3233,420,42,1,-1
3233,420,43,1,-1
3233,420,44,1,-1
3233,420,45,1,-1
3233,420,46,1,-1
3233,420,47,1,-1
3233,420,48,1,-1
3233,420,49,1,-1
3233,420,50,1,-1
3233,420,1,2,1
3233,420,2,2,1
3233,420,3,2,1
3233,420,4,2,1
3233,420,5,2,1
3233,420,6,2,1
3233,420,7,2,1
3233,420,8,2,1
3233,420,9,2,1
3233,420,10,2,1
3233,420,11,2,1
3233,420,12,2,1
3233,420,13,2,1
3233,420,14,2,1
3233,420,15,2,1
3233,420,16,2,1
3233,420,17,2,1
3233,420,18,2,1
3233,420,19,2,1
3233,420,20,2,1
3233,420,21,2,1
3233,420,22,2,1
3233,420,23,2,1
3233,420,24,2,1
3233,420,25,2,1
3233,420,26,2,1
3233,420,27,2,1
3233,420,28,2,1
3233,420,29,2,1
3233,420,30,2,1
3233,420,31,2,1
3233,420,32,2,1
3233,420,33,2,1
3233,420,34,2,1
3233,420,35,2,1
3233,420,36,2,1
3233,420,37,2,1
3233,420,38,2,1
3233,420,39,2,1
3233,420,40,2,1
3233,420,41,2,1
3233,420,42,2,1
3233,420,43,2,1
3233,420,44,2,1
3233,420,45,2,1
3233,420,46,2,1
3233,420,47,2,1
3233,420,48,2,1
3233,420,49,2,1
3233,420,50,2,1
3234,420,1,2,1
3234,420,2,2,1
3234,420,3,2,1
3234,420,4,2,1
3234,420,5,2,1
3234,420,6,2,1
3234,420,7,2,1
3234,420,8,2,1
3234,420,9,2,1
3234,420,10,2,1
3234,420,11,2,1
3234,420,12,2,1
3234,420,13,2,1
3234,420,14,2,1
3234,420,15,2,1
3234,420,16,2,1
3234,420,17,2,1
3234,420,18,2,1
3234,420,19,2,1
3234,420,20,2,1
3234,420,21,2,1
3234,420,22,2,1
3234,420,23,2,1
3234,420,24,2,1
3234,420,25,2,1
3234,420,26,2,1
3234,420,27,2,1
3234,420,28,2,1
3234,420,29,2,1
3234,420,30,2,1
3234,420,31,2,1
3234,420,32,2,1
3234,420,33,2,1
3234,420,34,2,1
3234,420,35,2,1
3234,420,36,2,1
3234,420,37,2,1
3234,420,38,2,1
3234,420,39,2,1
3234,420,40,2,1
3234,420,41,2,1
3234,420,42,2,1
3234,420,43,2,1
3234,420,44,2,1
3234,420,45,2,1
3234,420,46,2,1
3234,420,47,2,1
3234,420,48,2,1
3234,420,49,2,1
3234,420,50,2,1
3235,420,1,2,1
3235,420,2,2,1
3235,420,3,2,1
3235,420,4,2,1
3235,420,5,2,1
3235,420,6,2,1
3235,420,7,2,1
3235,420,8,2,1
3235,420,9,2,1
3235,420,10,2,1
3235,420,11,2,1
3235,420,12,2,1
3235,420,13,2,1
3235,420,14,2,1
3235,420,15,2,1
3235,420,16,2,1
3235,420,17,2,1
3235,420,18,2,1
3235,420,19,2,1
3235,420,20,2,1
3235,420,21,2,1
3235,420,22,2,1
3235,420,23,2,1
3235,420,24,2,1
3235,420,25,2,1
3235,420,26,2,1
3235,420,27,2,1
3235,420,28,2,1
3235,420,29,2,1
3235,420,30,2,1
3235,420,31,2,1
3235,420,32,2,1
3235,420,33,2,1
3235,420,34,2,1
3235,420,35,2,1
3235,420,36,2,1
3235,420,37,2,1
3235,420,38,2,1
3235,420,39,2,1
3235,420,40,2,1
3235,420,41,2,1
3235,420,42,2,1
3235,420,43,2,1
3235,420,44,2,1
3235,420,45,2,1
3235,420,46,2,1
3235,420,47,2,1
3235,420,48,2,1
3235,420,49,2,1
3235,420,50,2,1
3236,420,1,2,1
3236,420,2,2,1
3236,420,3,2,1
3236,420,4,2,1
3236,420,5,2,1
3236,420,6,2,1
3236,420,7,2,1
3236,420,8,2,1
3236,420,9,2,1
3236,420,10,2,1
3236,420,11,2,1
3236,420,12,2,1
3236,420,13,2,1
3236,420,14,2,1
3236,420,15,2,1
3236,420,16,2,1
3236,420,17,2,1
3236,420,18,2,1
3236,420,19,2,1
3236,420,20,2,1
3236,420,21,2,1
3236,420,22,2,1
3236,420,23,2,1
3236,420,24,2,1
3236,420,25,2,1
3236,420,26,2,1
3236,420,27,2,1
3236,420,28,2,1
3236,420,29,2,1
3236,420,30,2,1
3236,420,31,2,1
3236,420,32,2,1
3236,420,33,2,1
3236,420,34,2,1
3236,420,35,2,1
3236,420,36,2,1
3236,420,37,2,1
3236,420,38,2,1
3236,420,39,2,1
3236,420,40,2,1
3236,420,41,2,1
3236,420,42,2,1
3236,420,43,2,1
3236,420,44,2,1
3236,420,45,2,1
3236,420,46,2,1
3236,420,47,2,1
3236,420,48,2,1
3236,420,49,2,1
3236,420,50,2,1
3237,420,1,2,1
3237,420,2,2,1
3237,420,3,2,1
3237,420,4,2,1
3237,420,5,2,1
3237,420,6,2,1
3237,420,7,2,1
3237,420,8,2,1
3237,420,9,2,1
3237,420,10,2,1
3237,420,11,2,1
3237,420,12,2,1
3237,420,13,2,1
3237,420,14,2,1
3237,420,15,2,1
3237,420,16,2,1
3237,420,17,2,1
3237,420,18,2,1
3237,420,19,2,1
3237,420,20,2,1
3237,420,21,2,1
3237,420,22,2,1
3237,420,23,2,1
3237,420,24,2,1
3237,420,25,2,1
3237,420,26,2,1
3237,420,27,2,1
3237,420,28,2,1
3237,420,29,2,1
3237,420,30,2,1
3237,420,31,2,1
3237,420,32,2,1
3237,420,33,2,1
3237,420,34,2,1
3237,420,35,2,1
3237,420,36,2,1
3237,420,37,2,1
3237,420,38,2,1
3237,420,39,2,1
3237,420,40,2,1
3237,420,41,2,1
3237,420,42,2,1
3237,420,43,2,1
3237,420,44,2,1
3237,420,45,2,1
3237,420,46,2,1
3237,420,47,2,1
3237,420,48,2,1
3237,420,49,2,1
3237,420,50,2,1
3238,420,1,2,1
3238,420,2,2,1
3238,420,3,2,1
3238,420,4,2,1
3238,420,5,2,1
3238,420,6,2,1
3238,420,7,2,1
3238,420,8,2,1
3238,420,9,2,1
3238,420,10,2,1
3238,420,11,2,1
3238,420,12,2,1
3238,420,13,2,1
3238,420,14,2,1
3238,420,15,2,1
3238,420,16,2,1
3238,420,17,2,1
3238,420,18,2,1
3238,420,19,2,1
3238,420,20,2,1
3238,420,21,2,1
3238,420,22,2,1
3238,420,23,2,1
3238,420,24,2,1
3238,420,25,2,1
3238,420,26,2,1
3238,420,27,2,1
3238,420,28,2,1
3238,420,29,2,1
3238,420,30,2,1
3238,420,31,2,1
3238,420,32,2,1
3238,420,33,2,1
3238,420,34,2,1
3238,420,35,2,1
3238,420,36,2,1
3238,420,37,2,1
3238,420,38,2,1
3238,420,39,2,1
3238,420,40,2,1
3238,420,41,2,1
3238,420,42,2,1
3238,420,43,2,1
3238,420,44,2,1
3238,420,45,2,1
3238,420,46,2,1
3238,420,47,2,1
3238,420,48,2,1
3238,420,49,2,1
3238,420,50,2,1
3239,421,1,1,-1
3239,421,2,1,-1
3239,421,3,1,-1
3239,421,4,1,-1
3239,421,5,1,-1
3239,421,6,1,-1
3239,421,7,1,-1
3239,421,8,1,-1
3239,421,9,1,-1
3239,421,10,1,-1
3239,421,11,1,-1
3239,421,12,1,-1
3239,421,13,1,-1
3239,421,14,1,-1
3239,421,15,1,-1
3239,421,16,1,-1
3239,421,17,1,-1
3239,421,18,1,-1
3239,421,19,1,-1
3239,421,20,1,-1
3239,421,21,1,-1
3239,421,22,1,-1
3239,421,23,1,-1
3239,421,24,1,-1
3239,421,25,1,-1
3239,421,26,1,-1
3239,421,27,1,-1
3239,421,28,1,-1
3239,421,29,1,-1
3239,421,30,1,-1
3239,421,31,1,-1
3239,421,32,1,-1
3239,421,33,1,-1
3239,421,34,1,-1
3239,421,35,1,-1
3239,421,36,1,-1
3239,421,37,1,-1
3239,421,38,1,-1
3239,421,39,1,-1
3239,421,40,1,-1
3239,421,41,1,-1
3239,421,42,1,-1
3239,421,43,1,-1
3239,421,44,1,-1
3239,421,45,1,-1
3239,421,46,1,-1
3239,421,47,1,-1
3239,421,48,1,-1
3239,421,49,1,-1
3239,421,50,1,-1
3239,421,1,2,1
3239,421,2,2,1
3239,421,3,2,1
3239,421,4,2,1
3239,421,5,2,1
3239,421,6,2,1
3239,421,7,2,1
3239,421,8,2,1
3239,421,9,2,1
3239,421,10,2,1
3239,421,11,2,1
3239,421,12,2,1
3239,421,13,2,1
3239,421,14,2,1
3239,421,15,2,1
3239,421,16,2,1
3239,421,17,2,1
3239,421,18,2,1
3239,421,19,2,1
3239,421,20,2,1
3239,421,21,2,1
3239,421,22,2,1
3239,421,23,2,1
3239,421,24,2,1
3239,421,25,2,1
3239,421,26,2,1
3239,421,27,2,1
3239,421,28,2,1
3239,421,29,2,1
3239,421,30,2,1
3239,421,31,2,1
3239,421,32,2,1
3239,421,33,2,1
3239,421,34,2,1
3239,421,35,2,1
3239,421,36,2,1
3239,421,37,2,1
3239,421,38,2,1
3239,421,39,2,1
3239,421,40,2,1
3239,421,41,2,1
3239,421,42,2,1
3239,421,43,2,1
3239,421,44,2,1
3239,421,45,2,1
3239,421,46,2,1
3239,421,47,2,1
3239,421,48,2,1
3239,421,49,2,1
3239,421,50,2,1
3240,421,1,2,1
3240,421,2,2,1
3240,421,3,2,1
3240,421,4,2,1
3240,421,5,2,1
3240,421,6,2,1
3240,421,7,2,1
3240,421,8,2,1
3240,421,9,2,1
3240,421,10,2,1
3240,421,11,2,1
3240,421,12,2,1
3240,421,13,2,1
3240,421,14,2,1
3240,421,15,2,1
3240,421,16,2,1
3240,421,17,2,1
3240,421,18,2,1
3240,421,19,2,1
3240,421,20,2,1
3240,421,21,2,1
3240,421,22,2,1
3240,421,23,2,1
3240,421,24,2,1
3240,421,25,2,1
3240,421,26,2,1
3240,421,27,2,1
3240,421,28,2,1
3240,421,29,2,1
3240,421,30,2,1
3240,421,31,2,1
3240,421,32,2,1
3240,421,33,2,1
3240,421,34,2,1
3240,421,35,2,1
3240,421,36,2,1
3240,421,37,2,1
3240,421,38,2,1
3240,421,39,2,1
3240,421,40,2,1
3240,421,41,2,1
3240,421,42,2,1
3240,421,43,2,1
3240,421,44,2,1
3240,421,45,2,1
3240,421,46,2,1
3240,421,47,2,1
3240,421,48,2,1
3240,421,49,2,1
3240,421,50,2,1
3241,421,1,2,1
3241,421,2,2,1
3241,421,3,2,1
3241,421,4,2,1
3241,421,5,2,1
3241,421,6,2,1
3241,421,7,2,1
3241,421,8,2,1
3241,421,9,2,1
3241,421,10,2,1
3241,421,11,2,1
3241,421,12,2,1
3241,421,13,2,1
3241,421,14,2,1
3241,421,15,2,1
3241,421,16,2,1
3241,421,17,2,1
3241,421,18,2,1
3241,421,19,2,1
3241,421,20,2,1
3241,421,21,2,1
3241,421,22,2,1
3241,421,23,2,1
3241,421,24,2,1
3241,421,25,2,1
3241,421,26,2,1
3241,421,27,2,1
3241,421,28,2,1
3241,421,29,2,1
3241,421,30,2,1
3241,421,31,2,1
3241,421,32,2,1
3241,421,33,2,1
3241,421,34,2,1
3241,421,35,2,1
3241,421,36,2,1
3241,421,37,2,1
3241,421,38,2,1
3241,421,39,2,1
3241,421,40,2,1
3241,421,41,2,1
3241,421,42,2,1
3241,421,43,2,1
3241,421,44,2,1
3241,421,45,2,1
3241,421,46,2,1
3241,421,47,2,1
3241,421,48,2,1
3241,421,49,2,1
3241,421,50,2,1
3242,421,1,2,1
3242,421,2,2,1
3242,421,3,2,1
3242,421,4,2,1
3242,421,5,2,1
3242,421,6,2,1
3242,421,7,2,1
3242,421,8,2,1
3242,421,9,2,1
3242,421,10,2,1
3242,421,11,2,1
3242,421,12,2,1
3242,421,13,2,1
3242,421,14,2,1
3242,421,15,2,1
3242,421,16,2,1
3242,421,17,2,1
3242,421,18,2,1
3242,421,19,2,1
3242,421,20,2,1
3242,421,21,2,1
3242,421,22,2,1
3242,421,23,2,1
3242,421,24,2,1
3242,421,25,2,1
3242,421,26,2,1
3242,421,27,2,1
3242,421,28,2,1
3242,421,29,2,1
3242,421,30,2,1
3242,421,31,2,1
3242,421,32,2,1
3242,421,33,2,1
3242,421,34,2,1
3242,421,35,2,1
3242,421,36,2,1
3242,421,37,2,1
3242,421,38,2,1
3242,421,39,2,1
3242,421,40,2,1
3242,421,41,2,1
3242,421,42,2,1
3242,421,43,2,1
3242,421,44,2,1
3242,421,45,2,1
3242,421,46,2,1
3242,421,47,2,1
3242,421,48,2,1
3242,421,49,2,1
3242,421,50,2,1
3243,421,1,2,1
3243,421,2,2,1
3243,421,3,2,1
3243,421,4,2,1
3243,421,5,2,1
3243,421,6,2,1
3243,421,7,2,1
3243,421,8,2,1
3243,421,9,2,1
3243,421,10,2,1
3243,421,11,2,1
3243,421,12,2,1
3243,421,13,2,1
3243,421,14,2,1
3243,421,15,2,1
3243,421,16,2,1
3243,421,17,2,1
3243,421,18,2,1
3243,421,19,2,1
3243,421,20,2,1
3243,421,21,2,1
3243,421,22,2,1
3243,421,23,2,1
3243,421,24,2,1
3243,421,25,2,1
3243,421,26,2,1
3243,421,27,2,1
3243,421,28,2,1
3243,421,29,2,1
3243,421,30,2,1
3243,421,31,2,1
3243,421,32,2,1
3243,421,33,2,1
3243,421,34,2,1
3243,421,35,2,1
3243,421,36,2,1
3243,421,37,2,1
3243,421,38,2,1
3243,421,39,2,1
3243,421,40,2,1
3243,421,41,2,1
3243,421,42,2,1
3243,421,43,2,1
3243,421,44,2,1
3243,421,45,2,1
3243,421,46,2,1
3243,421,47,2,1
3243,421,48,2,1
3243,421,49,2,1
3243,421,50,2,1
3244,422,1,1,-1
3244,422,2,1,-1
3244,422,3,1,-1
3244,422,4,1,-1
3244,422,5,1,-1
3244,422,6,1,-1
3244,422,7,1,-1
3244,422,8,1,-1
3244,422,9,1,-1
3244,422,10,1,-1
3244,422,11,1,-1
3244,422,12,1,-1
3244,422,13,1,-1
3244,422,14,1,-1
3244,422,15,1,-1
3244,422,16,1,-1
3244,422,17,1,-1
3244,422,18,1,-1
3244,422,19,1,-1
3244,422,20,1,-1
3244,422,21,1,-1
3244,422,22,1,-1
3244,422,23,1,-1
3244,422,24,1,-1
3244,422,25,1,-1
3244,422,26,1,-1
3244,422,27,1,-1
3244,422,28,1,-1
3244,422,29,1,-1
3244,422,30,1,-1
3244,422,31,1,-1
3244,422,32,1,-1
3244,422,33,1,-1
3244,422,34,1,-1
3244,422,35,1,-1
3244,422,36,1,-1
3244,422,37,1,-1
3244,422,38,1,-1
3244,422,39,1,-1
3244,422,40,1,-1
3244,422,41,1,-1
3244,422,42,1,-1
3244,422,43,1,-1
3244,422,44,1,-1
3244,422,45,1,-1
3244,422,46,1,-1
3244,422,47,1,-1
3244,422,48,1,-1
3244,422,49,1,-1
3244,422,50,1,-1
3244,422,1,2,1
3244,422,2,2,1
3244,422,3,2,1
3244,422,4,2,1
3244,422,5,2,1
3244,422,6,2,1
3244,422,7,2,1
3244,422,8,2,1
3244,422,9,2,1
3244,422,10,2,1
3244,422,11,2,1
3244,422,12,2,1
3244,422,13,2,1
3244,422,14,2,1
3244,422,15,2,1
3244,422,16,2,1
3244,422,17,2,1
3244,422,18,2,1
3244,422,19,2,1
3244,422,20,2,1
3244,422,21,2,1
3244,422,22,2,1
3244,422,23,2,1
3244,422,24,2,1
3244,422,25,2,1
3244,422,26,2,1
3244,422,27,2,1
3244,422,28,2,1
3244,422,29,2,1
3244,422,30,2,1
3244,422,31,2,1
3244,422,32,2,1
3244,422,33,2,1
3244,422,34,2,1
3244,422,35,2,1
3244,422,36,2,1
3244,422,37,2,1
3244,422,38,2,1
3244,422,39,2,1
3244,422,40,2,1
3244,422,41,2,1
3244,422,42,2,1
3244,422,43,2,1
3244,422,44,2,1
3244,422,45,2,1
3244,422,46,2,1
3244,422,47,2,1
3244,422,48,2,1
3244,422,49,2,1
3244,422,50,2,1
3245,422,1,2,1
3245,422,2,2,1
3245,422,3,2,1
3245,422,4,2,1
3245,422,5,2,1
3245,422,6,2,1
3245,422,7,2,1
3245,422,8,2,1
3245,422,9,2,1
3245,422,10,2,1
3245,422,11,2,1
3245,422,12,2,1
3245,422,13,2,1
3245,422,14,2,1
3245,422,15,2,1
3245,422,16,2,1
3245,422,17,2,1
3245,422,18,2,1
3245,422,19,2,1
3245,422,20,2,1
3245,422,21,2,1
3245,422,22,2,1
3245,422,23,2,1
3245,422,24,2,1
3245,422,25,2,1
3245,422,26,2,1
3245,422,27,2,1
3245,422,28,2,1
3245,422,29,2,1
3245,422,30,2,1
3245,422,31,2,1
3245,422,32,2,1
3245,422,33,2,1
3245,422,34,2,1
3245,422,35,2,1
3245,422,36,2,1
3245,422,37,2,1
3245,422,38,2,1
3245,422,39,2,1
3245,422,40,2,1
3245,422,41,2,1
3245,422,42,2,1
3245,422,43,2,1
3245,422,44,2,1
3245,422,45,2,1
3245,422,46,2,1
3245,422,47,2,1
3245,422,48,2,1
3245,422,49,2,1
3245,422,50,2,1
3246,422,1,2,1
3246,422,2,2,1
3246,422,3,2,1
3246,422,4,2,1
3246,422,5,2,1
3246,422,6,2,1
3246,422,7,2,1
3246,422,8,2,1
3246,422,9,2,1
3246,422,10,2,1
3246,422,11,2,1
3246,422,12,2,1
3246,422,13,2,1
3246,422,14,2,1
3246,422,15,2,1
3246,422,16,2,1
3246,422,17,2,1
3246,422,18,2,1
3246,422,19,2,1
3246,422,20,2,1
3246,422,21,2,1
3246,422,22,2,1
3246,422,23,2,1
3246,422,24,2,1
3246,422,25,2,1
3246,422,26,2,1
3246,422,27,2,1
3246,422,28,2,1
3246,422,29,2,1
3246,422,30,2,1
3246,422,31,2,1
3246,422,32,2,1
3246,422,33,2,1
3246,422,34,2,1
3246,422,35,2,1
3246,422,36,2,1
3246,422,37,2,1
3246,422,38,2,1
3246,422,39,2,1
3246,422,40,2,1
3246,422,41,2,1
3246,422,42,2,1
3246,422,43,2,1
3246,422,44,2,1
3246,422,45,2,1
3246,422,46,2,1
3246,422,47,2,1
3246,422,48,2,1
3246,422,49,2,1
3246,422,50,2,1
3247,422,1,2,1
3247,422,2,2,1
3247,422,3,2,1
3247,422,4,2,1
3247,422,5,2,1
3247,422,6,2,1
3247,422,7,2,1
3247,422,8,2,1
3247,422,9,2,1
3247,422,10,2,1
3247,422,11,2,1
3247,422,12,2,1
3247,422,13,2,1
3247,422,14,2,1
3247,422,15,2,1
3247,422,16,2,1
3247,422,17,2,1
3247,422,18,2,1
3247,422,19,2,1
3247,422,20,2,1
3247,422,21,2,1
3247,422,22,2,1
3247,422,23,2,1
3247,422,24,2,1
3247,422,25,2,1
3247,422,26,2,1
3247,422,27,2,1
3247,422,28,2,1
3247,422,29,2,1
3247,422,30,2,1
3247,422,31,2,1
3247,422,32,2,1
3247,422,33,2,1
3247,422,34,2,1
3247,422,35,2,1
3247,422,36,2,1
3247,422,37,2,1
3247,422,38,2,1
3247,422,39,2,1
3247,422,40,2,1
3247,422,41,2,1
3247,422,42,2,1
3247,422,43,2,1
3247,422,44,2,1
3247,422,45,2,1
3247,422,46,2,1
3247,422,47,2,1
3247,422,48,2,1
3247,422,49,2,1
3247,422,50,2,1
3248,423,1,1,-1
3248,423,2,1,-1
3248,423,3,1,-1
3248,423,4,1,-1
3248,423,5,1,-1
3248,423,6,1,-1
3248,423,7,1,-1
3248,423,8,1,-1
3248,423,9,1,-1
3248,423,10,1,-1
3248,423,11,1,-1
3248,423,12,1,-1
3248,423,13,1,-1
3248,423,14,1,-1
3248,423,15,1,-1
3248,423,16,1,-1
3248,423,17,1,-1
3248,423,18,1,-1
3248,423,19,1,-1
3248,423,20,1,-1
3248,423,21,1,-1
3248,423,22,1,-1
3248,423,23,1,-1
3248,423,24,1,-1
3248,423,25,1,-1
3248,423,26,1,-1
3248,423,27,1,-1
3248,423,28,1,-1
3248,423,29,1,-1
3248,423,30,1,-1
3248,423,31,1,-1
3248,423,32,1,-1
3248,423,33,1,-1
3248,423,34,1,-1
3248,423,35,1,-1
3248,423,36,1,-1
3248,423,37,1,-1
3248,423,38,1,-1
3248,423,39,1,-1
3248,423,40,1,-1
3248,423,41,1,-1
3248,423,42,1,-1
3248,423,43,1,-1
3248,423,44,1,-1
3248,423,45,1,-1
3248,423,46,1,-1
3248,423,47,1,-1
3248,423,48,1,-1
3248,423,49,1,-1
3248,423,50,1,-1
3248,423,1,2,1
3248,423,2,2,1
3248,423,3,2,1
3248,423,4,2,1
3248,423,5,2,1
3248,423,6,2,1
3248,423,7,2,1
3248,423,8,2,1
3248,423,9,2,1
3248,423,10,2,1
3248,423,11,2,1
3248,423,12,2,1
3248,423,13,2,1
3248,423,14,2,1
3248,423,15,2,1
3248,423,16,2,1
3248,423,17,2,1
3248,423,18,2,1
3248,423,19,2,1
3248,423,20,2,1
3248,423,21,2,1
3248,423,22,2,1
3248,423,23,2,1
3248,423,24,2,1
3248,423,25,2,1
3248,423,26,2,1
3248,423,27,2,1
3248,423,28,2,1
3248,423,29,2,1
3248,423,30,2,1
3248,423,31,2,1
3248,423,32,2,1
3248,423,33,2,1
3248,423,34,2,1
3248,423,35,2,1
3248,423,36,2,1
3248,423,37,2,1
3248,423,38,2,1
3248,423,39,2,1
3248,423,40,2,1
3248,423,41,2,1
3248,423,42,2,1
3248,423,43,2,1
3248,423,44,2,1
3248,423,45,2,1
3248,423,46,2,1
3248,423,47,2,1
3248,423,48,2,1
3248,423,49,2,1
3248,423,50,2,1
3249,423,1,2,1
3249,423,2,2,1
3249,423,3,2,1
3249,423,4,2,1
3249,423,5,2,1
3249,423,6,2,1
3249,423,7,2,1
3249,423,8,2,1
3249,423,9,2,1
3249,423,10,2,1
3249,423,11,2,1
3249,423,12,2,1
3249,423,13,2,1
3249,423,14,2,1
3249,423,15,2,1
3249,423,16,2,1
3249,423,17,2,1
3249,423,18,2,1
3249,423,19,2,1
3249,423,20,2,1
3249,423,21,2,1
3249,423,22,2,1
3249,423,23,2,1
3249,423,24,2,1
3249,423,25,2,1
3249,423,26,2,1
3249,423,27,2,1
3249,423,28,2,1
3249,423,29,2,1
3249,423,30,2,1
3249,423,31,2,1
3249,423,32,2,1
3249,423,33,2,1
3249,423,34,2,1
3249,423,35,2,1
3249,423,36,2,1
3249,423,37,2,1
3249,423,38,2,1
3249,423,39,2,1
3249,423,40,2,1
3249,423,41,2,1
3249,423,42,2,1
3249,423,43,2,1
3249,423,44,2,1
3249,423,45,2,1
3249,423,46,2,1
3249,423,47,2,1
3249,423,48,2,1
3249,423,49,2,1
3249,423,50,2,1
3250,423,1,2,1
3250,423,2,2,1
3250,423,3,2,1
3250,423,4,2,1
3250,423,5,2,1
3250,423,6,2,1
3250,423,7,2,1
3250,423,8,2,1
3250,423,9,2,1
3250,423,10,2,1
3250,423,11,2,1
3250,423,12,2,1
3250,423,13,2,1
3250,423,14,2,1
3250,423,15,2,1
3250,423,16,2,1
3250,423,17,2,1
3250,423,18,2,1
3250,423,19,2,1
3250,423,20,2,1
3250,423,21,2,1
3250,423,22,2,1
3250,423,23,2,1
3250,423,24,2,1
3250,423,25,2,1
3250,423,26,2,1
3250,423,27,2,1
3250,423,28,2,1
3250,423,29,2,1
3250,423,30,2,1
3250,423,31,2,1
3250,423,32,2,1
3250,423,33,2,1
3250,423,34,2,1
3250,423,35,2,1
3250,423,36,2,1
3250,423,37,2,1
3250,423,38,2,1
3250,423,39,2,1
3250,423,40,2,1
3250,423,41,2,1
3250,423,42,2,1
3250,423,43,2,1
3250,423,44,2,1
3250,423,45,2,1
3250,423,46,2,1
3250,423,47,2,1
3250,423,48,2,1
3250,423,49,2,1
3250,423,50,2,1
3251,423,1,2,1
3251,423,2,2,1
3251,423,3,2,1
3251,423,4,2,1
3251,423,5,2,1
3251,423,6,2,1
3251,423,7,2,1
3251,423,8,2,1
3251,423,9,2,1
3251,423,10,2,1
3251,423,11,2,1
3251,423,12,2,1
3251,423,13,2,1
3251,423,14,2,1
3251,423,15,2,1
3251,423,16,2,1
3251,423,17,2,1
3251,423,18,2,1
3251,423,19,2,1
3251,423,20,2,1
3251,423,21,2,1
3251,423,22,2,1
3251,423,23,2,1
3251,423,24,2,1
3251,423,25,2,1
3251,423,26,2,1
3251,423,27,2,1
3251,423,28,2,1
3251,423,29,2,1
3251,423,30,2,1
3251,423,31,2,1
3251,423,32,2,1
3251,423,33,2,1
3251,423,34,2,1
3251,423,35,2,1
3251,423,36,2,1
3251,423,37,2,1
3251,423,38,2,1
3251,423,39,2,1
3251,423,40,2,1
3251,423,41,2,1
3251,423,42,2,1
3251,423,43,2,1
3251,423,44,2,1
3251,423,45,2,1
3251,423,46,2,1
3251,423,47,2,1
3251,423,48,2,1
3251,423,49,2,1
3251,423,50,2,1
3252,423,1,2,1
3252,423,2,2,1
3252,423,3,2,1
3252,423,4,2,1
3252,423,5,2,1
3252,423,6,2,1
3252,423,7,2,1
3252,423,8,2,1
3252,423,9,2,1
3252,423,10,2,1
3252,423,11,2,1
3252,423,12,2,1
3252,423,13,2,1
3252,423,14,2,1
3252,423,15,2,1
3252,423,16,2,1
3252,423,17,2,1
3252,423,18,2,1
3252,423,19,2,1
3252,423,20,2,1
3252,423,21,2,1
3252,423,22,2,1
3252,423,23,2,1
3252,423,24,2,1
3252,423,25,2,1
3252,423,26,2,1
3252,423,27,2,1
3252,423,28,2,1
3252,423,29,2,1
3252,423,30,2,1
3252,423,31,2,1
3252,423,32,2,1
3252,423,33,2,1
3252,423,34,2,1
3252,423,35,2,1
3252,423,36,2,1
3252,423,37,2,1
3252,423,38,2,1
3252,423,39,2,1
3252,423,40,2,1
3252,423,41,2,1
3252,423,42,2,1
3252,423,43,2,1
3252,423,44,2,1
3252,423,45,2,1
3252,423,46,2,1
3252,423,47,2,1
3252,423,48,2,1
3252,423,49,2,1
3252,423,50,2,1
3253,424,1,1,-1
3253,424,2,1,-1
3253,424,3,1,-1
3253,424,4,1,-1
3253,424,5,1,-1
3253,424,6,1,-1
3253,424,7,1,-1
3253,424,8,1,-1
3253,424,9,1,-1
3253,424,10,1,-1
3253,424,11,1,-1
3253,424,12,1,-1
3253,424,13,1,-1
3253,424,14,1,-1
3253,424,15,1,-1
3253,424,16,1,-1
3253,424,17,1,-1
3253,424,18,1,-1
3253,424,19,1,-1
3253,424,20,1,-1
3253,424,21,1,-1
3253,424,22,1,-1
3253,424,23,1,-1
3253,424,24,1,-1
3253,424,25,1,-1
3253,424,26,1,-1
3253,424,27,1,-1
3253,424,28,1,-1
3253,424,29,1,-1
3253,424,30,1,-1
3253,424,31,1,-1
3253,424,32,1,-1
3253,424,33,1,-1
3253,424,34,1,-1
3253,424,35,1,-1
3253,424,36,1,-1
3253,424,37,1,-1
3253,424,38,1,-1
3253,424,39,1,-1
3253,424,40,1,-1
3253,424,41,1,-1
3253,424,42,1,-1
3253,424,43,1,-1
3253,424,44,1,-1
3253,424,45,1,-1
3253,424,46,1,-1
3253,424,47,1,-1
3253,424,48,1,-1
3253,424,49,1,-1
3253,424,50,1,-1
3253,424,1,2,1
3253,424,2,2,1
3253,424,3,2,1
3253,424,4,2,1
3253,424,5,2,1
3253,424,6,2,1
3253,424,7,2,1
3253,424,8,2,1
3253,424,9,2,1
3253,424,10,2,1
3253,424,11,2,1
3253,424,12,2,1
3253,424,13,2,1
3253,424,14,2,1
3253,424,15,2,1
3253,424,16,2,1
3253,424,17,2,1
3253,424,18,2,1
3253,424,19,2,1
3253,424,20,2,1
3253,424,21,2,1
3253,424,22,2,1
3253,424,23,2,1
3253,424,24,2,1
3253,424,25,2,1
3253,424,26,2,1
3253,424,27,2,1
3253,424,28,2,1
3253,424,29,2,1
3253,424,30,2,1
3253,424,31,2,1
3253,424,32,2,1
3253,424,33,2,1
3253,424,34,2,1
3253,424,35,2,1
3253,424,36,2,1
3253,424,37,2,1
3253,424,38,2,1
3253,424,39,2,1
3253,424,40,2,1
3253,424,41,2,1
3253,424,42,2,1
3253,424,43,2,1
3253,424,44,2,1
3253,424,45,2,1
3253,424,46,2,1
3253,424,47,2,1
3253,424,48,2,1
3253,424,49,2,1
3253,424,50,2,1
3254,424,1,2,1
3254,424,2,2,1
3254,424,3,2,1
3254,424,4,2,1
3254,424,5,2,1
3254,424,6,2,1
3254,424,7,2,1
3254,424,8,2,1
3254,424,9,2,1
3254,424,10,2,1
3254,424,11,2,1
3254,424,12,2,1
3254,424,13,2,1
3254,424,14,2,1
3254,424,15,2,1
3254,424,16,2,1
3254,424,17,2,1
3254,424,18,2,1
3254,424,19,2,1
3254,424,20,2,1
3254,424,21,2,1
3254,424,22,2,1
3254,424,23,2,1
3254,424,24,2,1
3254,424,25,2,1
3254,424,26,2,1
3254,424,27,2,1
3254,424,28,2,1
3254,424,29,2,1
3254,424,30,2,1
3254,424,31,2,1
3254,424,32,2,1
3254,424,33,2,1
3254,424,34,2,1
3254,424,35,2,1
3254,424,36,2,1
3254,424,37,2,1
3254,424,38,2,1
3254,424,39,2,1
3254,424,40,2,1
3254,424,41,2,1
3254,424,42,2,1
3254,424,43,2,1
3254,424,44,2,1
3254,424,45,2,1
3254,424,46,2,1
3254,424,47,2,1
3254,424,48,2,1
3254,424,49,2,1
3254,424,50,2,1
3255,424,1,2,1
3255,424,2,2,1
3255,424,3,2,1
3255,424,4,2,1
3255,424,5,2,1
3255,424,6,2,1
3255,424,7,2,1
3255,424,8,2,1
3255,424,9,2,1
3255,424,10,2,1
3255,424,11,2,1
3255,424,12,2,1
3255,424,13,2,1
3255,424,14,2,1
3255,424,15,2,1
3255,424,16,2,1
3255,424,17,2,1
3255,424,18,2,1
3255,424,19,2,1
3255,424,20,2,1
3255,424,21,2,1
3255,424,22,2,1
3255,424,23,2,1
3255,424,24,2,1
3255,424,25,2,1
3255,424,26,2,1
3255,424,27,2,1
3255,424,28,2,1
3255,424,29,2,1
3255,424,30,2,1
3255,424,31,2,1
3255,424,32,2,1
3255,424,33,2,1
3255,424,34,2,1
3255,424,35,2,1
3255,424,36,2,1
3255,424,37,2,1
3255,424,38,2,1
3255,424,39,2,1
3255,424,40,2,1
3255,424,41,2,1
3255,424,42,2,1
3255,424,43,2,1
3255,424,44,2,1
3255,424,45,2,1
3255,424,46,2,1
3255,424,47,2,1
3255,424,48,2,1
3255,424,49,2,1
3255,424,50,2,1
3256,424,1,2,1
3256,424,2,2,1
3256,424,3,2,1
3256,424,4,2,1
3256,424,5,2,1
3256,424,6,2,1
3256,424,7,2,1
3256,424,8,2,1
3256,424,9,2,1
3256,424,10,2,1
3256,424,11,2,1
3256,424,12,2,1
3256,424,13,2,1
3256,424,14,2,1
3256,424,15,2,1
3256,424,16,2,1
3256,424,17,2,1
3256,424,18,2,1
3256,424,19,2,1
3256,424,20,2,1
3256,424,21,2,1
3256,424,22,2,1
3256,424,23,2,1
3256,424,24,2,1
3256,424,25,2,1
3256,424,26,2,1
3256,424,27,2,1
3256,424,28,2,1
3256,424,29,2,1
3256,424,30,2,1
3256,424,31,2,1
3256,424,32,2,1
3256,424,33,2,1
3256,424,34,2,1
3256,424,35,2,1
3256,424,36,2,1
3256,424,37,2,1
3256,424,38,2,1
3256,424,39,2,1
3256,424,40,2,1
3256,424,41,2,1
3256,424,42,2,1
3256,424,43,2,1
3256,424,44,2,1
3256,424,45,2,1
3256,424,46,2,1
3256,424,47,2,1
3256,424,48,2,1
3256,424,49,2,1
3256,424,50,2,1
3257,425,1,1,-1
3257,425,2,1,-1
3257,425,3,1,-1
3257,425,4,1,-1
3257,425,5,1,-1
3257,425,6,1,-1
3257,425,7,1,-1
3257,425,8,1,-1
3257,425,9,1,-1
3257,425,10,1,-1
3257,425,11,1,-1
3257,425,12,1,-1
3257,425,13,1,-1
3257,425,14,1,-1
3257,425,15,1,-1
3257,425,16,1,-1
3257,425,17,1,-1
3257,425,18,1,-1
3257,425,19,1,-1
3257,425,20,1,-1
3257,425,21,1,-1
3257,425,22,1,-1
3257,425,23,1,-1
3257,425,24,1,-1
3257,425,25,1,-1
3257,425,26,1,-1
3257,425,27,1,-1
3257,425,28,1,-1
3257,425,29,1,-1
3257,425,30,1,-1
3257,425,31,1,-1
3257,425,32,1,-1
3257,425,33,1,-1
3257,425,34,1,-1
3257,425,35,1,-1
3257,425,36,1,-1
3257,425,37,1,-1
3257,425,38,1,-1
3257,425,39,1,-1
3257,425,40,1,-1
3257,425,41,1,-1
3257,425,42,1,-1
3257,425,43,1,-1
3257,425,44,1,-1
3257,425,45,1,-1
3257,425,46,1,-1
3257,425,47,1,-1
3257,425,48,1,-1
3257,425,49,1,-1
3257,425,50,1,-1
3257,425,1,2,1
3257,425,2,2,1
3257,425,3,2,1
3257,425,4,2,1
3257,425,5,2,1
3257,425,6,2,1
3257,425,7,2,1
3257,425,8,2,1
3257,425,9,2,1
3257,425,10,2,1
3257,425,11,2,1
3257,425,12,2,1
3257,425,13,2,1
3257,425,14,2,1
3257,425,15,2,1
3257,425,16,2,1
3257,425,17,2,1
3257,425,18,2,1
3257,425,19,2,1
3257,425,20,2,1
3257,425,21,2,1
3257,425,22,2,1
3257,425,23,2,1
3257,425,24,2,1
3257,425,25,2,1
3257,425,26,2,1
3257,425,27,2,1
3257,425,28,2,1
3257,425,29,2,1
3257,425,30,2,1
3257,425,31,2,1
3257,425,32,2,1
3257,425,33,2,1
3257,425,34,2,1
3257,425,35,2,1
3257,425,36,2,1
3257,425,37,2,1
3257,425,38,2,1
3257,425,39,2,1
3257,425,40,2,1
3257,425,41,2,1
3257,425,42,2,1
3257,425,43,2,1
3257,425,44,2,1
3257,425,45,2,1
3257,425,46,2,1
3257,425,47,2,1
3257,425,48,2,1
3257,425,49,2,1
3257,425,50,2,1
3258,425,1,2,1
3258,425,2,2,1
3258,425,3,2,1
3258,425,4,2,1
3258,425,5,2,1
3258,425,6,2,1
3258,425,7,2,1
3258,425,8,2,1
3258,425,9,2,1
3258,425,10,2,1
3258,425,11,2,1
3258,425,12,2,1
3258,425,13,2,1
3258,425,14,2,1
3258,425,15,2,1
3258,425,16,2,1
3258,425,17,2,1
3258,425,18,2,1
3258,425,19,2,1
3258,425,20,2,1
3258,425,21,2,1
3258,425,22,2,1
3258,425,23,2,1
3258,425,24,2,1
3258,425,25,2,1
3258,425,26,2,1
3258,425,27,2,1
3258,425,28,2,1
3258,425,29,2,1
3258,425,30,2,1
3258,425,31,2,1
3258,425,32,2,1
3258,425,33,2,1
3258,425,34,2,1
3258,425,35,2,1
3258,425,36,2,1
3258,425,37,2,1
3258,425,38,2,1
3258,425,39,2,1
3258,425,40,2,1
3258,425,41,2,1
3258,425,42,2,1
3258,425,43,2,1
3258,425,44,2,1
3258,425,45,2,1
3258,425,46,2,1
3258,425,47,2,1
3258,425,48,2,1
3258,425,49,2,1
3258,425,50,2,1
3259,425,1,2,1
3259,425,2,2,1
3259,425,3,2,1
3259,425,4,2,1
3259,425,5,2,1
3259,425,6,2,1
3259,425,7,2,1
3259,425,8,2,1
3259,425,9,2,1
3259,425,10,2,1
3259,425,11,2,1
3259,425,12,2,1
3259,425,13,2,1
3259,425,14,2,1
3259,425,15,2,1
3259,425,16,2,1
3259,425,17,2,1
3259,425,18,2,1
3259,425,19,2,1
3259,425,20,2,1
3259,425,21,2,1
3259,425,22,2,1
3259,425,23,2,1
3259,425,24,2,1
3259,425,25,2,1
3259,425,26,2,1
3259,425,27,2,1
3259,425,28,2,1
3259,425,29,2,1
3259,425,30,2,1
3259,425,31,2,1
3259,425,32,2,1
3259,425,33,2,1
3259,425,34,2,1
3259,425,35,2,1
3259,425,36,2,1
3259,425,37,2,1
3259,425,38,2,1
3259,425,39,2,1
3259,425,40,2,1
3259,425,41,2,1
3259,425,42,2,1
3259,425,43,2,1
3259,425,44,2,1
3259,425,45,2,1
3259,425,46,2,1
3259,425,47,2,1
3259,425,48,2,1
3259,425,49,2,1
3259,425,50,2,1
3260,425,1,2,1
3260,425,2,2,1
3260,425,3,2,1
3260,425,4,2,1
3260,425,5,2,1
3260,425,6,2,1
3260,425,7,2,1
3260,425,8,2,1
3260,425,9,2,1
3260,425,10,2,1
3260,425,11,2,1
3260,425,12,2,1
3260,425,13,2,1
3260,425,14,2,1
3260,425,15,2,1
3260,425,16,2,1
3260,425,17,2,1
3260,425,18,2,1
3260,425,19,2,1
3260,425,20,2,1
3260,425,21,2,1
3260,425,22,2,1
3260,425,23,2,1
3260,425,24,2,1
3260,425,25,2,1
3260,425,26,2,1
3260,425,27,2,1
3260,425,28,2,1
3260,425,29,2,1
3260,425,30,2,1
3260,425,31,2,1
3260,425,32,2,1
3260,425,33,2,1
3260,425,34,2,1
3260,425,35,2,1
3260,425,36,2,1
3260,425,37,2,1
3260,425,38,2,1
3260,425,39,2,1
3260,425,40,2,1
3260,425,41,2,1
3260,425,42,2,1
3260,425,43,2,1
3260,425,44,2,1
3260,425,45,2,1
3260,425,46,2,1
3260,425,47,2,1
3260,425,48,2,1
3260,425,49,2,1
3260,425,50,2,1
3261,426,1,1,-1
3261,426,2,1,-1
3261,426,3,1,-1
3261,426,4,1,-1
3261,426,5,1,-1
3261,426,6,1,-1
3261,426,7,1,-1
3261,426,8,1,-1
3261,426,9,1,-1
3261,426,10,1,-1
3261,426,11,1,-1
3261,426,12,1,-1
3261,426,13,1,-1
3261,426,14,1,-1
3261,426,15,1,-1
3261,426,16,1,-1
3261,426,17,1,-1
3261,426,18,1,-1
3261,426,19,1,-1
3261,426,20,1,-1
3261,426,21,1,-1
3261,426,22,1,-1
3261,426,23,1,-1
3261,426,24,1,-1
3261,426,25,1,-1
3261,426,26,1,-1
3261,426,27,1,-1
3261,426,28,1,-1
3261,426,29,1,-1
3261,426,30,1,-1
3261,426,31,1,-1
3261,426,32,1,-1
3261,426,33,1,-1
3261,426,34,1,-1
3261,426,35,1,-1
3261,426,36,1,-1
3261,426,37,1,-1
3261,426,38,1,-1
3261,426,39,1,-1
3261,426,40,1,-1
3261,426,41,1,-1
3261,426,42,1,-1
3261,426,43,1,-1
3261,426,44,1,-1
3261,426,45,1,-1
3261,426,46,1,-1
3261,426,47,1,-1
3261,426,48,1,-1
3261,426,49,1,-1
3261,426,50,1,-1
3261,426,1,2,1
3261,426,2,2,1
3261,426,3,2,1
3261,426,4,2,1
3261,426,5,2,1
3261,426,6,2,1
3261,426,7,2,1
3261,426,8,2,1
3261,426,9,2,1
3261,426,10,2,1
3261,426,11,2,1
3261,426,12,2,1
3261,426,13,2,1
3261,426,14,2,1
3261,426,15,2,1
3261,426,16,2,1
3261,426,17,2,1
3261,426,18,2,1
3261,426,19,2,1
3261,426,20,2,1
3261,426,21,2,1
3261,426,22,2,1
3261,426,23,2,1
3261,426,24,2,1
3261,426,25,2,1
3261,426,26,2,1
3261,426,27,2,1
3261,426,28,2,1
3261,426,29,2,1
3261,426,30,2,1
3261,426,31,2,1
3261,426,32,2,1
3261,426,33,2,1
3261,426,34,2,1
3261,426,35,2,1
3261,426,36,2,1
3261,426,37,2,1
3261,426,38,2,1
3261,426,39,2,1
3261,426,40,2,1
3261,426,41,2,1
3261,426,42,2,1
3261,426,43,2,1
3261,426,44,2,1
3261,426,45,2,1
3261,426,46,2,1
3261,426,47,2,1
3261,426,48,2,1
3261,426,49,2,1
3261,426,50,2,1
3262,426,1,2,1
3262,426,2,2,1
3262,426,3,2,1
3262,426,4,2,1
3262,426,5,2,1
3262,426,6,2,1
3262,426,7,2,1
3262,426,8,2,1
3262,426,9,2,1
3262,426,10,2,1
3262,426,11,2,1
3262,426,12,2,1
3262,426,13,2,1
3262,426,14,2,1
3262,426,15,2,1
3262,426,16,2,1
3262,426,17,2,1
3262,426,18,2,1
3262,426,19,2,1
3262,426,20,2,1
3262,426,21,2,1
3262,426,22,2,1
3262,426,23,2,1
3262,426,24,2,1
3262,426,25,2,1
3262,426,26,2,1
3262,426,27,2,1
3262,426,28,2,1
3262,426,29,2,1
3262,426,30,2,1
3262,426,31,2,1
3262,426,32,2,1
3262,426,33,2,1
3262,426,34,2,1
3262,426,35,2,1
3262,426,36,2,1
3262,426,37,2,1
3262,426,38,2,1
3262,426,39,2,1
3262,426,40,2,1
3262,426,41,2,1
3262,426,42,2,1
3262,426,43,2,1
3262,426,44,2,1
3262,426,45,2,1
3262,426,46,2,1
3262,426,47,2,1
3262,426,48,2,1
3262,426,49,2,1
3262,426,50,2,1
3263,426,1,2,1
3263,426,2,2,1
3263,426,3,2,1
3263,426,4,2,1
3263,426,5,2,1
3263,426,6,2,1
3263,426,7,2,1
3263,426,8,2,1
3263,426,9,2,1
3263,426,10,2,1
3263,426,11,2,1
3263,426,12,2,1
3263,426,13,2,1
3263,426,14,2,1
3263,426,15,2,1
3263,426,16,2,1
3263,426,17,2,1
3263,426,18,2,1
3263,426,19,2,1
3263,426,20,2,1
3263,426,21,2,1
3263,426,22,2,1
3263,426,23,2,1
3263,426,24,2,1
3263,426,25,2,1
3263,426,26,2,1
3263,426,27,2,1
3263,426,28,2,1
3263,426,29,2,1
3263,426,30,2,1
3263,426,31,2,1
3263,426,32,2,1
3263,426,33,2,1
3263,426,34,2,1
3263,426,35,2,1
3263,426,36,2,1
3263,426,37,2,1
3263,426,38,2,1
3263,426,39,2,1
3263,426,40,2,1
3263,426,41,2,1
3263,426,42,2,1
3263,426,43,2,1
3263,426,44,2,1
3263,426,45,2,1
3263,426,46,2,1
3263,426,47,2,1
3263,426,48,2,1
3263,426,49,2,1
3263,426,50,2,1
3264,427,1,1,-1
3264,427,2,1,-1
3264,427,3,1,-1
3264,427,4,1,-1
3264,427,5,1,-1
3264,427,6,1,-1
3264,427,7,1,-1
3264,427,8,1,-1
3264,427,9,1,-1
3264,427,10,1,-1
3264,427,11,1,-1
3264,427,12,1,-1
3264,427,13,1,-1
3264,427,14,1,-1
3264,427,15,1,-1
3264,427,16,1,-1
3264,427,17,1,-1
3264,427,18,1,-1
3264,427,19,1,-1
3264,427,20,1,-1
3264,427,21,1,-1
3264,427,22,1,-1
3264,427,23,1,-1
3264,427,24,1,-1
3264,427,25,1,-1
3264,427,26,1,-1
3264,427,27,1,-1
3264,427,28,1,-1
3264,427,29,1,-1
3264,427,30,1,-1
3264,427,31,1,-1
3264,427,32,1,-1
3264,427,33,1,-1
3264,427,34,1,-1
3264,427,35,1,-1
3264,427,36,1,-1
3264,427,37,1,-1
3264,427,38,1,-1
3264,427,39,1,-1
3264,427,40,1,-1
3264,427,41,1,-1
3264,427,42,1,-1
3264,427,43,1,-1
3264,427,44,1,-1
3264,427,45,1,-1
3264,427,46,1,-1
3264,427,47,1,-1
3264,427,48,1,-1
3264,427,49,1,-1
3264,427,50,1,-1
3264,427,1,2,1
3264,427,2,2,1
3264,427,3,2,1
3264,427,4,2,1
3264,427,5,2,1
3264,427,6,2,1
3264,427,7,2,1
3264,427,8,2,1
3264,427,9,2,1
3264,427,10,2,1
3264,427,11,2,1
3264,427,12,2,1
3264,427,13,2,1
3264,427,14,2,1
3264,427,15,2,1
3264,427,16,2,1
3264,427,17,2,1
3264,427,18,2,1
3264,427,19,2,1
3264,427,20,2,1
3264,427,21,2,1
3264,427,22,2,1
3264,427,23,2,1
3264,427,24,2,1
3264,427,25,2,1
3264,427,26,2,1
3264,427,27,2,1
3264,427,28,2,1
3264,427,29,2,1
3264,427,30,2,1
3264,427,31,2,1
3264,427,32,2,1
3264,427,33,2,1
3264,427,34,2,1
3264,427,35,2,1
3264,427,36,2,1
3264,427,37,2,1
3264,427,38,2,1
3264,427,39,2,1
3264,427,40,2,1
3264,427,41,2,1
3264,427,42,2,1
3264,427,43,2,1
3264,427,44,2,1
3264,427,45,2,1
3264,427,46,2,1
3264,427,47,2,1
3264,427,48,2,1
3264,427,49,2,1
3264,427,50,2,1
3265,427,1,2,1
3265,427,2,2,1
3265,427,3,2,1
3265,427,4,2,1
3265,427,5,2,1
3265,427,6,2,1
3265,427,7,2,1
3265,427,8,2,1
3265,427,9,2,1
3265,427,10,2,1
3265,427,11,2,1
3265,427,12,2,1
3265,427,13,2,1
3265,427,14,2,1
3265,427,15,2,1
3265,427,16,2,1
3265,427,17,2,1
3265,427,18,2,1
3265,427,19,2,1
3265,427,20,2,1
3265,427,21,2,1
3265,427,22,2,1
3265,427,23,2,1
3265,427,24,2,1
3265,427,25,2,1
3265,427,26,2,1
3265,427,27,2,1
3265,427,28,2,1
3265,427,29,2,1
3265,427,30,2,1
3265,427,31,2,1
3265,427,32,2,1
3265,427,33,2,1
3265,427,34,2,1
3265,427,35,2,1
3265,427,36,2,1
3265,427,37,2,1
3265,427,38,2,1
3265,427,39,2,1
3265,427,40,2,1
3265,427,41,2,1
3265,427,42,2,1
3265,427,43,2,1
3265,427,44,2,1
3265,427,45,2,1
3265,427,46,2,1
3265,427,47,2,1
3265,427,48,2,1
3265,427,49,2,1
3265,427,50,2,1
3266,427,1,2,1
3266,427,2,2,1
3266,427,3,2,1
3266,427,4,2,1
3266,427,5,2,1
3266,427,6,2,1
3266,427,7,2,1
3266,427,8,2,1
3266,427,9,2,1
3266,427,10,2,1
3266,427,11,2,1
3266,427,12,2,1
3266,427,13,2,1
3266,427,14,2,1
3266,427,15,2,1
3266,427,16,2,1
3266,427,17,2,1
3266,427,18,2,1
3266,427,19,2,1
3266,427,20,2,1
3266,427,21,2,1
3266,427,22,2,1
3266,427,23,2,1
3266,427,24,2,1
3266,427,25,2,1
3266,427,26,2,1
3266,427,27,2,1
3266,427,28,2,1
3266,427,29,2,1
3266,427,30,2,1
3266,427,31,2,1
3266,427,32,2,1
3266,427,33,2,1
3266,427,34,2,1
3266,427,35,2,1
3266,427,36,2,1
3266,427,37,2,1
3266,427,38,2,1
3266,427,39,2,1
3266,427,40,2,1
3266,427,41,2,1
3266,427,42,2,1
3266,427,43,2,1
3266,427,44,2,1
3266,427,45,2,1
3266,427,46,2,1
3266,427,47,2,1
3266,427,48,2,1
3266,427,49,2,1
3266,427,50,2,1
3267,427,1,2,1
3267,427,2,2,1
3267,427,3,2,1
3267,427,4,2,1
3267,427,5,2,1
3267,427,6,2,1
3267,427,7,2,1
3267,427,8,2,1
3267,427,9,2,1
3267,427,10,2,1
3267,427,11,2,1
3267,427,12,2,1
3267,427,13,2,1
3267,427,14,2,1
3267,427,15,2,1
3267,427,16,2,1
3267,427,17,2,1
3267,427,18,2,1
3267,427,19,2,1
3267,427,20,2,1
3267,427,21,2,1
3267,427,22,2,1
3267,427,23,2,1
3267,427,24,2,1
3267,427,25,2,1
3267,427,26,2,1
3267,427,27,2,1
3267,427,28,2,1
3267,427,29,2,1
3267,427,30,2,1
3267,427,31,2,1
3267,427,32,2,1
3267,427,33,2,1
3267,427,34,2,1
3267,427,35,2,1
3267,427,36,2,1
3267,427,37,2,1
3267,427,38,2,1
3267,427,39,2,1
3267,427,40,2,1
3267,427,41,2,1
3267,427,42,2,1
3267,427,43,2,1
3267,427,44,2,1
3267,427,45,2,1
3267,427,46,2,1
3267,427,47,2,1
3267,427,48,2,1
3267,427,49,2,1
3267,427,50,2,1
3268,428,1,1,-1
3268,428,2,1,-1
3268,428,3,1,-1
3268,428,4,1,-1
3268,428,5,1,-1
3268,428,6,1,-1
3268,428,7,1,-1
3268,428,8,1,-1
3268,428,9,1,-1
3268,428,10,1,-1
3268,428,11,1,-1
3268,428,12,1,-1
3268,428,13,1,-1
3268,428,14,1,-1
3268,428,15,1,-1
3268,428,16,1,-1
3268,428,17,1,-1
3268,428,18,1,-1
3268,428,19,1,-1
3268,428,20,1,-1
3268,428,21,1,-1
3268,428,22,1,-1
3268,428,23,1,-1
3268,428,24,1,-1
3268,428,25,1,-1
3268,428,26,1,-1
3268,428,27,1,-1
3268,428,28,1,-1
3268,428,29,1,-1
3268,428,30,1,-1
3268,428,31,1,-1
3268,428,32,1,-1
3268,428,33,1,-1
3268,428,34,1,-1
3268,428,35,1,-1
3268,428,36,1,-1
3268,428,37,1,-1
3268,428,38,1,-1
3268,428,39,1,-1
3268,428,40,1,-1
3268,428,41,1,-1
3268,428,42,1,-1
3268,428,43,1,-1
3268,428,44,1,-1
3268,428,45,1,-1
3268,428,46,1,-1
3268,428,47,1,-1
3268,428,48,1,-1
3268,428,49,1,-1
3268,428,50,1,-1
3268,428,1,2,1
3268,428,2,2,1
3268,428,3,2,1
3268,428,4,2,1
3268,428,5,2,1
3268,428,6,2,1
3268,428,7,2,1
3268,428,8,2,1
3268,428,9,2,1
3268,428,10,2,1
3268,428,11,2,1
3268,428,12,2,1
3268,428,13,2,1
3268,428,14,2,1
3268,428,15,2,1
3268,428,16,2,1
3268,428,17,2,1
3268,428,18,2,1
3268,428,19,2,1
3268,428,20,2,1
3268,428,21,2,1
3268,428,22,2,1
3268,428,23,2,1
3268,428,24,2,1
3268,428,25,2,1
3268,428,26,2,1
3268,428,27,2,1
3268,428,28,2,1
3268,428,29,2,1
3268,428,30,2,1
3268,428,31,2,1
3268,428,32,2,1
3268,428,33,2,1
3268,428,34,2,1
3268,428,35,2,1
3268,428,36,2,1
3268,428,37,2,1
3268,428,38,2,1
3268,428,39,2,1
3268,428,40,2,1
3268,428,41,2,1
3268,428,42,2,1
3268,428,43,2,1
3268,428,44,2,1
3268,428,45,2,1
3268,428,46,2,1
3268,428,47,2,1
3268,428,48,2,1
3268,428,49,2,1
3268,428,50,2,1
3269,428,1,2,1
3269,428,2,2,1
3269,428,3,2,1
3269,428,4,2,1
3269,428,5,2,1
3269,428,6,2,1
3269,428,7,2,1
3269,428,8,2,1
3269,428,9,2,1
3269,428,10,2,1
3269,428,11,2,1
3269,428,12,2,1
3269,428,13,2,1
3269,428,14,2,1
3269,428,15,2,1
3269,428,16,2,1
3269,428,17,2,1
3269,428,18,2,1
3269,428,19,2,1
3269,428,20,2,1
3269,428,21,2,1
3269,428,22,2,1
3269,428,23,2,1
3269,428,24,2,1
3269,428,25,2,1
3269,428,26,2,1
3269,428,27,2,1
3269,428,28,2,1
3269,428,29,2,1
3269,428,30,2,1
3269,428,31,2,1
3269,428,32,2,1
3269,428,33,2,1
3269,428,34,2,1
3269,428,35,2,1
3269,428,36,2,1
3269,428,37,2,1
3269,428,38,2,1
3269,428,39,2,1
3269,428,40,2,1
3269,428,41,2,1
3269,428,42,2,1
3269,428,43,2,1
3269,428,44,2,1
3269,428,45,2,1
3269,428,46,2,1
3269,428,47,2,1
3269,428,48,2,1
3269,428,49,2,1
3269,428,50,2,1
3270,428,1,2,1
3270,428,2,2,1
3270,428,3,2,1
3270,428,4,2,1
3270,428,5,2,1
3270,428,6,2,1
3270,428,7,2,1
3270,428,8,2,1
3270,428,9,2,1
3270,428,10,2,1
3270,428,11,2,1
3270,428,12,2,1
3270,428,13,2,1
3270,428,14,2,1
3270,428,15,2,1
3270,428,16,2,1
3270,428,17,2,1
3270,428,18,2,1
3270,428,19,2,1
3270,428,20,2,1
3270,428,21,2,1
3270,428,22,2,1
3270,428,23,2,1
3270,428,24,2,1
3270,428,25,2,1
3270,428,26,2,1
3270,428,27,2,1
3270,428,28,2,1
3270,428,29,2,1
3270,428,30,2,1
3270,428,31,2,1
3270,428,32,2,1
3270,428,33,2,1
3270,428,34,2,1
3270,428,35,2,1
3270,428,36,2,1
3270,428,37,2,1
3270,428,38,2,1
3270,428,39,2,1
3270,428,40,2,1
3270,428,41,2,1
3270,428,42,2,1
3270,428,43,2,1
3270,428,44,2,1
3270,428,45,2,1
3270,428,46,2,1
3270,428,47,2,1
3270,428,48,2,1
3270,428,49,2,1
3270,428,50,2,1
3271,429,1,1,-1
3271,429,2,1,-1
3271,429,3,1,-1
3271,429,4,1,-1
3271,429,5,1,-1
3271,429,6,1,-1
3271,429,7,1,-1
3271,429,8,1,-1
3271,429,9,1,-1
3271,429,10,1,-1
3271,429,11,1,-1
3271,429,12,1,-1
3271,429,13,1,-1
3271,429,14,1,-1
3271,429,15,1,-1
3271,429,16,1,-1
3271,429,17,1,-1
3271,429,18,1,-1
3271,429,19,1,-1
3271,429,20,1,-1
3271,429,21,1,-1
3271,429,22,1,-1
3271,429,23,1,-1
3271,429,24,1,-1
3271,429,25,1,-1
3271,429,26,1,-1
3271,429,27,1,-1
3271,429,28,1,-1
3271,429,29,1,-1
3271,429,30,1,-1
3271,429,31,1,-1
3271,429,32,1,-1
3271,429,33,1,-1
3271,429,34,1,-1
3271,429,35,1,-1
3271,429,36,1,-1
3271,429,37,1,-1
3271,429,38,1,-1
3271,429,39,1,-1
3271,429,40,1,-1
3271,429,41,1,-1
3271,429,42,1,-1
3271,429,43,1,-1
3271,429,44,1,-1
3271,429,45,1,-1
3271,429,46,1,-1
3271,429,47,1,-1
3271,429,48,1,-1
3271,429,49,1,-1
3271,429,50,1,-1
3271,429,1,2,1
3271,429,2,2,1
3271,429,3,2,1
3271,429,4,2,1
3271,429,5,2,1
3271,429,6,2,1
3271,429,7,2,1
3271,429,8,2,1
3271,429,9,2,1
3271,429,10,2,1
3271,429,11,2,1
3271,429,12,2,1
3271,429,13,2,1
3271,429,14,2,1
3271,429,15,2,1
3271,429,16,2,1
3271,429,17,2,1
3271,429,18,2,1
3271,429,19,2,1
3271,429,20,2,1
3271,429,21,2,1
3271,429,22,2,1
3271,429,23,2,1
3271,429,24,2,1
3271,429,25,2,1
3271,429,26,2,1
3271,429,27,2,1
3271,429,28,2,1
3271,429,29,2,1
3271,429,30,2,1
3271,429,31,2,1
3271,429,32,2,1
3271,429,33,2,1
3271,429,34,2,1
3271,429,35,2,1
3271,429,36,2,1
3271,429,37,2,1
3271,429,38,2,1
3271,429,39,2,1
3271,429,40,2,1
3271,429,41,2,1
3271,429,42,2,1
3271,429,43,2,1
3271,429,44,2,1
3271,429,45,2,1
3271,429,46,2,1
3271,429,47,2,1
3271,429,48,2,1
3271,429,49,2,1
3271,429,50,2,1
3272,429,1,2,1
3272,429,2,2,1
3272,429,3,2,1
3272,429,4,2,1
3272,429,5,2,1
3272,429,6,2,1
3272,429,7,2,1
3272,429,8,2,1
3272,429,9,2,1
3272,429,10,2,1
3272,429,11,2,1
3272,429,12,2,1
3272,429,13,2,1
3272,429,14,2,1
3272,429,15,2,1
3272,429,16,2,1
3272,429,17,2,1
3272,429,18,2,1
3272,429,19,2,1
3272,429,20,2,1
3272,429,21,2,1
3272,429,22,2,1
3272,429,23,2,1
3272,429,24,2,1
3272,429,25,2,1
3272,429,26,2,1
3272,429,27,2,1
3272,429,28,2,1
3272,429,29,2,1
3272,429,30,2,1
3272,429,31,2,1
3272,429,32,2,1
3272,429,33,2,1
3272,429,34,2,1
3272,429,35,2,1
3272,429,36,2,1
3272,429,37,2,1
3272,429,38,2,1
3272,429,39,2,1
3272,429,40,2,1
3272,429,41,2,1
3272,429,42,2,1
3272,429,43,2,1
3272,429,44,2,1
3272,429,45,2,1
3272,429,46,2,1
3272,429,47,2,1
3272,429,48,2,1
3272,429,49,2,1
3272,429,50,2,1
3273,429,1,2,1
3273,429,2,2,1
3273,429,3,2,1
3273,429,4,2,1
3273,429,5,2,1
3273,429,6,2,1
3273,429,7,2,1
3273,429,8,2,1
3273,429,9,2,1
3273,429,10,2,1
3273,429,11,2,1
3273,429,12,2,1
3273,429,13,2,1
3273,429,14,2,1
3273,429,15,2,1
3273,429,16,2,1
3273,429,17,2,1
3273,429,18,2,1
3273,429,19,2,1
3273,429,20,2,1
3273,429,21,2,1
3273,429,22,2,1
3273,429,23,2,1
3273,429,24,2,1
3273,429,25,2,1
3273,429,26,2,1
3273,429,27,2,1
3273,429,28,2,1
3273,429,29,2,1
3273,429,30,2,1
3273,429,31,2,1
3273,429,32,2,1
3273,429,33,2,1
3273,429,34,2,1
3273,429,35,2,1
3273,429,36,2,1
3273,429,37,2,1
3273,429,38,2,1
3273,429,39,2,1
3273,429,40,2,1
3273,429,41,2,1
3273,429,42,2,1
3273,429,43,2,1
3273,429,44,2,1
3273,429,45,2,1
3273,429,46,2,1
3273,429,47,2,1
3273,429,48,2,1
3273,429,49,2,1
3273,429,50,2,1
3274,429,1,2,1
3274,429,2,2,1
3274,429,3,2,1
3274,429,4,2,1
3274,429,5,2,1
3274,429,6,2,1
3274,429,7,2,1
3274,429,8,2,1
3274,429,9,2,1
3274,429,10,2,1
3274,429,11,2,1
3274,429,12,2,1
3274,429,13,2,1
3274,429,14,2,1
3274,429,15,2,1
3274,429,16,2,1
3274,429,17,2,1
3274,429,18,2,1
3274,429,19,2,1
3274,429,20,2,1
3274,429,21,2,1
3274,429,22,2,1
3274,429,23,2,1
3274,429,24,2,1
3274,429,25,2,1
3274,429,26,2,1
3274,429,27,2,1
3274,429,28,2,1
3274,429,29,2,1
3274,429,30,2,1
3274,429,31,2,1
3274,429,32,2,1
3274,429,33,2,1
3274,429,34,2,1
3274,429,35,2,1
3274,429,36,2,1
3274,429,37,2,1
3274,429,38,2,1
3274,429,39,2,1
3274,429,40,2,1
3274,429,41,2,1
3274,429,42,2,1
3274,429,43,2,1
3274,429,44,2,1
3274,429,45,2,1
3274,429,46,2,1
3274,429,47,2,1
3274,429,48,2,1
3274,429,49,2,1
3274,429,50,2,1
3275,430,1,1,-1
3275,430,2,1,-1
3275,430,3,1,-1
3275,430,4,1,-1
3275,430,5,1,-1
3275,430,6,1,-1
3275,430,7,1,-1
3275,430,8,1,-1
3275,430,9,1,-1
3275,430,10,1,-1
3275,430,11,1,-1
3275,430,12,1,-1
3275,430,13,1,-1
3275,430,14,1,-1
3275,430,15,1,-1
3275,430,16,1,-1
3275,430,17,1,-1
3275,430,18,1,-1
3275,430,19,1,-1
3275,430,20,1,-1
3275,430,21,1,-1
3275,430,22,1,-1
3275,430,23,1,-1
3275,430,24,1,-1
3275,430,25,1,-1
3275,430,26,1,-1
3275,430,27,1,-1
3275,430,28,1,-1
3275,430,29,1,-1
3275,430,30,1,-1
3275,430,31,1,-1
3275,430,32,1,-1
3275,430,33,1,-1
3275,430,34,1,-1
3275,430,35,1,-1
3275,430,36,1,-1
3275,430,37,1,-1
3275,430,38,1,-1
3275,430,39,1,-1
3275,430,40,1,-1
3275,430,41,1,-1
3275,430,42,1,-1
3275,430,43,1,-1
3275,430,44,1,-1
3275,430,45,1,-1
3275,430,46,1,-1
3275,430,47,1,-1
3275,430,48,1,-1
3275,430,49,1,-1
3275,430,50,1,-1
3275,430,1,2,1
3275,430,2,2,1
3275,430,3,2,1
3275,430,4,2,1
3275,430,5,2,1
3275,430,6,2,1
3275,430,7,2,1
3275,430,8,2,1
3275,430,9,2,1
3275,430,10,2,1
3275,430,11,2,1
3275,430,12,2,1
3275,430,13,2,1
3275,430,14,2,1
3275,430,15,2,1
3275,430,16,2,1
3275,430,17,2,1
3275,430,18,2,1
3275,430,19,2,1
3275,430,20,2,1
3275,430,21,2,1
3275,430,22,2,1
3275,430,23,2,1
3275,430,24,2,1
3275,430,25,2,1
3275,430,26,2,1
3275,430,27,2,1
3275,430,28,2,1
3275,430,29,2,1
3275,430,30,2,1
3275,430,31,2,1
3275,430,32,2,1
3275,430,33,2,1
3275,430,34,2,1
3275,430,35,2,1
3275,430,36,2,1
3275,430,37,2,1
3275,430,38,2,1
3275,430,39,2,1
3275,430,40,2,1
3275,430,41,2,1
3275,430,42,2,1
3275,430,43,2,1
3275,430,44,2,1
3275,430,45,2,1
3275,430,46,2,1
3275,430,47,2,1
3275,430,48,2,1
3275,430,49,2,1
3275,430,50,2,1
3276,430,1,2,1
3276,430,2,2,1
3276,430,3,2,1
3276,430,4,2,1
3276,430,5,2,1
3276,430,6,2,1
3276,430,7,2,1
3276,430,8,2,1
3276,430,9,2,1
3276,430,10,2,1
3276,430,11,2,1
3276,430,12,2,1
3276,430,13,2,1
3276,430,14,2,1
3276,430,15,2,1
3276,430,16,2,1
3276,430,17,2,1
3276,430,18,2,1
3276,430,19,2,1
3276,430,20,2,1
3276,430,21,2,1
3276,430,22,2,1
3276,430,23,2,1
3276,430,24,2,1
3276,430,25,2,1
3276,430,26,2,1
3276,430,27,2,1
3276,430,28,2,1
3276,430,29,2,1
3276,430,30,2,1
3276,430,31,2,1
3276,430,32,2,1
3276,430,33,2,1
3276,430,34,2,1
3276,430,35,2,1
3276,430,36,2,1
3276,430,37,2,1
3276,430,38,2,1
3276,430,39,2,1
3276,430,40,2,1
3276,430,41,2,1
3276,430,42,2,1
3276,430,43,2,1
3276,430,44,2,1
3276,430,45,2,1
3276,430,46,2,1
3276,430,47,2,1
3276,430,48,2,1
3276,430,49,2,1
3276,430,50,2,1
3277,430,1,2,1
3277,430,2,2,1
3277,430,3,2,1
3277,430,4,2,1
3277,430,5,2,1
3277,430,6,2,1
3277,430,7,2,1
3277,430,8,2,1
3277,430,9,2,1
3277,430,10,2,1
3277,430,11,2,1
3277,430,12,2,1
3277,430,13,2,1
3277,430,14,2,1
3277,430,15,2,1
3277,430,16,2,1
3277,430,17,2,1
3277,430,18,2,1
3277,430,19,2,1
3277,430,20,2,1
3277,430,21,2,1
3277,430,22,2,1
3277,430,23,2,1
3277,430,24,2,1
3277,430,25,2,1
3277,430,26,2,1
3277,430,27,2,1
3277,430,28,2,1
3277,430,29,2,1
3277,430,30,2,1
3277,430,31,2,1
3277,430,32,2,1
3277,430,33,2,1
3277,430,34,2,1
3277,430,35,2,1
3277,430,36,2,1
3277,430,37,2,1
3277,430,38,2,1
3277,430,39,2,1
3277,430,40,2,1
3277,430,41,2,1
3277,430,42,2,1
3277,430,43,2,1
3277,430,44,2,1
3277,430,45,2,1
3277,430,46,2,1
3277,430,47,2,1
3277,430,48,2,1
3277,430,49,2,1
3277,430,50,2,1
3278,431,1,1,-1
3278,431,2,1,-1
3278,431,3,1,-1
3278,431,4,1,-1
3278,431,5,1,-1
3278,431,6,1,-1
3278,431,7,1,-1
3278,431,8,1,-1
3278,431,9,1,-1
3278,431,10,1,-1
3278,431,11,1,-1
3278,431,12,1,-1
3278,431,13,1,-1
3278,431,14,1,-1
3278,431,15,1,-1
3278,431,16,1,-1
3278,431,17,1,-1
3278,431,18,1,-1
3278,431,19,1,-1
3278,431,20,1,-1
3278,431,21,1,-1
3278,431,22,1,-1
3278,431,23,1,-1
3278,431,24,1,-1
3278,431,25,1,-1
3278,431,26,1,-1
3278,431,27,1,-1
3278,431,28,1,-1
3278,431,29,1,-1
3278,431,30,1,-1
3278,431,31,1,-1
3278,431,32,1,-1
3278,431,33,1,-1
3278,431,34,1,-1
3278,431,35,1,-1
3278,431,36,1,-1
3278,431,37,1,-1
3278,431,38,1,-1
3278,431,39,1,-1
3278,431,40,1,-1
3278,431,41,1,-1
3278,431,42,1,-1
3278,431,43,1,-1
3278,431,44,1,-1
3278,431,45,1,-1
3278,431,46,1,-1
3278,431,47,1,-1
3278,431,48,1,-1
3278,431,49,1,-1
3278,431,50,1,-1
3278,431,1,2,1
3278,431,2,2,1
3278,431,3,2,1
3278,431,4,2,1
3278,431,5,2,1
3278,431,6,2,1
3278,431,7,2,1
3278,431,8,2,1
3278,431,9,2,1
3278,431,10,2,1
3278,431,11,2,1
3278,431,12,2,1
3278,431,13,2,1
3278,431,14,2,1
3278,431,15,2,1
3278,431,16,2,1
3278,431,17,2,1
3278,431,18,2,1
3278,431,19,2,1
3278,431,20,2,1
3278,431,21,2,1
3278,431,22,2,1
3278,431,23,2,1
3278,431,24,2,1
3278,431,25,2,1
3278,431,26,2,1
3278,431,27,2,1
3278,431,28,2,1
3278,431,29,2,1
3278,431,30,2,1
3278,431,31,2,1
3278,431,32,2,1
3278,431,33,2,1
3278,431,34,2,1
3278,431,35,2,1
3278,431,36,2,1
3278,431,37,2,1
3278,431,38,2,1
3278,431,39,2,1
3278,431,40,2,1
3278,431,41,2,1
3278,431,42,2,1
3278,431,43,2,1
3278,431,44,2,1
3278,431,45,2,1
3278,431,46,2,1
3278,431,47,2,1
3278,431,48,2,1
3278,431,49,2,1
3278,431,50,2,1
3279,431,1,2,1
3279,431,2,2,1
3279,431,3,2,1
3279,431,4,2,1
3279,431,5,2,1
3279,431,6,2,1
3279,431,7,2,1
3279,431,8,2,1
3279,431,9,2,1
3279,431,10,2,1
3279,431,11,2,1
3279,431,12,2,1
3279,431,13,2,1
3279,431,14,2,1
3279,431,15,2,1
3279,431,16,2,1
3279,431,17,2,1
3279,431,18,2,1
3279,431,19,2,1
3279,431,20,2,1
3279,431,21,2,1
3279,431,22,2,1
3279,431,23,2,1
3279,431,24,2,1
3279,431,25,2,1
3279,431,26,2,1
3279,431,27,2,1
3279,431,28,2,1
3279,431,29,2,1
3279,431,30,2,1
3279,431,31,2,1
3279,431,32,2,1
3279,431,33,2,1
3279,431,34,2,1
3279,431,35,2,1
3279,431,36,2,1
3279,431,37,2,1
3279,431,38,2,1
3279,431,39,2,1
3279,431,40,2,1
3279,431,41,2,1
3279,431,42,2,1
3279,431,43,2,1
3279,431,44,2,1
3279,431,45,2,1
3279,431,46,2,1
3279,431,47,2,1
3279,431,48,2,1
3279,431,49,2,1
3279,431,50,2,1
3280,431,1,2,1
3280,431,2,2,1
3280,431,3,2,1
3280,431,4,2,1
3280,431,5,2,1
3280,431,6,2,1
3280,431,7,2,1
3280,431,8,2,1
3280,431,9,2,1
3280,431,10,2,1
3280,431,11,2,1
3280,431,12,2,1
3280,431,13,2,1
3280,431,14,2,1
3280,431,15,2,1
3280,431,16,2,1
3280,431,17,2,1
3280,431,18,2,1
3280,431,19,2,1
3280,431,20,2,1
3280,431,21,2,1
3280,431,22,2,1
3280,431,23,2,1
3280,431,24,2,1
3280,431,25,2,1
3280,431,26,2,1
3280,431,27,2,1
3280,431,28,2,1
3280,431,29,2,1
3280,431,30,2,1
3280,431,31,2,1
3280,431,32,2,1
3280,431,33,2,1
3280,431,34,2,1
3280,431,35,2,1
3280,431,36,2,1
3280,431,37,2,1
3280,431,38,2,1
3280,431,39,2,1
3280,431,40,2,1
3280,431,41,2,1
3280,431,42,2,1
3280,431,43,2,1
3280,431,44,2,1
3280,431,45,2,1
3280,431,46,2,1
3280,431,47,2,1
3280,431,48,2,1
3280,431,49,2,1
3280,431,50,2,1
3281,432,1,1,-1
3281,432,2,1,-1
3281,432,3,1,-1
3281,432,4,1,-1
3281,432,5,1,-1
3281,432,6,1,-1
3281,432,7,1,-1
3281,432,8,1,-1
3281,432,9,1,-1
3281,432,10,1,-1
3281,432,11,1,-1
3281,432,12,1,-1
3281,432,13,1,-1
3281,432,14,1,-1
3281,432,15,1,-1
3281,432,16,1,-1
3281,432,17,1,-1
3281,432,18,1,-1
3281,432,19,1,-1
3281,432,20,1,-1
3281,432,21,1,-1
3281,432,22,1,-1
3281,432,23,1,-1
3281,432,24,1,-1
3281,432,25,1,-1
3281,432,26,1,-1
3281,432,27,1,-1
3281,432,28,1,-1
3281,432,29,1,-1
3281,432,30,1,-1
3281,432,31,1,-1
3281,432,32,1,-1
3281,432,33,1,-1
3281,432,34,1,-1
3281,432,35,1,-1
3281,432,36,1,-1
3281,432,37,1,-1
3281,432,38,1,-1
3281,432,39,1,-1
3281,432,40,1,-1
3281,432,41,1,-1
3281,432,42,1,-1
3281,432,43,1,-1
3281,432,44,1,-1
3281,432,45,1,-1
3281,432,46,1,-1
3281,432,47,1,-1
3281,432,48,1,-1
3281,432,49,1,-1
3281,432,50,1,-1
3281,432,1,2,1
3281,432,2,2,1
3281,432,3,2,1
3281,432,4,2,1
3281,432,5,2,1
3281,432,6,2,1
3281,432,7,2,1
3281,432,8,2,1
3281,432,9,2,1
3281,432,10,2,1
3281,432,11,2,1
3281,432,12,2,1
3281,432,13,2,1
3281,432,14,2,1
3281,432,15,2,1
3281,432,16,2,1
3281,432,17,2,1
3281,432,18,2,1
3281,432,19,2,1
3281,432,20,2,1
3281,432,21,2,1
3281,432,22,2,1
3281,432,23,2,1
3281,432,24,2,1
3281,432,25,2,1
3281,432,26,2,1
3281,432,27,2,1
3281,432,28,2,1
3281,432,29,2,1
3281,432,30,2,1
3281,432,31,2,1
3281,432,32,2,1
3281,432,33,2,1
3281,432,34,2,1
3281,432,35,2,1
3281,432,36,2,1
3281,432,37,2,1
3281,432,38,2,1
3281,432,39,2,1
3281,432,40,2,1
3281,432,41,2,1
3281,432,42,2,1
3281,432,43,2,1
3281,432,44,2,1
3281,432,45,2,1
3281,432,46,2,1
3281,432,47,2,1
3281,432,48,2,1
3281,432,49,2,1
3281,432,50,2,1
3282,432,1,2,1
3282,432,2,2,1
3282,432,3,2,1
3282,432,4,2,1
3282,432,5,2,1
3282,432,6,2,1
3282,432,7,2,1
3282,432,8,2,1
3282,432,9,2,1
3282,432,10,2,1
3282,432,11,2,1
3282,432,12,2,1
3282,432,13,2,1
3282,432,14,2,1
3282,432,15,2,1
3282,432,16,2,1
3282,432,17,2,1
3282,432,18,2,1
3282,432,19,2,1
3282,432,20,2,1
3282,432,21,2,1
3282,432,22,2,1
3282,432,23,2,1
3282,432,24,2,1
3282,432,25,2,1
3282,432,26,2,1
3282,432,27,2,1
3282,432,28,2,1
3282,432,29,2,1
3282,432,30,2,1
3282,432,31,2,1
3282,432,32,2,1
3282,432,33,2,1
3282,432,34,2,1
3282,432,35,2,1
3282,432,36,2,1
3282,432,37,2,1
3282,432,38,2,1
3282,432,39,2,1
3282,432,40,2,1
3282,432,41,2,1
3282,432,42,2,1
3282,432,43,2,1
3282,432,44,2,1
3282,432,45,2,1
3282,432,46,2,1
3282,432,47,2,1
3282,432,48,2,1
3282,432,49,2,1
3282,432,50,2,1
3283,432,1,2,1
3283,432,2,2,1
3283,432,3,2,1
3283,432,4,2,1
3283,432,5,2,1
3283,432,6,2,1
3283,432,7,2,1
3283,432,8,2,1
3283,432,9,2,1
3283,432,10,2,1
3283,432,11,2,1
3283,432,12,2,1
3283,432,13,2,1
3283,432,14,2,1
3283,432,15,2,1
3283,432,16,2,1
3283,432,17,2,1
3283,432,18,2,1
3283,432,19,2,1
3283,432,20,2,1
3283,432,21,2,1
3283,432,22,2,1
3283,432,23,2,1
3283,432,24,2,1
3283,432,25,2,1
3283,432,26,2,1
3283,432,27,2,1
3283,432,28,2,1
3283,432,29,2,1
3283,432,30,2,1
3283,432,31,2,1
3283,432,32,2,1
3283,432,33,2,1
3283,432,34,2,1
3283,432,35,2,1
3283,432,36,2,1
3283,432,37,2,1
3283,432,38,2,1
3283,432,39,2,1
3283,432,40,2,1
3283,432,41,2,1
3283,432,42,2,1
3283,432,43,2,1
3283,432,44,2,1
3283,432,45,2,1
3283,432,46,2,1
3283,432,47,2,1
3283,432,48,2,1
3283,432,49,2,1
3283,432,50,2,1
3284,433,1,1,-1
3284,433,2,1,-1
3284,433,3,1,-1
3284,433,4,1,-1
3284,433,5,1,-1
3284,433,6,1,-1
3284,433,7,1,-1
3284,433,8,1,-1
3284,433,9,1,-1
3284,433,10,1,-1
3284,433,11,1,-1
3284,433,12,1,-1
3284,433,13,1,-1
3284,433,14,1,-1
3284,433,15,1,-1
3284,433,16,1,-1
3284,433,17,1,-1
3284,433,18,1,-1
3284,433,19,1,-1
3284,433,20,1,-1
3284,433,21,1,-1
3284,433,22,1,-1
3284,433,23,1,-1
3284,433,24,1,-1
3284,433,25,1,-1
3284,433,26,1,-1
3284,433,27,1,-1
3284,433,28,1,-1
3284,433,29,1,-1
3284,433,30,1,-1
3284,433,31,1,-1
3284,433,32,1,-1
3284,433,33,1,-1
3284,433,34,1,-1
3284,433,35,1,-1
3284,433,36,1,-1
3284,433,37,1,-1
3284,433,38,1,-1
3284,433,39,1,-1
3284,433,40,1,-1
3284,433,41,1,-1
3284,433,42,1,-1
3284,433,43,1,-1
3284,433,44,1,-1
3284,433,45,1,-1
3284,433,46,1,-1
3284,433,47,1,-1
3284,433,48,1,-1
3284,433,49,1,-1
3284,433,50,1,-1
3284,433,1,2,1
3284,433,2,2,1
3284,433,3,2,1
3284,433,4,2,1
3284,433,5,2,1
3284,433,6,2,1
3284,433,7,2,1
3284,433,8,2,1
3284,433,9,2,1
3284,433,10,2,1
3284,433,11,2,1
3284,433,12,2,1
3284,433,13,2,1
3284,433,14,2,1
3284,433,15,2,1
3284,433,16,2,1
3284,433,17,2,1
3284,433,18,2,1
3284,433,19,2,1
3284,433,20,2,1
3284,433,21,2,1
3284,433,22,2,1
3284,433,23,2,1
3284,433,24,2,1
3284,433,25,2,1
3284,433,26,2,1
3284,433,27,2,1
3284,433,28,2,1
3284,433,29,2,1
3284,433,30,2,1
3284,433,31,2,1
3284,433,32,2,1
3284,433,33,2,1
3284,433,34,2,1
3284,433,35,2,1
3284,433,36,2,1
3284,433,37,2,1
3284,433,38,2,1
3284,433,39,2,1
3284,433,40,2,1
3284,433,41,2,1
3284,433,42,2,1
3284,433,43,2,1
3284,433,44,2,1
3284,433,45,2,1
3284,433,46,2,1
3284,433,47,2,1
3284,433,48,2,1
3284,433,49,2,1
3284,433,50,2,1
3285,433,1,2,1
3285,433,2,2,1
3285,433,3,2,1
3285,433,4,2,1
3285,433,5,2,1
3285,433,6,2,1
3285,433,7,2,1
3285,433,8,2,1
3285,433,9,2,1
3285,433,10,2,1
3285,433,11,2,1
3285,433,12,2,1
3285,433,13,2,1
3285,433,14,2,1
3285,433,15,2,1
3285,433,16,2,1
3285,433,17,2,1
3285,433,18,2,1
3285,433,19,2,1
3285,433,20,2,1
3285,433,21,2,1
3285,433,22,2,1
3285,433,23,2,1
3285,433,24,2,1
3285,433,25,2,1
3285,433,26,2,1
3285,433,27,2,1
3285,433,28,2,1
3285,433,29,2,1
3285,433,30,2,1
3285,433,31,2,1
3285,433,32,2,1
3285,433,33,2,1
3285,433,34,2,1
3285,433,35,2,1
3285,433,36,2,1
3285,433,37,2,1
3285,433,38,2,1
3285,433,39,2,1
3285,433,40,2,1
3285,433,41,2,1
3285,433,42,2,1
3285,433,43,2,1
3285,433,44,2,1
3285,433,45,2,1
3285,433,46,2,1
3285,433,47,2,1
3285,433,48,2,1
3285,433,49,2,1
3285,433,50,2,1
3286,433,1,2,1
3286,433,2,2,1
3286,433,3,2,1
3286,433,4,2,1
3286,433,5,2,1
3286,433,6,2,1
3286,433,7,2,1
3286,433,8,2,1
3286,433,9,2,1
3286,433,10,2,1
3286,433,11,2,1
3286,433,12,2,1
3286,433,13,2,1
3286,433,14,2,1
3286,433,15,2,1
3286,433,16,2,1
3286,433,17,2,1
3286,433,18,2,1
3286,433,19,2,1
3286,433,20,2,1
3286,433,21,2,1
3286,433,22,2,1
3286,433,23,2,1
3286,433,24,2,1
3286,433,25,2,1
3286,433,26,2,1
3286,433,27,2,1
3286,433,28,2,1
3286,433,29,2,1
3286,433,30,2,1
3286,433,31,2,1
3286,433,32,2,1
3286,433,33,2,1
3286,433,34,2,1
3286,433,35,2,1
3286,433,36,2,1
3286,433,37,2,1
3286,433,38,2,1
3286,433,39,2,1
3286,433,40,2,1
3286,433,41,2,1
3286,433,42,2,1
3286,433,43,2,1
3286,433,44,2,1
3286,433,45,2,1
3286,433,46,2,1
3286,433,47,2,1
3286,433,48,2,1
3286,433,49,2,1
3286,433,50,2,1
3287,434,1,1,-1
3287,434,2,1,-1
3287,434,3,1,-1
3287,434,4,1,-1
3287,434,5,1,-1
3287,434,6,1,-1
3287,434,7,1,-1
3287,434,8,1,-1
3287,434,9,1,-1
3287,434,10,1,-1
3287,434,11,1,-1
3287,434,12,1,-1
3287,434,13,1,-1
3287,434,14,1,-1
3287,434,15,1,-1
3287,434,16,1,-1
3287,434,17,1,-1
3287,434,18,1,-1
3287,434,19,1,-1
3287,434,20,1,-1
3287,434,21,1,-1
3287,434,22,1,-1
3287,434,23,1,-1
3287,434,24,1,-1
3287,434,25,1,-1
3287,434,26,1,-1
3287,434,27,1,-1
3287,434,28,1,-1
3287,434,29,1,-1
3287,434,30,1,-1
3287,434,31,1,-1
3287,434,32,1,-1
3287,434,33,1,-1
3287,434,34,1,-1
3287,434,35,1,-1
3287,434,36,1,-1
3287,434,37,1,-1
3287,434,38,1,-1
3287,434,39,1,-1
3287,434,40,1,-1
3287,434,41,1,-1
3287,434,42,1,-1
3287,434,43,1,-1
3287,434,44,1,-1
3287,434,45,1,-1
3287,434,46,1,-1
3287,434,47,1,-1
3287,434,48,1,-1
3287,434,49,1,-1
3287,434,50,1,-1
3287,434,1,2,1
3287,434,2,2,1
3287,434,3,2,1
3287,434,4,2,1
3287,434,5,2,1
3287,434,6,2,1
3287,434,7,2,1
3287,434,8,2,1
3287,434,9,2,1
3287,434,10,2,1
3287,434,11,2,1
3287,434,12,2,1
3287,434,13,2,1
3287,434,14,2,1
3287,434,15,2,1
3287,434,16,2,1
3287,434,17,2,1
3287,434,18,2,1
3287,434,19,2,1
3287,434,20,2,1
3287,434,21,2,1
3287,434,22,2,1
3287,434,23,2,1
3287,434,24,2,1
3287,434,25,2,1
3287,434,26,2,1
3287,434,27,2,1
3287,434,28,2,1
3287,434,29,2,1
3287,434,30,2,1
3287,434,31,2,1
3287,434,32,2,1
3287,434,33,2,1
3287,434,34,2,1
3287,434,35,2,1
3287,434,36,2,1
3287,434,37,2,1
3287,434,38,2,1
3287,434,39,2,1
3287,434,40,2,1
3287,434,41,2,1
3287,434,42,2,1
3287,434,43,2,1
3287,434,44,2,1
3287,434,45,2,1
3287,434,46,2,1
3287,434,47,2,1
3287,434,48,2,1
3287,434,49,2,1
3287,434,50,2,1
3288,434,1,2,1
3288,434,2,2,1
3288,434,3,2,1
3288,434,4,2,1
3288,434,5,2,1
3288,434,6,2,1
3288,434,7,2,1
3288,434,8,2,1
3288,434,9,2,1
3288,434,10,2,1
3288,434,11,2,1
3288,434,12,2,1
3288,434,13,2,1
3288,434,14,2,1
3288,434,15,2,1
3288,434,16,2,1
3288,434,17,2,1
3288,434,18,2,1
3288,434,19,2,1
3288,434,20,2,1
3288,434,21,2,1
3288,434,22,2,1
3288,434,23,2,1
3288,434,24,2,1
3288,434,25,2,1
3288,434,26,2,1
3288,434,27,2,1
3288,434,28,2,1
3288,434,29,2,1
3288,434,30,2,1
3288,434,31,2,1
3288,434,32,2,1
3288,434,33,2,1
3288,434,34,2,1
3288,434,35,2,1
3288,434,36,2,1
3288,434,37,2,1
3288,434,38,2,1
3288,434,39,2,1
3288,434,40,2,1
3288,434,41,2,1
3288,434,42,2,1
3288,434,43,2,1
3288,434,44,2,1
3288,434,45,2,1
3288,434,46,2,1
3288,434,47,2,1
3288,434,48,2,1
3288,434,49,2,1
3288,434,50,2,1
3289,435,1,1,-1
3289,435,2,1,-1
3289,435,3,1,-1
3289,435,4,1,-1
3289,435,5,1,-1
3289,435,6,1,-1
3289,435,7,1,-1
3289,435,8,1,-1
3289,435,9,1,-1
3289,435,10,1,-1
3289,435,11,1,-1
3289,435,12,1,-1
3289,435,13,1,-1
3289,435,14,1,-1
3289,435,15,1,-1
3289,435,16,1,-1
3289,435,17,1,-1
3289,435,18,1,-1
3289,435,19,1,-1
3289,435,20,1,-1
3289,435,21,1,-1
3289,435,22,1,-1
3289,435,23,1,-1
3289,435,24,1,-1
3289,435,25,1,-1
3289,435,26,1,-1
3289,435,27,1,-1
3289,435,28,1,-1
3289,435,29,1,-1
3289,435,30,1,-1
3289,435,31,1,-1
3289,435,32,1,-1
3289,435,33,1,-1
3289,435,34,1,-1
3289,435,35,1,-1
3289,435,36,1,-1
3289,435,37,1,-1
3289,435,38,1,-1
3289,435,39,1,-1
3289,435,40,1,-1
3289,435,41,1,-1
3289,435,42,1,-1
3289,435,43,1,-1
3289,435,44,1,-1
3289,435,45,1,-1
3289,435,46,1,-1
3289,435,47,1,-1
3289,435,48,1,-1
3289,435,49,1,-1
3289,435,50,1,-1
3289,435,1,2,1
3289,435,2,2,1
3289,435,3,2,1
3289,435,4,2,1
3289,435,5,2,1
3289,435,6,2,1
3289,435,7,2,1
3289,435,8,2,1
3289,435,9,2,1
3289,435,10,2,1
3289,435,11,2,1
3289,435,12,2,1
3289,435,13,2,1
3289,435,14,2,1
3289,435,15,2,1
3289,435,16,2,1
3289,435,17,2,1
3289,435,18,2,1
3289,435,19,2,1
3289,435,20,2,1
3289,435,21,2,1
3289,435,22,2,1
3289,435,23,2,1
3289,435,24,2,1
3289,435,25,2,1
3289,435,26,2,1
3289,435,27,2,1
3289,435,28,2,1
3289,435,29,2,1
3289,435,30,2,1
3289,435,31,2,1
3289,435,32,2,1
3289,435,33,2,1
3289,435,34,2,1
3289,435,35,2,1
3289,435,36,2,1
3289,435,37,2,1
3289,435,38,2,1
3289,435,39,2,1
3289,435,40,2,1
3289,435,41,2,1
3289,435,42,2,1
3289,435,43,2,1
3289,435,44,2,1
3289,435,45,2,1
3289,435,46,2,1
3289,435,47,2,1
3289,435,48,2,1
3289,435,49,2,1
3289,435,50,2,1
3290,435,1,2,1
3290,435,2,2,1
3290,435,3,2,1
3290,435,4,2,1
3290,435,5,2,1
3290,435,6,2,1
3290,435,7,2,1
3290,435,8,2,1
3290,435,9,2,1
3290,435,10,2,1
3290,435,11,2,1
3290,435,12,2,1
3290,435,13,2,1
3290,435,14,2,1
3290,435,15,2,1
3290,435,16,2,1
3290,435,17,2,1
3290,435,18,2,1
3290,435,19,2,1
3290,435,20,2,1
3290,435,21,2,1
3290,435,22,2,1
3290,435,23,2,1
3290,435,24,2,1
3290,435,25,2,1
3290,435,26,2,1
3290,435,27,2,1
3290,435,28,2,1
3290,435,29,2,1
3290,435,30,2,1
3290,435,31,2,1
3290,435,32,2,1
3290,435,33,2,1
3290,435,34,2,1
3290,435,35,2,1
3290,435,36,2,1
3290,435,37,2,1
3290,435,38,2,1
3290,435,39,2,1
3290,435,40,2,1
3290,435,41,2,1
3290,435,42,2,1
3290,435,43,2,1
3290,435,44,2,1
3290,435,45,2,1
3290,435,46,2,1
3290,435,47,2,1
3290,435,48,2,1
3290,435,49,2,1
3290,435,50,2,1
3291,435,1,2,1
3291,435,2,2,1
3291,435,3,2,1
3291,435,4,2,1
3291,435,5,2,1
3291,435,6,2,1
3291,435,7,2,1
3291,435,8,2,1
3291,435,9,2,1
3291,435,10,2,1
3291,435,11,2,1
3291,435,12,2,1
3291,435,13,2,1
3291,435,14,2,1
3291,435,15,2,1
3291,435,16,2,1
3291,435,17,2,1
3291,435,18,2,1
3291,435,19,2,1
3291,435,20,2,1
3291,435,21,2,1
3291,435,22,2,1
3291,435,23,2,1
3291,435,24,2,1
3291,435,25,2,1
3291,435,26,2,1
3291,435,27,2,1
3291,435,28,2,1
3291,435,29,2,1
3291,435,30,2,1
3291,435,31,2,1
3291,435,32,2,1
3291,435,33,2,1
3291,435,34,2,1
3291,435,35,2,1
3291,435,36,2,1
3291,435,37,2,1
3291,435,38,2,1
3291,435,39,2,1
3291,435,40,2,1
3291,435,41,2,1
3291,435,42,2,1
3291,435,43,2,1
3291,435,44,2,1
3291,435,45,2,1
3291,435,46,2,1
3291,435,47,2,1
3291,435,48,2,1
3291,435,49,2,1
3291,435,50,2,1
3292,436,1,1,-1
3292,436,2,1,-1
3292,436,3,1,-1
3292,436,4,1,-1
3292,436,5,1,-1
3292,436,6,1,-1
3292,436,7,1,-1
3292,436,8,1,-1
3292,436,9,1,-1
3292,436,10,1,-1
3292,436,11,1,-1
3292,436,12,1,-1
3292,436,13,1,-1
3292,436,14,1,-1
3292,436,15,1,-1
3292,436,16,1,-1
3292,436,17,1,-1
3292,436,18,1,-1
3292,436,19,1,-1
3292,436,20,1,-1
3292,436,21,1,-1
3292,436,22,1,-1
3292,436,23,1,-1
3292,436,24,1,-1
3292,436,25,1,-1
3292,436,26,1,-1
3292,436,27,1,-1
3292,436,28,1,-1
3292,436,29,1,-1
3292,436,30,1,-1
3292,436,31,1,-1
3292,436,32,1,-1
3292,436,33,1,-1
3292,436,34,1,-1
3292,436,35,1,-1
3292,436,36,1,-1
3292,436,37,1,-1
3292,436,38,1,-1
3292,436,39,1,-1
3292,436,40,1,-1
3292,436,41,1,-1
3292,436,42,1,-1
3292,436,43,1,-1
3292,436,44,1,-1
3292,436,45,1,-1
3292,436,46,1,-1
3292,436,47,1,-1
3292,436,48,1,-1
3292,436,49,1,-1
3292,436,50,1,-1
3292,436,1,2,1
3292,436,2,2,1
3292,436,3,2,1
3292,436,4,2,1
3292,436,5,2,1
3292,436,6,2,1
3292,436,7,2,1
3292,436,8,2,1
3292,436,9,2,1
3292,436,10,2,1
3292,436,11,2,1
3292,436,12,2,1
3292,436,13,2,1
3292,436,14,2,1
3292,436,15,2,1
3292,436,16,2,1
3292,436,17,2,1
3292,436,18,2,1
3292,436,19,2,1
3292,436,20,2,1
3292,436,21,2,1
3292,436,22,2,1
3292,436,23,2,1
3292,436,24,2,1
3292,436,25,2,1
3292,436,26,2,1
3292,436,27,2,1
3292,436,28,2,1
3292,436,29,2,1
3292,436,30,2,1
3292,436,31,2,1
3292,436,32,2,1
3292,436,33,2,1
3292,436,34,2,1
3292,436,35,2,1
3292,436,36,2,1
3292,436,37,2,1
3292,436,38,2,1
3292,436,39,2,1
3292,436,40,2,1
3292,436,41,2,1
3292,436,42,2,1
3292,436,43,2,1
3292,436,44,2,1
3292,436,45,2,1
3292,436,46,2,1
3292,436,47,2,1
3292,436,48,2,1
3292,436,49,2,1
3292,436,50,2,1
3293,436,1,2,1
3293,436,2,2,1
3293,436,3,2,1
3293,436,4,2,1
3293,436,5,2,1
3293,436,6,2,1
3293,436,7,2,1
3293,436,8,2,1
3293,436,9,2,1
3293,436,10,2,1
3293,436,11,2,1
3293,436,12,2,1
3293,436,13,2,1
3293,436,14,2,1
3293,436,15,2,1
3293,436,16,2,1
3293,436,17,2,1
3293,436,18,2,1
3293,436,19,2,1
3293,436,20,2,1
3293,436,21,2,1
3293,436,22,2,1
3293,436,23,2,1
3293,436,24,2,1
3293,436,25,2,1
3293,436,26,2,1
3293,436,27,2,1
3293,436,28,2,1
3293,436,29,2,1
3293,436,30,2,1
3293,436,31,2,1
3293,436,32,2,1
3293,436,33,2,1
3293,436,34,2,1
3293,436,35,2,1
3293,436,36,2,1
3293,436,37,2,1
3293,436,38,2,1
3293,436,39,2,1
3293,436,40,2,1
3293,436,41,2,1
3293,436,42,2,1
3293,436,43,2,1
3293,436,44,2,1
3293,436,45,2,1
3293,436,46,2,1
3293,436,47,2,1
3293,436,48,2,1
3293,436,49,2,1
3293,436,50,2,1
3294,436,1,2,1
3294,436,2,2,1
3294,436,3,2,1
3294,436,4,2,1
3294,436,5,2,1
3294,436,6,2,1
3294,436,7,2,1
3294,436,8,2,1
3294,436,9,2,1
3294,436,10,2,1
3294,436,11,2,1
3294,436,12,2,1
3294,436,13,2,1
3294,436,14,2,1
3294,436,15,2,1
3294,436,16,2,1
3294,436,17,2,1
3294,436,18,2,1
3294,436,19,2,1
3294,436,20,2,1
3294,436,21,2,1
3294,436,22,2,1
3294,436,23,2,1
3294,436,24,2,1
3294,436,25,2,1
3294,436,26,2,1
3294,436,27,2,1
3294,436,28,2,1
3294,436,29,2,1
3294,436,30,2,1
3294,436,31,2,1
3294,436,32,2,1
3294,436,33,2,1
3294,436,34,2,1
3294,436,35,2,1
3294,436,36,2,1
3294,436,37,2,1
3294,436,38,2,1
3294,436,39,2,1
3294,436,40,2,1
3294,436,41,2,1
3294,436,42,2,1
3294,436,43,2,1
3294,436,44,2,1
3294,436,45,2,1
3294,436,46,2,1
3294,436,47,2,1
3294,436,48,2,1
3294,436,49,2,1
3294,436,50,2,1
3295,437,1,1,-1
3295,437,2,1,-1
3295,437,3,1,-1
3295,437,4,1,-1
3295,437,5,1,-1
3295,437,6,1,-1
3295,437,7,1,-1
3295,437,8,1,-1
3295,437,9,1,-1
3295,437,10,1,-1
3295,437,11,1,-1
3295,437,12,1,-1
3295,437,13,1,-1
3295,437,14,1,-1
3295,437,15,1,-1
3295,437,16,1,-1
3295,437,17,1,-1
3295,437,18,1,-1
3295,437,19,1,-1
3295,437,20,1,-1
3295,437,21,1,-1
3295,437,22,1,-1
3295,437,23,1,-1
3295,437,24,1,-1
3295,437,25,1,-1
3295,437,26,1,-1
3295,437,27,1,-1
3295,437,28,1,-1
3295,437,29,1,-1
3295,437,30,1,-1
3295,437,31,1,-1
3295,437,32,1,-1
3295,437,33,1,-1
3295,437,34,1,-1
3295,437,35,1,-1
3295,437,36,1,-1
3295,437,37,1,-1
3295,437,38,1,-1
3295,437,39,1,-1
3295,437,40,1,-1
3295,437,41,1,-1
3295,437,42,1,-1
3295,437,43,1,-1
3295,437,44,1,-1
3295,437,45,1,-1
3295,437,46,1,-1
3295,437,47,1,-1
3295,437,48,1,-1
3295,437,49,1,-1
3295,437,50,1,-1
3295,437,1,2,1
3295,437,2,2,1
3295,437,3,2,1
3295,437,4,2,1
3295,437,5,2,1
3295,437,6,2,1
3295,437,7,2,1
3295,437,8,2,1
3295,437,9,2,1
3295,437,10,2,1
3295,437,11,2,1
3295,437,12,2,1
3295,437,13,2,1
3295,437,14,2,1
3295,437,15,2,1
3295,437,16,2,1
3295,437,17,2,1
3295,437,18,2,1
3295,437,19,2,1
3295,437,20,2,1
3295,437,21,2,1
3295,437,22,2,1
3295,437,23,2,1
3295,437,24,2,1
3295,437,25,2,1
3295,437,26,2,1
3295,437,27,2,1
3295,437,28,2,1
3295,437,29,2,1
3295,437,30,2,1
3295,437,31,2,1
3295,437,32,2,1
3295,437,33,2,1
3295,437,34,2,1
3295,437,35,2,1
3295,437,36,2,1
3295,437,37,2,1
3295,437,38,2,1
3295,437,39,2,1
3295,437,40,2,1
3295,437,41,2,1
3295,437,42,2,1
3295,437,43,2,1
3295,437,44,2,1
3295,437,45,2,1
3295,437,46,2,1
3295,437,47,2,1
3295,437,48,2,1
3295,437,49,2,1
3295,437,50,2,1
3296,437,1,2,1
3296,437,2,2,1
3296,437,3,2,1
3296,437,4,2,1
3296,437,5,2,1
3296,437,6,2,1
3296,437,7,2,1
3296,437,8,2,1
3296,437,9,2,1
3296,437,10,2,1
3296,437,11,2,1
3296,437,12,2,1
3296,437,13,2,1
3296,437,14,2,1
3296,437,15,2,1
3296,437,16,2,1
3296,437,17,2,1
3296,437,18,2,1
3296,437,19,2,1
3296,437,20,2,1
3296,437,21,2,1
3296,437,22,2,1
3296,437,23,2,1
3296,437,24,2,1
3296,437,25,2,1
3296,437,26,2,1
3296,437,27,2,1
3296,437,28,2,1
3296,437,29,2,1
3296,437,30,2,1
3296,437,31,2,1
3296,437,32,2,1
3296,437,33,2,1
3296,437,34,2,1
3296,437,35,2,1
3296,437,36,2,1
3296,437,37,2,1
3296,437,38,2,1
3296,437,39,2,1
3296,437,40,2,1
3296,437,41,2,1
3296,437,42,2,1
3296,437,43,2,1
3296,437,44,2,1
3296,437,45,2,1
3296,437,46,2,1
3296,437,47,2,1
3296,437,48,2,1
3296,437,49,2,1
3296,437,50,2,1
3297,438,1,1,-1
3297,438,2,1,-1
3297,438,3,1,-1
3297,438,4,1,-1
3297,438,5,1,-1
3297,438,6,1,-1
3297,438,7,1,-1
3297,438,8,1,-1
3297,438,9,1,-1
3297,438,10,1,-1
3297,438,11,1,-1
3297,438,12,1,-1
3297,438,13,1,-1
3297,438,14,1,-1
3297,438,15,1,-1
3297,438,16,1,-1
3297,438,17,1,-1
3297,438,18,1,-1
3297,438,19,1,-1
3297,438,20,1,-1
3297,438,21,1,-1
3297,438,22,1,-1
3297,438,23,1,-1
3297,438,24,1,-1
3297,438,25,1,-1
3297,438,26,1,-1
3297,438,27,1,-1
3297,438,28,1,-1
3297,438,29,1,-1
3297,438,30,1,-1
3297,438,31,1,-1
3297,438,32,1,-1
3297,438,33,1,-1
3297,438,34,1,-1
3297,438,35,1,-1
3297,438,36,1,-1
3297,438,37,1,-1
3297,438,38,1,-1
3297,438,39,1,-1
3297,438,40,1,-1
3297,438,41,1,-1
3297,438,42,1,-1
3297,438,43,1,-1
3297,438,44,1,-1
3297,438,45,1,-1
3297,438,46,1,-1
3297,438,47,1,-1
3297,438,48,1,-1
3297,438,49,1,-1
3297,438,50,1,-1
3297,438,1,2,1
3297,438,2,2,1
3297,438,3,2,1
3297,438,4,2,1
3297,438,5,2,1
3297,438,6,2,1
3297,438,7,2,1
3297,438,8,2,1
3297,438,9,2,1
3297,438,10,2,1
3297,438,11,2,1
3297,438,12,2,1
3297,438,13,2,1
3297,438,14,2,1
3297,438,15,2,1
3297,438,16,2,1
3297,438,17,2,1
3297,438,18,2,1
3297,438,19,2,1
3297,438,20,2,1
3297,438,21,2,1
3297,438,22,2,1
3297,438,23,2,1
3297,438,24,2,1
3297,438,25,2,1
3297,438,26,2,1
3297,438,27,2,1
3297,438,28,2,1
3297,438,29,2,1
3297,438,30,2,1
3297,438,31,2,1
3297,438,32,2,1
3297,438,33,2,1
3297,438,34,2,1
3297,438,35,2,1
3297,438,36,2,1
3297,438,37,2,1
3297,438,38,2,1
3297,438,39,2,1
3297,438,40,2,1
3297,438,41,2,1
3297,438,42,2,1
3297,438,43,2,1
3297,438,44,2,1
3297,438,45,2,1
3297,438,46,2,1
3297,438,47,2,1
3297,438,48,2,1
3297,438,49,2,1
3297,438,50,2,1
3298,438,1,2,1
3298,438,2,2,1
3298,438,3,2,1
3298,438,4,2,1
3298,438,5,2,1
3298,438,6,2,1
3298,438,7,2,1
3298,438,8,2,1
3298,438,9,2,1
3298,438,10,2,1
3298,438,11,2,1
3298,438,12,2,1
3298,438,13,2,1
3298,438,14,2,1
3298,438,15,2,1
3298,438,16,2,1
3298,438,17,2,1
3298,438,18,2,1
3298,438,19,2,1
3298,438,20,2,1
3298,438,21,2,1
3298,438,22,2,1
3298,438,23,2,1
3298,438,24,2,1
3298,438,25,2,1
3298,438,26,2,1
3298,438,27,2,1
3298,438,28,2,1
3298,438,29,2,1
3298,438,30,2,1
3298,438,31,2,1
3298,438,32,2,1
3298,438,33,2,1
3298,438,34,2,1
3298,438,35,2,1
3298,438,36,2,1
3298,438,37,2,1
3298,438,38,2,1
3298,438,39,2,1
3298,438,40,2,1
3298,438,41,2,1
3298,438,42,2,1
3298,438,43,2,1
3298,438,44,2,1
3298,438,45,2,1
3298,438,46,2,1
3298,438,47,2,1
3298,438,48,2,1
3298,438,49,2,1
3298,438,50,2,1
3299,438,1,2,1
3299,438,2,2,1
3299,438,3,2,1
3299,438,4,2,1
3299,438,5,2,1
3299,438,6,2,1
3299,438,7,2,1
3299,438,8,2,1
3299,438,9,2,1
3299,438,10,2,1
3299,438,11,2,1
3299,438,12,2,1
3299,438,13,2,1
3299,438,14,2,1
3299,438,15,2,1
3299,438,16,2,1
3299,438,17,2,1
3299,438,18,2,1
3299,438,19,2,1
3299,438,20,2,1
3299,438,21,2,1
3299,438,22,2,1
3299,438,23,2,1
3299,438,24,2,1
3299,438,25,2,1
3299,438,26,2,1
3299,438,27,2,1
3299,438,28,2,1
3299,438,29,2,1
3299,438,30,2,1
3299,438,31,2,1
3299,438,32,2,1
3299,438,33,2,1
3299,438,34,2,1
3299,438,35,2,1
3299,438,36,2,1
3299,438,37,2,1
3299,438,38,2,1
3299,438,39,2,1
3299,438,40,2,1
3299,438,41,2,1
3299,438,42,2,1
3299,438,43,2,1
3299,438,44,2,1
3299,438,45,2,1
3299,438,46,2,1
3299,438,47,2,1
3299,438,48,2,1
3299,438,49,2,1
3299,438,50,2,1
3300,439,1,1,-1
3300,439,2,1,-1
3300,439,3,1,-1
3300,439,4,1,-1
3300,439,5,1,-1
3300,439,6,1,-1
3300,439,7,1,-1
3300,439,8,1,-1
3300,439,9,1,-1
3300,439,10,1,-1
3300,439,11,1,-1
3300,439,12,1,-1
3300,439,13,1,-1
3300,439,14,1,-1
3300,439,15,1,-1
3300,439,16,1,-1
3300,439,17,1,-1
3300,439,18,1,-1
3300,439,19,1,-1
3300,439,20,1,-1
3300,439,21,1,-1
3300,439,22,1,-1
3300,439,23,1,-1
3300,439,24,1,-1
3300,439,25,1,-1
3300,439,26,1,-1
3300,439,27,1,-1
3300,439,28,1,-1
3300,439,29,1,-1
3300,439,30,1,-1
3300,439,31,1,-1
3300,439,32,1,-1
3300,439,33,1,-1
3300,439,34,1,-1
3300,439,35,1,-1
3300,439,36,1,-1
3300,439,37,1,-1
3300,439,38,1,-1
3300,439,39,1,-1
3300,439,40,1,-1
3300,439,41,1,-1
3300,439,42,1,-1
3300,439,43,1,-1
3300,439,44,1,-1
3300,439,45,1,-1
3300,439,46,1,-1
3300,439,47,1,-1
3300,439,48,1,-1
3300,439,49,1,-1
3300,439,50,1,-1
3300,439,1,2,1
3300,439,2,2,1
3300,439,3,2,1
3300,439,4,2,1
3300,439,5,2,1
3300,439,6,2,1
3300,439,7,2,1
3300,439,8,2,1
3300,439,9,2,1
3300,439,10,2,1
3300,439,11,2,1
3300,439,12,2,1
3300,439,13,2,1
3300,439,14,2,1
3300,439,15,2,1
3300,439,16,2,1
3300,439,17,2,1
3300,439,18,2,1
3300,439,19,2,1
3300,439,20,2,1
3300,439,21,2,1
3300,439,22,2,1
3300,439,23,2,1
3300,439,24,2,1
3300,439,25,2,1
3300,439,26,2,1
3300,439,27,2,1
3300,439,28,2,1
3300,439,29,2,1
3300,439,30,2,1
3300,439,31,2,1
3300,439,32,2,1
3300,439,33,2,1
3300,439,34,2,1
3300,439,35,2,1
3300,439,36,2,1
3300,439,37,2,1
3300,439,38,2,1
3300,439,39,2,1
3300,439,40,2,1
3300,439,41,2,1
3300,439,42,2,1
3300,439,43,2,1
3300,439,44,2,1
3300,439,45,2,1
3300,439,46,2,1
3300,439,47,2,1
3300,439,48,2,1
3300,439,49,2,1
3300,439,50,2,1
3301,439,1,2,1
3301,439,2,2,1
3301,439,3,2,1
3301,439,4,2,1
3301,439,5,2,1
3301,439,6,2,1
3301,439,7,2,1
3301,439,8,2,1
3301,439,9,2,1
3301,439,10,2,1
3301,439,11,2,1
3301,439,12,2,1
3301,439,13,2,1
3301,439,14,2,1
3301,439,15,2,1
3301,439,16,2,1
3301,439,17,2,1
3301,439,18,2,1
3301,439,19,2,1
3301,439,20,2,1
3301,439,21,2,1
3301,439,22,2,1
3301,439,23,2,1
3301,439,24,2,1
3301,439,25,2,1
3301,439,26,2,1
3301,439,27,2,1
3301,439,28,2,1
3301,439,29,2,1
3301,439,30,2,1
3301,439,31,2,1
3301,439,32,2,1
3301,439,33,2,1
3301,439,34,2,1
3301,439,35,2,1
3301,439,36,2,1
3301,439,37,2,1
3301,439,38,2,1
3301,439,39,2,1
3301,439,40,2,1
3301,439,41,2,1
3301,439,42,2,1
3301,439,43,2,1
3301,439,44,2,1
3301,439,45,2,1
3301,439,46,2,1
3301,439,47,2,1
3301,439,48,2,1
3301,439,49,2,1
3301,439,50,2,1
3302,440,1,1,-1
3302,440,2,1,-1
3302,440,3,1,-1
3302,440,4,1,-1
3302,440,5,1,-1
3302,440,6,1,-1
3302,440,7,1,-1
3302,440,8,1,-1
3302,440,9,1,-1
3302,440,10,1,-1
3302,440,11,1,-1
3302,440,12,1,-1
3302,440,13,1,-1
3302,440,14,1,-1
3302,440,15,1,-1
3302,440,16,1,-1
3302,440,17,1,-1
3302,440,18,1,-1
3302,440,19,1,-1
3302,440,20,1,-1
3302,440,21,1,-1
3302,440,22,1,-1
3302,440,23,1,-1
3302,440,24,1,-1
3302,440,25,1,-1
3302,440,26,1,-1
3302,440,27,1,-1
3302,440,28,1,-1
3302,440,29,1,-1
3302,440,30,1,-1
3302,440,31,1,-1
3302,440,32,1,-1
3302,440,33,1,-1
3302,440,34,1,-1
3302,440,35,1,-1
3302,440,36,1,-1
3302,440,37,1,-1
3302,440,38,1,-1
3302,440,39,1,-1
3302,440,40,1,-1
3302,440,41,1,-1
3302,440,42,1,-1
3302,440,43,1,-1
3302,440,44,1,-1
3302,440,45,1,-1
3302,440,46,1,-1
3302,440,47,1,-1
3302,440,48,1,-1
3302,440,49,1,-1
3302,440,50,1,-1
3302,440,1,2,1
3302,440,2,2,1
3302,440,3,2,1
3302,440,4,2,1
3302,440,5,2,1
3302,440,6,2,1
3302,440,7,2,1
3302,440,8,2,1
3302,440,9,2,1
3302,440,10,2,1
3302,440,11,2,1
3302,440,12,2,1
3302,440,13,2,1
3302,440,14,2,1
3302,440,15,2,1
3302,440,16,2,1
3302,440,17,2,1
3302,440,18,2,1
3302,440,19,2,1
3302,440,20,2,1
3302,440,21,2,1
3302,440,22,2,1
3302,440,23,2,1
3302,440,24,2,1
3302,440,25,2,1
3302,440,26,2,1
3302,440,27,2,1
3302,440,28,2,1
3302,440,29,2,1
3302,440,30,2,1
3302,440,31,2,1
3302,440,32,2,1
3302,440,33,2,1
3302,440,34,2,1
3302,440,35,2,1
3302,440,36,2,1
3302,440,37,2,1
3302,440,38,2,1
3302,440,39,2,1
3302,440,40,2,1
3302,440,41,2,1
3302,440,42,2,1
3302,440,43,2,1
3302,440,44,2,1
3302,440,45,2,1
3302,440,46,2,1
3302,440,47,2,1
3302,440,48,2,1
3302,440,49,2,1
3302,440,50,2,1
3303,440,1,2,1
3303,440,2,2,1
3303,440,3,2,1
3303,440,4,2,1
3303,440,5,2,1
3303,440,6,2,1
3303,440,7,2,1
3303,440,8,2,1
3303,440,9,2,1
3303,440,10,2,1
3303,440,11,2,1
3303,440,12,2,1
3303,440,13,2,1
3303,440,14,2,1
3303,440,15,2,1
3303,440,16,2,1
3303,440,17,2,1
3303,440,18,2,1
3303,440,19,2,1
3303,440,20,2,1
3303,440,21,2,1
3303,440,22,2,1
3303,440,23,2,1
3303,440,24,2,1
3303,440,25,2,1
3303,440,26,2,1
3303,440,27,2,1
3303,440,28,2,1
3303,440,29,2,1
3303,440,30,2,1
3303,440,31,2,1
3303,440,32,2,1
3303,440,33,2,1
3303,440,34,2,1
3303,440,35,2,1
3303,440,36,2,1
3303,440,37,2,1
3303,440,38,2,1
3303,440,39,2,1
3303,440,40,2,1
3303,440,41,2,1
3303,440,42,2,1
3303,440,43,2,1
3303,440,44,2,1
3303,440,45,2,1
3303,440,46,2,1
3303,440,47,2,1
3303,440,48,2,1
3303,440,49,2,1
3303,440,50,2,1
3304,440,1,2,1
3304,440,2,2,1
3304,440,3,2,1
3304,440,4,2,1
3304,440,5,2,1
3304,440,6,2,1
3304,440,7,2,1
3304,440,8,2,1
3304,440,9,2,1
3304,440,10,2,1
3304,440,11,2,1
3304,440,12,2,1
3304,440,13,2,1
3304,440,14,2,1
3304,440,15,2,1
3304,440,16,2,1
3304,440,17,2,1
3304,440,18,2,1
3304,440,19,2,1
3304,440,20,2,1
3304,440,21,2,1
3304,440,22,2,1
3304,440,23,2,1
3304,440,24,2,1
3304,440,25,2,1
3304,440,26,2,1
3304,440,27,2,1
3304,440,28,2,1
3304,440,29,2,1
3304,440,30,2,1
3304,440,31,2,1
3304,440,32,2,1
3304,440,33,2,1
3304,440,34,2,1
3304,440,35,2,1
3304,440,36,2,1
3304,440,37,2,1
3304,440,38,2,1
3304,440,39,2,1
3304,440,40,2,1
3304,440,41,2,1
3304,440,42,2,1
3304,440,43,2,1
3304,440,44,2,1
3304,440,45,2,1
3304,440,46,2,1
3304,440,47,2,1
3304,440,48,2,1
3304,440,49,2,1
3304,440,50,2,1
3305,441,1,1,-1
3305,441,2,1,-1
3305,441,3,1,-1
3305,441,4,1,-1
3305,441,5,1,-1
3305,441,6,1,-1
3305,441,7,1,-1
3305,441,8,1,-1
3305,441,9,1,-1
3305,441,10,1,-1
3305,441,11,1,-1
3305,441,12,1,-1
3305,441,13,1,-1
3305,441,14,1,-1
3305,441,15,1,-1
3305,441,16,1,-1
3305,441,17,1,-1
3305,441,18,1,-1
3305,441,19,1,-1
3305,441,20,1,-1
3305,441,21,1,-1
3305,441,22,1,-1
3305,441,23,1,-1
3305,441,24,1,-1
3305,441,25,1,-1
3305,441,26,1,-1
3305,441,27,1,-1
3305,441,28,1,-1
3305,441,29,1,-1
3305,441,30,1,-1
3305,441,31,1,-1
3305,441,32,1,-1
3305,441,33,1,-1
3305,441,34,1,-1
3305,441,35,1,-1
3305,441,36,1,-1
3305,441,37,1,-1
3305,441,38,1,-1
3305,441,39,1,-1
3305,441,40,1,-1
3305,441,41,1,-1
3305,441,42,1,-1
3305,441,43,1,-1
3305,441,44,1,-1
3305,441,45,1,-1
3305,441,46,1,-1
3305,441,47,1,-1
3305,441,48,1,-1
3305,441,49,1,-1
3305,441,50,1,-1
3305,441,1,2,1
3305,441,2,2,1
3305,441,3,2,1
3305,441,4,2,1
3305,441,5,2,1
3305,441,6,2,1
3305,441,7,2,1
3305,441,8,2,1
3305,441,9,2,1
3305,441,10,2,1
3305,441,11,2,1
3305,441,12,2,1
3305,441,13,2,1
3305,441,14,2,1
3305,441,15,2,1
3305,441,16,2,1
3305,441,17,2,1
3305,441,18,2,1
3305,441,19,2,1
3305,441,20,2,1
3305,441,21,2,1
3305,441,22,2,1
3305,441,23,2,1
3305,441,24,2,1
3305,441,25,2,1
3305,441,26,2,1
3305,441,27,2,1
3305,441,28,2,1
3305,441,29,2,1
3305,441,30,2,1
3305,441,31,2,1
3305,441,32,2,1
3305,441,33,2,1
3305,441,34,2,1
3305,441,35,2,1
3305,441,36,2,1
3305,441,37,2,1
3305,441,38,2,1
3305,441,39,2,1
3305,441,40,2,1
3305,441,41,2,1
3305,441,42,2,1
3305,441,43,2,1
3305,441,44,2,1
3305,441,45,2,1
3305,441,46,2,1
3305,441,47,2,1
3305,441,48,2,1
3305,441,49,2,1
3305,441,50,2,1
3306,441,1,2,1
3306,441,2,2,1
3306,441,3,2,1
3306,441,4,2,1
3306,441,5,2,1
3306,441,6,2,1
3306,441,7,2,1
3306,441,8,2,1
3306,441,9,2,1
3306,441,10,2,1
3306,441,11,2,1
3306,441,12,2,1
3306,441,13,2,1
3306,441,14,2,1
3306,441,15,2,1
3306,441,16,2,1
3306,441,17,2,1
3306,441,18,2,1
3306,441,19,2,1
3306,441,20,2,1
3306,441,21,2,1
3306,441,22,2,1
3306,441,23,2,1
3306,441,24,2,1
3306,441,25,2,1
3306,441,26,2,1
3306,441,27,2,1
3306,441,28,2,1
3306,441,29,2,1
3306,441,30,2,1
3306,441,31,2,1
3306,441,32,2,1
3306,441,33,2,1
3306,441,34,2,1
3306,441,35,2,1
3306,441,36,2,1
3306,441,37,2,1
3306,441,38,2,1
3306,441,39,2,1
3306,441,40,2,1
3306,441,41,2,1
3306,441,42,2,1
3306,441,43,2,1
3306,441,44,2,1
3306,441,45,2,1
3306,441,46,2,1
3306,441,47,2,1
3306,441,48,2,1
3306,441,49,2,1
3306,441,50,2,1
3307,442,1,1,-1
3307,442,2,1,-1
3307,442,3,1,-1
3307,442,4,1,-1
3307,442,5,1,-1
3307,442,6,1,-1
3307,442,7,1,-1
3307,442,8,1,-1
3307,442,9,1,-1
3307,442,10,1,-1
3307,442,11,1,-1
3307,442,12,1,-1
3307,442,13,1,-1
3307,442,14,1,-1
3307,442,15,1,-1
3307,442,16,1,-1
3307,442,17,1,-1
3307,442,18,1,-1
3307,442,19,1,-1
3307,442,20,1,-1
3307,442,21,1,-1
3307,442,22,1,-1
3307,442,23,1,-1
3307,442,24,1,-1
3307,442,25,1,-1
3307,442,26,1,-1
3307,442,27,1,-1
3307,442,28,1,-1
3307,442,29,1,-1
3307,442,30,1,-1
3307,442,31,1,-1
3307,442,32,1,-1
3307,442,33,1,-1
3307,442,34,1,-1
3307,442,35,1,-1
3307,442,36,1,-1
3307,442,37,1,-1
3307,442,38,1,-1
3307,442,39,1,-1
3307,442,40,1,-1
3307,442,41,1,-1
3307,442,42,1,-1
3307,442,43,1,-1
3307,442,44,1,-1
3307,442,45,1,-1
3307,442,46,1,-1
3307,442,47,1,-1
3307,442,48,1,-1
3307,442,49,1,-1
3307,442,50,1,-1
3307,442,1,2,1
3307,442,2,2,1
3307,442,3,2,1
3307,442,4,2,1
3307,442,5,2,1
3307,442,6,2,1
3307,442,7,2,1
3307,442,8,2,1
3307,442,9,2,1
3307,442,10,2,1
3307,442,11,2,1
3307,442,12,2,1
3307,442,13,2,1
3307,442,14,2,1
3307,442,15,2,1
3307,442,16,2,1
3307,442,17,2,1
3307,442,18,2,1
3307,442,19,2,1
3307,442,20,2,1
3307,442,21,2,1
3307,442,22,2,1
3307,442,23,2,1
3307,442,24,2,1
3307,442,25,2,1
3307,442,26,2,1
3307,442,27,2,1
3307,442,28,2,1
3307,442,29,2,1
3307,442,30,2,1
3307,442,31,2,1
3307,442,32,2,1
3307,442,33,2,1
3307,442,34,2,1
3307,442,35,2,1
3307,442,36,2,1
3307,442,37,2,1
3307,442,38,2,1
3307,442,39,2,1
3307,442,40,2,1
3307,442,41,2,1
3307,442,42,2,1
3307,442,43,2,1
3307,442,44,2,1
3307,442,45,2,1
3307,442,46,2,1
3307,442,47,2,1
3307,442,48,2,1
3307,442,49,2,1
3307,442,50,2,1
3308,442,1,2,1
3308,442,2,2,1
3308,442,3,2,1
3308,442,4,2,1
3308,442,5,2,1
3308,442,6,2,1
3308,442,7,2,1
3308,442,8,2,1
3308,442,9,2,1
3308,442,10,2,1
3308,442,11,2,1
3308,442,12,2,1
3308,442,13,2,1
3308,442,14,2,1
3308,442,15,2,1
3308,442,16,2,1
3308,442,17,2,1
3308,442,18,2,1
3308,442,19,2,1
3308,442,20,2,1
3308,442,21,2,1
3308,442,22,2,1
3308,442,23,2,1
3308,442,24,2,1
3308,442,25,2,1
3308,442,26,2,1
3308,442,27,2,1
3308,442,28,2,1
3308,442,29,2,1
3308,442,30,2,1
3308,442,31,2,1
3308,442,32,2,1
3308,442,33,2,1
3308,442,34,2,1
3308,442,35,2,1
3308,442,36,2,1
3308,442,37,2,1
3308,442,38,2,1
3308,442,39,2,1
3308,442,40,2,1
3308,442,41,2,1
3308,442,42,2,1
3308,442,43,2,1
3308,442,44,2,1
3308,442,45,2,1
3308,442,46,2,1
3308,442,47,2,1
3308,442,48,2,1
3308,442,49,2,1
3308,442,50,2,1
3309,442,1,2,1
3309,442,2,2,1
3309,442,3,2,1
3309,442,4,2,1
3309,442,5,2,1
3309,442,6,2,1
3309,442,7,2,1
3309,442,8,2,1
3309,442,9,2,1
3309,442,10,2,1
3309,442,11,2,1
3309,442,12,2,1
3309,442,13,2,1
3309,442,14,2,1
3309,442,15,2,1
3309,442,16,2,1
3309,442,17,2,1
3309,442,18,2,1
3309,442,19,2,1
3309,442,20,2,1
3309,442,21,2,1
3309,442,22,2,1
3309,442,23,2,1
3309,442,24,2,1
3309,442,25,2,1
3309,442,26,2,1
3309,442,27,2,1
3309,442,28,2,1
3309,442,29,2,1
3309,442,30,2,1
3309,442,31,2,1
3309,442,32,2,1
3309,442,33,2,1
3309,442,34,2,1
3309,442,35,2,1
3309,442,36,2,1
3309,442,37,2,1
3309,442,38,2,1
3309,442,39,2,1
3309,442,40,2,1
3309,442,41,2,1
3309,442,42,2,1
3309,442,43,2,1
3309,442,44,2,1
3309,442,45,2,1
3309,442,46,2,1
3309,442,47,2,1
3309,442,48,2,1
3309,442,49,2,1
3309,442,50,2,1
3310,443,1,1,-1
3310,443,2,1,-1
3310,443,3,1,-1
3310,443,4,1,-1
3310,443,5,1,-1
3310,443,6,1,-1
3310,443,7,1,-1
3310,443,8,1,-1
3310,443,9,1,-1
3310,443,10,1,-1
3310,443,11,1,-1
3310,443,12,1,-1
3310,443,13,1,-1
3310,443,14,1,-1
3310,443,15,1,-1
3310,443,16,1,-1
3310,443,17,1,-1
3310,443,18,1,-1
3310,443,19,1,-1
3310,443,20,1,-1
3310,443,21,1,-1
3310,443,22,1,-1
3310,443,23,1,-1
3310,443,24,1,-1
3310,443,25,1,-1
3310,443,26,1,-1
3310,443,27,1,-1
3310,443,28,1,-1
3310,443,29,1,-1
3310,443,30,1,-1
3310,443,31,1,-1
3310,443,32,1,-1
3310,443,33,1,-1
3310,443,34,1,-1
3310,443,35,1,-1
3310,443,36,1,-1
3310,443,37,1,-1
3310,443,38,1,-1
3310,443,39,1,-1
3310,443,40,1,-1
3310,443,41,1,-1
3310,443,42,1,-1
3310,443,43,1,-1
3310,443,44,1,-1
3310,443,45,1,-1
3310,443,46,1,-1
3310,443,47,1,-1
3310,443,48,1,-1
3310,443,49,1,-1
3310,443,50,1,-1
3310,443,1,2,1
3310,443,2,2,1
3310,443,3,2,1
3310,443,4,2,1
3310,443,5,2,1
3310,443,6,2,1
3310,443,7,2,1
3310,443,8,2,1
3310,443,9,2,1
3310,443,10,2,1
3310,443,11,2,1
3310,443,12,2,1
3310,443,13,2,1
3310,443,14,2,1
3310,443,15,2,1
3310,443,16,2,1
3310,443,17,2,1
3310,443,18,2,1
3310,443,19,2,1
3310,443,20,2,1
3310,443,21,2,1
3310,443,22,2,1
3310,443,23,2,1
3310,443,24,2,1
3310,443,25,2,1
3310,443,26,2,1
3310,443,27,2,1
3310,443,28,2,1
3310,443,29,2,1
3310,443,30,2,1
3310,443,31,2,1
3310,443,32,2,1
3310,443,33,2,1
3310,443,34,2,1
3310,443,35,2,1
3310,443,36,2,1
3310,443,37,2,1
3310,443,38,2,1
3310,443,39,2,1
3310,443,40,2,1
3310,443,41,2,1
3310,443,42,2,1
3310,443,43,2,1
3310,443,44,2,1
3310,443,45,2,1
3310,443,46,2,1
3310,443,47,2,1
3310,443,48,2,1
3310,443,49,2,1
3310,443,50,2,1
3311,443,1,2,1
3311,443,2,2,1
3311,443,3,2,1
3311,443,4,2,1
3311,443,5,2,1
3311,443,6,2,1
3311,443,7,2,1
3311,443,8,2,1
3311,443,9,2,1
3311,443,10,2,1
3311,443,11,2,1
3311,443,12,2,1
3311,443,13,2,1
3311,443,14,2,1
3311,443,15,2,1
3311,443,16,2,1
3311,443,17,2,1
3311,443,18,2,1
3311,443,19,2,1
3311,443,20,2,1
3311,443,21,2,1
3311,443,22,2,1
3311,443,23,2,1
3311,443,24,2,1
3311,443,25,2,1
3311,443,26,2,1
3311,443,27,2,1
3311,443,28,2,1
3311,443,29,2,1
3311,443,30,2,1
3311,443,31,2,1
3311,443,32,2,1
3311,443,33,2,1
3311,443,34,2,1
3311,443,35,2,1
3311,443,36,2,1
3311,443,37,2,1
3311,443,38,2,1
3311,443,39,2,1
3311,443,40,2,1
3311,443,41,2,1
3311,443,42,2,1
3311,443,43,2,1
3311,443,44,2,1
3311,443,45,2,1
3311,443,46,2,1
3311,443,47,2,1
3311,443,48,2,1
3311,443,49,2,1
3311,443,50,2,1
3312,444,1,1,-1
3312,444,2,1,-1
3312,444,3,1,-1
3312,444,4,1,-1
3312,444,5,1,-1
3312,444,6,1,-1
3312,444,7,1,-1
3312,444,8,1,-1
3312,444,9,1,-1
3312,444,10,1,-1
3312,444,11,1,-1
3312,444,12,1,-1
3312,444,13,1,-1
3312,444,14,1,-1
3312,444,15,1,-1
3312,444,16,1,-1
3312,444,17,1,-1
3312,444,18,1,-1
3312,444,19,1,-1
3312,444,20,1,-1
3312,444,21,1,-1
3312,444,22,1,-1
3312,444,23,1,-1
3312,444,24,1,-1
3312,444,25,1,-1
3312,444,26,1,-1
3312,444,27,1,-1
3312,444,28,1,-1
3312,444,29,1,-1
3312,444,30,1,-1
3312,444,31,1,-1
3312,444,32,1,-1
3312,444,33,1,-1
3312,444,34,1,-1
3312,444,35,1,-1
3312,444,36,1,-1
3312,444,37,1,-1
3312,444,38,1,-1
3312,444,39,1,-1
3312,444,40,1,-1
3312,444,41,1,-1
3312,444,42,1,-1
3312,444,43,1,-1
3312,444,44,1,-1
3312,444,45,1,-1
3312,444,46,1,-1
3312,444,47,1,-1
3312,444,48,1,-1
3312,444,49,1,-1
3312,444,50,1,-1
3312,444,1,2,1
3312,444,2,2,1
3312,444,3,2,1
3312,444,4,2,1
3312,444,5,2,1
3312,444,6,2,1
3312,444,7,2,1
3312,444,8,2,1
3312,444,9,2,1
3312,444,10,2,1
3312,444,11,2,1
3312,444,12,2,1
3312,444,13,2,1
3312,444,14,2,1
3312,444,15,2,1
3312,444,16,2,1
3312,444,17,2,1
3312,444,18,2,1
3312,444,19,2,1
3312,444,20,2,1
3312,444,21,2,1
3312,444,22,2,1
3312,444,23,2,1
3312,444,24,2,1
3312,444,25,2,1
3312,444,26,2,1
3312,444,27,2,1
3312,444,28,2,1
3312,444,29,2,1
3312,444,30,2,1
3312,444,31,2,1
3312,444,32,2,1
3312,444,33,2,1
3312,444,34,2,1
3312,444,35,2,1
3312,444,36,2,1
3312,444,37,2,1
3312,444,38,2,1
3312,444,39,2,1
3312,444,40,2,1
3312,444,41,2,1
3312,444,42,2,1
3312,444,43,2,1
3312,444,44,2,1
3312,444,45,2,1
3312,444,46,2,1
3312,444,47,2,1
3312,444,48,2,1
3312,444,49,2,1
3312,444,50,2,1
3313,444,1,2,1
3313,444,2,2,1
3313,444,3,2,1
3313,444,4,2,1
3313,444,5,2,1
3313,444,6,2,1
3313,444,7,2,1
3313,444,8,2,1
3313,444,9,2,1
3313,444,10,2,1
3313,444,11,2,1
3313,444,12,2,1
3313,444,13,2,1
3313,444,14,2,1
3313,444,15,2,1
3313,444,16,2,1
3313,444,17,2,1
3313,444,18,2,1
3313,444,19,2,1
3313,444,20,2,1
3313,444,21,2,1
3313,444,22,2,1
3313,444,23,2,1
3313,444,24,2,1
3313,444,25,2,1
3313,444,26,2,1
3313,444,27,2,1
3313,444,28,2,1
3313,444,29,2,1
3313,444,30,2,1
3313,444,31,2,1
3313,444,32,2,1
3313,444,33,2,1
3313,444,34,2,1
3313,444,35,2,1
3313,444,36,2,1
3313,444,37,2,1
3313,444,38,2,1
3313,444,39,2,1
3313,444,40,2,1
3313,444,41,2,1
3313,444,42,2,1
3313,444,43,2,1
3313,444,44,2,1
3313,444,45,2,1
3313,444,46,2,1
3313,444,47,2,1
3313,444,48,2,1
3313,444,49,2,1
3313,444,50,2,1
3314,445,1,1,-1
3314,445,2,1,-1
3314,445,3,1,-1
3314,445,4,1,-1
3314,445,5,1,-1
3314,445,6,1,-1
3314,445,7,1,-1
3314,445,8,1,-1
3314,445,9,1,-1
3314,445,10,1,-1
3314,445,11,1,-1
3314,445,12,1,-1
3314,445,13,1,-1
3314,445,14,1,-1
3314,445,15,1,-1
3314,445,16,1,-1
3314,445,17,1,-1
3314,445,18,1,-1
3314,445,19,1,-1
3314,445,20,1,-1
3314,445,21,1,-1
3314,445,22,1,-1
3314,445,23,1,-1
3314,445,24,1,-1
3314,445,25,1,-1
3314,445,26,1,-1
3314,445,27,1,-1
3314,445,28,1,-1
3314,445,29,1,-1
3314,445,30,1,-1
3314,445,31,1,-1
3314,445,32,1,-1
3314,445,33,1,-1
3314,445,34,1,-1
3314,445,35,1,-1
3314,445,36,1,-1
3314,445,37,1,-1
3314,445,38,1,-1
3314,445,39,1,-1
3314,445,40,1,-1
3314,445,41,1,-1
3314,445,42,1,-1
3314,445,43,1,-1
3314,445,44,1,-1
3314,445,45,1,-1
3314,445,46,1,-1
3314,445,47,1,-1
3314,445,48,1,-1
3314,445,49,1,-1
3314,445,50,1,-1
3314,445,1,2,1
3314,445,2,2,1
3314,445,3,2,1
3314,445,4,2,1
3314,445,5,2,1
3314,445,6,2,1
3314,445,7,2,1
3314,445,8,2,1
3314,445,9,2,1
3314,445,10,2,1
3314,445,11,2,1
3314,445,12,2,1
3314,445,13,2,1
3314,445,14,2,1
3314,445,15,2,1
3314,445,16,2,1
3314,445,17,2,1
3314,445,18,2,1
3314,445,19,2,1
3314,445,20,2,1
3314,445,21,2,1
3314,445,22,2,1
3314,445,23,2,1
3314,445,24,2,1
3314,445,25,2,1
3314,445,26,2,1
3314,445,27,2,1
3314,445,28,2,1
3314,445,29,2,1
3314,445,30,2,1
3314,445,31,2,1
3314,445,32,2,1
3314,445,33,2,1
3314,445,34,2,1
3314,445,35,2,1
3314,445,36,2,1
3314,445,37,2,1
3314,445,38,2,1
3314,445,39,2,1
3314,445,40,2,1
3314,445,41,2,1
3314,445,42,2,1
3314,445,43,2,1
3314,445,44,2,1
3314,445,45,2,1
3314,445,46,2,1
3314,445,47,2,1
3314,445,48,2,1
3314,445,49,2,1
3314,445,50,2,1
3315,445,1,2,1
3315,445,2,2,1
3315,445,3,2,1
3315,445,4,2,1
3315,445,5,2,1
3315,445,6,2,1
3315,445,7,2,1
3315,445,8,2,1
3315,445,9,2,1
3315,445,10,2,1
3315,445,11,2,1
3315,445,12,2,1
3315,445,13,2,1
3315,445,14,2,1
3315,445,15,2,1
3315,445,16,2,1
3315,445,17,2,1
3315,445,18,2,1
3315,445,19,2,1
3315,445,20,2,1
3315,445,21,2,1
3315,445,22,2,1
3315,445,23,2,1
3315,445,24,2,1
3315,445,25,2,1
3315,445,26,2,1
3315,445,27,2,1
3315,445,28,2,1
3315,445,29,2,1
3315,445,30,2,1
3315,445,31,2,1
3315,445,32,2,1
3315,445,33,2,1
3315,445,34,2,1
3315,445,35,2,1
3315,445,36,2,1
3315,445,37,2,1
3315,445,38,2,1
3315,445,39,2,1
3315,445,40,2,1
3315,445,41,2,1
3315,445,42,2,1
3315,445,43,2,1
3315,445,44,2,1
3315,445,45,2,1
3315,445,46,2,1
3315,445,47,2,1
3315,445,48,2,1
3315,445,49,2,1
3315,445,50,2,1
3316,446,1,1,-1
3316,446,2,1,-1
3316,446,3,1,-1
3316,446,4,1,-1
3316,446,5,1,-1
3316,446,6,1,-1
3316,446,7,1,-1
3316,446,8,1,-1
3316,446,9,1,-1
3316,446,10,1,-1
3316,446,11,1,-1
3316,446,12,1,-1
3316,446,13,1,-1
3316,446,14,1,-1
3316,446,15,1,-1
3316,446,16,1,-1
3316,446,17,1,-1
3316,446,18,1,-1
3316,446,19,1,-1
3316,446,20,1,-1
3316,446,21,1,-1
3316,446,22,1,-1
3316,446,23,1,-1
3316,446,24,1,-1
3316,446,25,1,-1
3316,446,26,1,-1
3316,446,27,1,-1
3316,446,28,1,-1
3316,446,29,1,-1
3316,446,30,1,-1
3316,446,31,1,-1
3316,446,32,1,-1
3316,446,33,1,-1
3316,446,34,1,-1
3316,446,35,1,-1
3316,446,36,1,-1
3316,446,37,1,-1
3316,446,38,1,-1
3316,446,39,1,-1
3316,446,40,1,-1
3316,446,41,1,-1
3316,446,42,1,-1
3316,446,43,1,-1
3316,446,44,1,-1
3316,446,45,1,-1
3316,446,46,1,-1
3316,446,47,1,-1
3316,446,48,1,-1
3316,446,49,1,-1
3316,446,50,1,-1
3316,446,1,2,1
3316,446,2,2,1
3316,446,3,2,1
3316,446,4,2,1
3316,446,5,2,1
3316,446,6,2,1
3316,446,7,2,1
3316,446,8,2,1
3316,446,9,2,1
3316,446,10,2,1
3316,446,11,2,1
3316,446,12,2,1
3316,446,13,2,1
3316,446,14,2,1
3316,446,15,2,1
3316,446,16,2,1
3316,446,17,2,1
3316,446,18,2,1
3316,446,19,2,1
3316,446,20,2,1
3316,446,21,2,1
3316,446,22,2,1
3316,446,23,2,1
3316,446,24,2,1
3316,446,25,2,1
3316,446,26,2,1
3316,446,27,2,1
3316,446,28,2,1
3316,446,29,2,1
3316,446,30,2,1
3316,446,31,2,1
3316,446,32,2,1
3316,446,33,2,1
3316,446,34,2,1
3316,446,35,2,1
3316,446,36,2,1
3316,446,37,2,1
3316,446,38,2,1
3316,446,39,2,1
3316,446,40,2,1
3316,446,41,2,1
3316,446,42,2,1
3316,446,43,2,1
3316,446,44,2,1
3316,446,45,2,1
3316,446,46,2,1
3316,446,47,2,1
3316,446,48,2,1
3316,446,49,2,1
3316,446,50,2,1
3317,446,1,2,1
3317,446,2,2,1
3317,446,3,2,1
3317,446,4,2,1
3317,446,5,2,1
3317,446,6,2,1
3317,446,7,2,1
3317,446,8,2,1
3317,446,9,2,1
3317,446,10,2,1
3317,446,11,2,1
3317,446,12,2,1
3317,446,13,2,1
3317,446,14,2,1
3317,446,15,2,1
3317,446,16,2,1
3317,446,17,2,1
3317,446,18,2,1
3317,446,19,2,1
3317,446,20,2,1
3317,446,21,2,1
3317,446,22,2,1
3317,446,23,2,1
3317,446,24,2,1
3317,446,25,2,1
3317,446,26,2,1
3317,446,27,2,1
3317,446,28,2,1
3317,446,29,2,1
3317,446,30,2,1
3317,446,31,2,1
3317,446,32,2,1
3317,446,33,2,1
3317,446,34,2,1
3317,446,35,2,1
3317,446,36,2,1
3317,446,37,2,1
3317,446,38,2,1
3317,446,39,2,1
3317,446,40,2,1
3317,446,41,2,1
3317,446,42,2,1
3317,446,43,2,1
3317,446,44,2,1
3317,446,45,2,1
3317,446,46,2,1
3317,446,47,2,1
3317,446,48,2,1
3317,446,49,2,1
3317,446,50,2,1
3318,447,1,1,-1
3318,447,2,1,-1
3318,447,3,1,-1
3318,447,4,1,-1
3318,447,5,1,-1
3318,447,6,1,-1
3318,447,7,1,-1
3318,447,8,1,-1
3318,447,9,1,-1
3318,447,10,1,-1
3318,447,11,1,-1
3318,447,12,1,-1
3318,447,13,1,-1
3318,447,14,1,-1
3318,447,15,1,-1
3318,447,16,1,-1
3318,447,17,1,-1
3318,447,18,1,-1
3318,447,19,1,-1
3318,447,20,1,-1
3318,447,21,1,-1
3318,447,22,1,-1
3318,447,23,1,-1
3318,447,24,1,-1
3318,447,25,1,-1
3318,447,26,1,-1
3318,447,27,1,-1
3318,447,28,1,-1
3318,447,29,1,-1
3318,447,30,1,-1
3318,447,31,1,-1
3318,447,32,1,-1
3318,447,33,1,-1
3318,447,34,1,-1
3318,447,35,1,-1
3318,447,36,1,-1
3318,447,37,1,-1
3318,447,38,1,-1
3318,447,39,1,-1
3318,447,40,1,-1
3318,447,41,1,-1
3318,447,42,1,-1
3318,447,43,1,-1
3318,447,44,1,-1
3318,447,45,1,-1
3318,447,46,1,-1
3318,447,47,1,-1
3318,447,48,1,-1
3318,447,49,1,-1
3318,447,50,1,-1
3318,447,1,2,1
3318,447,2,2,1
3318,447,3,2,1
3318,447,4,2,1
3318,447,5,2,1
3318,447,6,2,1
3318,447,7,2,1
3318,447,8,2,1
3318,447,9,2,1
3318,447,10,2,1
3318,447,11,2,1
3318,447,12,2,1
3318,447,13,2,1
3318,447,14,2,1
3318,447,15,2,1
3318,447,16,2,1
3318,447,17,2,1
3318,447,18,2,1
3318,447,19,2,1
3318,447,20,2,1
3318,447,21,2,1
3318,447,22,2,1
3318,447,23,2,1
3318,447,24,2,1
3318,447,25,2,1
3318,447,26,2,1
3318,447,27,2,1
3318,447,28,2,1
3318,447,29,2,1
3318,447,30,2,1
3318,447,31,2,1
3318,447,32,2,1
3318,447,33,2,1
3318,447,34,2,1
3318,447,35,2,1
3318,447,36,2,1
3318,447,37,2,1
3318,447,38,2,1
3318,447,39,2,1
3318,447,40,2,1
3318,447,41,2,1
3318,447,42,2,1
3318,447,43,2,1
3318,447,44,2,1
3318,447,45,2,1
3318,447,46,2,1
3318,447,47,2,1
3318,447,48,2,1
3318,447,49,2,1
3318,447,50,2,1
3319,447,1,2,1
3319,447,2,2,1
3319,447,3,2,1
3319,447,4,2,1
3319,447,5,2,1
3319,447,6,2,1
3319,447,7,2,1
3319,447,8,2,1
3319,447,9,2,1
3319,447,10,2,1
3319,447,11,2,1
3319,447,12,2,1
3319,447,13,2,1
3319,447,14,2,1
3319,447,15,2,1
3319,447,16,2,1
3319,447,17,2,1
3319,447,18,2,1
3319,447,19,2,1
3319,447,20,2,1
3319,447,21,2,1
3319,447,22,2,1
3319,447,23,2,1
3319,447,24,2,1
3319,447,25,2,1
3319,447,26,2,1
3319,447,27,2,1
3319,447,28,2,1
3319,447,29,2,1
3319,447,30,2,1
3319,447,31,2,1
3319,447,32,2,1
3319,447,33,2,1
3319,447,34,2,1
3319,447,35,2,1
3319,447,36,2,1
3319,447,37,2,1
3319,447,38,2,1
3319,447,39,2,1
3319,447,40,2,1
3319,447,41,2,1
3319,447,42,2,1
3319,447,43,2,1
3319,447,44,2,1
3319,447,45,2,1
3319,447,46,2,1
3319,447,47,2,1
3319,447,48,2,1
3319,447,49,2,1
3319,447,50,2,1
3320,448,1,1,-1
3320,448,2,1,-1
3320,448,3,1,-1
3320,448,4,1,-1
3320,448,5,1,-1
3320,448,6,1,-1
3320,448,7,1,-1
3320,448,8,1,-1
3320,448,9,1,-1
3320,448,10,1,-1
3320,448,11,1,-1
3320,448,12,1,-1
3320,448,13,1,-1
3320,448,14,1,-1
3320,448,15,1,-1
3320,448,16,1,-1
3320,448,17,1,-1
3320,448,18,1,-1
3320,448,19,1,-1
3320,448,20,1,-1
3320,448,21,1,-1
3320,448,22,1,-1
3320,448,23,1,-1
3320,448,24,1,-1
3320,448,25,1,-1
3320,448,26,1,-1
3320,448,27,1,-1
3320,448,28,1,-1
3320,448,29,1,-1
3320,448,30,1,-1
3320,448,31,1,-1
3320,448,32,1,-1
3320,448,33,1,-1
3320,448,34,1,-1
3320,448,35,1,-1
3320,448,36,1,-1
3320,448,37,1,-1
3320,448,38,1,-1
3320,448,39,1,-1
3320,448,40,1,-1
3320,448,41,1,-1
3320,448,42,1,-1
3320,448,43,1,-1
3320,448,44,1,-1
3320,448,45,1,-1
3320,448,46,1,-1
3320,448,47,1,-1
3320,448,48,1,-1
3320,448,49,1,-1
3320,448,50,1,-1
3320,448,1,2,1
3320,448,2,2,1
3320,448,3,2,1
3320,448,4,2,1
3320,448,5,2,1
3320,448,6,2,1
3320,448,7,2,1
3320,448,8,2,1
3320,448,9,2,1
3320,448,10,2,1
3320,448,11,2,1
3320,448,12,2,1
3320,448,13,2,1
3320,448,14,2,1
3320,448,15,2,1
3320,448,16,2,1
3320,448,17,2,1
3320,448,18,2,1
3320,448,19,2,1
3320,448,20,2,1
3320,448,21,2,1
3320,448,22,2,1
3320,448,23,2,1
3320,448,24,2,1
3320,448,25,2,1
3320,448,26,2,1
3320,448,27,2,1
3320,448,28,2,1
3320,448,29,2,1
3320,448,30,2,1
3320,448,31,2,1
3320,448,32,2,1
3320,448,33,2,1
3320,448,34,2,1
3320,448,35,2,1
3320,448,36,2,1
3320,448,37,2,1
3320,448,38,2,1
3320,448,39,2,1
3320,448,40,2,1
3320,448,41,2,1
3320,448,42,2,1
3320,448,43,2,1
3320,448,44,2,1
3320,448,45,2,1
3320,448,46,2,1
3320,448,47,2,1
3320,448,48,2,1
3320,448,49,2,1
3320,448,50,2,1
3321,448,1,2,1
3321,448,2,2,1
3321,448,3,2,1
3321,448,4,2,1
3321,448,5,2,1
3321,448,6,2,1
3321,448,7,2,1
3321,448,8,2,1
3321,448,9,2,1
3321,448,10,2,1
3321,448,11,2,1
3321,448,12,2,1
3321,448,13,2,1
3321,448,14,2,1
3321,448,15,2,1
3321,448,16,2,1
3321,448,17,2,1
3321,448,18,2,1
3321,448,19,2,1
3321,448,20,2,1
3321,448,21,2,1
3321,448,22,2,1
3321,448,23,2,1
3321,448,24,2,1
3321,448,25,2,1
3321,448,26,2,1
3321,448,27,2,1
3321,448,28,2,1
3321,448,29,2,1
3321,448,30,2,1
3321,448,31,2,1
3321,448,32,2,1
3321,448,33,2,1
3321,448,34,2,1
3321,448,35,2,1
3321,448,36,2,1
3321,448,37,2,1
3321,448,38,2,1
3321,448,39,2,1
3321,448,40,2,1
3321,448,41,2,1
3321,448,42,2,1
3321,448,43,2,1
3321,448,44,2,1
3321,448,45,2,1
3321,448,46,2,1
3321,448,47,2,1
3321,448,48,2,1
3321,448,49,2,1
3321,448,50,2,1
3322,449,1,1,-1
3322,449,2,1,-1
3322,449,3,1,-1
3322,449,4,1,-1
3322,449,5,1,-1
3322,449,6,1,-1
3322,449,7,1,-1
3322,449,8,1,-1
3322,449,9,1,-1
3322,449,10,1,-1
3322,449,11,1,-1
3322,449,12,1,-1
3322,449,13,1,-1
3322,449,14,1,-1
3322,449,15,1,-1
3322,449,16,1,-1
3322,449,17,1,-1
3322,449,18,1,-1
3322,449,19,1,-1
3322,449,20,1,-1
3322,449,21,1,-1
3322,449,22,1,-1
3322,449,23,1,-1
3322,449,24,1,-1
3322,449,25,1,-1
3322,449,26,1,-1
3322,449,27,1,-1
3322,449,28,1,-1
3322,449,29,1,-1
3322,449,30,1,-1
3322,449,31,1,-1
3322,449,32,1,-1
3322,449,33,1,-1
3322,449,34,1,-1
3322,449,35,1,-1
3322,449,36,1,-1
3322,449,37,1,-1
3322,449,38,1,-1
3322,449,39,1,-1
3322,449,40,1,-1
3322,449,41,1,-1
3322,449,42,1,-1
3322,449,43,1,-1
3322,449,44,1,-1
3322,449,45,1,-1
3322,449,46,1,-1
3322,449,47,1,-1
3322,449,48,1,-1
3322,449,49,1,-1
3322,449,50,1,-1
3322,449,1,2,1
3322,449,2,2,1
3322,449,3,2,1
3322,449,4,2,1
3322,449,5,2,1
3322,449,6,2,1
3322,449,7,2,1
3322,449,8,2,1
3322,449,9,2,1
3322,449,10,2,1
3322,449,11,2,1
3322,449,12,2,1
3322,449,13,2,1
3322,449,14,2,1
3322,449,15,2,1
3322,449,16,2,1
3322,449,17,2,1
3322,449,18,2,1
3322,449,19,2,1
3322,449,20,2,1
3322,449,21,2,1
3322,449,22,2,1
3322,449,23,2,1
3322,449,24,2,1
3322,449,25,2,1
3322,449,26,2,1
3322,449,27,2,1
3322,449,28,2,1
3322,449,29,2,1
3322,449,30,2,1
3322,449,31,2,1
3322,449,32,2,1
3322,449,33,2,1
3322,449,34,2,1
3322,449,35,2,1
3322,449,36,2,1
3322,449,37,2,1
3322,449,38,2,1
3322,449,39,2,1
3322,449,40,2,1
3322,449,41,2,1
3322,449,42,2,1
3322,449,43,2,1
3322,449,44,2,1
3322,449,45,2,1
3322,449,46,2,1
3322,449,47,2,1
3322,449,48,2,1
3322,449,49,2,1
3322,449,50,2,1
3323,449,1,2,1
3323,449,2,2,1
3323,449,3,2,1
3323,449,4,2,1
3323,449,5,2,1
3323,449,6,2,1
3323,449,7,2,1
3323,449,8,2,1
3323,449,9,2,1
3323,449,10,2,1
3323,449,11,2,1
3323,449,12,2,1
3323,449,13,2,1
3323,449,14,2,1
3323,449,15,2,1
3323,449,16,2,1
3323,449,17,2,1
3323,449,18,2,1
3323,449,19,2,1
3323,449,20,2,1
3323,449,21,2,1
3323,449,22,2,1
3323,449,23,2,1
3323,449,24,2,1
3323,449,25,2,1
3323,449,26,2,1
3323,449,27,2,1
3323,449,28,2,1
3323,449,29,2,1
3323,449,30,2,1
3323,449,31,2,1
3323,449,32,2,1
3323,449,33,2,1
3323,449,34,2,1
3323,449,35,2,1
3323,449,36,2,1
3323,449,37,2,1
3323,449,38,2,1
3323,449,39,2,1
3323,449,40,2,1
3323,449,41,2,1
3323,449,42,2,1
3323,449,43,2,1
3323,449,44,2,1
3323,449,45,2,1
3323,449,46,2,1
3323,449,47,2,1
3323,449,48,2,1
3323,449,49,2,1
3323,449,50,2,1
3324,450,1,1,-1
3324,450,2,1,-1
3324,450,3,1,-1
3324,450,4,1,-1
3324,450,5,1,-1
3324,450,6,1,-1
3324,450,7,1,-1
3324,450,8,1,-1
3324,450,9,1,-1
3324,450,10,1,-1
3324,450,11,1,-1
3324,450,12,1,-1
3324,450,13,1,-1
3324,450,14,1,-1
3324,450,15,1,-1
3324,450,16,1,-1
3324,450,17,1,-1
3324,450,18,1,-1
3324,450,19,1,-1
3324,450,20,1,-1
3324,450,21,1,-1
3324,450,22,1,-1
3324,450,23,1,-1
3324,450,24,1,-1
3324,450,25,1,-1
3324,450,26,1,-1
3324,450,27,1,-1
3324,450,28,1,-1
3324,450,29,1,-1
3324,450,30,1,-1
3324,450,31,1,-1
3324,450,32,1,-1
3324,450,33,1,-1
3324,450,34,1,-1
3324,450,35,1,-1
3324,450,36,1,-1
3324,450,37,1,-1
3324,450,38,1,-1
3324,450,39,1,-1
3324,450,40,1,-1
3324,450,41,1,-1
3324,450,42,1,-1
3324,450,43,1,-1
3324,450,44,1,-1
3324,450,45,1,-1
3324,450,46,1,-1
3324,450,47,1,-1
3324,450,48,1,-1
3324,450,49,1,-1
3324,450,50,1,-1
3324,450,1,2,1
3324,450,2,2,1
3324,450,3,2,1
3324,450,4,2,1
3324,450,5,2,1
3324,450,6,2,1
3324,450,7,2,1
3324,450,8,2,1
3324,450,9,2,1
3324,450,10,2,1
3324,450,11,2,1
3324,450,12,2,1
3324,450,13,2,1
3324,450,14,2,1
3324,450,15,2,1
3324,450,16,2,1
3324,450,17,2,1
3324,450,18,2,1
3324,450,19,2,1
3324,450,20,2,1
3324,450,21,2,1
3324,450,22,2,1
3324,450,23,2,1
3324,450,24,2,1
3324,450,25,2,1
3324,450,26,2,1
3324,450,27,2,1
3324,450,28,2,1
3324,450,29,2,1
3324,450,30,2,1
3324,450,31,2,1
3324,450,32,2,1
3324,450,33,2,1
3324,450,34,2,1
3324,450,35,2,1
3324,450,36,2,1
3324,450,37,2,1
3324,450,38,2,1
3324,450,39,2,1
3324,450,40,2,1
3324,450,41,2,1
3324,450,42,2,1
3324,450,43,2,1
3324,450,44,2,1
3324,450,45,2,1
3324,450,46,2,1
3324,450,47,2,1
3324,450,48,2,1
3324,450,49,2,1
3324,450,50,2,1
3325,450,1,2,1
3325,450,2,2,1
3325,450,3,2,1
3325,450,4,2,1
3325,450,5,2,1
3325,450,6,2,1
3325,450,7,2,1
3325,450,8,2,1
3325,450,9,2,1
3325,450,10,2,1
3325,450,11,2,1
3325,450,12,2,1
3325,450,13,2,1
3325,450,14,2,1
3325,450,15,2,1
3325,450,16,2,1
3325,450,17,2,1
3325,450,18,2,1
3325,450,19,2,1
3325,450,20,2,1
3325,450,21,2,1
3325,450,22,2,1
3325,450,23,2,1
3325,450,24,2,1
3325,450,25,2,1
3325,450,26,2,1
3325,450,27,2,1
3325,450,28,2,1
3325,450,29,2,1
3325,450,30,2,1
3325,450,31,2,1
3325,450,32,2,1
3325,450,33,2,1
3325,450,34,2,1
3325,450,35,2,1
3325,450,36,2,1
3325,450,37,2,1
3325,450,38,2,1
3325,450,39,2,1
3325,450,40,2,1
3325,450,41,2,1
3325,450,42,2,1
3325,450,43,2,1
3325,450,44,2,1
3325,450,45,2,1
3325,450,46,2,1
3325,450,47,2,1
3325,450,48,2,1
3325,450,49,2,1
3325,450,50,2,1
3326,451,1,1,-1
3326,451,2,1,-1
3326,451,3,1,-1
3326,451,4,1,-1
3326,451,5,1,-1
3326,451,6,1,-1
3326,451,7,1,-1
3326,451,8,1,-1
3326,451,9,1,-1
3326,451,10,1,-1
3326,451,11,1,-1
3326,451,12,1,-1
3326,451,13,1,-1
3326,451,14,1,-1
3326,451,15,1,-1
3326,451,16,1,-1
3326,451,17,1,-1
3326,451,18,1,-1
3326,451,19,1,-1
3326,451,20,1,-1
3326,451,21,1,-1
3326,451,22,1,-1
3326,451,23,1,-1
3326,451,24,1,-1
3326,451,25,1,-1
3326,451,26,1,-1
3326,451,27,1,-1
3326,451,28,1,-1
3326,451,29,1,-1
3326,451,30,1,-1
3326,451,31,1,-1
3326,451,32,1,-1
3326,451,33,1,-1
3326,451,34,1,-1
3326,451,35,1,-1
3326,451,36,1,-1
3326,451,37,1,-1
3326,451,38,1,-1
3326,451,39,1,-1
3326,451,40,1,-1
3326,451,41,1,-1
3326,451,42,1,-1
3326,451,43,1,-1
3326,451,44,1,-1
3326,451,45,1,-1
3326,451,46,1,-1
3326,451,47,1,-1
3326,451,48,1,-1
3326,451,49,1,-1
3326,451,50,1,-1
3326,451,1,2,1
3326,451,2,2,1
3326,451,3,2,1
3326,451,4,2,1
3326,451,5,2,1
3326,451,6,2,1
3326,451,7,2,1
3326,451,8,2,1
3326,451,9,2,1
3326,451,10,2,1
3326,451,11,2,1
3326,451,12,2,1
3326,451,13,2,1
3326,451,14,2,1
3326,451,15,2,1
3326,451,16,2,1
3326,451,17,2,1
3326,451,18,2,1
3326,451,19,2,1
3326,451,20,2,1
3326,451,21,2,1
3326,451,22,2,1
3326,451,23,2,1
3326,451,24,2,1
3326,451,25,2,1
3326,451,26,2,1
3326,451,27,2,1
3326,451,28,2,1
3326,451,29,2,1
3326,451,30,2,1
3326,451,31,2,1
3326,451,32,2,1
3326,451,33,2,1
3326,451,34,2,1
3326,451,35,2,1
3326,451,36,2,1
3326,451,37,2,1
3326,451,38,2,1
3326,451,39,2,1
3326,451,40,2,1
3326,451,41,2,1
3326,451,42,2,1
3326,451,43,2,1
3326,451,44,2,1
3326,451,45,2,1
3326,451,46,2,1
3326,451,47,2,1
3326,451,48,2,1
3326,451,49,2,1
3326,451,50,2,1
3327,451,1,2,1
3327,451,2,2,1
3327,451,3,2,1
3327,451,4,2,1
3327,451,5,2,1
3327,451,6,2,1
3327,451,7,2,1
3327,451,8,2,1
3327,451,9,2,1
3327,451,10,2,1
3327,451,11,2,1
3327,451,12,2,1
3327,451,13,2,1
3327,451,14,2,1
3327,451,15,2,1
3327,451,16,2,1
3327,451,17,2,1
3327,451,18,2,1
3327,451,19,2,1
3327,451,20,2,1
3327,451,21,2,1
3327,451,22,2,1
3327,451,23,2,1
3327,451,24,2,1
3327,451,25,2,1
3327,451,26,2,1
3327,451,27,2,1
3327,451,28,2,1
3327,451,29,2,1
3327,451,30,2,1
3327,451,31,2,1
3327,451,32,2,1
3327,451,33,2,1
3327,451,34,2,1
3327,451,35,2,1
3327,451,36,2,1
3327,451,37,2,1
3327,451,38,2,1
3327,451,39,2,1
3327,451,40,2,1
3327,451,41,2,1
3327,451,42,2,1
3327,451,43,2,1
3327,451,44,2,1
3327,451,45,2,1
3327,451,46,2,1
3327,451,47,2,1
3327,451,48,2,1
3327,451,49,2,1
3327,451,50,2,1
3328,452,1,1,-1
3328,452,2,1,-1
3328,452,3,1,-1
3328,452,4,1,-1
3328,452,5,1,-1
3328,452,6,1,-1
3328,452,7,1,-1
3328,452,8,1,-1
3328,452,9,1,-1
3328,452,10,1,-1
3328,452,11,1,-1
3328,452,12,1,-1
3328,452,13,1,-1
3328,452,14,1,-1
3328,452,15,1,-1
3328,452,16,1,-1
3328,452,17,1,-1
3328,452,18,1,-1
3328,452,19,1,-1
3328,452,20,1,-1
3328,452,21,1,-1
3328,452,22,1,-1
3328,452,23,1,-1
3328,452,24,1,-1
3328,452,25,1,-1
3328,452,26,1,-1
3328,452,27,1,-1
3328,452,28,1,-1
3328,452,29,1,-1
3328,452,30,1,-1
3328,452,31,1,-1
3328,452,32,1,-1
3328,452,33,1,-1
3328,452,34,1,-1
3328,452,35,1,-1
3328,452,36,1,-1
3328,452,37,1,-1
3328,452,38,1,-1
3328,452,39,1,-1
3328,452,40,1,-1
3328,452,41,1,-1
3328,452,42,1,-1
3328,452,43,1,-1
3328,452,44,1,-1
3328,452,45,1,-1
3328,452,46,1,-1
3328,452,47,1,-1
3328,452,48,1,-1
3328,452,49,1,-1
3328,452,50,1,-1
3328,452,1,2,1
3328,452,2,2,1
3328,452,3,2,1
3328,452,4,2,1
3328,452,5,2,1
3328,452,6,2,1
3328,452,7,2,1
3328,452,8,2,1
3328,452,9,2,1
3328,452,10,2,1
3328,452,11,2,1
3328,452,12,2,1
3328,452,13,2,1
3328,452,14,2,1
3328,452,15,2,1
3328,452,16,2,1
3328,452,17,2,1
3328,452,18,2,1
3328,452,19,2,1
3328,452,20,2,1
3328,452,21,2,1
3328,452,22,2,1
3328,452,23,2,1
3328,452,24,2,1
3328,452,25,2,1
3328,452,26,2,1
3328,452,27,2,1
3328,452,28,2,1
3328,452,29,2,1
3328,452,30,2,1
3328,452,31,2,1
3328,452,32,2,1
3328,452,33,2,1
3328,452,34,2,1
3328,452,35,2,1
3328,452,36,2,1
3328,452,37,2,1
3328,452,38,2,1
3328,452,39,2,1
3328,452,40,2,1
3328,452,41,2,1
3328,452,42,2,1
3328,452,43,2,1
3328,452,44,2,1
3328,452,45,2,1
3328,452,46,2,1
3328,452,47,2,1
3328,452,48,2,1
3328,452,49,2,1
3328,452,50,2,1
3329,452,1,2,1
3329,452,2,2,1
3329,452,3,2,1
3329,452,4,2,1
3329,452,5,2,1
3329,452,6,2,1
3329,452,7,2,1
3329,452,8,2,1
3329,452,9,2,1
3329,452,10,2,1
3329,452,11,2,1
3329,452,12,2,1
3329,452,13,2,1
3329,452,14,2,1
3329,452,15,2,1
3329,452,16,2,1
3329,452,17,2,1
3329,452,18,2,1
3329,452,19,2,1
3329,452,20,2,1
3329,452,21,2,1
3329,452,22,2,1
3329,452,23,2,1
3329,452,24,2,1
3329,452,25,2,1
3329,452,26,2,1
3329,452,27,2,1
3329,452,28,2,1
3329,452,29,2,1
3329,452,30,2,1
3329,452,31,2,1
3329,452,32,2,1
3329,452,33,2,1
3329,452,34,2,1
3329,452,35,2,1
3329,452,36,2,1
3329,452,37,2,1
3329,452,38,2,1
3329,452,39,2,1
3329,452,40,2,1
3329,452,41,2,1
3329,452,42,2,1
3329,452,43,2,1
3329,452,44,2,1
3329,452,45,2,1
3329,452,46,2,1
3329,452,47,2,1
3329,452,48,2,1
3329,452,49,2,1
3329,452,50,2,1
3330,453,1,1,-1
3330,453,2,1,-1
3330,453,3,1,-1
3330,453,4,1,-1
3330,453,5,1,-1
3330,453,6,1,-1
3330,453,7,1,-1
3330,453,8,1,-1
3330,453,9,1,-1
3330,453,10,1,-1
3330,453,11,1,-1
3330,453,12,1,-1
3330,453,13,1,-1
3330,453,14,1,-1
3330,453,15,1,-1
3330,453,16,1,-1
3330,453,17,1,-1
3330,453,18,1,-1
3330,453,19,1,-1
3330,453,20,1,-1
3330,453,21,1,-1
3330,453,22,1,-1
3330,453,23,1,-1
3330,453,24,1,-1
3330,453,25,1,-1
3330,453,26,1,-1
3330,453,27,1,-1
3330,453,28,1,-1
3330,453,29,1,-1
3330,453,30,1,-1
3330,453,31,1,-1
3330,453,32,1,-1
3330,453,33,1,-1
3330,453,34,1,-1
3330,453,35,1,-1
3330,453,36,1,-1
3330,453,37,1,-1
3330,453,38,1,-1
3330,453,39,1,-1
3330,453,40,1,-1
3330,453,41,1,-1
3330,453,42,1,-1
3330,453,43,1,-1
3330,453,44,1,-1
3330,453,45,1,-1
3330,453,46,1,-1
3330,453,47,1,-1
3330,453,48,1,-1
3330,453,49,1,-1
3330,453,50,1,-1
3330,453,1,2,1
3330,453,2,2,1
3330,453,3,2,1
3330,453,4,2,1
3330,453,5,2,1
3330,453,6,2,1
3330,453,7,2,1
3330,453,8,2,1
3330,453,9,2,1
3330,453,10,2,1
3330,453,11,2,1
3330,453,12,2,1
3330,453,13,2,1
3330,453,14,2,1
3330,453,15,2,1
3330,453,16,2,1
3330,453,17,2,1
3330,453,18,2,1
3330,453,19,2,1
3330,453,20,2,1
3330,453,21,2,1
3330,453,22,2,1
3330,453,23,2,1
3330,453,24,2,1
3330,453,25,2,1
3330,453,26,2,1
3330,453,27,2,1
3330,453,28,2,1
3330,453,29,2,1
3330,453,30,2,1
3330,453,31,2,1
3330,453,32,2,1
3330,453,33,2,1
3330,453,34,2,1
3330,453,35,2,1
3330,453,36,2,1
3330,453,37,2,1
3330,453,38,2,1
3330,453,39,2,1
3330,453,40,2,1
3330,453,41,2,1
3330,453,42,2,1
3330,453,43,2,1
3330,453,44,2,1
3330,453,45,2,1
3330,453,46,2,1
3330,453,47,2,1
3330,453,48,2,1
3330,453,49,2,1
3330,453,50,2,1
3331,453,1,2,1
3331,453,2,2,1
3331,453,3,2,1
3331,453,4,2,1
3331,453,5,2,1
3331,453,6,2,1
3331,453,7,2,1
3331,453,8,2,1
3331,453,9,2,1
3331,453,10,2,1
3331,453,11,2,1
3331,453,12,2,1
3331,453,13,2,1
3331,453,14,2,1
3331,453,15,2,1
3331,453,16,2,1
3331,453,17,2,1
3331,453,18,2,1
3331,453,19,2,1
3331,453,20,2,1
3331,453,21,2,1
3331,453,22,2,1
3331,453,23,2,1
3331,453,24,2,1
3331,453,25,2,1
3331,453,26,2,1
3331,453,27,2,1
3331,453,28,2,1
3331,453,29,2,1
3331,453,30,2,1
3331,453,31,2,1
3331,453,32,2,1
3331,453,33,2,1
3331,453,34,2,1
3331,453,35,2,1
3331,453,36,2,1
3331,453,37,2,1
3331,453,38,2,1
3331,453,39,2,1
3331,453,40,2,1
3331,453,41,2,1
3331,453,42,2,1
3331,453,43,2,1
3331,453,44,2,1
3331,453,45,2,1
3331,453,46,2,1
3331,453,47,2,1
3331,453,48,2,1
3331,453,49,2,1
3331,453,50,2,1
3332,454,1,1,-1
3332,454,2,1,-1
3332,454,3,1,-1
3332,454,4,1,-1
3332,454,5,1,-1
3332,454,6,1,-1
3332,454,7,1,-1
3332,454,8,1,-1
3332,454,9,1,-1
3332,454,10,1,-1
3332,454,11,1,-1
3332,454,12,1,-1
3332,454,13,1,-1
3332,454,14,1,-1
3332,454,15,1,-1
3332,454,16,1,-1
3332,454,17,1,-1
3332,454,18,1,-1
3332,454,19,1,-1
3332,454,20,1,-1
3332,454,21,1,-1
3332,454,22,1,-1
3332,454,23,1,-1
3332,454,24,1,-1
3332,454,25,1,-1
3332,454,26,1,-1
3332,454,27,1,-1
3332,454,28,1,-1
3332,454,29,1,-1
3332,454,30,1,-1
3332,454,31,1,-1
3332,454,32,1,-1
3332,454,33,1,-1
3332,454,34,1,-1
3332,454,35,1,-1
3332,454,36,1,-1
3332,454,37,1,-1
3332,454,38,1,-1
3332,454,39,1,-1
3332,454,40,1,-1
3332,454,41,1,-1
3332,454,42,1,-1
3332,454,43,1,-1
3332,454,44,1,-1
3332,454,45,1,-1
3332,454,46,1,-1
3332,454,47,1,-1
3332,454,48,1,-1
3332,454,49,1,-1
3332,454,50,1,-1
3332,454,1,2,1
3332,454,2,2,1
3332,454,3,2,1
3332,454,4,2,1
3332,454,5,2,1
3332,454,6,2,1
3332,454,7,2,1
3332,454,8,2,1
3332,454,9,2,1
3332,454,10,2,1
3332,454,11,2,1
3332,454,12,2,1
3332,454,13,2,1
3332,454,14,2,1
3332,454,15,2,1
3332,454,16,2,1
3332,454,17,2,1
3332,454,18,2,1
3332,454,19,2,1
3332,454,20,2,1
3332,454,21,2,1
3332,454,22,2,1
3332,454,23,2,1
3332,454,24,2,1
3332,454,25,2,1
3332,454,26,2,1
3332,454,27,2,1
3332,454,28,2,1
3332,454,29,2,1
3332,454,30,2,1
3332,454,31,2,1
3332,454,32,2,1
3332,454,33,2,1
3332,454,34,2,1
3332,454,35,2,1
3332,454,36,2,1
3332,454,37,2,1
3332,454,38,2,1
3332,454,39,2,1
3332,454,40,2,1
3332,454,41,2,1
3332,454,42,2,1
3332,454,43,2,1
3332,454,44,2,1
3332,454,45,2,1
3332,454,46,2,1
3332,454,47,2,1
3332,454,48,2,1
3332,454,49,2,1
3332,454,50,2,1
3333,454,1,2,1
3333,454,2,2,1
3333,454,3,2,1
3333,454,4,2,1
3333,454,5,2,1
3333,454,6,2,1
3333,454,7,2,1
3333,454,8,2,1
3333,454,9,2,1
3333,454,10,2,1
3333,454,11,2,1
3333,454,12,2,1
3333,454,13,2,1
3333,454,14,2,1
3333,454,15,2,1
3333,454,16,2,1
3333,454,17,2,1
3333,454,18,2,1
3333,454,19,2,1
3333,454,20,2,1
3333,454,21,2,1
3333,454,22,2,1
3333,454,23,2,1
3333,454,24,2,1
3333,454,25,2,1
3333,454,26,2,1
3333,454,27,2,1
3333,454,28,2,1
3333,454,29,2,1
3333,454,30,2,1
3333,454,31,2,1
3333,454,32,2,1
3333,454,33,2,1
3333,454,34,2,1
3333,454,35,2,1
3333,454,36,2,1
3333,454,37,2,1
3333,454,38,2,1
3333,454,39,2,1
3333,454,40,2,1
3333,454,41,2,1
3333,454,42,2,1
3333,454,43,2,1
3333,454,44,2,1
3333,454,45,2,1
3333,454,46,2,1
3333,454,47,2,1
3333,454,48,2,1
3333,454,49,2,1
3333,454,50,2,1
3334,455,1,1,-1
3334,455,2,1,-1
3334,455,3,1,-1
3334,455,4,1,-1
3334,455,5,1,-1
3334,455,6,1,-1
3334,455,7,1,-1
3334,455,8,1,-1
3334,455,9,1,-1
3334,455,10,1,-1
3334,455,11,1,-1
3334,455,12,1,-1
3334,455,13,1,-1
3334,455,14,1,-1
3334,455,15,1,-1
3334,455,16,1,-1
3334,455,17,1,-1
3334,455,18,1,-1
3334,455,19,1,-1
3334,455,20,1,-1
3334,455,21,1,-1
3334,455,22,1,-1
3334,455,23,1,-1
3334,455,24,1,-1
3334,455,25,1,-1
3334,455,26,1,-1
3334,455,27,1,-1
3334,455,28,1,-1
3334,455,29,1,-1
3334,455,30,1,-1
3334,455,31,1,-1
3334,455,32,1,-1
3334,455,33,1,-1
3334,455,34,1,-1
3334,455,35,1,-1
3334,455,36,1,-1
3334,455,37,1,-1
3334,455,38,1,-1
3334,455,39,1,-1
3334,455,40,1,-1
3334,455,41,1,-1
3334,455,42,1,-1
3334,455,43,1,-1
3334,455,44,1,-1
3334,455,45,1,-1
3334,455,46,1,-1
3334,455,47,1,-1
3334,455,48,1,-1
3334,455,49,1,-1
3334,455,50,1,-1
3334,455,1,2,1
3334,455,2,2,1
3334,455,3,2,1
3334,455,4,2,1
3334,455,5,2,1
3334,455,6,2,1
3334,455,7,2,1
3334,455,8,2,1
3334,455,9,2,1
3334,455,10,2,1
3334,455,11,2,1
3334,455,12,2,1
3334,455,13,2,1
3334,455,14,2,1
3334,455,15,2,1
3334,455,16,2,1
3334,455,17,2,1
3334,455,18,2,1
3334,455,19,2,1
3334,455,20,2,1
3334,455,21,2,1
3334,455,22,2,1
3334,455,23,2,1
3334,455,24,2,1
3334,455,25,2,1
3334,455,26,2,1
3334,455,27,2,1
3334,455,28,2,1
3334,455,29,2,1
3334,455,30,2,1
3334,455,31,2,1
3334,455,32,2,1
3334,455,33,2,1
3334,455,34,2,1
3334,455,35,2,1
3334,455,36,2,1
3334,455,37,2,1
3334,455,38,2,1
3334,455,39,2,1
3334,455,40,2,1
3334,455,41,2,1
3334,455,42,2,1
3334,455,43,2,1
3334,455,44,2,1
3334,455,45,2,1
3334,455,46,2,1
3334,455,47,2,1
3334,455,48,2,1
3334,455,49,2,1
3334,455,50,2,1
3335,455,1,2,1
3335,455,2,2,1
3335,455,3,2,1
3335,455,4,2,1
3335,455,5,2,1
3335,455,6,2,1
3335,455,7,2,1
3335,455,8,2,1
3335,455,9,2,1
3335,455,10,2,1
3335,455,11,2,1
3335,455,12,2,1
3335,455,13,2,1
3335,455,14,2,1
3335,455,15,2,1
3335,455,16,2,1
3335,455,17,2,1
3335,455,18,2,1
3335,455,19,2,1
3335,455,20,2,1
3335,455,21,2,1
3335,455,22,2,1
3335,455,23,2,1
3335,455,24,2,1
3335,455,25,2,1
3335,455,26,2,1
3335,455,27,2,1
3335,455,28,2,1
3335,455,29,2,1
3335,455,30,2,1
3335,455,31,2,1
3335,455,32,2,1
3335,455,33,2,1
3335,455,34,2,1
3335,455,35,2,1
3335,455,36,2,1
3335,455,37,2,1
3335,455,38,2,1
3335,455,39,2,1
3335,455,40,2,1
3335,455,41,2,1
3335,455,42,2,1
3335,455,43,2,1
3335,455,44,2,1
3335,455,45,2,1
3335,455,46,2,1
3335,455,47,2,1
3335,455,48,2,1
3335,455,49,2,1
3335,455,50,2,1
3336,456,1,1,-1
3336,456,2,1,-1
3336,456,3,1,-1
3336,456,4,1,-1
3336,456,5,1,-1
3336,456,6,1,-1
3336,456,7,1,-1
3336,456,8,1,-1
3336,456,9,1,-1
3336,456,10,1,-1
3336,456,11,1,-1
3336,456,12,1,-1
3336,456,13,1,-1
3336,456,14,1,-1
3336,456,15,1,-1
3336,456,16,1,-1
3336,456,17,1,-1
3336,456,18,1,-1
3336,456,19,1,-1
3336,456,20,1,-1
3336,456,21,1,-1
3336,456,22,1,-1
3336,456,23,1,-1
3336,456,24,1,-1
3336,456,25,1,-1
3336,456,26,1,-1
3336,456,27,1,-1
3336,456,28,1,-1
3336,456,29,1,-1
3336,456,30,1,-1
3336,456,31,1,-1
3336,456,32,1,-1
3336,456,33,1,-1
3336,456,34,1,-1
3336,456,35,1,-1
3336,456,36,1,-1
3336,456,37,1,-1
3336,456,38,1,-1
3336,456,39,1,-1
3336,456,40,1,-1
3336,456,41,1,-1
3336,456,42,1,-1
3336,456,43,1,-1
3336,456,44,1,-1
3336,456,45,1,-1
3336,456,46,1,-1
3336,456,47,1,-1
3336,456,48,1,-1
3336,456,49,1,-1
3336,456,50,1,-1
3336,456,1,2,1
3336,456,2,2,1
3336,456,3,2,1
3336,456,4,2,1
3336,456,5,2,1
3336,456,6,2,1
3336,456,7,2,1
3336,456,8,2,1
3336,456,9,2,1
3336,456,10,2,1
3336,456,11,2,1
3336,456,12,2,1
3336,456,13,2,1
3336,456,14,2,1
3336,456,15,2,1
3336,456,16,2,1
3336,456,17,2,1
3336,456,18,2,1
3336,456,19,2,1
3336,456,20,2,1
3336,456,21,2,1
3336,456,22,2,1
3336,456,23,2,1
3336,456,24,2,1
3336,456,25,2,1
3336,456,26,2,1
3336,456,27,2,1
3336,456,28,2,1
3336,456,29,2,1
3336,456,30,2,1
3336,456,31,2,1
3336,456,32,2,1
3336,456,33,2,1
3336,456,34,2,1
3336,456,35,2,1
3336,456,36,2,1
3336,456,37,2,1
3336,456,38,2,1
3336,456,39,2,1
3336,456,40,2,1
3336,456,41,2,1
3336,456,42,2,1
3336,456,43,2,1
3336,456,44,2,1
3336,456,45,2,1
3336,456,46,2,1
3336,456,47,2,1
3336,456,48,2,1
3336,456,49,2,1
3336,456,50,2,1
3337,456,1,2,1
3337,456,2,2,1
3337,456,3,2,1
3337,456,4,2,1
3337,456,5,2,1
3337,456,6,2,1
3337,456,7,2,1
3337,456,8,2,1
3337,456,9,2,1
3337,456,10,2,1
3337,456,11,2,1
3337,456,12,2,1
3337,456,13,2,1
3337,456,14,2,1
3337,456,15,2,1
3337,456,16,2,1
3337,456,17,2,1
3337,456,18,2,1
3337,456,19,2,1
3337,456,20,2,1
3337,456,21,2,1
3337,456,22,2,1
3337,456,23,2,1
3337,456,24,2,1
3337,456,25,2,1
3337,456,26,2,1
3337,456,27,2,1
3337,456,28,2,1
3337,456,29,2,1
3337,456,30,2,1
3337,456,31,2,1
3337,456,32,2,1
3337,456,33,2,1
3337,456,34,2,1
3337,456,35,2,1
3337,456,36,2,1
3337,456,37,2,1
3337,456,38,2,1
3337,456,39,2,1
3337,456,40,2,1
3337,456,41,2,1
3337,456,42,2,1
3337,456,43,2,1
3337,456,44,2,1
3337,456,45,2,1
3337,456,46,2,1
3337,456,47,2,1
3337,456,48,2,1
3337,456,49,2,1
3337,456,50,2,1
3338,457,1,1,-1
3338,457,2,1,-1
3338,457,3,1,-1
3338,457,4,1,-1
3338,457,5,1,-1
3338,457,6,1,-1
3338,457,7,1,-1
3338,457,8,1,-1
3338,457,9,1,-1
3338,457,10,1,-1
3338,457,11,1,-1
3338,457,12,1,-1
3338,457,13,1,-1
3338,457,14,1,-1
3338,457,15,1,-1
3338,457,16,1,-1
3338,457,17,1,-1
3338,457,18,1,-1
3338,457,19,1,-1
3338,457,20,1,-1
3338,457,21,1,-1
3338,457,22,1,-1
3338,457,23,1,-1
3338,457,24,1,-1
3338,457,25,1,-1
3338,457,26,1,-1
3338,457,27,1,-1
3338,457,28,1,-1
3338,457,29,1,-1
3338,457,30,1,-1
3338,457,31,1,-1
3338,457,32,1,-1
3338,457,33,1,-1
3338,457,34,1,-1
3338,457,35,1,-1
3338,457,36,1,-1
3338,457,37,1,-1
3338,457,38,1,-1
3338,457,39,1,-1
3338,457,40,1,-1
3338,457,41,1,-1
3338,457,42,1,-1
3338,457,43,1,-1
3338,457,44,1,-1
3338,457,45,1,-1
3338,457,46,1,-1
3338,457,47,1,-1
3338,457,48,1,-1
3338,457,49,1,-1
3338,457,50,1,-1
3338,457,1,2,1
3338,457,2,2,1
3338,457,3,2,1
3338,457,4,2,1
3338,457,5,2,1
3338,457,6,2,1
3338,457,7,2,1
3338,457,8,2,1
3338,457,9,2,1
3338,457,10,2,1
3338,457,11,2,1
3338,457,12,2,1
3338,457,13,2,1
3338,457,14,2,1
3338,457,15,2,1
3338,457,16,2,1
3338,457,17,2,1
3338,457,18,2,1
3338,457,19,2,1
3338,457,20,2,1
3338,457,21,2,1
3338,457,22,2,1
3338,457,23,2,1
3338,457,24,2,1
3338,457,25,2,1
3338,457,26,2,1
3338,457,27,2,1
3338,457,28,2,1
3338,457,29,2,1
3338,457,30,2,1
3338,457,31,2,1
3338,457,32,2,1
3338,457,33,2,1
3338,457,34,2,1
3338,457,35,2,1
3338,457,36,2,1
3338,457,37,2,1
3338,457,38,2,1
3338,457,39,2,1
3338,457,40,2,1
3338,457,41,2,1
3338,457,42,2,1
3338,457,43,2,1
3338,457,44,2,1
3338,457,45,2,1
3338,457,46,2,1
3338,457,47,2,1
3338,457,48,2,1
3338,457,49,2,1
3338,457,50,2,1
3339,458,1,1,-1
3339,458,2,1,-1
3339,458,3,1,-1
3339,458,4,1,-1
3339,458,5,1,-1
3339,458,6,1,-1
3339,458,7,1,-1
3339,458,8,1,-1
3339,458,9,1,-1
3339,458,10,1,-1
3339,458,11,1,-1
3339,458,12,1,-1
3339,458,13,1,-1
3339,458,14,1,-1
3339,458,15,1,-1
3339,458,16,1,-1
3339,458,17,1,-1
3339,458,18,1,-1
3339,458,19,1,-1
3339,458,20,1,-1
3339,458,21,1,-1
3339,458,22,1,-1
3339,458,23,1,-1
3339,458,24,1,-1
3339,458,25,1,-1
3339,458,26,1,-1
3339,458,27,1,-1
3339,458,28,1,-1
3339,458,29,1,-1
3339,458,30,1,-1
3339,458,31,1,-1
3339,458,32,1,-1
3339,458,33,1,-1
3339,458,34,1,-1
3339,458,35,1,-1
3339,458,36,1,-1
3339,458,37,1,-1
3339,458,38,1,-1
3339,458,39,1,-1
3339,458,40,1,-1
3339,458,41,1,-1
3339,458,42,1,-1
3339,458,43,1,-1
3339,458,44,1,-1
3339,458,45,1,-1
3339,458,46,1,-1
3339,458,47,1,-1
3339,458,48,1,-1
3339,458,49,1,-1
3339,458,50,1,-1
3339,458,1,2,1
3339,458,2,2,1
3339,458,3,2,1
3339,458,4,2,1
3339,458,5,2,1
3339,458,6,2,1
3339,458,7,2,1
3339,458,8,2,1
3339,458,9,2,1
3339,458,10,2,1
3339,458,11,2,1
3339,458,12,2,1
3339,458,13,2,1
3339,458,14,2,1
3339,458,15,2,1
3339,458,16,2,1
3339,458,17,2,1
3339,458,18,2,1
3339,458,19,2,1
3339,458,20,2,1
3339,458,21,2,1
3339,458,22,2,1
3339,458,23,2,1
3339,458,24,2,1
3339,458,25,2,1
3339,458,26,2,1
3339,458,27,2,1
3339,458,28,2,1
3339,458,29,2,1
3339,458,30,2,1
3339,458,31,2,1
3339,458,32,2,1
3339,458,33,2,1
3339,458,34,2,1
3339,458,35,2,1
3339,458,36,2,1
3339,458,37,2,1
3339,458,38,2,1
3339,458,39,2,1
3339,458,40,2,1
3339,458,41,2,1
3339,458,42,2,1
3339,458,43,2,1
3339,458,44,2,1
3339,458,45,2,1
3339,458,46,2,1
3339,458,47,2,1
3339,458,48,2,1
3339,458,49,2,1
3339,458,50,2,1
3340,458,1,2,1
3340,458,2,2,1
3340,458,3,2,1
3340,458,4,2,1
3340,458,5,2,1
3340,458,6,2,1
3340,458,7,2,1
3340,458,8,2,1
3340,458,9,2,1
3340,458,10,2,1
3340,458,11,2,1
3340,458,12,2,1
3340,458,13,2,1
3340,458,14,2,1
3340,458,15,2,1
3340,458,16,2,1
3340,458,17,2,1
3340,458,18,2,1
3340,458,19,2,1
3340,458,20,2,1
3340,458,21,2,1
3340,458,22,2,1
3340,458,23,2,1
3340,458,24,2,1
3340,458,25,2,1
3340,458,26,2,1
3340,458,27,2,1
3340,458,28,2,1
3340,458,29,2,1
3340,458,30,2,1
3340,458,31,2,1
3340,458,32,2,1
3340,458,33,2,1
3340,458,34,2,1
3340,458,35,2,1
3340,458,36,2,1
3340,458,37,2,1
3340,458,38,2,1
3340,458,39,2,1
3340,458,40,2,1
3340,458,41,2,1
3340,458,42,2,1
3340,458,43,2,1
3340,458,44,2,1
3340,458,45,2,1
3340,458,46,2,1
3340,458,47,2,1
3340,458,48,2,1
3340,458,49,2,1
3340,458,50,2,1
1339,140,1,1,1
1339,140,2,1,1
1339,140,3,1,1
1339,140,4,1,1
1339,140,5,1,1
1339,140,6,1,1
1339,140,7,1,1
1339,140,8,1,1
1339,140,9,1,1
1339,140,10,1,1
1339,140,11,1,1
1339,140,12,1,1
1339,140,13,1,1
1339,140,14,1,1
1339,140,15,1,1
1339,140,16,1,1
1339,140,17,1,1
1339,140,18,1,1
1339,140,19,1,1
1339,140,20,1,1
1339,140,21,1,1
1339,140,22,1,1
1339,140,23,1,1
1339,140,24,1,1
1339,140,25,1,1
1339,140,26,1,1
1339,140,27,1,1
1339,140,28,1,1
1339,140,29,1,1
1339,140,30,1,1
1339,140,31,1,1
1339,140,32,1,1
1339,140,33,1,1
1339,140,34,1,1
1339,140,35,1,1
1339,140,36,1,1
1339,140,37,1,1
1339,140,38,1,1
1339,140,39,1,1
1339,140,40,1,1
1339,140,41,1,1
1339,140,42,1,1
1339,140,43,1,1
1339,140,44,1,1
1339,140,45,1,1
1339,140,46,1,1
1339,140,47,1,1
1339,140,48,1,1
1339,140,49,1,1
1339,140,50,1,1
1339,140,1,2,1
1339,140,2,2,1
1339,140,3,2,1
1339,140,4,2,1
1339,140,5,2,1
1339,140,6,2,1
1339,140,7,2,1
1339,140,8,2,1
1339,140,9,2,1
1339,140,10,2,1
1339,140,11,2,1
1339,140,12,2,1
1339,140,13,2,1
1339,140,14,2,1
1339,140,15,2,1
1339,140,16,2,1
1339,140,17,2,1
1339,140,18,2,1
1339,140,19,2,1
1339,140,20,2,1
1339,140,21,2,1
1339,140,22,2,1
1339,140,23,2,1
1339,140,24,2,1
1339,140,25,2,1
1339,140,26,2,1
1339,140,27,2,1
1339,140,28,2,1
1339,140,29,2,1
1339,140,30,2,1
1339,140,31,2,1
1339,140,32,2,1
1339,140,33,2,1
1339,140,34,2,1
1339,140,35,2,1
1339,140,36,2,1
1339,140,37,2,1
1339,140,38,2,1
1339,140,39,2,1
1339,140,40,2,1
1339,140,41,2,1
1339,140,42,2,1
1339,140,43,2,1
1339,140,44,2,1
1339,140,45,2,1
1339,140,46,2,1
1339,140,47,2,1
1339,140,48,2,1
1339,140,49,2,1
1339,140,50,2,1
1340,140,1,2,1
1340,140,2,2,1
1340,140,3,2,1
1340,140,4,2,1
1340,140,5,2,1
1340,140,6,2,1
1340,140,7,2,1
1340,140,8,2,1
1340,140,9,2,1
1340,140,10,2,1
1340,140,11,2,1
1340,140,12,2,1
1340,140,13,2,1
1340,140,14,2,1
1340,140,15,2,1
1340,140,16,2,1
1340,140,17,2,1
1340,140,18,2,1
1340,140,19,2,1
1340,140,20,2,1
1340,140,21,2,1
1340,140,22,2,1
1340,140,23,2,1
1340,140,24,2,1
1340,140,25,2,1
1340,140,26,2,1
1340,140,27,2,1
1340,140,28,2,1
1340,140,29,2,1
1340,140,30,2,1
1340,140,31,2,1
1340,140,32,2,1
1340,140,33,2,1
1340,140,34,2,1
1340,140,35,2,1
1340,140,36,2,1
1340,140,37,2,1
1340,140,38,2,1
1340,140,39,2,1
1340,140,40,2,1
1340,140,41,2,1
1340,140,42,2,1
1340,140,43,2,1
1340,140,44,2,1
1340,140,45,2,1
1340,140,46,2,1
1340,140,47,2,1
1340,140,48,2,1
1340,140,49,2,1
1340,140,50,2,1
1341,140,1,2,1
1341,140,2,2,1
1341,140,3,2,1
1341,140,4,2,1
1341,140,5,2,1
1341,140,6,2,1
1341,140,7,2,1
1341,140,8,2,1
1341,140,9,2,1
1341,140,10,2,1
1341,140,11,2,1
1341,140,12,2,1
1341,140,13,2,1
1341,140,14,2,1
1341,140,15,2,1
1341,140,16,2,1
1341,140,17,2,1
1341,140,18,2,1
1341,140,19,2,1
1341,140,20,2,1
1341,140,21,2,1
1341,140,22,2,1
1341,140,23,2,1
1341,140,24,2,1
1341,140,25,2,1
1341,140,26,2,1
1341,140,27,2,1
1341,140,28,2,1
1341,140,29,2,1
1341,140,30,2,1
1341,140,31,2,1
1341,140,32,2,1
1341,140,33,2,1
1341,140,34,2,1
1341,140,35,2,1
1341,140,36,2,1
1341,140,37,2,1
1341,140,38,2,1
1341,140,39,2,1
1341,140,40,2,1
1341,140,41,2,1
1341,140,42,2,1
1341,140,43,2,1
1341,140,44,2,1
1341,140,45,2,1
1341,140,46,2,1
1341,140,47,2,1
1341,140,48,2,1
1341,140,49,2,1
1341,140,50,2,1
1341,139,1,1,1
1341,139,2,1,1
1341,139,3,1,1
1341,139,4,1,1
1341,139,5,1,1
1341,139,6,1,1
1341,139,7,1,1
1341,139,8,1,1
1341,139,9,1,1
1341,139,10,1,1
1341,139,11,1,1
1341,139,12,1,1
1341,139,13,1,1
1341,139,14,1,1
1341,139,15,1,1
1341,139,16,1,1
1341,139,17,1,1
1341,139,18,1,1
1341,139,19,1,1
1341,139,20,1,1
1341,139,21,1,1
1341,139,22,1,1
1341,139,23,1,1
1341,139,24,1,1
1341,139,25,1,1
1341,139,26,1,1
1341,139,27,1,1
1341,139,28,1,1
1341,139,29,1,1
1341,139,30,1,1
1341,139,31,1,1
1341,139,32,1,1
1341,139,33,1,1
1341,139,34,1,1
1341,139,35,1,1
1341,139,36,1,1
1341,139,37,1,1
1341,139,38,1,1
1341,139,39,1,1
1341,139,40,1,1
1341,139,41,1,1
1341,139,42,1,1
1341,139,43,1,1
1341,139,44,1,1
1341,139,45,1,1
1341,139,46,1,1
1341,139,47,1,1
1341,139,48,1,1
1341,139,49,1,1
1341,139,50,1,1
1342,139,1,2,1
1342,139,2,2,1
1342,139,3,2,1
1342,139,4,2,1
1342,139,5,2,1
1342,139,6,2,1
1342,139,7,2,1
1342,139,8,2,1
1342,139,9,2,1
1342,139,10,2,1
1342,139,11,2,1
1342,139,12,2,1
1342,139,13,2,1
1342,139,14,2,1
1342,139,15,2,1
1342,139,16,2,1
1342,139,17,2,1
1342,139,18,2,1
1342,139,19,2,1
1342,139,20,2,1
1342,139,21,2,1
1342,139,22,2,1
1342,139,23,2,1
1342,139,24,2,1
1342,139,25,2,1
1342,139,26,2,1
1342,139,27,2,1
1342,139,28,2,1
1342,139,29,2,1
1342,139,30,2,1
1342,139,31,2,1
1342,139,32,2,1
1342,139,33,2,1
1342,139,34,2,1
1342,139,35,2,1
1342,139,36,2,1
1342,139,37,2,1
1342,139,38,2,1
1342,139,39,2,1
1342,139,40,2,1
1342,139,41,2,1
1342,139,42,2,1
1342,139,43,2,1
1342,139,44,2,1
1342,139,45,2,1
1342,139,46,2,1
1342,139,47,2,1
1342,139,48,2,1
1342,139,49,2,1
1342,139,50,2,1
1343,139,1,2,1
1343,139,2,2,1
1343,139,3,2,1
1343,139,4,2,1
1343,139,5,2,1
1343,139,6,2,1
1343,139,7,2,1
1343,139,8,2,1
1343,139,9,2,1
1343,139,10,2,1
1343,139,11,2,1
1343,139,12,2,1
1343,139,13,2,1
1343,139,14,2,1
1343,139,15,2,1
1343,139,16,2,1
1343,139,17,2,1
1343,139,18,2,1
1343,139,19,2,1
1343,139,20,2,1
1343,139,21,2,1
1343,139,22,2,1
1343,139,23,2,1
1343,139,24,2,1
1343,139,25,2,1
1343,139,26,2,1
1343,139,27,2,1
1343,139,28,2,1
1343,139,29,2,1
1343,139,30,2,1
1343,139,31,2,1
1343,139,32,2,1
1343,139,33,2,1
1343,139,34,2,1
1343,139,35,2,1
1343,139,36,2,1
1343,139,37,2,1
1343,139,38,2,1
1343,139,39,2,1
1343,139,40,2,1
1343,139,41,2,1
1343,139,42,2,1
1343,139,43,2,1
1343,139,44,2,1
1343,139,45,2,1
1343,139,46,2,1
1343,139,47,2,1
1343,139,48,2,1
1343,139,49,2,1
1343,139,50,2,1
1344,139,1,2,1
1344,139,2,2,1
1344,139,3,2,1
1344,139,4,2,1
1344,139,5,2,1
1344,139,6,2,1
1344,139,7,2,1
1344,139,8,2,1
1344,139,9,2,1
1344,139,10,2,1
1344,139,11,2,1
1344,139,12,2,1
1344,139,13,2,1
1344,139,14,2,1
1344,139,15,2,1
1344,139,16,2,1
1344,139,17,2,1
1344,139,18,2,1
1344,139,19,2,1
1344,139,20,2,1
1344,139,21,2,1
1344,139,22,2,1
1344,139,23,2,1
1344,139,24,2,1
1344,139,25,2,1
1344,139,26,2,1
1344,139,27,2,1
1344,139,28,2,1
1344,139,29,2,1
1344,139,30,2,1
1344,139,31,2,1
1344,139,32,2,1
1344,139,33,2,1
1344,139,34,2,1
1344,139,35,2,1
1344,139,36,2,1
1344,139,37,2,1
1344,139,38,2,1
1344,139,39,2,1
1344,139,40,2,1
1344,139,41,2,1
1344,139,42,2,1
1344,139,43,2,1
1344,139,44,2,1
1344,139,45,2,1
1344,139,46,2,1
1344,139,47,2,1
1344,139,48,2,1
1344,139,49,2,1
1344,139,50,2,1
1345,139,1,2,1
1345,139,2,2,1
1345,139,3,2,1
1345,139,4,2,1
1345,139,5,2,1
1345,139,6,2,1
1345,139,7,2,1
1345,139,8,2,1
1345,139,9,2,1
1345,139,10,2,1
1345,139,11,2,1
1345,139,12,2,1
1345,139,13,2,1
1345,139,14,2,1
1345,139,15,2,1
1345,139,16,2,1
1345,139,17,2,1
1345,139,18,2,1
1345,139,19,2,1
1345,139,20,2,1
1345,139,21,2,1
1345,139,22,2,1
1345,139,23,2,1
1345,139,24,2,1
1345,139,25,2,1
1345,139,26,2,1
1345,139,27,2,1
1345,139,28,2,1
1345,139,29,2,1
1345,139,30,2,1
1345,139,31,2,1
1345,139,32,2,1
1345,139,33,2,1
1345,139,34,2,1
1345,139,35,2,1
1345,139,36,2,1
1345,139,37,2,1
1345,139,38,2,1
1345,139,39,2,1
1345,139,40,2,1
1345,139,41,2,1
1345,139,42,2,1
1345,139,43,2,1
1345,139,44,2,1
1345,139,45,2,1
1345,139,46,2,1
1345,139,47,2,1
1345,139,48,2,1
1345,139,49,2,1
1345,139,50,2,1
1346,139,1,2,1
1346,139,2,2,1
1346,139,3,2,1
1346,139,4,2,1
1346,139,5,2,1
1346,139,6,2,1
1346,139,7,2,1
1346,139,8,2,1
1346,139,9,2,1
1346,139,10,2,1
1346,139,11,2,1
1346,139,12,2,1
1346,139,13,2,1
1346,139,14,2,1
1346,139,15,2,1
1346,139,16,2,1
1346,139,17,2,1
1346,139,18,2,1
1346,139,19,2,1
1346,139,20,2,1
1346,139,21,2,1
1346,139,22,2,1
1346,139,23,2,1
1346,139,24,2,1
1346,139,25,2,1
1346,139,26,2,1
1346,139,27,2,1
1346,139,28,2,1
1346,139,29,2,1
1346,139,30,2,1
1346,139,31,2,1
1346,139,32,2,1
1346,139,33,2,1
1346,139,34,2,1
1346,139,35,2,1
1346,139,36,2,1
1346,139,37,2,1
1346,139,38,2,1
1346,139,39,2,1
1346,139,40,2,1
1346,139,41,2,1
1346,139,42,2,1
1346,139,43,2,1
1346,139,44,2,1
1346,139,45,2,1
1346,139,46,2,1
1346,139,47,2,1
1346,139,48,2,1
1346,139,49,2,1
1346,139,50,2,1
1347,139,1,2,1
1347,139,2,2,1
1347,139,3,2,1
1347,139,4,2,1
1347,139,5,2,1
1347,139,6,2,1
1347,139,7,2,1
1347,139,8,2,1
1347,139,9,2,1
1347,139,10,2,1
1347,139,11,2,1
1347,139,12,2,1
1347,139,13,2,1
1347,139,14,2,1
1347,139,15,2,1
1347,139,16,2,1
1347,139,17,2,1
1347,139,18,2,1
1347,139,19,2,1
1347,139,20,2,1
1347,139,21,2,1
1347,139,22,2,1
1347,139,23,2,1
1347,139,24,2,1
1347,139,25,2,1
1347,139,26,2,1
1347,139,27,2,1
1347,139,28,2,1
1347,139,29,2,1
1347,139,30,2,1
1347,139,31,2,1
1347,139,32,2,1
1347,139,33,2,1
1347,139,34,2,1
1347,139,35,2,1
1347,139,36,2,1
1347,139,37,2,1
1347,139,38,2,1
1347,139,39,2,1
1347,139,40,2,1
1347,139,41,2,1
1347,139,42,2,1
1347,139,43,2,1
1347,139,44,2,1
1347,139,45,2,1
1347,139,46,2,1
1347,139,47,2,1
1347,139,48,2,1
1347,139,49,2,1
1347,139,50,2,1
1348,139,1,2,1
1348,139,2,2,1
1348,139,3,2,1
1348,139,4,2,1
1348,139,5,2,1
1348,139,6,2,1
1348,139,7,2,1
1348,139,8,2,1
1348,139,9,2,1
1348,139,10,2,1
1348,139,11,2,1
1348,139,12,2,1
1348,139,13,2,1
1348,139,14,2,1
1348,139,15,2,1
1348,139,16,2,1
1348,139,17,2,1
1348,139,18,2,1
1348,139,19,2,1
1348,139,20,2,1
1348,139,21,2,1
1348,139,22,2,1
1348,139,23,2,1
1348,139,24,2,1
1348,139,25,2,1
1348,139,26,2,1
1348,139,27,2,1
1348,139,28,2,1
1348,139,29,2,1
1348,139,30,2,1
1348,139,31,2,1
1348,139,32,2,1
1348,139,33,2,1
1348,139,34,2,1
1348,139,35,2,1
1348,139,36,2,1
1348,139,37,2,1
1348,139,38,2,1
1348,139,39,2,1
1348,139,40,2,1
1348,139,41,2,1
1348,139,42,2,1
1348,139,43,2,1
1348,139,44,2,1
1348,139,45,2,1
1348,139,46,2,1
1348,139,47,2,1
1348,139,48,2,1
1348,139,49,2,1
1348,139,50,2,1
1348,138,1,1,1
1348,138,2,1,1
1348,138,3,1,1
1348,138,4,1,1
1348,138,5,1,1
1348,138,6,1,1
1348,138,7,1,1
1348,138,8,1,1
1348,138,9,1,1
1348,138,10,1,1
1348,138,11,1,1
1348,138,12,1,1
1348,138,13,1,1
1348,138,14,1,1
1348,138,15,1,1
1348,138,16,1,1
1348,138,17,1,1
1348,138,18,1,1
1348,138,19,1,1
1348,138,20,1,1
1348,138,21,1,1
1348,138,22,1,1
1348,138,23,1,1
1348,138,24,1,1
1348,138,25,1,1
1348,138,26,1,1
1348,138,27,1,1
1348,138,28,1,1
1348,138,29,1,1
1348,138,30,1,1
1348,138,31,1,1
1348,138,32,1,1
1348,138,33,1,1
1348,138,34,1,1
1348,138,35,1,1
1348,138,36,1,1
1348,138,37,1,1
1348,138,38,1,1
1348,138,39,1,1
1348,138,40,1,1
1348,138,41,1,1
1348,138,42,1,1
1348,138,43,1,1
1348,138,44,1,1
1348,138,45,1,1
1348,138,46,1,1
1348,138,47,1,1
1348,138,48,1,1
1348,138,49,1,1
1348,138,50,1,1
1349,138,1,2,1
1349,138,2,2,1
1349,138,3,2,1
1349,138,4,2,1
1349,138,5,2,1
1349,138,6,2,1
1349,138,7,2,1
1349,138,8,2,1
1349,138,9,2,1
1349,138,10,2,1
1349,138,11,2,1
1349,138,12,2,1
1349,138,13,2,1
1349,138,14,2,1
1349,138,15,2,1
1349,138,16,2,1
1349,138,17,2,1
1349,138,18,2,1
1349,138,19,2,1
1349,138,20,2,1
1349,138,21,2,1
1349,138,22,2,1
1349,138,23,2,1
1349,138,24,2,1
1349,138,25,2,1
1349,138,26,2,1
1349,138,27,2,1
1349,138,28,2,1
1349,138,29,2,1
1349,138,30,2,1
1349,138,31,2,1
1349,138,32,2,1
1349,138,33,2,1
1349,138,34,2,1
1349,138,35,2,1
1349,138,36,2,1
1349,138,37,2,1
1349,138,38,2,1
1349,138,39,2,1
1349,138,40,2,1
1349,138,41,2,1
1349,138,42,2,1
1349,138,43,2,1
1349,138,44,2,1
1349,138,45,2,1
1349,138,46,2,1
1349,138,47,2,1
1349,138,48,2,1
1349,138,49,2,1
1349,138,50,2,1
1350,138,1,2,1
1350,138,2,2,1
1350,138,3,2,1
1350,138,4,2,1
1350,138,5,2,1
1350,138,6,2,1
1350,138,7,2,1
1350,138,8,2,1
1350,138,9,2,1
1350,138,10,2,1
1350,138,11,2,1
1350,138,12,2,1
1350,138,13,2,1
1350,138,14,2,1
1350,138,15,2,1
1350,138,16,2,1
1350,138,17,2,1
1350,138,18,2,1
1350,138,19,2,1
1350,138,20,2,1
1350,138,21,2,1
1350,138,22,2,1
1350,138,23,2,1
1350,138,24,2,1
1350,138,25,2,1
1350,138,26,2,1
1350,138,27,2,1
1350,138,28,2,1
1350,138,29,2,1
1350,138,30,2,1
1350,138,31,2,1
1350,138,32,2,1
1350,138,33,2,1
1350,138,34,2,1
1350,138,35,2,1
1350,138,36,2,1
1350,138,37,2,1
1350,138,38,2,1
1350,138,39,2,1
1350,138,40,2,1
1350,138,41,2,1
1350,138,42,2,1
1350,138,43,2,1
1350,138,44,2,1
1350,138,45,2,1
1350,138,46,2,1
1350,138,47,2,1
1350,138,48,2,1
1350,138,49,2,1
1350,138,50,2,1
1351,138,1,2,1
1351,138,2,2,1
1351,138,3,2,1
1351,138,4,2,1
1351,138,5,2,1
1351,138,6,2,1
1351,138,7,2,1
1351,138,8,2,1
1351,138,9,2,1
1351,138,10,2,1
1351,138,11,2,1
1351,138,12,2,1
1351,138,13,2,1
1351,138,14,2,1
1351,138,15,2,1
1351,138,16,2,1
1351,138,17,2,1
1351,138,18,2,1
1351,138,19,2,1
1351,138,20,2,1
1351,138,21,2,1
1351,138,22,2,1
1351,138,23,2,1
1351,138,24,2,1
1351,138,25,2,1
1351,138,26,2,1
1351,138,27,2,1
1351,138,28,2,1
1351,138,29,2,1
1351,138,30,2,1
1351,138,31,2,1
1351,138,32,2,1
1351,138,33,2,1
1351,138,34,2,1
1351,138,35,2,1
1351,138,36,2,1
1351,138,37,2,1
1351,138,38,2,1
1351,138,39,2,1
1351,138,40,2,1
1351,138,41,2,1
1351,138,42,2,1
1351,138,43,2,1
1351,138,44,2,1
1351,138,45,2,1
1351,138,46,2,1
1351,138,47,2,1
1351,138,48,2,1
1351,138,49,2,1
1351,138,50,2,1
1352,138,1,2,1
1352,138,2,2,1
1352,138,3,2,1
1352,138,4,2,1
1352,138,5,2,1
1352,138,6,2,1
1352,138,7,2,1
1352,138,8,2,1
1352,138,9,2,1
1352,138,10,2,1
1352,138,11,2,1
1352,138,12,2,1
1352,138,13,2,1
1352,138,14,2,1
1352,138,15,2,1
1352,138,16,2,1
1352,138,17,2,1
1352,138,18,2,1
1352,138,19,2,1
1352,138,20,2,1
1352,138,21,2,1
1352,138,22,2,1
1352,138,23,2,1
1352,138,24,2,1
1352,138,25,2,1
1352,138,26,2,1
1352,138,27,2,1
1352,138,28,2,1
1352,138,29,2,1
1352,138,30,2,1
1352,138,31,2,1
1352,138,32,2,1
1352,138,33,2,1
1352,138,34,2,1
1352,138,35,2,1
1352,138,36,2,1
1352,138,37,2,1
1352,138,38,2,1
1352,138,39,2,1
1352,138,40,2,1
1352,138,41,2,1
1352,138,42,2,1
1352,138,43,2,1
1352,138,44,2,1
1352,138,45,2,1
1352,138,46,2,1
1352,138,47,2,1
1352,138,48,2,1
1352,138,49,2,1
1352,138,50,2,1
1353,138,1,2,1
1353,138,2,2,1
1353,138,3,2,1
1353,138,4,2,1
1353,138,5,2,1
1353,138,6,2,1
1353,138,7,2,1
1353,138,8,2,1
1353,138,9,2,1
1353,138,10,2,1
1353,138,11,2,1
1353,138,12,2,1
1353,138,13,2,1
1353,138,14,2,1
1353,138,15,2,1
1353,138,16,2,1
1353,138,17,2,1
1353,138,18,2,1
1353,138,19,2,1
1353,138,20,2,1
1353,138,21,2,1
1353,138,22,2,1
1353,138,23,2,1
1353,138,24,2,1
1353,138,25,2,1
1353,138,26,2,1
1353,138,27,2,1
1353,138,28,2,1
1353,138,29,2,1
1353,138,30,2,1
1353,138,31,2,1
1353,138,32,2,1
1353,138,33,2,1
1353,138,34,2,1
1353,138,35,2,1
1353,138,36,2,1
1353,138,37,2,1
1353,138,38,2,1
1353,138,39,2,1
1353,138,40,2,1
1353,138,41,2,1
1353,138,42,2,1
1353,138,43,2,1
1353,138,44,2,1
1353,138,45,2,1
1353,138,46,2,1
1353,138,47,2,1
1353,138,48,2,1
1353,138,49,2,1
1353,138,50,2,1
1354,138,1,2,1
1354,138,2,2,1
1354,138,3,2,1
1354,138,4,2,1
1354,138,5,2,1
1354,138,6,2,1
1354,138,7,2,1
1354,138,8,2,1
1354,138,9,2,1
1354,138,10,2,1
1354,138,11,2,1
1354,138,12,2,1
1354,138,13,2,1
1354,138,14,2,1
1354,138,15,2,1
1354,138,16,2,1
1354,138,17,2,1
1354,138,18,2,1
1354,138,19,2,1
1354,138,20,2,1
1354,138,21,2,1
1354,138,22,2,1
1354,138,23,2,1
1354,138,24,2,1
1354,138,25,2,1
1354,138,26,2,1
1354,138,27,2,1
1354,138,28,2,1
1354,138,29,2,1
1354,138,30,2,1
1354,138,31,2,1
1354,138,32,2,1
1354,138,33,2,1
1354,138,34,2,1
1354,138,35,2,1
1354,138,36,2,1
1354,138,37,2,1
1354,138,38,2,1
1354,138,39,2,1
1354,138,40,2,1
1354,138,41,2,1
1354,138,42,2,1
1354,138,43,2,1
1354,138,44,2,1
1354,138,45,2,1
1354,138,46,2,1
1354,138,47,2,1
1354,138,48,2,1
1354,138,49,2,1
1354,138,50,2,1
1355,138,1,2,1
1355,138,2,2,1
1355,138,3,2,1
1355,138,4,2,1
1355,138,5,2,1
1355,138,6,2,1
1355,138,7,2,1
1355,138,8,2,1
1355,138,9,2,1
1355,138,10,2,1
1355,138,11,2,1
1355,138,12,2,1
1355,138,13,2,1
1355,138,14,2,1
1355,138,15,2,1
1355,138,16,2,1
1355,138,17,2,1
1355,138,18,2,1
1355,138,19,2,1
1355,138,20,2,1
1355,138,21,2,1
1355,138,22,2,1
1355,138,23,2,1
1355,138,24,2,1
1355,138,25,2,1
1355,138,26,2,1
1355,138,27,2,1
1355,138,28,2,1
1355,138,29,2,1
1355,138,30,2,1
1355,138,31,2,1
1355,138,32,2,1
1355,138,33,2,1
1355,138,34,2,1
1355,138,35,2,1
1355,138,36,2,1
1355,138,37,2,1
1355,138,38,2,1
1355,138,39,2,1
1355,138,40,2,1
1355,138,41,2,1
1355,138,42,2,1
1355,138,43,2,1
1355,138,44,2,1
1355,138,45,2,1
1355,138,46,2,1
1355,138,47,2,1
1355,138,48,2,1
1355,138,49,2,1
1355,138,50,2,1
1355,137,1,1,1
1355,137,2,1,1
1355,137,3,1,1
1355,137,4,1,1
1355,137,5,1,1
1355,137,6,1,1
1355,137,7,1,1
1355,137,8,1,1
1355,137,9,1,1
1355,137,10,1,1
1355,137,11,1,1
1355,137,12,1,1
1355,137,13,1,1
1355,137,14,1,1
1355,137,15,1,1
1355,137,16,1,1
1355,137,17,1,1
1355,137,18,1,1
1355,137,19,1,1
1355,137,20,1,1
1355,137,21,1,1
1355,137,22,1,1
1355,137,23,1,1
1355,137,24,1,1
1355,137,25,1,1
1355,137,26,1,1
1355,137,27,1,1
1355,137,28,1,1
1355,137,29,1,1
1355,137,30,1,1
1355,137,31,1,1
1355,137,32,1,1
1355,137,33,1,1
1355,137,34,1,1
1355,137,35,1,1
1355,137,36,1,1
1355,137,37,1,1
1355,137,38,1,1
1355,137,39,1,1
1355,137,40,1,1
1355,137,41,1,1
1355,137,42,1,1
1355,137,43,1,1
1355,137,44,1,1
1355,137,45,1,1
1355,137,46,1,1
1355,137,47,1,1
1355,137,48,1,1
1355,137,49,1,1
1355,137,50,1,1
1356,137,1,2,1
1356,137,2,2,1
1356,137,3,2,1
1356,137,4,2,1
1356,137,5,2,1
1356,137,6,2,1
1356,137,7,2,1
1356,137,8,2,1
1356,137,9,2,1
1356,137,10,2,1
1356,137,11,2,1
1356,137,12,2,1
1356,137,13,2,1
1356,137,14,2,1
1356,137,15,2,1
1356,137,16,2,1
1356,137,17,2,1
1356,137,18,2,1
1356,137,19,2,1
1356,137,20,2,1
1356,137,21,2,1
1356,137,22,2,1
1356,137,23,2,1
1356,137,24,2,1
1356,137,25,2,1
1356,137,26,2,1
1356,137,27,2,1
1356,137,28,2,1
1356,137,29,2,1
1356,137,30,2,1
1356,137,31,2,1
1356,137,32,2,1
1356,137,33,2,1
1356,137,34,2,1
1356,137,35,2,1
1356,137,36,2,1
1356,137,37,2,1
1356,137,38,2,1
1356,137,39,2,1
1356,137,40,2,1
1356,137,41,2,1
1356,137,42,2,1
1356,137,43,2,1
1356,137,44,2,1
1356,137,45,2,1
1356,137,46,2,1
1356,137,47,2,1
1356,137,48,2,1
1356,137,49,2,1
1356,137,50,2,1
1357,137,1,2,1
1357,137,2,2,1
1357,137,3,2,1
1357,137,4,2,1
1357,137,5,2,1
1357,137,6,2,1
1357,137,7,2,1
1357,137,8,2,1
1357,137,9,2,1
1357,137,10,2,1
1357,137,11,2,1
1357,137,12,2,1
1357,137,13,2,1
1357,137,14,2,1
1357,137,15,2,1
1357,137,16,2,1
1357,137,17,2,1
1357,137,18,2,1
1357,137,19,2,1
1357,137,20,2,1
1357,137,21,2,1
1357,137,22,2,1
1357,137,23,2,1
1357,137,24,2,1
1357,137,25,2,1
1357,137,26,2,1
1357,137,27,2,1
1357,137,28,2,1
1357,137,29,2,1
1357,137,30,2,1
1357,137,31,2,1
1357,137,32,2,1
1357,137,33,2,1
1357,137,34,2,1
1357,137,35,2,1
1357,137,36,2,1
1357,137,37,2,1
1357,137,38,2,1
1357,137,39,2,1
1357,137,40,2,1
1357,137,41,2,1
1357,137,42,2,1
1357,137,43,2,1
1357,137,44,2,1
1357,137,45,2,1
1357,137,46,2,1
1357,137,47,2,1
1357,137,48,2,1
1357,137,49,2,1
1357,137,50,2,1
1358,137,1,2,1
1358,137,2,2,1
1358,137,3,2,1
1358,137,4,2,1
1358,137,5,2,1
1358,137,6,2,1
1358,137,7,2,1
1358,137,8,2,1
1358,137,9,2,1
1358,137,10,2,1
1358,137,11,2,1
1358,137,12,2,1
1358,137,13,2,1
1358,137,14,2,1
1358,137,15,2,1
1358,137,16,2,1
1358,137,17,2,1
1358,137,18,2,1
1358,137,19,2,1
1358,137,20,2,1
1358,137,21,2,1
1358,137,22,2,1
1358,137,23,2,1
1358,137,24,2,1
1358,137,25,2,1
1358,137,26,2,1
1358,137,27,2,1
1358,137,28,2,1
1358,137,29,2,1
1358,137,30,2,1
1358,137,31,2,1
1358,137,32,2,1
1358,137,33,2,1
1358,137,34,2,1
1358,137,35,2,1
1358,137,36,2,1
1358,137,37,2,1
1358,137,38,2,1
1358,137,39,2,1
1358,137,40,2,1
1358,137,41,2,1
1358,137,42,2,1
1358,137,43,2,1
1358,137,44,2,1
1358,137,45,2,1
1358,137,46,2,1
1358,137,47,2,1
1358,137,48,2,1
1358,137,49,2,1
1358,137,50,2,1
1359,137,1,2,1
1359,137,2,2,1
1359,137,3,2,1
1359,137,4,2,1
1359,137,5,2,1
1359,137,6,2,1
1359,137,7,2,1
1359,137,8,2,1
1359,137,9,2,1
1359,137,10,2,1
1359,137,11,2,1
1359,137,12,2,1
1359,137,13,2,1
1359,137,14,2,1
1359,137,15,2,1
1359,137,16,2,1
1359,137,17,2,1
1359,137,18,2,1
1359,137,19,2,1
1359,137,20,2,1
1359,137,21,2,1
1359,137,22,2,1
1359,137,23,2,1
1359,137,24,2,1
1359,137,25,2,1
1359,137,26,2,1
1359,137,27,2,1
1359,137,28,2,1
1359,137,29,2,1
1359,137,30,2,1
1359,137,31,2,1
1359,137,32,2,1
1359,137,33,2,1
1359,137,34,2,1
1359,137,35,2,1
1359,137,36,2,1
1359,137,37,2,1
1359,137,38,2,1
1359,137,39,2,1
1359,137,40,2,1
1359,137,41,2,1
1359,137,42,2,1
1359,137,43,2,1
1359,137,44,2,1
1359,137,45,2,1
1359,137,46,2,1
1359,137,47,2,1
1359,137,48,2,1
1359,137,49,2,1
1359,137,50,2,1
1360,137,1,2,1
1360,137,2,2,1
1360,137,3,2,1
1360,137,4,2,1
1360,137,5,2,1
1360,137,6,2,1
1360,137,7,2,1
1360,137,8,2,1
1360,137,9,2,1
1360,137,10,2,1
1360,137,11,2,1
1360,137,12,2,1
1360,137,13,2,1
1360,137,14,2,1
1360,137,15,2,1
1360,137,16,2,1
1360,137,17,2,1
1360,137,18,2,1
1360,137,19,2,1
1360,137,20,2,1
1360,137,21,2,1
1360,137,22,2,1
1360,137,23,2,1
1360,137,24,2,1
1360,137,25,2,1
1360,137,26,2,1
1360,137,27,2,1
1360,137,28,2,1
1360,137,29,2,1
1360,137,30,2,1
1360,137,31,2,1
1360,137,32,2,1
1360,137,33,2,1
1360,137,34,2,1
1360,137,35,2,1
1360,137,36,2,1
1360,137,37,2,1
1360,137,38,2,1
1360,137,39,2,1
1360,137,40,2,1
1360,137,41,2,1
1360,137,42,2,1
1360,137,43,2,1
1360,137,44,2,1
1360,137,45,2,1
1360,137,46,2,1
1360,137,47,2,1
1360,137,48,2,1
1360,137,49,2,1
1360,137,50,2,1
1361,137,1,2,1
1361,137,2,2,1
1361,137,3,2,1
1361,137,4,2,1
1361,137,5,2,1
1361,137,6,2,1
1361,137,7,2,1
1361,137,8,2,1
1361,137,9,2,1
1361,137,10,2,1
1361,137,11,2,1
1361,137,12,2,1
1361,137,13,2,1
1361,137,14,2,1
1361,137,15,2,1
1361,137,16,2,1
1361,137,17,2,1
1361,137,18,2,1
1361,137,19,2,1
1361,137,20,2,1
1361,137,21,2,1
1361,137,22,2,1
1361,137,23,2,1
1361,137,24,2,1
1361,137,25,2,1
1361,137,26,2,1
1361,137,27,2,1
1361,137,28,2,1
1361,137,29,2,1
1361,137,30,2,1
1361,137,31,2,1
1361,137,32,2,1
1361,137,33,2,1
1361,137,34,2,1
1361,137,35,2,1
1361,137,36,2,1
1361,137,37,2,1
1361,137,38,2,1
1361,137,39,2,1
1361,137,40,2,1
1361,137,41,2,1
1361,137,42,2,1
1361,137,43,2,1
1361,137,44,2,1
1361,137,45,2,1
1361,137,46,2,1
1361,137,47,2,1
1361,137,48,2,1
1361,137,49,2,1
1361,137,50,2,1
1362,137,1,2,1
1362,137,2,2,1
1362,137,3,2,1
1362,137,4,2,1
1362,137,5,2,1
1362,137,6,2,1
1362,137,7,2,1
1362,137,8,2,1
1362,137,9,2,1
1362,137,10,2,1
1362,137,11,2,1
1362,137,12,2,1
1362,137,13,2,1
1362,137,14,2,1
1362,137,15,2,1
1362,137,16,2,1
1362,137,17,2,1
1362,137,18,2,1
1362,137,19,2,1
1362,137,20,2,1
1362,137,21,2,1
1362,137,22,2,1
1362,137,23,2,1
1362,137,24,2,1
1362,137,25,2,1
1362,137,26,2,1
1362,137,27,2,1
1362,137,28,2,1
1362,137,29,2,1
1362,137,30,2,1
1362,137,31,2,1
1362,137,32,2,1
1362,137,33,2,1
1362,137,34,2,1
1362,137,35,2,1
1362,137,36,2,1
1362,137,37,2,1
1362,137,38,2,1
1362,137,39,2,1
1362,137,40,2,1
1362,137,41,2,1
1362,137,42,2,1
1362,137,43,2,1
1362,137,44,2,1
1362,137,45,2,1
1362,137,46,2,1
1362,137,47,2,1
1362,137,48,2,1
1362,137,49,2,1
1362,137,50,2,1
1362,136,1,1,1
1362,136,2,1,1
1362,136,3,1,1
1362,136,4,1,1
1362,136,5,1,1
1362,136,6,1,1
1362,136,7,1,1
1362,136,8,1,1
1362,136,9,1,1
1362,136,10,1,1
1362,136,11,1,1
1362,136,12,1,1
1362,136,13,1,1
1362,136,14,1,1
1362,136,15,1,1
1362,136,16,1,1
1362,136,17,1,1
1362,136,18,1,1
1362,136,19,1,1
1362,136,20,1,1
1362,136,21,1,1
1362,136,22,1,1
1362,136,23,1,1
1362,136,24,1,1
1362,136,25,1,1
1362,136,26,1,1
1362,136,27,1,1
1362,136,28,1,1
1362,136,29,1,1
1362,136,30,1,1
1362,136,31,1,1
1362,136,32,1,1
1362,136,33,1,1
1362,136,34,1,1
1362,136,35,1,1
1362,136,36,1,1
1362,136,37,1,1
1362,136,38,1,1
1362,136,39,1,1
1362,136,40,1,1
1362,136,41,1,1
1362,136,42,1,1
1362,136,43,1,1
1362,136,44,1,1
1362,136,45,1,1
1362,136,46,1,1
1362,136,47,1,1
1362,136,48,1,1
1362,136,49,1,1
1362,136,50,1,1
1363,137,1,2,1
1363,137,2,2,1
1363,137,3,2,1
1363,137,4,2,1
1363,137,5,2,1
1363,137,6,2,1
1363,137,7,2,1
1363,137,8,2,1
1363,137,9,2,1
1363,137,10,2,1
1363,137,11,2,1
1363,137,12,2,1
1363,137,13,2,1
1363,137,14,2,1
1363,137,15,2,1
1363,137,16,2,1
1363,137,17,2,1
1363,137,18,2,1
1363,137,19,2,1
1363,137,20,2,1
1363,137,21,2,1
1363,137,22,2,1
1363,137,23,2,1
1363,137,24,2,1
1363,137,25,2,1
1363,137,26,2,1
1363,137,27,2,1
1363,137,28,2,1
1363,137,29,2,1
1363,137,30,2,1
1363,137,31,2,1
1363,137,32,2,1
1363,137,33,2,1
1363,137,34,2,1
1363,137,35,2,1
1363,137,36,2,1
1363,137,37,2,1
1363,137,38,2,1
1363,137,39,2,1
1363,137,40,2,1
1363,137,41,2,1
1363,137,42,2,1
1363,137,43,2,1
1363,137,44,2,1
1363,137,45,2,1
1363,137,46,2,1
1363,137,47,2,1
1363,137,48,2,1
1363,137,49,2,1
1363,137,50,2,1
1364,136,1,2,1
1364,136,2,2,1
1364,136,3,2,1
1364,136,4,2,1
1364,136,5,2,1
1364,136,6,2,1
1364,136,7,2,1
1364,136,8,2,1
1364,136,9,2,1
1364,136,10,2,1
1364,136,11,2,1
1364,136,12,2,1
1364,136,13,2,1
1364,136,14,2,1
1364,136,15,2,1
1364,136,16,2,1
1364,136,17,2,1
1364,136,18,2,1
1364,136,19,2,1
1364,136,20,2,1
1364,136,21,2,1
1364,136,22,2,1
1364,136,23,2,1
1364,136,24,2,1
1364,136,25,2,1
1364,136,26,2,1
1364,136,27,2,1
1364,136,28,2,1
1364,136,29,2,1
1364,136,30,2,1
1364,136,31,2,1
1364,136,32,2,1
1364,136,33,2,1
1364,136,34,2,1
1364,136,35,2,1
1364,136,36,2,1
1364,136,37,2,1
1364,136,38,2,1
1364,136,39,2,1
1364,136,40,2,1
1364,136,41,2,1
1364,136,42,2,1
1364,136,43,2,1
1364,136,44,2,1
1364,136,45,2,1
1364,136,46,2,1
1364,136,47,2,1
1364,136,48,2,1
1364,136,49,2,1
1364,136,50,2,1
1365,136,1,2,1
1365,136,2,2,1
1365,136,3,2,1
1365,136,4,2,1
1365,136,5,2,1
1365,136,6,2,1
1365,136,7,2,1
1365,136,8,2,1
1365,136,9,2,1
1365,136,10,2,1
1365,136,11,2,1
1365,136,12,2,1
1365,136,13,2,1
1365,136,14,2,1
1365,136,15,2,1
1365,136,16,2,1
1365,136,17,2,1
1365,136,18,2,1
1365,136,19,2,1
1365,136,20,2,1
1365,136,21,2,1
1365,136,22,2,1
1365,136,23,2,1
1365,136,24,2,1
1365,136,25,2,1
1365,136,26,2,1
1365,136,27,2,1
1365,136,28,2,1
1365,136,29,2,1
1365,136,30,2,1
1365,136,31,2,1
1365,136,32,2,1
1365,136,33,2,1
1365,136,34,2,1
1365,136,35,2,1
1365,136,36,2,1
1365,136,37,2,1
1365,136,38,2,1
1365,136,39,2,1
1365,136,40,2,1
1365,136,41,2,1
1365,136,42,2,1
1365,136,43,2,1
1365,136,44,2,1
1365,136,45,2,1
1365,136,46,2,1
1365,136,47,2,1
1365,136,48,2,1
1365,136,49,2,1
1365,136,50,2,1
1366,136,1,2,1
1366,136,2,2,1
1366,136,3,2,1
1366,136,4,2,1
1366,136,5,2,1
1366,136,6,2,1
1366,136,7,2,1
1366,136,8,2,1
1366,136,9,2,1
1366,136,10,2,1
1366,136,11,2,1
1366,136,12,2,1
1366,136,13,2,1
1366,136,14,2,1
1366,136,15,2,1
1366,136,16,2,1
1366,136,17,2,1
1366,136,18,2,1
1366,136,19,2,1
1366,136,20,2,1
1366,136,21,2,1
1366,136,22,2,1
1366,136,23,2,1
1366,136,24,2,1
1366,136,25,2,1
1366,136,26,2,1
1366,136,27,2,1
1366,136,28,2,1
1366,136,29,2,1
1366,136,30,2,1
1366,136,31,2,1
1366,136,32,2,1
1366,136,33,2,1
1366,136,34,2,1
1366,136,35,2,1
1366,136,36,2,1
1366,136,37,2,1
1366,136,38,2,1
1366,136,39,2,1
1366,136,40,2,1
1366,136,41,2,1
1366,136,42,2,1
1366,136,43,2,1
1366,136,44,2,1
1366,136,45,2,1
1366,136,46,2,1
1366,136,47,2,1
1366,136,48,2,1
1366,136,49,2,1
1366,136,50,2,1
1367,136,1,2,1
1367,136,2,2,1
1367,136,3,2,1
1367,136,4,2,1
1367,136,5,2,1
1367,136,6,2,1
1367,136,7,2,1
1367,136,8,2,1
1367,136,9,2,1
1367,136,10,2,1
1367,136,11,2,1
1367,136,12,2,1
1367,136,13,2,1
1367,136,14,2,1
1367,136,15,2,1
1367,136,16,2,1
1367,136,17,2,1
1367,136,18,2,1
1367,136,19,2,1
1367,136,20,2,1
1367,136,21,2,1
1367,136,22,2,1
1367,136,23,2,1
1367,136,24,2,1
1367,136,25,2,1
1367,136,26,2,1
1367,136,27,2,1
1367,136,28,2,1
1367,136,29,2,1
1367,136,30,2,1
1367,136,31,2,1
1367,136,32,2,1
1367,136,33,2,1
1367,136,34,2,1
1367,136,35,2,1
1367,136,36,2,1
1367,136,37,2,1
1367,136,38,2,1
1367,136,39,2,1
1367,136,40,2,1
1367,136,41,2,1
1367,136,42,2,1
1367,136,43,2,1
1367,136,44,2,1
1367,136,45,2,1
1367,136,46,2,1
1367,136,47,2,1
1367,136,48,2,1
1367,136,49,2,1
1367,136,50,2,1
1368,136,1,2,1
1368,136,2,2,1
1368,136,3,2,1
1368,136,4,2,1
1368,136,5,2,1
1368,136,6,2,1
1368,136,7,2,1
1368,136,8,2,1
1368,136,9,2,1
1368,136,10,2,1
1368,136,11,2,1
1368,136,12,2,1
1368,136,13,2,1
1368,136,14,2,1
1368,136,15,2,1
1368,136,16,2,1
1368,136,17,2,1
1368,136,18,2,1
1368,136,19,2,1
1368,136,20,2,1
1368,136,21,2,1
1368,136,22,2,1
1368,136,23,2,1
1368,136,24,2,1
1368,136,25,2,1
1368,136,26,2,1
1368,136,27,2,1
1368,136,28,2,1
1368,136,29,2,1
1368,136,30,2,1
1368,136,31,2,1
1368,136,32,2,1
1368,136,33,2,1
1368,136,34,2,1
1368,136,35,2,1
1368,136,36,2,1
1368,136,37,2,1
1368,136,38,2,1
1368,136,39,2,1
1368,136,40,2,1
1368,136,41,2,1
1368,136,42,2,1
1368,136,43,2,1
1368,136,44,2,1
1368,136,45,2,1
1368,136,46,2,1
1368,136,47,2,1
1368,136,48,2,1
1368,136,49,2,1
1368,136,50,2,1
1369,136,1,2,1
1369,136,2,2,1
1369,136,3,2,1
1369,136,4,2,1
1369,136,5,2,1
1369,136,6,2,1
1369,136,7,2,1
1369,136,8,2,1
1369,136,9,2,1
1369,136,10,2,1
1369,136,11,2,1
1369,136,12,2,1
1369,136,13,2,1
1369,136,14,2,1
1369,136,15,2,1
1369,136,16,2,1
1369,136,17,2,1
1369,136,18,2,1
1369,136,19,2,1
1369,136,20,2,1
1369,136,21,2,1
1369,136,22,2,1
1369,136,23,2,1
1369,136,24,2,1
1369,136,25,2,1
1369,136,26,2,1
1369,136,27,2,1
1369,136,28,2,1
1369,136,29,2,1
1369,136,30,2,1
1369,136,31,2,1
1369,136,32,2,1
1369,136,33,2,1
1369,136,34,2,1
1369,136,35,2,1
1369,136,36,2,1
1369,136,37,2,1
1369,136,38,2,1
1369,136,39,2,1
1369,136,40,2,1
1369,136,41,2,1
1369,136,42,2,1
1369,136,43,2,1
1369,136,44,2,1
1369,136,45,2,1
1369,136,46,2,1
1369,136,47,2,1
1369,136,48,2,1
1369,136,49,2,1
1369,136,50,2,1
1370,136,1,2,1
1370,136,2,2,1
1370,136,3,2,1
1370,136,4,2,1
1370,136,5,2,1
1370,136,6,2,1
1370,136,7,2,1
1370,136,8,2,1
1370,136,9,2,1
1370,136,10,2,1
1370,136,11,2,1
1370,136,12,2,1
1370,136,13,2,1
1370,136,14,2,1
1370,136,15,2,1
1370,136,16,2,1
1370,136,17,2,1
1370,136,18,2,1
1370,136,19,2,1
1370,136,20,2,1
1370,136,21,2,1
1370,136,22,2,1
1370,136,23,2,1
1370,136,24,2,1
1370,136,25,2,1
1370,136,26,2,1
1370,136,27,2,1
1370,136,28,2,1
1370,136,29,2,1
1370,136,30,2,1
1370,136,31,2,1
1370,136,32,2,1
1370,136,33,2,1
1370,136,34,2,1
1370,136,35,2,1
1370,136,36,2,1
1370,136,37,2,1
1370,136,38,2,1
1370,136,39,2,1
1370,136,40,2,1
1370,136,41,2,1
1370,136,42,2,1
1370,136,43,2,1
1370,136,44,2,1
1370,136,45,2,1
1370,136,46,2,1
1370,136,47,2,1
1370,136,48,2,1
1370,136,49,2,1
1370,136,50,2,1
1370,135,1,1,1
1370,135,2,1,1
1370,135,3,1,1
1370,135,4,1,1
1370,135,5,1,1
1370,135,6,1,1
1370,135,7,1,1
1370,135,8,1,1
1370,135,9,1,1
1370,135,10,1,1
1370,135,11,1,1
1370,135,12,1,1
1370,135,13,1,1
1370,135,14,1,1
1370,135,15,1,1
1370,135,16,1,1
1370,135,17,1,1
1370,135,18,1,1
1370,135,19,1,1
1370,135,20,1,1
1370,135,21,1,1
1370,135,22,1,1
1370,135,23,1,1
1370,135,24,1,1
1370,135,25,1,1
1370,135,26,1,1
1370,135,27,1,1
1370,135,28,1,1
1370,135,29,1,1
1370,135,30,1,1
1370,135,31,1,1
1370,135,32,1,1
1370,135,33,1,1
1370,135,34,1,1
1370,135,35,1,1
1370,135,36,1,1
1370,135,37,1,1
1370,135,38,1,1
1370,135,39,1,1
1370,135,40,1,1
1370,135,41,1,1
1370,135,42,1,1
1370,135,43,1,1
1370,135,44,1,1
1370,135,45,1,1
1370,135,46,1,1
1370,135,47,1,1
1370,135,48,1,1
1370,135,49,1,1
1370,135,50,1,1
1371,136,1,2,1
1371,136,2,2,1
1371,136,3,2,1
1371,136,4,2,1
1371,136,5,2,1
1371,136,6,2,1
1371,136,7,2,1
1371,136,8,2,1
1371,136,9,2,1
1371,136,10,2,1
1371,136,11,2,1
1371,136,12,2,1
1371,136,13,2,1
1371,136,14,2,1
1371,136,15,2,1
1371,136,16,2,1
1371,136,17,2,1
1371,136,18,2,1
1371,136,19,2,1
1371,136,20,2,1
1371,136,21,2,1
1371,136,22,2,1
1371,136,23,2,1
1371,136,24,2,1
1371,136,25,2,1
1371,136,26,2,1
1371,136,27,2,1
1371,136,28,2,1
1371,136,29,2,1
1371,136,30,2,1
1371,136,31,2,1
1371,136,32,2,1
1371,136,33,2,1
1371,136,34,2,1
1371,136,35,2,1
1371,136,36,2,1
1371,136,37,2,1
1371,136,38,2,1
1371,136,39,2,1
1371,136,40,2,1
1371,136,41,2,1
1371,136,42,2,1
1371,136,43,2,1
1371,136,44,2,1
1371,136,45,2,1
1371,136,46,2,1
1371,136,47,2,1
1371,136,48,2,1
1371,136,49,2,1
1371,136,50,2,1
1372,135,1,2,1
1372,135,2,2,1
1372,135,3,2,1
1372,135,4,2,1
1372,135,5,2,1
1372,135,6,2,1
1372,135,7,2,1
1372,135,8,2,1
1372,135,9,2,1
1372,135,10,2,1
1372,135,11,2,1
1372,135,12,2,1
1372,135,13,2,1
1372,135,14,2,1
1372,135,15,2,1
1372,135,16,2,1
1372,135,17,2,1
1372,135,18,2,1
1372,135,19,2,1
1372,135,20,2,1
1372,135,21,2,1
1372,135,22,2,1
1372,135,23,2,1
1372,135,24,2,1
1372,135,25,2,1
1372,135,26,2,1
1372,135,27,2,1
1372,135,28,2,1
1372,135,29,2,1
1372,135,30,2,1
1372,135,31,2,1
1372,135,32,2,1
1372,135,33,2,1
1372,135,34,2,1
1372,135,35,2,1
1372,135,36,2,1
1372,135,37,2,1
1372,135,38,2,1
1372,135,39,2,1
1372,135,40,2,1
1372,135,41,2,1
1372,135,42,2,1
1372,135,43,2,1
1372,135,44,2,1
1372,135,45,2,1
1372,135,46,2,1
1372,135,47,2,1
1372,135,48,2,1
1372,135,49,2,1
1372,135,50,2,1
1373,135,1,2,1
1373,135,2,2,1
1373,135,3,2,1
1373,135,4,2,1
1373,135,5,2,1
1373,135,6,2,1
1373,135,7,2,1
1373,135,8,2,1
1373,135,9,2,1
1373,135,10,2,1
1373,135,11,2,1
1373,135,12,2,1
1373,135,13,2,1
1373,135,14,2,1
1373,135,15,2,1
1373,135,16,2,1
1373,135,17,2,1
1373,135,18,2,1
1373,135,19,2,1
1373,135,20,2,1
1373,135,21,2,1
1373,135,22,2,1
1373,135,23,2,1
1373,135,24,2,1
1373,135,25,2,1
1373,135,26,2,1
1373,135,27,2,1
1373,135,28,2,1
1373,135,29,2,1
1373,135,30,2,1
1373,135,31,2,1
1373,135,32,2,1
1373,135,33,2,1
1373,135,34,2,1
1373,135,35,2,1
1373,135,36,2,1
1373,135,37,2,1
1373,135,38,2,1
1373,135,39,2,1
1373,135,40,2,1
1373,135,41,2,1
1373,135,42,2,1
1373,135,43,2,1
1373,135,44,2,1
1373,135,45,2,1
1373,135,46,2,1
1373,135,47,2,1
1373,135,48,2,1
1373,135,49,2,1
1373,135,50,2,1
1374,135,1,2,1
1374,135,2,2,1
1374,135,3,2,1
1374,135,4,2,1
1374,135,5,2,1
1374,135,6,2,1
1374,135,7,2,1
1374,135,8,2,1
1374,135,9,2,1
1374,135,10,2,1
1374,135,11,2,1
1374,135,12,2,1
1374,135,13,2,1
1374,135,14,2,1
1374,135,15,2,1
1374,135,16,2,1
1374,135,17,2,1
1374,135,18,2,1
1374,135,19,2,1
1374,135,20,2,1
1374,135,21,2,1
1374,135,22,2,1
1374,135,23,2,1
1374,135,24,2,1
1374,135,25,2,1
1374,135,26,2,1
1374,135,27,2,1
1374,135,28,2,1
1374,135,29,2,1
1374,135,30,2,1
1374,135,31,2,1
1374,135,32,2,1
1374,135,33,2,1
1374,135,34,2,1
1374,135,35,2,1
1374,135,36,2,1
1374,135,37,2,1
1374,135,38,2,1
1374,135,39,2,1
1374,135,40,2,1
1374,135,41,2,1
1374,135,42,2,1
1374,135,43,2,1
1374,135,44,2,1
1374,135,45,2,1
1374,135,46,2,1
1374,135,47,2,1
1374,135,48,2,1
1374,135,49,2,1
1374,135,50,2,1
1375,135,1,2,1
1375,135,2,2,1
1375,135,3,2,1
1375,135,4,2,1
1375,135,5,2,1
1375,135,6,2,1
1375,135,7,2,1
1375,135,8,2,1
1375,135,9,2,1
1375,135,10,2,1
1375,135,11,2,1
1375,135,12,2,1
1375,135,13,2,1
1375,135,14,2,1
1375,135,15,2,1
1375,135,16,2,1
1375,135,17,2,1
1375,135,18,2,1
1375,135,19,2,1
1375,135,20,2,1
1375,135,21,2,1
1375,135,22,2,1
1375,135,23,2,1
1375,135,24,2,1
1375,135,25,2,1
1375,135,26,2,1
1375,135,27,2,1
1375,135,28,2,1
1375,135,29,2,1
1375,135,30,2,1
1375,135,31,2,1
1375,135,32,2,1
1375,135,33,2,1
1375,135,34,2,1
1375,135,35,2,1
1375,135,36,2,1
1375,135,37,2,1
1375,135,38,2,1
1375,135,39,2,1
1375,135,40,2,1
1375,135,41,2,1
1375,135,42,2,1
1375,135,43,2,1
1375,135,44,2,1
1375,135,45,2,1
1375,135,46,2,1
1375,135,47,2,1
1375,135,48,2,1
1375,135,49,2,1
1375,135,50,2,1
1376,135,1,2,1
1376,135,2,2,1
1376,135,3,2,1
1376,135,4,2,1
1376,135,5,2,1
1376,135,6,2,1
1376,135,7,2,1
1376,135,8,2,1
1376,135,9,2,1
1376,135,10,2,1
1376,135,11,2,1
1376,135,12,2,1
1376,135,13,2,1
1376,135,14,2,1
1376,135,15,2,1
1376,135,16,2,1
1376,135,17,2,1
1376,135,18,2,1
1376,135,19,2,1
1376,135,20,2,1
1376,135,21,2,1
1376,135,22,2,1
1376,135,23,2,1
1376,135,24,2,1
1376,135,25,2,1
1376,135,26,2,1
1376,135,27,2,1
1376,135,28,2,1
1376,135,29,2,1
1376,135,30,2,1
1376,135,31,2,1
1376,135,32,2,1
1376,135,33,2,1
1376,135,34,2,1
1376,135,35,2,1
1376,135,36,2,1
1376,135,37,2,1
1376,135,38,2,1
1376,135,39,2,1
1376,135,40,2,1
1376,135,41,2,1
1376,135,42,2,1
1376,135,43,2,1
1376,135,44,2,1
1376,135,45,2,1
1376,135,46,2,1
1376,135,47,2,1
1376,135,48,2,1
1376,135,49,2,1
1376,135,50,2,1
1377,135,1,2,1
1377,135,2,2,1
1377,135,3,2,1
1377,135,4,2,1
1377,135,5,2,1
1377,135,6,2,1
1377,135,7,2,1
1377,135,8,2,1
1377,135,9,2,1
1377,135,10,2,1
1377,135,11,2,1
1377,135,12,2,1
1377,135,13,2,1
1377,135,14,2,1
1377,135,15,2,1
1377,135,16,2,1
1377,135,17,2,1
1377,135,18,2,1
1377,135,19,2,1
1377,135,20,2,1
1377,135,21,2,1
1377,135,22,2,1
1377,135,23,2,1
1377,135,24,2,1
1377,135,25,2,1
1377,135,26,2,1
1377,135,27,2,1
1377,135,28,2,1
1377,135,29,2,1
1377,135,30,2,1
1377,135,31,2,1
1377,135,32,2,1
1377,135,33,2,1
1377,135,34,2,1
1377,135,35,2,1
1377,135,36,2,1
1377,135,37,2,1
1377,135,38,2,1
1377,135,39,2,1
1377,135,40,2,1
1377,135,41,2,1
1377,135,42,2,1
1377,135,43,2,1
1377,135,44,2,1
1377,135,45,2,1
1377,135,46,2,1
1377,135,47,2,1
1377,135,48,2,1
1377,135,49,2,1
1377,135,50,2,1
1378,135,1,2,1
1378,135,2,2,1
1378,135,3,2,1
1378,135,4,2,1
1378,135,5,2,1
1378,135,6,2,1
1378,135,7,2,1
1378,135,8,2,1
1378,135,9,2,1
1378,135,10,2,1
1378,135,11,2,1
1378,135,12,2,1
1378,135,13,2,1
1378,135,14,2,1
1378,135,15,2,1
1378,135,16,2,1
1378,135,17,2,1
1378,135,18,2,1
1378,135,19,2,1
1378,135,20,2,1
1378,135,21,2,1
1378,135,22,2,1
1378,135,23,2,1
1378,135,24,2,1
1378,135,25,2,1
1378,135,26,2,1
1378,135,27,2,1
1378,135,28,2,1
1378,135,29,2,1
1378,135,30,2,1
1378,135,31,2,1
1378,135,32,2,1
1378,135,33,2,1
1378,135,34,2,1
1378,135,35,2,1
1378,135,36,2,1
1378,135,37,2,1
1378,135,38,2,1
1378,135,39,2,1
1378,135,40,2,1
1378,135,41,2,1
1378,135,42,2,1
1378,135,43,2,1
1378,135,44,2,1
1378,135,45,2,1
1378,135,46,2,1
1378,135,47,2,1
1378,135,48,2,1
1378,135,49,2,1
1378,135,50,2,1
1379,135,1,2,1
1379,135,2,2,1
1379,135,3,2,1
1379,135,4,2,1
1379,135,5,2,1
1379,135,6,2,1
1379,135,7,2,1
1379,135,8,2,1
1379,135,9,2,1
1379,135,10,2,1
1379,135,11,2,1
1379,135,12,2,1
1379,135,13,2,1
1379,135,14,2,1
1379,135,15,2,1
1379,135,16,2,1
1379,135,17,2,1
1379,135,18,2,1
1379,135,19,2,1
1379,135,20,2,1
1379,135,21,2,1
1379,135,22,2,1
1379,135,23,2,1
1379,135,24,2,1
1379,135,25,2,1
1379,135,26,2,1
1379,135,27,2,1
1379,135,28,2,1
1379,135,29,2,1
1379,135,30,2,1
1379,135,31,2,1
1379,135,32,2,1
1379,135,33,2,1
1379,135,34,2,1
1379,135,35,2,1
1379,135,36,2,1
1379,135,37,2,1
1379,135,38,2,1
1379,135,39,2,1
1379,135,40,2,1
1379,135,41,2,1
1379,135,42,2,1
1379,135,43,2,1
1379,135,44,2,1
1379,135,45,2,1
1379,135,46,2,1
1379,135,47,2,1
1379,135,48,2,1
1379,135,49,2,1
1379,135,50,2,1
1379,134,1,1,1
1379,134,2,1,1
1379,134,3,1,1
1379,134,4,1,1
1379,134,5,1,1
1379,134,6,1,1
1379,134,7,1,1
1379,134,8,1,1
1379,134,9,1,1
1379,134,10,1,1
1379,134,11,1,1
1379,134,12,1,1
1379,134,13,1,1
1379,134,14,1,1
1379,134,15,1,1
1379,134,16,1,1
1379,134,17,1,1
1379,134,18,1,1
1379,134,19,1,1
1379,134,20,1,1
1379,134,21,1,1
1379,134,22,1,1
1379,134,23,1,1
1379,134,24,1,1
1379,134,25,1,1
1379,134,26,1,1
1379,134,27,1,1
1379,134,28,1,1
1379,134,29,1,1
1379,134,30,1,1
1379,134,31,1,1
1379,134,32,1,1
1379,134,33,1,1
1379,134,34,1,1
1379,134,35,1,1
1379,134,36,1,1
1379,134,37,1,1
1379,134,38,1,1
1379,134,39,1,1
1379,134,40,1,1
1379,134,41,1,1
1379,134,42,1,1
1379,134,43,1,1
1379,134,44,1,1
1379,134,45,1,1
1379,134,46,1,1
1379,134,47,1,1
1379,134,48,1,1
1379,134,49,1,1
1379,134,50,1,1
1380,135,1,2,1
1380,135,2,2,1
1380,135,3,2,1
1380,135,4,2,1
1380,135,5,2,1
1380,135,6,2,1
1380,135,7,2,1
1380,135,8,2,1
1380,135,9,2,1
1380,135,10,2,1
1380,135,11,2,1
1380,135,12,2,1
1380,135,13,2,1
1380,135,14,2,1
1380,135,15,2,1
1380,135,16,2,1
1380,135,17,2,1
1380,135,18,2,1
1380,135,19,2,1
1380,135,20,2,1
1380,135,21,2,1
1380,135,22,2,1
1380,135,23,2,1
1380,135,24,2,1
1380,135,25,2,1
1380,135,26,2,1
1380,135,27,2,1
1380,135,28,2,1
1380,135,29,2,1
1380,135,30,2,1
1380,135,31,2,1
1380,135,32,2,1
1380,135,33,2,1
1380,135,34,2,1
1380,135,35,2,1
1380,135,36,2,1
1380,135,37,2,1
1380,135,38,2,1
1380,135,39,2,1
1380,135,40,2,1
1380,135,41,2,1
1380,135,42,2,1
1380,135,43,2,1
1380,135,44,2,1
1380,135,45,2,1
1380,135,46,2,1
1380,135,47,2,1
1380,135,48,2,1
1380,135,49,2,1
1380,135,50,2,1
1381,134,1,2,1
1381,134,2,2,1
1381,134,3,2,1
1381,134,4,2,1
1381,134,5,2,1
1381,134,6,2,1
1381,134,7,2,1
1381,134,8,2,1
1381,134,9,2,1
1381,134,10,2,1
1381,134,11,2,1
1381,134,12,2,1
1381,134,13,2,1
1381,134,14,2,1
1381,134,15,2,1
1381,134,16,2,1
1381,134,17,2,1
1381,134,18,2,1
1381,134,19,2,1
1381,134,20,2,1
1381,134,21,2,1
1381,134,22,2,1
1381,134,23,2,1
1381,134,24,2,1
1381,134,25,2,1
1381,134,26,2,1
1381,134,27,2,1
1381,134,28,2,1
1381,134,29,2,1
1381,134,30,2,1
1381,134,31,2,1
1381,134,32,2,1
1381,134,33,2,1
1381,134,34,2,1
1381,134,35,2,1
1381,134,36,2,1
1381,134,37,2,1
1381,134,38,2,1
1381,134,39,2,1
1381,134,40,2,1
1381,134,41,2,1
1381,134,42,2,1
1381,134,43,2,1
1381,134,44,2,1
1381,134,45,2,1
1381,134,46,2,1
1381,134,47,2,1
1381,134,48,2,1
1381,134,49,2,1
1381,134,50,2,1
1382,134,1,2,1
1382,134,2,2,1
1382,134,3,2,1
1382,134,4,2,1
1382,134,5,2,1
1382,134,6,2,1
1382,134,7,2,1
1382,134,8,2,1
1382,134,9,2,1
1382,134,10,2,1
1382,134,11,2,1
1382,134,12,2,1
1382,134,13,2,1
1382,134,14,2,1
1382,134,15,2,1
1382,134,16,2,1
1382,134,17,2,1
1382,134,18,2,1
1382,134,19,2,1
1382,134,20,2,1
1382,134,21,2,1
1382,134,22,2,1
1382,134,23,2,1
1382,134,24,2,1
1382,134,25,2,1
1382,134,26,2,1
1382,134,27,2,1
1382,134,28,2,1
1382,134,29,2,1
1382,134,30,2,1
1382,134,31,2,1
1382,134,32,2,1
1382,134,33,2,1
1382,134,34,2,1
1382,134,35,2,1
1382,134,36,2,1
1382,134,37,2,1
1382,134,38,2,1
1382,134,39,2,1
1382,134,40,2,1
1382,134,41,2,1
1382,134,42,2,1
1382,134,43,2,1
1382,134,44,2,1
1382,134,45,2,1
1382,134,46,2,1
1382,134,47,2,1
1382,134,48,2,1
1382,134,49,2,1
1382,134,50,2,1
1383,134,1,2,1
1383,134,2,2,1
1383,134,3,2,1
1383,134,4,2,1
1383,134,5,2,1
1383,134,6,2,1
1383,134,7,2,1
1383,134,8,2,1
1383,134,9,2,1
1383,134,10,2,1
1383,134,11,2,1
1383,134,12,2,1
1383,134,13,2,1
1383,134,14,2,1
1383,134,15,2,1
1383,134,16,2,1
1383,134,17,2,1
1383,134,18,2,1
1383,134,19,2,1
1383,134,20,2,1
1383,134,21,2,1
1383,134,22,2,1
1383,134,23,2,1
1383,134,24,2,1
1383,134,25,2,1
1383,134,26,2,1
1383,134,27,2,1
1383,134,28,2,1
1383,134,29,2,1
1383,134,30,2,1
1383,134,31,2,1
1383,134,32,2,1
1383,134,33,2,1
1383,134,34,2,1
1383,134,35,2,1
1383,134,36,2,1
1383,134,37,2,1
1383,134,38,2,1
1383,134,39,2,1
1383,134,40,2,1
1383,134,41,2,1
1383,134,42,2,1
1383,134,43,2,1
1383,134,44,2,1
1383,134,45,2,1
1383,134,46,2,1
1383,134,47,2,1
1383,134,48,2,1
1383,134,49,2,1
1383,134,50,2,1
1384,134,1,2,1
1384,134,2,2,1
1384,134,3,2,1
1384,134,4,2,1
1384,134,5,2,1
1384,134,6,2,1
1384,134,7,2,1
1384,134,8,2,1
1384,134,9,2,1
1384,134,10,2,1
1384,134,11,2,1
1384,134,12,2,1
1384,134,13,2,1
1384,134,14,2,1
1384,134,15,2,1
1384,134,16,2,1
1384,134,17,2,1
1384,134,18,2,1
1384,134,19,2,1
1384,134,20,2,1
1384,134,21,2,1
1384,134,22,2,1
1384,134,23,2,1
1384,134,24,2,1
1384,134,25,2,1
1384,134,26,2,1
1384,134,27,2,1
1384,134,28,2,1
1384,134,29,2,1
1384,134,30,2,1
1384,134,31,2,1
1384,134,32,2,1
1384,134,33,2,1
1384,134,34,2,1
1384,134,35,2,1
1384,134,36,2,1
1384,134,37,2,1
1384,134,38,2,1
1384,134,39,2,1
1384,134,40,2,1
1384,134,41,2,1
1384,134,42,2,1
1384,134,43,2,1
1384,134,44,2,1
1384,134,45,2,1
1384,134,46,2,1
1384,134,47,2,1
1384,134,48,2,1
1384,134,49,2,1
1384,134,50,2,1
1385,134,1,2,1
1385,134,2,2,1
1385,134,3,2,1
1385,134,4,2,1
1385,134,5,2,1
1385,134,6,2,1
1385,134,7,2,1
1385,134,8,2,1
1385,134,9,2,1
1385,134,10,2,1
1385,134,11,2,1
1385,134,12,2,1
1385,134,13,2,1
1385,134,14,2,1
1385,134,15,2,1
1385,134,16,2,1
1385,134,17,2,1
1385,134,18,2,1
1385,134,19,2,1
1385,134,20,2,1
1385,134,21,2,1
1385,134,22,2,1
1385,134,23,2,1
1385,134,24,2,1
1385,134,25,2,1
1385,134,26,2,1
1385,134,27,2,1
1385,134,28,2,1
1385,134,29,2,1
1385,134,30,2,1
1385,134,31,2,1
1385,134,32,2,1
1385,134,33,2,1
1385,134,34,2,1
1385,134,35,2,1
1385,134,36,2,1
1385,134,37,2,1
1385,134,38,2,1
1385,134,39,2,1
1385,134,40,2,1
1385,134,41,2,1
1385,134,42,2,1
1385,134,43,2,1
1385,134,44,2,1
1385,134,45,2,1
1385,134,46,2,1
1385,134,47,2,1
1385,134,48,2,1
1385,134,49,2,1
1385,134,50,2,1
1386,134,1,2,1
1386,134,2,2,1
1386,134,3,2,1
1386,134,4,2,1
1386,134,5,2,1
1386,134,6,2,1
1386,134,7,2,1
1386,134,8,2,1
1386,134,9,2,1
1386,134,10,2,1
1386,134,11,2,1
1386,134,12,2,1
1386,134,13,2,1
1386,134,14,2,1
1386,134,15,2,1
1386,134,16,2,1
1386,134,17,2,1
1386,134,18,2,1
1386,134,19,2,1
1386,134,20,2,1
1386,134,21,2,1
1386,134,22,2,1
1386,134,23,2,1
1386,134,24,2,1
1386,134,25,2,1
1386,134,26,2,1
1386,134,27,2,1
1386,134,28,2,1
1386,134,29,2,1
1386,134,30,2,1
1386,134,31,2,1
1386,134,32,2,1
1386,134,33,2,1
1386,134,34,2,1
1386,134,35,2,1
1386,134,36,2,1
1386,134,37,2,1
1386,134,38,2,1
1386,134,39,2,1
1386,134,40,2,1
1386,134,41,2,1
1386,134,42,2,1
1386,134,43,2,1
1386,134,44,2,1
1386,134,45,2,1
1386,134,46,2,1
1386,134,47,2,1
1386,134,48,2,1
1386,134,49,2,1
1386,134,50,2,1
1387,134,1,2,1
1387,134,2,2,1
1387,134,3,2,1
1387,134,4,2,1
1387,134,5,2,1
1387,134,6,2,1
1387,134,7,2,1
1387,134,8,2,1
1387,134,9,2,1
1387,134,10,2,1
1387,134,11,2,1
1387,134,12,2,1
1387,134,13,2,1
1387,134,14,2,1
1387,134,15,2,1
1387,134,16,2,1
1387,134,17,2,1
1387,134,18,2,1
1387,134,19,2,1
1387,134,20,2,1
1387,134,21,2,1
1387,134,22,2,1
1387,134,23,2,1
1387,134,24,2,1
1387,134,25,2,1
1387,134,26,2,1
1387,134,27,2,1
1387,134,28,2,1
1387,134,29,2,1
1387,134,30,2,1
1387,134,31,2,1
1387,134,32,2,1
1387,134,33,2,1
1387,134,34,2,1
1387,134,35,2,1
1387,134,36,2,1
1387,134,37,2,1
1387,134,38,2,1
1387,134,39,2,1
1387,134,40,2,1
1387,134,41,2,1
1387,134,42,2,1
1387,134,43,2,1
1387,134,44,2,1
1387,134,45,2,1
1387,134,46,2,1
1387,134,47,2,1
1387,134,48,2,1
1387,134,49,2,1
1387,134,50,2,1
1388,134,1,2,1
1388,134,2,2,1
1388,134,3,2,1
1388,134,4,2,1
1388,134,5,2,1
1388,134,6,2,1
1388,134,7,2,1
1388,134,8,2,1
1388,134,9,2,1
1388,134,10,2,1
1388,134,11,2,1
1388,134,12,2,1
1388,134,13,2,1
1388,134,14,2,1
1388,134,15,2,1
1388,134,16,2,1
1388,134,17,2,1
1388,134,18,2,1
1388,134,19,2,1
1388,134,20,2,1
1388,134,21,2,1
1388,134,22,2,1
1388,134,23,2,1
1388,134,24,2,1
1388,134,25,2,1
1388,134,26,2,1
1388,134,27,2,1
1388,134,28,2,1
1388,134,29,2,1
1388,134,30,2,1
1388,134,31,2,1
1388,134,32,2,1
1388,134,33,2,1
1388,134,34,2,1
1388,134,35,2,1
1388,134,36,2,1
1388,134,37,2,1
1388,134,38,2,1
1388,134,39,2,1
1388,134,40,2,1
1388,134,41,2,1
1388,134,42,2,1
1388,134,43,2,1
1388,134,44,2,1
1388,134,45,2,1
1388,134,46,2,1
1388,134,47,2,1
1388,134,48,2,1
1388,134,49,2,1
1388,134,50,2,1
1388,133,1,1,1
1388,133,2,1,1
1388,133,3,1,1
1388,133,4,1,1
1388,133,5,1,1
1388,133,6,1,1
1388,133,7,1,1
1388,133,8,1,1
1388,133,9,1,1
1388,133,10,1,1
1388,133,11,1,1
1388,133,12,1,1
1388,133,13,1,1
1388,133,14,1,1
1388,133,15,1,1
1388,133,16,1,1
1388,133,17,1,1
1388,133,18,1,1
1388,133,19,1,1
1388,133,20,1,1
1388,133,21,1,1
1388,133,22,1,1
1388,133,23,1,1
1388,133,24,1,1
1388,133,25,1,1
1388,133,26,1,1
1388,133,27,1,1
1388,133,28,1,1
1388,133,29,1,1
1388,133,30,1,1
1388,133,31,1,1
1388,133,32,1,1
1388,133,33,1,1
1388,133,34,1,1
1388,133,35,1,1
1388,133,36,1,1
1388,133,37,1,1
1388,133,38,1,1
1388,133,39,1,1
1388,133,40,1,1
1388,133,41,1,1
1388,133,42,1,1
1388,133,43,1,1
1388,133,44,1,1
1388,133,45,1,1
1388,133,46,1,1
1388,133,47,1,1
1388,133,48,1,1
1388,133,49,1,1
1388,133,50,1,1
1389,134,1,2,1
1389,134,2,2,1
1389,134,3,2,1
1389,134,4,2,1
1389,134,5,2,1
1389,134,6,2,1
1389,134,7,2,1
1389,134,8,2,1
1389,134,9,2,1
1389,134,10,2,1
1389,134,11,2,1
1389,134,12,2,1
1389,134,13,2,1
1389,134,14,2,1
1389,134,15,2,1
1389,134,16,2,1
1389,134,17,2,1
1389,134,18,2,1
1389,134,19,2,1
1389,134,20,2,1
1389,134,21,2,1
1389,134,22,2,1
1389,134,23,2,1
1389,134,24,2,1
1389,134,25,2,1
1389,134,26,2,1
1389,134,27,2,1
1389,134,28,2,1
1389,134,29,2,1
1389,134,30,2,1
1389,134,31,2,1
1389,134,32,2,1
1389,134,33,2,1
1389,134,34,2,1
1389,134,35,2,1
1389,134,36,2,1
1389,134,37,2,1
1389,134,38,2,1
1389,134,39,2,1
1389,134,40,2,1
1389,134,41,2,1
1389,134,42,2,1
1389,134,43,2,1
1389,134,44,2,1
1389,134,45,2,1
1389,134,46,2,1
1389,134,47,2,1
1389,134,48,2,1
1389,134,49,2,1
1389,134,50,2,1
1390,133,1,2,1
1390,133,2,2,1
1390,133,3,2,1
1390,133,4,2,1
1390,133,5,2,1
1390,133,6,2,1
1390,133,7,2,1
1390,133,8,2,1
1390,133,9,2,1
1390,133,10,2,1
1390,133,11,2,1
1390,133,12,2,1
1390,133,13,2,1
1390,133,14,2,1
1390,133,15,2,1
1390,133,16,2,1
1390,133,17,2,1
1390,133,18,2,1
1390,133,19,2,1
1390,133,20,2,1
1390,133,21,2,1
1390,133,22,2,1
1390,133,23,2,1
1390,133,24,2,1
1390,133,25,2,1
1390,133,26,2,1
1390,133,27,2,1
1390,133,28,2,1
1390,133,29,2,1
1390,133,30,2,1
1390,133,31,2,1
1390,133,32,2,1
1390,133,33,2,1
1390,133,34,2,1
1390,133,35,2,1
1390,133,36,2,1
1390,133,37,2,1
1390,133,38,2,1
1390,133,39,2,1
1390,133,40,2,1
1390,133,41,2,1
1390,133,42,2,1
1390,133,43,2,1
1390,133,44,2,1
1390,133,45,2,1
1390,133,46,2,1
1390,133,47,2,1
1390,133,48,2,1
1390,133,49,2,1
1390,133,50,2,1
1391,133,1,2,1
1391,133,2,2,1
1391,133,3,2,1
1391,133,4,2,1
1391,133,5,2,1
1391,133,6,2,1
1391,133,7,2,1
1391,133,8,2,1
1391,133,9,2,1
1391,133,10,2,1
1391,133,11,2,1
1391,133,12,2,1
1391,133,13,2,1
1391,133,14,2,1
1391,133,15,2,1
1391,133,16,2,1
1391,133,17,2,1
1391,133,18,2,1
1391,133,19,2,1
1391,133,20,2,1
1391,133,21,2,1
1391,133,22,2,1
1391,133,23,2,1
1391,133,24,2,1
1391,133,25,2,1
1391,133,26,2,1
1391,133,27,2,1
1391,133,28,2,1
1391,133,29,2,1
1391,133,30,2,1
1391,133,31,2,1
1391,133,32,2,1
1391,133,33,2,1
1391,133,34,2,1
1391,133,35,2,1
1391,133,36,2,1
1391,133,37,2,1
1391,133,38,2,1
1391,133,39,2,1
1391,133,40,2,1
1391,133,41,2,1
1391,133,42,2,1
1391,133,43,2,1
1391,133,44,2,1
1391,133,45,2,1
1391,133,46,2,1
1391,133,47,2,1
1391,133,48,2,1
1391,133,49,2,1
1391,133,50,2,1
1392,133,1,2,1
1392,133,2,2,1
1392,133,3,2,1
1392,133,4,2,1
1392,133,5,2,1
1392,133,6,2,1
1392,133,7,2,1
1392,133,8,2,1
1392,133,9,2,1
1392,133,10,2,1
1392,133,11,2,1
1392,133,12,2,1
1392,133,13,2,1
1392,133,14,2,1
1392,133,15,2,1
1392,133,16,2,1
1392,133,17,2,1
1392,133,18,2,1
1392,133,19,2,1
1392,133,20,2,1
1392,133,21,2,1
1392,133,22,2,1
1392,133,23,2,1
1392,133,24,2,1
1392,133,25,2,1
1392,133,26,2,1
1392,133,27,2,1
1392,133,28,2,1
1392,133,29,2,1
1392,133,30,2,1
1392,133,31,2,1
1392,133,32,2,1
1392,133,33,2,1
1392,133,34,2,1
1392,133,35,2,1
1392,133,36,2,1
1392,133,37,2,1
1392,133,38,2,1
1392,133,39,2,1
1392,133,40,2,1
1392,133,41,2,1
1392,133,42,2,1
1392,133,43,2,1
1392,133,44,2,1
1392,133,45,2,1
1392,133,46,2,1
1392,133,47,2,1
1392,133,48,2,1
1392,133,49,2,1
1392,133,50,2,1
1393,133,1,2,1
1393,133,2,2,1
1393,133,3,2,1
1393,133,4,2,1
1393,133,5,2,1
1393,133,6,2,1
1393,133,7,2,1
1393,133,8,2,1
1393,133,9,2,1
1393,133,10,2,1
1393,133,11,2,1
1393,133,12,2,1
1393,133,13,2,1
1393,133,14,2,1
1393,133,15,2,1
1393,133,16,2,1
1393,133,17,2,1
1393,133,18,2,1
1393,133,19,2,1
1393,133,20,2,1
1393,133,21,2,1
1393,133,22,2,1
1393,133,23,2,1
1393,133,24,2,1
1393,133,25,2,1
1393,133,26,2,1
1393,133,27,2,1
1393,133,28,2,1
1393,133,29,2,1
1393,133,30,2,1
1393,133,31,2,1
1393,133,32,2,1
1393,133,33,2,1
1393,133,34,2,1
1393,133,35,2,1
1393,133,36,2,1
1393,133,37,2,1
1393,133,38,2,1
1393,133,39,2,1
1393,133,40,2,1
1393,133,41,2,1
1393,133,42,2,1
1393,133,43,2,1
1393,133,44,2,1
1393,133,45,2,1
1393,133,46,2,1
1393,133,47,2,1
1393,133,48,2,1
1393,133,49,2,1
1393,133,50,2,1
1394,133,1,2,1
1394,133,2,2,1
1394,133,3,2,1
1394,133,4,2,1
1394,133,5,2,1
1394,133,6,2,1
1394,133,7,2,1
1394,133,8,2,1
1394,133,9,2,1
1394,133,10,2,1
1394,133,11,2,1
1394,133,12,2,1
1394,133,13,2,1
1394,133,14,2,1
1394,133,15,2,1
1394,133,16,2,1
1394,133,17,2,1
1394,133,18,2,1
1394,133,19,2,1
1394,133,20,2,1
1394,133,21,2,1
1394,133,22,2,1
1394,133,23,2,1
1394,133,24,2,1
1394,133,25,2,1
1394,133,26,2,1
1394,133,27,2,1
1394,133,28,2,1
1394,133,29,2,1
1394,133,30,2,1
1394,133,31,2,1
1394,133,32,2,1
1394,133,33,2,1
1394,133,34,2,1
1394,133,35,2,1
1394,133,36,2,1
1394,133,37,2,1
1394,133,38,2,1
1394,133,39,2,1
1394,133,40,2,1
1394,133,41,2,1
1394,133,42,2,1
1394,133,43,2,1
1394,133,44,2,1
1394,133,45,2,1
1394,133,46,2,1
1394,133,47,2,1
1394,133,48,2,1
1394,133,49,2,1
1394,133,50,2,1
1395,133,1,2,1
1395,133,2,2,1
1395,133,3,2,1
1395,133,4,2,1
1395,133,5,2,1
1395,133,6,2,1
1395,133,7,2,1
1395,133,8,2,1
1395,133,9,2,1
1395,133,10,2,1
1395,133,11,2,1
1395,133,12,2,1
1395,133,13,2,1
1395,133,14,2,1
1395,133,15,2,1
1395,133,16,2,1
1395,133,17,2,1
1395,133,18,2,1
1395,133,19,2,1
1395,133,20,2,1
1395,133,21,2,1
1395,133,22,2,1
1395,133,23,2,1
1395,133,24,2,1
1395,133,25,2,1
1395,133,26,2,1
1395,133,27,2,1
1395,133,28,2,1
1395,133,29,2,1
1395,133,30,2,1
1395,133,31,2,1
1395,133,32,2,1
1395,133,33,2,1
1395,133,34,2,1
1395,133,35,2,1
1395,133,36,2,1
1395,133,37,2,1
1395,133,38,2,1
1395,133,39,2,1
1395,133,40,2,1
1395,133,41,2,1
1395,133,42,2,1
1395,133,43,2,1
1395,133,44,2,1
1395,133,45,2,1
1395,133,46,2,1
1395,133,47,2,1
1395,133,48,2,1
1395,133,49,2,1
1395,133,50,2,1
1396,133,1,2,1
1396,133,2,2,1
1396,133,3,2,1
1396,133,4,2,1
1396,133,5,2,1
1396,133,6,2,1
1396,133,7,2,1
1396,133,8,2,1
1396,133,9,2,1
1396,133,10,2,1
1396,133,11,2,1
1396,133,12,2,1
1396,133,13,2,1
1396,133,14,2,1
1396,133,15,2,1
1396,133,16,2,1
1396,133,17,2,1
1396,133,18,2,1
1396,133,19,2,1
1396,133,20,2,1
1396,133,21,2,1
1396,133,22,2,1
1396,133,23,2,1
1396,133,24,2,1
1396,133,25,2,1
1396,133,26,2,1
1396,133,27,2,1
1396,133,28,2,1
1396,133,29,2,1
1396,133,30,2,1
1396,133,31,2,1
1396,133,32,2,1
1396,133,33,2,1
1396,133,34,2,1
1396,133,35,2,1
1396,133,36,2,1
1396,133,37,2,1
1396,133,38,2,1
1396,133,39,2,1
1396,133,40,2,1
1396,133,41,2,1
1396,133,42,2,1
1396,133,43,2,1
1396,133,44,2,1
1396,133,45,2,1
1396,133,46,2,1
1396,133,47,2,1
1396,133,48,2,1
1396,133,49,2,1
1396,133,50,2,1
1397,133,1,2,1
1397,133,2,2,1
1397,133,3,2,1
1397,133,4,2,1
1397,133,5,2,1
1397,133,6,2,1
1397,133,7,2,1
1397,133,8,2,1
1397,133,9,2,1
1397,133,10,2,1
1397,133,11,2,1
1397,133,12,2,1
1397,133,13,2,1
1397,133,14,2,1
1397,133,15,2,1
1397,133,16,2,1
1397,133,17,2,1
1397,133,18,2,1
1397,133,19,2,1
1397,133,20,2,1
1397,133,21,2,1
1397,133,22,2,1
1397,133,23,2,1
1397,133,24,2,1
1397,133,25,2,1
1397,133,26,2,1
1397,133,27,2,1
1397,133,28,2,1
1397,133,29,2,1
1397,133,30,2,1
1397,133,31,2,1
1397,133,32,2,1
1397,133,33,2,1
1397,133,34,2,1
1397,133,35,2,1
1397,133,36,2,1
1397,133,37,2,1
1397,133,38,2,1
1397,133,39,2,1
1397,133,40,2,1
1397,133,41,2,1
1397,133,42,2,1
1397,133,43,2,1
1397,133,44,2,1
1397,133,45,2,1
1397,133,46,2,1
1397,133,47,2,1
1397,133,48,2,1
1397,133,49,2,1
1397,133,50,2,1
1398,133,1,2,1
1398,133,2,2,1
1398,133,3,2,1
1398,133,4,2,1
1398,133,5,2,1
1398,133,6,2,1
1398,133,7,2,1
1398,133,8,2,1
1398,133,9,2,1
1398,133,10,2,1
1398,133,11,2,1
1398,133,12,2,1
1398,133,13,2,1
1398,133,14,2,1
1398,133,15,2,1
1398,133,16,2,1
1398,133,17,2,1
1398,133,18,2,1
1398,133,19,2,1
1398,133,20,2,1
1398,133,21,2,1
1398,133,22,2,1
1398,133,23,2,1
1398,133,24,2,1
1398,133,25,2,1
1398,133,26,2,1
1398,133,27,2,1
1398,133,28,2,1
1398,133,29,2,1
1398,133,30,2,1
1398,133,31,2,1
1398,133,32,2,1
1398,133,33,2,1
1398,133,34,2,1
1398,133,35,2,1
1398,133,36,2,1
1398,133,37,2,1
1398,133,38,2,1
1398,133,39,2,1
1398,133,40,2,1
1398,133,41,2,1
1398,133,42,2,1
1398,133,43,2,1
1398,133,44,2,1
1398,133,45,2,1
1398,133,46,2,1
1398,133,47,2,1
1398,133,48,2,1
1398,133,49,2,1
1398,133,50,2,1
1398,132,1,1,1
1398,132,2,1,1
1398,132,3,1,1
1398,132,4,1,1
1398,132,5,1,1
1398,132,6,1,1
1398,132,7,1,1
1398,132,8,1,1
1398,132,9,1,1
1398,132,10,1,1
1398,132,11,1,1
1398,132,12,1,1
1398,132,13,1,1
1398,132,14,1,1
1398,132,15,1,1
1398,132,16,1,1
1398,132,17,1,1
1398,132,18,1,1
1398,132,19,1,1
1398,132,20,1,1
1398,132,21,1,1
1398,132,22,1,1
1398,132,23,1,1
1398,132,24,1,1
1398,132,25,1,1
1398,132,26,1,1
1398,132,27,1,1
1398,132,28,1,1
1398,132,29,1,1
1398,132,30,1,1
1398,132,31,1,1
1398,132,32,1,1
1398,132,33,1,1
1398,132,34,1,1
1398,132,35,1,1
1398,132,36,1,1
1398,132,37,1,1
1398,132,38,1,1
1398,132,39,1,1
1398,132,40,1,1
1398,132,41,1,1
1398,132,42,1,1
1398,132,43,1,1
1398,132,44,1,1
1398,132,45,1,1
1398,132,46,1,1
1398,132,47,1,1
1398,132,48,1,1
1398,132,49,1,1
1398,132,50,1,1
1399,133,1,2,1
1399,133,2,2,1
1399,133,3,2,1
1399,133,4,2,1
1399,133,5,2,1
1399,133,6,2,1
1399,133,7,2,1
1399,133,8,2,1
1399,133,9,2,1
1399,133,10,2,1
1399,133,11,2,1
1399,133,12,2,1
1399,133,13,2,1
1399,133,14,2,1
1399,133,15,2,1
1399,133,16,2,1
1399,133,17,2,1
1399,133,18,2,1
1399,133,19,2,1
1399,133,20,2,1
1399,133,21,2,1
1399,133,22,2,1
1399,133,23,2,1
1399,133,24,2,1
1399,133,25,2,1
1399,133,26,2,1
1399,133,27,2,1
1399,133,28,2,1
1399,133,29,2,1
1399,133,30,2,1
1399,133,31,2,1
1399,133,32,2,1
1399,133,33,2,1
1399,133,34,2,1
1399,133,35,2,1
1399,133,36,2,1
1399,133,37,2,1
1399,133,38,2,1
1399,133,39,2,1
1399,133,40,2,1
1399,133,41,2,1
1399,133,42,2,1
1399,133,43,2,1
1399,133,44,2,1
1399,133,45,2,1
1399,133,46,2,1
1399,133,47,2,1
1399,133,48,2,1
1399,133,49,2,1
1399,133,50,2,1
1400,132,1,2,1
1400,132,2,2,1
1400,132,3,2,1
1400,132,4,2,1
1400,132,5,2,1
1400,132,6,2,1
1400,132,7,2,1
1400,132,8,2,1
1400,132,9,2,1
1400,132,10,2,1
1400,132,11,2,1
1400,132,12,2,1
1400,132,13,2,1
1400,132,14,2,1
1400,132,15,2,1
1400,132,16,2,1
1400,132,17,2,1
1400,132,18,2,1
1400,132,19,2,1
1400,132,20,2,1
1400,132,21,2,1
1400,132,22,2,1
1400,132,23,2,1
1400,132,24,2,1
1400,132,25,2,1
1400,132,26,2,1
1400,132,27,2,1
1400,132,28,2,1
1400,132,29,2,1
1400,132,30,2,1
1400,132,31,2,1
1400,132,32,2,1
1400,132,33,2,1
1400,132,34,2,1
1400,132,35,2,1
1400,132,36,2,1
1400,132,37,2,1
1400,132,38,2,1
1400,132,39,2,1
1400,132,40,2,1
1400,132,41,2,1
1400,132,42,2,1
1400,132,43,2,1
1400,132,44,2,1
1400,132,45,2,1
1400,132,46,2,1
1400,132,47,2,1
1400,132,48,2,1
1400,132,49,2,1
1400,132,50,2,1
1401,132,1,2,1
1401,132,2,2,1
1401,132,3,2,1
1401,132,4,2,1
1401,132,5,2,1
1401,132,6,2,1
1401,132,7,2,1
1401,132,8,2,1
1401,132,9,2,1
1401,132,10,2,1
1401,132,11,2,1
1401,132,12,2,1
1401,132,13,2,1
1401,132,14,2,1
1401,132,15,2,1
1401,132,16,2,1
1401,132,17,2,1
1401,132,18,2,1
1401,132,19,2,1
1401,132,20,2,1
1401,132,21,2,1
1401,132,22,2,1
1401,132,23,2,1
1401,132,24,2,1
1401,132,25,2,1
1401,132,26,2,1
1401,132,27,2,1
1401,132,28,2,1
1401,132,29,2,1
1401,132,30,2,1
1401,132,31,2,1
1401,132,32,2,1
1401,132,33,2,1
1401,132,34,2,1
1401,132,35,2,1
1401,132,36,2,1
1401,132,37,2,1
1401,132,38,2,1
1401,132,39,2,1
1401,132,40,2,1
1401,132,41,2,1
1401,132,42,2,1
1401,132,43,2,1
1401,132,44,2,1
1401,132,45,2,1
1401,132,46,2,1
1401,132,47,2,1
1401,132,48,2,1
1401,132,49,2,1
1401,132,50,2,1
1402,132,1,2,1
1402,132,2,2,1
1402,132,3,2,1
1402,132,4,2,1
1402,132,5,2,1
1402,132,6,2,1
1402,132,7,2,1
1402,132,8,2,1
1402,132,9,2,1
1402,132,10,2,1
1402,132,11,2,1
1402,132,12,2,1
1402,132,13,2,1
1402,132,14,2,1
1402,132,15,2,1
1402,132,16,2,1
1402,132,17,2,1
1402,132,18,2,1
1402,132,19,2,1
1402,132,20,2,1
1402,132,21,2,1
1402,132,22,2,1
1402,132,23,2,1
1402,132,24,2,1
1402,132,25,2,1
1402,132,26,2,1
1402,132,27,2,1
1402,132,28,2,1
1402,132,29,2,1
1402,132,30,2,1
1402,132,31,2,1
1402,132,32,2,1
1402,132,33,2,1
1402,132,34,2,1
1402,132,35,2,1
1402,132,36,2,1
1402,132,37,2,1
1402,132,38,2,1
1402,132,39,2,1
1402,132,40,2,1
1402,132,41,2,1
1402,132,42,2,1
1402,132,43,2,1
1402,132,44,2,1
1402,132,45,2,1
1402,132,46,2,1
1402,132,47,2,1
1402,132,48,2,1
1402,132,49,2,1
1402,132,50,2,1
1403,132,1,2,1
1403,132,2,2,1
1403,132,3,2,1
1403,132,4,2,1
1403,132,5,2,1
1403,132,6,2,1
1403,132,7,2,1
1403,132,8,2,1
1403,132,9,2,1
1403,132,10,2,1
1403,132,11,2,1
1403,132,12,2,1
1403,132,13,2,1
1403,132,14,2,1
1403,132,15,2,1
1403,132,16,2,1
1403,132,17,2,1
1403,132,18,2,1
1403,132,19,2,1
1403,132,20,2,1
1403,132,21,2,1
1403,132,22,2,1
1403,132,23,2,1
1403,132,24,2,1
1403,132,25,2,1
1403,132,26,2,1
1403,132,27,2,1
1403,132,28,2,1
1403,132,29,2,1
1403,132,30,2,1
1403,132,31,2,1
1403,132,32,2,1
1403,132,33,2,1
1403,132,34,2,1
1403,132,35,2,1
1403,132,36,2,1
1403,132,37,2,1
1403,132,38,2,1
1403,132,39,2,1
1403,132,40,2,1
1403,132,41,2,1
1403,132,42,2,1
1403,132,43,2,1
1403,132,44,2,1
1403,132,45,2,1
1403,132,46,2,1
1403,132,47,2,1
1403,132,48,2,1
1403,132,49,2,1
1403,132,50,2,1
1404,132,1,2,1
1404,132,2,2,1
1404,132,3,2,1
1404,132,4,2,1
1404,132,5,2,1
1404,132,6,2,1
1404,132,7,2,1
1404,132,8,2,1
1404,132,9,2,1
1404,132,10,2,1
1404,132,11,2,1
1404,132,12,2,1
1404,132,13,2,1
1404,132,14,2,1
1404,132,15,2,1
1404,132,16,2,1
1404,132,17,2,1
1404,132,18,2,1
1404,132,19,2,1
1404,132,20,2,1
1404,132,21,2,1
1404,132,22,2,1
1404,132,23,2,1
1404,132,24,2,1
1404,132,25,2,1
1404,132,26,2,1
1404,132,27,2,1
1404,132,28,2,1
1404,132,29,2,1
1404,132,30,2,1
1404,132,31,2,1
1404,132,32,2,1
1404,132,33,2,1
1404,132,34,2,1
1404,132,35,2,1
1404,132,36,2,1
1404,132,37,2,1
1404,132,38,2,1
1404,132,39,2,1
1404,132,40,2,1
1404,132,41,2,1
1404,132,42,2,1
1404,132,43,2,1
1404,132,44,2,1
1404,132,45,2,1
1404,132,46,2,1
1404,132,47,2,1
1404,132,48,2,1
1404,132,49,2,1
1404,132,50,2,1
1405,132,1,2,1
1405,132,2,2,1
1405,132,3,2,1
1405,132,4,2,1
1405,132,5,2,1
1405,132,6,2,1
1405,132,7,2,1
1405,132,8,2,1
1405,132,9,2,1
1405,132,10,2,1
1405,132,11,2,1
1405,132,12,2,1
1405,132,13,2,1
1405,132,14,2,1
1405,132,15,2,1
1405,132,16,2,1
1405,132,17,2,1
1405,132,18,2,1
1405,132,19,2,1
1405,132,20,2,1
1405,132,21,2,1
1405,132,22,2,1
1405,132,23,2,1
1405,132,24,2,1
1405,132,25,2,1
1405,132,26,2,1
1405,132,27,2,1
1405,132,28,2,1
1405,132,29,2,1
1405,132,30,2,1
1405,132,31,2,1
1405,132,32,2,1
1405,132,33,2,1
1405,132,34,2,1
1405,132,35,2,1
1405,132,36,2,1
1405,132,37,2,1
1405,132,38,2,1
1405,132,39,2,1
1405,132,40,2,1
1405,132,41,2,1
1405,132,42,2,1
1405,132,43,2,1
1405,132,44,2,1
1405,132,45,2,1
1405,132,46,2,1
1405,132,47,2,1
1405,132,48,2,1
1405,132,49,2,1
1405,132,50,2,1
1406,132,1,2,1
1406,132,2,2,1
1406,132,3,2,1
1406,132,4,2,1
1406,132,5,2,1
1406,132,6,2,1
1406,132,7,2,1
1406,132,8,2,1
1406,132,9,2,1
1406,132,10,2,1
1406,132,11,2,1
1406,132,12,2,1
1406,132,13,2,1
1406,132,14,2,1
1406,132,15,2,1
1406,132,16,2,1
1406,132,17,2,1
1406,132,18,2,1
1406,132,19,2,1
1406,132,20,2,1
1406,132,21,2,1
1406,132,22,2,1
1406,132,23,2,1
1406,132,24,2,1
1406,132,25,2,1
1406,132,26,2,1
1406,132,27,2,1
1406,132,28,2,1
1406,132,29,2,1
1406,132,30,2,1
1406,132,31,2,1
1406,132,32,2,1
1406,132,33,2,1
1406,132,34,2,1
1406,132,35,2,1
1406,132,36,2,1
1406,132,37,2,1
1406,132,38,2,1
1406,132,39,2,1
1406,132,40,2,1
1406,132,41,2,1
1406,132,42,2,1
1406,132,43,2,1
1406,132,44,2,1
1406,132,45,2,1
1406,132,46,2,1
1406,132,47,2,1
1406,132,48,2,1
1406,132,49,2,1
1406,132,50,2,1
1407,132,1,2,1
1407,132,2,2,1
1407,132,3,2,1
1407,132,4,2,1
1407,132,5,2,1
1407,132,6,2,1
1407,132,7,2,1
1407,132,8,2,1
1407,132,9,2,1
1407,132,10,2,1
1407,132,11,2,1
1407,132,12,2,1
1407,132,13,2,1
1407,132,14,2,1
1407,132,15,2,1
1407,132,16,2,1
1407,132,17,2,1
1407,132,18,2,1
1407,132,19,2,1
1407,132,20,2,1
1407,132,21,2,1
1407,132,22,2,1
1407,132,23,2,1
1407,132,24,2,1
1407,132,25,2,1
1407,132,26,2,1
1407,132,27,2,1
1407,132,28,2,1
1407,132,29,2,1
1407,132,30,2,1
1407,132,31,2,1
1407,132,32,2,1
1407,132,33,2,1
1407,132,34,2,1
1407,132,35,2,1
1407,132,36,2,1
1407,132,37,2,1
1407,132,38,2,1
1407,132,39,2,1
1407,132,40,2,1
1407,132,41,2,1
1407,132,42,2,1
1407,132,43,2,1
1407,132,44,2,1
1407,132,45,2,1
1407,132,46,2,1
1407,132,47,2,1
1407,132,48,2,1
1407,132,49,2,1
1407,132,50,2,1
1408,132,1,2,1
1408,132,2,2,1
1408,132,3,2,1
1408,132,4,2,1
1408,132,5,2,1
1408,132,6,2,1
1408,132,7,2,1
1408,132,8,2,1
1408,132,9,2,1
1408,132,10,2,1
1408,132,11,2,1
1408,132,12,2,1
1408,132,13,2,1
1408,132,14,2,1
1408,132,15,2,1
1408,132,16,2,1
1408,132,17,2,1
1408,132,18,2,1
1408,132,19,2,1
1408,132,20,2,1
1408,132,21,2,1
1408,132,22,2,1
1408,132,23,2,1
1408,132,24,2,1
1408,132,25,2,1
1408,132,26,2,1
1408,132,27,2,1
1408,132,28,2,1
1408,132,29,2,1
1408,132,30,2,1
1408,132,31,2,1
1408,132,32,2,1
1408,132,33,2,1
1408,132,34,2,1
1408,132,35,2,1
1408,132,36,2,1
1408,132,37,2,1
1408,132,38,2,1
1408,132,39,2,1
1408,132,40,2,1
1408,132,41,2,1
1408,132,42,2,1
1408,132,43,2,1
1408,132,44,2,1
1408,132,45,2,1
1408,132,46,2,1
1408,132,47,2,1
1408,132,48,2,1
1408,132,49,2,1
1408,132,50,2,1
1409,132,1,2,1
1409,132,2,2,1
1409,132,3,2,1
1409,132,4,2,1
1409,132,5,2,1
1409,132,6,2,1
1409,132,7,2,1
1409,132,8,2,1
1409,132,9,2,1
1409,132,10,2,1
1409,132,11,2,1
1409,132,12,2,1
1409,132,13,2,1
1409,132,14,2,1
1409,132,15,2,1
1409,132,16,2,1
1409,132,17,2,1
1409,132,18,2,1
1409,132,19,2,1
1409,132,20,2,1
1409,132,21,2,1
1409,132,22,2,1
1409,132,23,2,1
1409,132,24,2,1
1409,132,25,2,1
1409,132,26,2,1
1409,132,27,2,1
1409,132,28,2,1
1409,132,29,2,1
1409,132,30,2,1
1409,132,31,2,1
1409,132,32,2,1
1409,132,33,2,1
1409,132,34,2,1
1409,132,35,2,1
1409,132,36,2,1
1409,132,37,2,1
1409,132,38,2,1
1409,132,39,2,1
1409,132,40,2,1
1409,132,41,2,1
1409,132,42,2,1
1409,132,43,2,1
1409,132,44,2,1
1409,132,45,2,1
1409,132,46,2,1
1409,132,47,2,1
1409,132,48,2,1
1409,132,49,2,1
1409,132,50,2,1
1409,131,1,1,1
1409,131,2,1,1
1409,131,3,1,1
1409,131,4,1,1
1409,131,5,1,1
1409,131,6,1,1
1409,131,7,1,1
1409,131,8,1,1
1409,131,9,1,1
1409,131,10,1,1
1409,131,11,1,1
1409,131,12,1,1
1409,131,13,1,1
1409,131,14,1,1
1409,131,15,1,1
1409,131,16,1,1
1409,131,17,1,1
1409,131,18,1,1
1409,131,19,1,1
1409,131,20,1,1
1409,131,21,1,1
1409,131,22,1,1
1409,131,23,1,1
1409,131,24,1,1
1409,131,25,1,1
1409,131,26,1,1
1409,131,27,1,1
1409,131,28,1,1
1409,131,29,1,1
1409,131,30,1,1
1409,131,31,1,1
1409,131,32,1,1
1409,131,33,1,1
1409,131,34,1,1
1409,131,35,1,1
1409,131,36,1,1
1409,131,37,1,1
1409,131,38,1,1
1409,131,39,1,1
1409,131,40,1,1
1409,131,41,1,1
1409,131,42,1,1
1409,131,43,1,1
1409,131,44,1,1
1409,131,45,1,1
1409,131,46,1,1
1409,131,47,1,1
1409,131,48,1,1
1409,131,49,1,1
1409,131,50,1,1
1410,132,1,2,1
1410,132,2,2,1
1410,132,3,2,1
1410,132,4,2,1
1410,132,5,2,1
1410,132,6,2,1
1410,132,7,2,1
1410,132,8,2,1
1410,132,9,2,1
1410,132,10,2,1
1410,132,11,2,1
1410,132,12,2,1
1410,132,13,2,1
1410,132,14,2,1
1410,132,15,2,1
1410,132,16,2,1
1410,132,17,2,1
1410,132,18,2,1
1410,132,19,2,1
1410,132,20,2,1
1410,132,21,2,1
1410,132,22,2,1
1410,132,23,2,1
1410,132,24,2,1
1410,132,25,2,1
1410,132,26,2,1
1410,132,27,2,1
1410,132,28,2,1
1410,132,29,2,1
1410,132,30,2,1
1410,132,31,2,1
1410,132,32,2,1
1410,132,33,2,1
1410,132,34,2,1
1410,132,35,2,1
1410,132,36,2,1
1410,132,37,2,1
1410,132,38,2,1
1410,132,39,2,1
1410,132,40,2,1
1410,132,41,2,1
1410,132,42,2,1
1410,132,43,2,1
1410,132,44,2,1
1410,132,45,2,1
1410,132,46,2,1
1410,132,47,2,1
1410,132,48,2,1
1410,132,49,2,1
1410,132,50,2,1
2776,227,1,1,1
2776,227,2,1,1
2776,227,3,1,1
2776,227,4,1,1
2776,227,5,1,1
2776,227,6,1,1
2776,227,7,1,1
2776,227,8,1,1
2776,227,9,1,1
2776,227,10,1,1
2776,227,11,1,1
2776,227,12,1,1
2776,227,13,1,1
2776,227,14,1,1
2776,227,15,1,1
2776,227,16,1,1
2776,227,17,1,1
2776,227,18,1,1
2776,227,19,1,1
2776,227,20,1,1
2776,227,21,1,1
2776,227,22,1,1
2776,227,23,1,1
2776,227,24,1,1
2776,227,25,1,1
2776,227,26,1,1
2776,227,27,1,1
2776,227,28,1,1
2776,227,29,1,1
2776,227,30,1,1
2776,227,31,1,1
2776,227,32,1,1
2776,227,33,1,1
2776,227,34,1,1
2776,227,35,1,1
2776,227,36,1,1
2776,227,37,1,1
2776,227,38,1,1
2776,227,39,1,1
2776,227,40,1,1
2776,227,41,1,1
2776,227,42,1,1
2776,227,43,1,1
2776,227,44,1,1
2776,227,45,1,1
2776,227,46,1,1
2776,227,47,1,1
2776,227,48,1,1
2776,227,49,1,1
2776,227,50,1,1
2776,227,1,2,1
2776,227,2,2,1
2776,227,3,2,1
2776,227,4,2,1
2776,227,5,2,1
2776,227,6,2,1
2776,227,7,2,1
2776,227,8,2,1
2776,227,9,2,1
2776,227,10,2,1
2776,227,11,2,1
2776,227,12,2,1
2776,227,13,2,1
2776,227,14,2,1
2776,227,15,2,1
2776,227,16,2,1
2776,227,17,2,1
2776,227,18,2,1
2776,227,19,2,1
2776,227,20,2,1
2776,227,21,2,1
2776,227,22,2,1
2776,227,23,2,1
2776,227,24,2,1
2776,227,25,2,1
2776,227,26,2,1
2776,227,27,2,1
2776,227,28,2,1
2776,227,29,2,1
2776,227,30,2,1
2776,227,31,2,1
2776,227,32,2,1
2776,227,33,2,1
2776,227,34,2,1
2776,227,35,2,1
2776,227,36,2,1
2776,227,37,2,1
2776,227,38,2,1
2776,227,39,2,1
2776,227,40,2,1
2776,227,41,2,1
2776,227,42,2,1
2776,227,43,2,1
2776,227,44,2,1
2776,227,45,2,1
2776,227,46,2,1
2776,227,47,2,1
2776,227,48,2,1
2776,227,49,2,1
2776,227,50,2,1
2777,227,1,2,1
2777,227,2,2,1
2777,227,3,2,1
2777,227,4,2,1
2777,227,5,2,1
2777,227,6,2,1
2777,227,7,2,1
2777,227,8,2,1
2777,227,9,2,1
2777,227,10,2,1
2777,227,11,2,1
2777,227,12,2,1
2777,227,13,2,1
2777,227,14,2,1
2777,227,15,2,1
2777,227,16,2,1
2777,227,17,2,1
2777,227,18,2,1
2777,227,19,2,1
2777,227,20,2,1
2777,227,21,2,1
2777,227,22,2,1
2777,227,23,2,1
2777,227,24,2,1
2777,227,25,2,1
2777,227,26,2,1
2777,227,27,2,1
2777,227,28,2,1
2777,227,29,2,1
2777,227,30,2,1
2777,227,31,2,1
2777,227,32,2,1
2777,227,33,2,1
2777,227,34,2,1
2777,227,35,2,1
2777,227,36,2,1
2777,227,37,2,1
2777,227,38,2,1
2777,227,39,2,1
2777,227,40,2,1
2777,227,41,2,1
2777,227,42,2,1
2777,227,43,2,1
2777,227,44,2,1
2777,227,45,2,1
2777,227,46,2,1
2777,227,47,2,1
2777,227,48,2,1
2777,227,49,2,1
2777,227,50,2,1
2778,226,1,1,1
2778,226,2,1,1
2778,226,3,1,1
2778,226,4,1,1
2778,226,5,1,1
2778,226,6,1,1
2778,226,7,1,1
2778,226,8,1,1
2778,226,9,1,1
2778,226,10,1,1
2778,226,11,1,1
2778,226,12,1,1
2778,226,13,1,1
2778,226,14,1,1
2778,226,15,1,1
2778,226,16,1,1
2778,226,17,1,1
2778,226,18,1,1
2778,226,19,1,1
2778,226,20,1,1
2778,226,21,1,1
2778,226,22,1,1
2778,226,23,1,1
2778,226,24,1,1
2778,226,25,1,1
2778,226,26,1,1
2778,226,27,1,1
2778,226,28,1,1
2778,226,29,1,1
2778,226,30,1,1
2778,226,31,1,1
2778,226,32,1,1
2778,226,33,1,1
2778,226,34,1,1
2778,226,35,1,1
2778,226,36,1,1
2778,226,37,1,1
2778,226,38,1,1
2778,226,39,1,1
2778,226,40,1,1
2778,226,41,1,1
2778,226,42,1,1
2778,226,43,1,1
2778,226,44,1,1
2778,226,45,1,1
2778,226,46,1,1
2778,226,47,1,1
2778,226,48,1,1
2778,226,49,1,1
2778,226,50,1,1
2778,226,1,2,1
2778,226,2,2,1
2778,226,3,2,1
2778,226,4,2,1
2778,226,5,2,1
2778,226,6,2,1
2778,226,7,2,1
2778,226,8,2,1
2778,226,9,2,1
2778,226,10,2,1
2778,226,11,2,1
2778,226,12,2,1
2778,226,13,2,1
2778,226,14,2,1
2778,226,15,2,1
2778,226,16,2,1
2778,226,17,2,1
2778,226,18,2,1
2778,226,19,2,1
2778,226,20,2,1
2778,226,21,2,1
2778,226,22,2,1
2778,226,23,2,1
2778,226,24,2,1
2778,226,25,2,1
2778,226,26,2,1
2778,226,27,2,1
2778,226,28,2,1
2778,226,29,2,1
2778,226,30,2,1
2778,226,31,2,1
2778,226,32,2,1
2778,226,33,2,1
2778,226,34,2,1
2778,226,35,2,1
2778,226,36,2,1
2778,226,37,2,1
2778,226,38,2,1
2778,226,39,2,1
2778,226,40,2,1
2778,226,41,2,1
2778,226,42,2,1
2778,226,43,2,1
2778,226,44,2,1
2778,226,45,2,1
2778,226,46,2,1
2778,226,47,2,1
2778,226,48,2,1
2778,226,49,2,1
2778,226,50,2,1
2779,226,1,2,1
2779,226,2,2,1
2779,226,3,2,1
2779,226,4,2,1
2779,226,5,2,1
2779,226,6,2,1
2779,226,7,2,1
2779,226,8,2,1
2779,226,9,2,1
2779,226,10,2,1
2779,226,11,2,1
2779,226,12,2,1
2779,226,13,2,1
2779,226,14,2,1
2779,226,15,2,1
2779,226,16,2,1
2779,226,17,2,1
2779,226,18,2,1
2779,226,19,2,1
2779,226,20,2,1
2779,226,21,2,1
2779,226,22,2,1
2779,226,23,2,1
2779,226,24,2,1
2779,226,25,2,1
2779,226,26,2,1
2779,226,27,2,1
2779,226,28,2,1
2779,226,29,2,1
2779,226,30,2,1
2779,226,31,2,1
2779,226,32,2,1
2779,226,33,2,1
2779,226,34,2,1
2779,226,35,2,1
2779,226,36,2,1
2779,226,37,2,1
2779,226,38,2,1
2779,226,39,2,1
2779,226,40,2,1
2779,226,41,2,1
2779,226,42,2,1
2779,226,43,2,1
2779,226,44,2,1
2779,226,45,2,1
2779,226,46,2,1
2779,226,47,2,1
2779,226,48,2,1
2779,226,49,2,1
2779,226,50,2,1
2780,226,1,2,1
2780,226,2,2,1
2780,226,3,2,1
2780,226,4,2,1
2780,226,5,2,1
2780,226,6,2,1
2780,226,7,2,1
2780,226,8,2,1
2780,226,9,2,1
2780,226,10,2,1
2780,226,11,2,1
2780,226,12,2,1
2780,226,13,2,1
2780,226,14,2,1
2780,226,15,2,1
2780,226,16,2,1
2780,226,17,2,1
2780,226,18,2,1
2780,226,19,2,1
2780,226,20,2,1
2780,226,21,2,1
2780,226,22,2,1
2780,226,23,2,1
2780,226,24,2,1
2780,226,25,2,1
2780,226,26,2,1
2780,226,27,2,1
2780,226,28,2,1
2780,226,29,2,1
2780,226,30,2,1
2780,226,31,2,1
2780,226,32,2,1
2780,226,33,2,1
2780,226,34,2,1
2780,226,35,2,1
2780,226,36,2,1
2780,226,37,2,1
2780,226,38,2,1
2780,226,39,2,1
2780,226,40,2,1
2780,226,41,2,1
2780,226,42,2,1
2780,226,43,2,1
2780,226,44,2,1
2780,226,45,2,1
2780,226,46,2,1
2780,226,47,2,1
2780,226,48,2,1
2780,226,49,2,1
2780,226,50,2,1
2781,225,1,1,1
2781,225,2,1,1
2781,225,3,1,1
2781,225,4,1,1
2781,225,5,1,1
2781,225,6,1,1
2781,225,7,1,1
2781,225,8,1,1
2781,225,9,1,1
2781,225,10,1,1
2781,225,11,1,1
2781,225,12,1,1
2781,225,13,1,1
2781,225,14,1,1
2781,225,15,1,1
2781,225,16,1,1
2781,225,17,1,1
2781,225,18,1,1
2781,225,19,1,1
2781,225,20,1,1
2781,225,21,1,1
2781,225,22,1,1
2781,225,23,1,1
2781,225,24,1,1
2781,225,25,1,1
2781,225,26,1,1
2781,225,27,1,1
2781,225,28,1,1
2781,225,29,1,1
2781,225,30,1,1
2781,225,31,1,1
2781,225,32,1,1
2781,225,33,1,1
2781,225,34,1,1
2781,225,35,1,1
2781,225,36,1,1
2781,225,37,1,1
2781,225,38,1,1
2781,225,39,1,1
2781,225,40,1,1
2781,225,41,1,1
2781,225,42,1,1
2781,225,43,1,1
2781,225,44,1,1
2781,225,45,1,1
2781,225,46,1,1
2781,225,47,1,1
2781,225,48,1,1
2781,225,49,1,1
2781,225,50,1,1
2781,225,1,2,1
2781,225,2,2,1
2781,225,3,2,1
2781,225,4,2,1
2781,225,5,2,1
2781,225,6,2,1
2781,225,7,2,1
2781,225,8,2,1
2781,225,9,2,1
2781,225,10,2,1
2781,225,11,2,1
2781,225,12,2,1
2781,225,13,2,1
2781,225,14,2,1
2781,225,15,2,1
2781,225,16,2,1
2781,225,17,2,1
2781,225,18,2,1
2781,225,19,2,1
2781,225,20,2,1
2781,225,21,2,1
2781,225,22,2,1
2781,225,23,2,1
2781,225,24,2,1
2781,225,25,2,1
2781,225,26,2,1
2781,225,27,2,1
2781,225,28,2,1
2781,225,29,2,1
2781,225,30,2,1
2781,225,31,2,1
2781,225,32,2,1
2781,225,33,2,1
2781,225,34,2,1
2781,225,35,2,1
2781,225,36,2,1
2781,225,37,2,1
2781,225,38,2,1
2781,225,39,2,1
2781,225,40,2,1
2781,225,41,2,1
2781,225,42,2,1
2781,225,43,2,1
2781,225,44,2,1
2781,225,45,2,1
2781,225,46,2,1
2781,225,47,2,1
2781,225,48,2,1
2781,225,49,2,1
2781,225,50,2,1
2782,225,1,2,1
2782,225,2,2,1
2782,225,3,2,1
2782,225,4,2,1
2782,225,5,2,1
2782,225,6,2,1
2782,225,7,2,1
2782,225,8,2,1
2782,225,9,2,1
2782,225,10,2,1
2782,225,11,2,1
2782,225,12,2,1
2782,225,13,2,1
2782,225,14,2,1
2782,225,15,2,1
2782,225,16,2,1
2782,225,17,2,1
2782,225,18,2,1
2782,225,19,2,1
2782,225,20,2,1
2782,225,21,2,1
2782,225,22,2,1
2782,225,23,2,1
2782,225,24,2,1
2782,225,25,2,1
2782,225,26,2,1
2782,225,27,2,1
2782,225,28,2,1
2782,225,29,2,1
2782,225,30,2,1
2782,225,31,2,1
2782,225,32,2,1
2782,225,33,2,1
2782,225,34,2,1
2782,225,35,2,1
2782,225,36,2,1
2782,225,37,2,1
2782,225,38,2,1
2782,225,39,2,1
2782,225,40,2,1
2782,225,41,2,1
2782,225,42,2,1
2782,225,43,2,1
2782,225,44,2,1
2782,225,45,2,1
2782,225,46,2,1
2782,225,47,2,1
2782,225,48,2,1
2782,225,49,2,1
2782,225,50,2,1
2783,224,1,1,1
2783,224,2,1,1
2783,224,3,1,1
2783,224,4,1,1
2783,224,5,1,1
2783,224,6,1,1
2783,224,7,1,1
2783,224,8,1,1
2783,224,9,1,1
2783,224,10,1,1
2783,224,11,1,1
2783,224,12,1,1
2783,224,13,1,1
2783,224,14,1,1
2783,224,15,1,1
2783,224,16,1,1
2783,224,17,1,1
2783,224,18,1,1
2783,224,19,1,1
2783,224,20,1,1
2783,224,21,1,1
2783,224,22,1,1
2783,224,23,1,1
2783,224,24,1,1
2783,224,25,1,1
2783,224,26,1,1
2783,224,27,1,1
2783,224,28,1,1
2783,224,29,1,1
2783,224,30,1,1
2783,224,31,1,1
2783,224,32,1,1
2783,224,33,1,1
2783,224,34,1,1
2783,224,35,1,1
2783,224,36,1,1
2783,224,37,1,1
2783,224,38,1,1
2783,224,39,1,1
2783,224,40,1,1
2783,224,41,1,1
2783,224,42,1,1
2783,224,43,1,1
2783,224,44,1,1
2783,224,45,1,1
2783,224,46,1,1
2783,224,47,1,1
2783,224,48,1,1
2783,224,49,1,1
2783,224,50,1,1
2783,224,1,2,1
2783,224,2,2,1
2783,224,3,2,1
2783,224,4,2,1
2783,224,5,2,1
2783,224,6,2,1
2783,224,7,2,1
2783,224,8,2,1
2783,224,9,2,1
2783,224,10,2,1
2783,224,11,2,1
2783,224,12,2,1
2783,224,13,2,1
2783,224,14,2,1
2783,224,15,2,1
2783,224,16,2,1
2783,224,17,2,1
2783,224,18,2,1
2783,224,19,2,1
2783,224,20,2,1
2783,224,21,2,1
2783,224,22,2,1
2783,224,23,2,1
2783,224,24,2,1
2783,224,25,2,1
2783,224,26,2,1
2783,224,27,2,1
2783,224,28,2,1
2783,224,29,2,1
2783,224,30,2,1
2783,224,31,2,1
2783,224,32,2,1
2783,224,33,2,1
2783,224,34,2,1
2783,224,35,2,1
2783,224,36,2,1
2783,224,37,2,1
2783,224,38,2,1
2783,224,39,2,1
2783,224,40,2,1
2783,224,41,2,1
2783,224,42,2,1
2783,224,43,2,1
2783,224,44,2,1
2783,224,45,2,1
2783,224,46,2,1
2783,224,47,2,1
2783,224,48,2,1
2783,224,49,2,1
2783,224,50,2,1
2784,224,1,2,1
2784,224,2,2,1
2784,224,3,2,1
2784,224,4,2,1
2784,224,5,2,1
2784,224,6,2,1
2784,224,7,2,1
2784,224,8,2,1
2784,224,9,2,1
2784,224,10,2,1
2784,224,11,2,1
2784,224,12,2,1
2784,224,13,2,1
2784,224,14,2,1
2784,224,15,2,1
2784,224,16,2,1
2784,224,17,2,1
2784,224,18,2,1
2784,224,19,2,1
2784,224,20,2,1
2784,224,21,2,1
2784,224,22,2,1
2784,224,23,2,1
2784,224,24,2,1
2784,224,25,2,1
2784,224,26,2,1
2784,224,27,2,1
2784,224,28,2,1
2784,224,29,2,1
2784,224,30,2,1
2784,224,31,2,1
2784,224,32,2,1
2784,224,33,2,1
2784,224,34,2,1
2784,224,35,2,1
2784,224,36,2,1
2784,224,37,2,1
2784,224,38,2,1
2784,224,39,2,1
2784,224,40,2,1
2784,224,41,2,1
2784,224,42,2,1
2784,224,43,2,1
2784,224,44,2,1
2784,224,45,2,1
2784,224,46,2,1
2784,224,47,2,1
2784,224,48,2,1
2784,224,49,2,1
2784,224,50,2,1
2785,223,1,1,1
2785,223,2,1,1
2785,223,3,1,1
2785,223,4,1,1
2785,223,5,1,1
2785,223,6,1,1
2785,223,7,1,1
2785,223,8,1,1
2785,223,9,1,1
2785,223,10,1,1
2785,223,11,1,1
2785,223,12,1,1
2785,223,13,1,1
2785,223,14,1,1
2785,223,15,1,1
2785,223,16,1,1
2785,223,17,1,1
2785,223,18,1,1
2785,223,19,1,1
2785,223,20,1,1
2785,223,21,1,1
2785,223,22,1,1
2785,223,23,1,1
2785,223,24,1,1
2785,223,25,1,1
2785,223,26,1,1
2785,223,27,1,1
2785,223,28,1,1
2785,223,29,1,1
2785,223,30,1,1
2785,223,31,1,1
2785,223,32,1,1
2785,223,33,1,1
2785,223,34,1,1
2785,223,35,1,1
2785,223,36,1,1
2785,223,37,1,1
2785,223,38,1,1
2785,223,39,1,1
2785,223,40,1,1
2785,223,41,1,1
2785,223,42,1,1
2785,223,43,1,1
2785,223,44,1,1
2785,223,45,1,1
2785,223,46,1,1
2785,223,47,1,1
2785,223,48,1,1
2785,223,49,1,1
2785,223,50,1,1
2785,223,1,2,1
2785,223,2,2,1
2785,223,3,2,1
2785,223,4,2,1
2785,223,5,2,1
2785,223,6,2,1
2785,223,7,2,1
2785,223,8,2,1
2785,223,9,2,1
2785,223,10,2,1
2785,223,11,2,1
2785,223,12,2,1
2785,223,13,2,1
2785,223,14,2,1
2785,223,15,2,1
2785,223,16,2,1
2785,223,17,2,1
2785,223,18,2,1
2785,223,19,2,1
2785,223,20,2,1
2785,223,21,2,1
2785,223,22,2,1
2785,223,23,2,1
2785,223,24,2,1
2785,223,25,2,1
2785,223,26,2,1
2785,223,27,2,1
2785,223,28,2,1
2785,223,29,2,1
2785,223,30,2,1
2785,223,31,2,1
2785,223,32,2,1
2785,223,33,2,1
2785,223,34,2,1
2785,223,35,2,1
2785,223,36,2,1
2785,223,37,2,1
2785,223,38,2,1
2785,223,39,2,1
2785,223,40,2,1
2785,223,41,2,1
2785,223,42,2,1
2785,223,43,2,1
2785,223,44,2,1
2785,223,45,2,1
2785,223,46,2,1
2785,223,47,2,1
2785,223,48,2,1
2785,223,49,2,1
2785,223,50,2,1
2786,223,1,2,1
2786,223,2,2,1
2786,223,3,2,1
2786,223,4,2,1
2786,223,5,2,1
2786,223,6,2,1
2786,223,7,2,1
2786,223,8,2,1
2786,223,9,2,1
2786,223,10,2,1
2786,223,11,2,1
2786,223,12,2,1
2786,223,13,2,1
2786,223,14,2,1
2786,223,15,2,1
2786,223,16,2,1
2786,223,17,2,1
2786,223,18,2,1
2786,223,19,2,1
2786,223,20,2,1
2786,223,21,2,1
2786,223,22,2,1
2786,223,23,2,1
2786,223,24,2,1
2786,223,25,2,1
2786,223,26,2,1
2786,223,27,2,1
2786,223,28,2,1
2786,223,29,2,1
2786,223,30,2,1
2786,223,31,2,1
2786,223,32,2,1
2786,223,33,2,1
2786,223,34,2,1
2786,223,35,2,1
2786,223,36,2,1
2786,223,37,2,1
2786,223,38,2,1
2786,223,39,2,1
2786,223,40,2,1
2786,223,41,2,1
2786,223,42,2,1
2786,223,43,2,1
2786,223,44,2,1
2786,223,45,2,1
2786,223,46,2,1
2786,223,47,2,1
2786,223,48,2,1
2786,223,49,2,1
2786,223,50,2,1
2787,222,1,1,1
2787,222,2,1,1
2787,222,3,1,1
2787,222,4,1,1
2787,222,5,1,1
2787,222,6,1,1
2787,222,7,1,1
2787,222,8,1,1
2787,222,9,1,1
2787,222,10,1,1
2787,222,11,1,1
2787,222,12,1,1
2787,222,13,1,1
2787,222,14,1,1
2787,222,15,1,1
2787,222,16,1,1
2787,222,17,1,1
2787,222,18,1,1
2787,222,19,1,1
2787,222,20,1,1
2787,222,21,1,1
2787,222,22,1,1
2787,222,23,1,1
2787,222,24,1,1
2787,222,25,1,1
2787,222,26,1,1
2787,222,27,1,1
2787,222,28,1,1
2787,222,29,1,1
2787,222,30,1,1
2787,222,31,1,1
2787,222,32,1,1
2787,222,33,1,1
2787,222,34,1,1
2787,222,35,1,1
2787,222,36,1,1
2787,222,37,1,1
2787,222,38,1,1
2787,222,39,1,1
2787,222,40,1,1
2787,222,41,1,1
2787,222,42,1,1
2787,222,43,1,1
2787,222,44,1,1
2787,222,45,1,1
2787,222,46,1,1
2787,222,47,1,1
2787,222,48,1,1
2787,222,49,1,1
2787,222,50,1,1
2787,222,1,2,1
2787,222,2,2,1
2787,222,3,2,1
2787,222,4,2,1
2787,222,5,2,1
2787,222,6,2,1
2787,222,7,2,1
2787,222,8,2,1
2787,222,9,2,1
2787,222,10,2,1
2787,222,11,2,1
2787,222,12,2,1
2787,222,13,2,1
2787,222,14,2,1
2787,222,15,2,1
2787,222,16,2,1
2787,222,17,2,1
2787,222,18,2,1
2787,222,19,2,1
2787,222,20,2,1
2787,222,21,2,1
2787,222,22,2,1
2787,222,23,2,1
2787,222,24,2,1
2787,222,25,2,1
2787,222,26,2,1
2787,222,27,2,1
2787,222,28,2,1
2787,222,29,2,1
2787,222,30,2,1
2787,222,31,2,1
2787,222,32,2,1
2787,222,33,2,1
2787,222,34,2,1
2787,222,35,2,1
2787,222,36,2,1
2787,222,37,2,1
2787,222,38,2,1
2787,222,39,2,1
2787,222,40,2,1
2787,222,41,2,1
2787,222,42,2,1
2787,222,43,2,1
2787,222,44,2,1
2787,222,45,2,1
2787,222,46,2,1
2787,222,47,2,1
2787,222,48,2,1
2787,222,49,2,1
2787,222,50,2,1
2788,222,1,2,1
2788,222,2,2,1
2788,222,3,2,1
2788,222,4,2,1
2788,222,5,2,1
2788,222,6,2,1
2788,222,7,2,1
2788,222,8,2,1
2788,222,9,2,1
2788,222,10,2,1
2788,222,11,2,1
2788,222,12,2,1
2788,222,13,2,1
2788,222,14,2,1
2788,222,15,2,1
2788,222,16,2,1
2788,222,17,2,1
2788,222,18,2,1
2788,222,19,2,1
2788,222,20,2,1
2788,222,21,2,1
2788,222,22,2,1
2788,222,23,2,1
2788,222,24,2,1
2788,222,25,2,1
2788,222,26,2,1
2788,222,27,2,1
2788,222,28,2,1
2788,222,29,2,1
2788,222,30,2,1
2788,222,31,2,1
2788,222,32,2,1
2788,222,33,2,1
2788,222,34,2,1
2788,222,35,2,1
2788,222,36,2,1
2788,222,37,2,1
2788,222,38,2,1
2788,222,39,2,1
2788,222,40,2,1
2788,222,41,2,1
2788,222,42,2,1
2788,222,43,2,1
2788,222,44,2,1
2788,222,45,2,1
2788,222,46,2,1
2788,222,47,2,1
2788,222,48,2,1
2788,222,49,2,1
2788,222,50,2,1
2789,221,1,1,1
2789,221,2,1,1
2789,221,3,1,1
2789,221,4,1,1
2789,221,5,1,1
2789,221,6,1,1
2789,221,7,1,1
2789,221,8,1,1
2789,221,9,1,1
2789,221,10,1,1
2789,221,11,1,1
2789,221,12,1,1
2789,221,13,1,1
2789,221,14,1,1
2789,221,15,1,1
2789,221,16,1,1
2789,221,17,1,1
2789,221,18,1,1
2789,221,19,1,1
2789,221,20,1,1
2789,221,21,1,1
2789,221,22,1,1
2789,221,23,1,1
2789,221,24,1,1
2789,221,25,1,1
2789,221,26,1,1
2789,221,27,1,1
2789,221,28,1,1
2789,221,29,1,1
2789,221,30,1,1
2789,221,31,1,1
2789,221,32,1,1
2789,221,33,1,1
2789,221,34,1,1
2789,221,35,1,1
2789,221,36,1,1
2789,221,37,1,1
2789,221,38,1,1
2789,221,39,1,1
2789,221,40,1,1
2789,221,41,1,1
2789,221,42,1,1
2789,221,43,1,1
2789,221,44,1,1
2789,221,45,1,1
2789,221,46,1,1
2789,221,47,1,1
2789,221,48,1,1
2789,221,49,1,1
2789,221,50,1,1
2789,221,1,2,1
2789,221,2,2,1
2789,221,3,2,1
2789,221,4,2,1
2789,221,5,2,1
2789,221,6,2,1
2789,221,7,2,1
2789,221,8,2,1
2789,221,9,2,1
2789,221,10,2,1
2789,221,11,2,1
2789,221,12,2,1
2789,221,13,2,1
2789,221,14,2,1
2789,221,15,2,1
2789,221,16,2,1
2789,221,17,2,1
2789,221,18,2,1
2789,221,19,2,1
2789,221,20,2,1
2789,221,21,2,1
2789,221,22,2,1
2789,221,23,2,1
2789,221,24,2,1
2789,221,25,2,1
2789,221,26,2,1
2789,221,27,2,1
2789,221,28,2,1
2789,221,29,2,1
2789,221,30,2,1
2789,221,31,2,1
2789,221,32,2,1
2789,221,33,2,1
2789,221,34,2,1
2789,221,35,2,1
2789,221,36,2,1
2789,221,37,2,1
2789,221,38,2,1
2789,221,39,2,1
2789,221,40,2,1
2789,221,41,2,1
2789,221,42,2,1
2789,221,43,2,1
2789,221,44,2,1
2789,221,45,2,1
2789,221,46,2,1
2789,221,47,2,1
2789,221,48,2,1
2789,221,49,2,1
2789,221,50,2,1
2790,221,1,2,1
2790,221,2,2,1
2790,221,3,2,1
2790,221,4,2,1
2790,221,5,2,1
2790,221,6,2,1
2790,221,7,2,1
2790,221,8,2,1
2790,221,9,2,1
2790,221,10,2,1
2790,221,11,2,1
2790,221,12,2,1
2790,221,13,2,1
2790,221,14,2,1
2790,221,15,2,1
2790,221,16,2,1
2790,221,17,2,1
2790,221,18,2,1
2790,221,19,2,1
2790,221,20,2,1
2790,221,21,2,1
2790,221,22,2,1
2790,221,23,2,1
2790,221,24,2,1
2790,221,25,2,1
2790,221,26,2,1
2790,221,27,2,1
2790,221,28,2,1
2790,221,29,2,1
2790,221,30,2,1
2790,221,31,2,1
2790,221,32,2,1
2790,221,33,2,1
2790,221,34,2,1
2790,221,35,2,1
2790,221,36,2,1
2790,221,37,2,1
2790,221,38,2,1
2790,221,39,2,1
2790,221,40,2,1
2790,221,41,2,1
2790,221,42,2,1
2790,221,43,2,1
2790,221,44,2,1
2790,221,45,2,1
2790,221,46,2,1
2790,221,47,2,1
2790,221,48,2,1
2790,221,49,2,1
2790,221,50,2,1
2791,221,1,2,1
2791,221,2,2,1
2791,221,3,2,1
2791,221,4,2,1
2791,221,5,2,1
2791,221,6,2,1
2791,221,7,2,1
2791,221,8,2,1
2791,221,9,2,1
2791,221,10,2,1
2791,221,11,2,1
2791,221,12,2,1
2791,221,13,2,1
2791,221,14,2,1
2791,221,15,2,1
2791,221,16,2,1
2791,221,17,2,1
2791,221,18,2,1
2791,221,19,2,1
2791,221,20,2,1
2791,221,21,2,1
2791,221,22,2,1
2791,221,23,2,1
2791,221,24,2,1
2791,221,25,2,1
2791,221,26,2,1
2791,221,27,2,1
2791,221,28,2,1
2791,221,29,2,1
2791,221,30,2,1
2791,221,31,2,1
2791,221,32,2,1
2791,221,33,2,1
2791,221,34,2,1
2791,221,35,2,1
2791,221,36,2,1
2791,221,37,2,1
2791,221,38,2,1
2791,221,39,2,1
2791,221,40,2,1
2791,221,41,2,1
2791,221,42,2,1
2791,221,43,2,1
2791,221,44,2,1
2791,221,45,2,1
2791,221,46,2,1
2791,221,47,2,1
2791,221,48,2,1
2791,221,49,2,1
2791,221,50,2,1
2792,220,1,1,1
2792,220,2,1,1
2792,220,3,1,1
2792,220,4,1,1
2792,220,5,1,1
2792,220,6,1,1
2792,220,7,1,1
2792,220,8,1,1
2792,220,9,1,1
2792,220,10,1,1
2792,220,11,1,1
2792,220,12,1,1
2792,220,13,1,1
2792,220,14,1,1
2792,220,15,1,1
2792,220,16,1,1
2792,220,17,1,1
2792,220,18,1,1
2792,220,19,1,1
2792,220,20,1,1
2792,220,21,1,1
2792,220,22,1,1
2792,220,23,1,1
2792,220,24,1,1
2792,220,25,1,1
2792,220,26,1,1
2792,220,27,1,1
2792,220,28,1,1
2792,220,29,1,1
2792,220,30,1,1
2792,220,31,1,1
2792,220,32,1,1
2792,220,33,1,1
2792,220,34,1,1
2792,220,35,1,1
2792,220,36,1,1
2792,220,37,1,1
2792,220,38,1,1
2792,220,39,1,1
2792,220,40,1,1
2792,220,41,1,1
2792,220,42,1,1
2792,220,43,1,1
2792,220,44,1,1
2792,220,45,1,1
2792,220,46,1,1
2792,220,47,1,1
2792,220,48,1,1
2792,220,49,1,1
2792,220,50,1,1
2792,220,1,2,1
2792,220,2,2,1
2792,220,3,2,1
2792,220,4,2,1
2792,220,5,2,1
2792,220,6,2,1
2792,220,7,2,1
2792,220,8,2,1
2792,220,9,2,1
2792,220,10,2,1
2792,220,11,2,1
2792,220,12,2,1
2792,220,13,2,1
2792,220,14,2,1
2792,220,15,2,1
2792,220,16,2,1
2792,220,17,2,1
2792,220,18,2,1
2792,220,19,2,1
2792,220,20,2,1
2792,220,21,2,1
2792,220,22,2,1
2792,220,23,2,1
2792,220,24,2,1
2792,220,25,2,1
2792,220,26,2,1
2792,220,27,2,1
2792,220,28,2,1
2792,220,29,2,1
2792,220,30,2,1
2792,220,31,2,1
2792,220,32,2,1
2792,220,33,2,1
2792,220,34,2,1
2792,220,35,2,1
2792,220,36,2,1
2792,220,37,2,1
2792,220,38,2,1
2792,220,39,2,1
2792,220,40,2,1
2792,220,41,2,1
2792,220,42,2,1
2792,220,43,2,1
2792,220,44,2,1
2792,220,45,2,1
2792,220,46,2,1
2792,220,47,2,1
2792,220,48,2,1
2792,220,49,2,1
2792,220,50,2,1
2793,220,1,2,1
2793,220,2,2,1
2793,220,3,2,1
2793,220,4,2,1
2793,220,5,2,1
2793,220,6,2,1
2793,220,7,2,1
2793,220,8,2,1
2793,220,9,2,1
2793,220,10,2,1
2793,220,11,2,1
2793,220,12,2,1
2793,220,13,2,1
2793,220,14,2,1
2793,220,15,2,1
2793,220,16,2,1
2793,220,17,2,1
2793,220,18,2,1
2793,220,19,2,1
2793,220,20,2,1
2793,220,21,2,1
2793,220,22,2,1
2793,220,23,2,1
2793,220,24,2,1
2793,220,25,2,1
2793,220,26,2,1
2793,220,27,2,1
2793,220,28,2,1
2793,220,29,2,1
2793,220,30,2,1
2793,220,31,2,1
2793,220,32,2,1
2793,220,33,2,1
2793,220,34,2,1
2793,220,35,2,1
2793,220,36,2,1
2793,220,37,2,1
2793,220,38,2,1
2793,220,39,2,1
2793,220,40,2,1
2793,220,41,2,1
2793,220,42,2,1
2793,220,43,2,1
2793,220,44,2,1
2793,220,45,2,1
2793,220,46,2,1
2793,220,47,2,1
2793,220,48,2,1
2793,220,49,2,1
2793,220,50,2,1
2794,219,1,1,1
2794,219,2,1,1
2794,219,3,1,1
2794,219,4,1,1
2794,219,5,1,1
2794,219,6,1,1
2794,219,7,1,1
2794,219,8,1,1
2794,219,9,1,1
2794,219,10,1,1
2794,219,11,1,1
2794,219,12,1,1
2794,219,13,1,1
2794,219,14,1,1
2794,219,15,1,1
2794,219,16,1,1
2794,219,17,1,1
2794,219,18,1,1
2794,219,19,1,1
2794,219,20,1,1
2794,219,21,1,1
2794,219,22,1,1
2794,219,23,1,1
2794,219,24,1,1
2794,219,25,1,1
2794,219,26,1,1
2794,219,27,1,1
2794,219,28,1,1
2794,219,29,1,1
2794,219,30,1,1
2794,219,31,1,1
2794,219,32,1,1
2794,219,33,1,1
2794,219,34,1,1
2794,219,35,1,1
2794,219,36,1,1
2794,219,37,1,1
2794,219,38,1,1
2794,219,39,1,1
2794,219,40,1,1
2794,219,41,1,1
2794,219,42,1,1
2794,219,43,1,1
2794,219,44,1,1
2794,219,45,1,1
2794,219,46,1,1
2794,219,47,1,1
2794,219,48,1,1
2794,219,49,1,1
2794,219,50,1,1
2794,219,1,2,1
2794,219,2,2,1
2794,219,3,2,1
2794,219,4,2,1
2794,219,5,2,1
2794,219,6,2,1
2794,219,7,2,1
2794,219,8,2,1
2794,219,9,2,1
2794,219,10,2,1
2794,219,11,2,1
2794,219,12,2,1
2794,219,13,2,1
2794,219,14,2,1
2794,219,15,2,1
2794,219,16,2,1
2794,219,17,2,1
2794,219,18,2,1
2794,219,19,2,1
2794,219,20,2,1
2794,219,21,2,1
2794,219,22,2,1
2794,219,23,2,1
2794,219,24,2,1
2794,219,25,2,1
2794,219,26,2,1
2794,219,27,2,1
2794,219,28,2,1
2794,219,29,2,1
2794,219,30,2,1
2794,219,31,2,1
2794,219,32,2,1
2794,219,33,2,1
2794,219,34,2,1
2794,219,35,2,1
2794,219,36,2,1
2794,219,37,2,1
2794,219,38,2,1
2794,219,39,2,1
2794,219,40,2,1
2794,219,41,2,1
2794,219,42,2,1
2794,219,43,2,1
2794,219,44,2,1
2794,219,45,2,1
2794,219,46,2,1
2794,219,47,2,1
2794,219,48,2,1
2794,219,49,2,1
2794,219,50,2,1
2795,219,1,2,1
2795,219,2,2,1
2795,219,3,2,1
2795,219,4,2,1
2795,219,5,2,1
2795,219,6,2,1
2795,219,7,2,1
2795,219,8,2,1
2795,219,9,2,1
2795,219,10,2,1
2795,219,11,2,1
2795,219,12,2,1
2795,219,13,2,1
2795,219,14,2,1
2795,219,15,2,1
2795,219,16,2,1
2795,219,17,2,1
2795,219,18,2,1
2795,219,19,2,1
2795,219,20,2,1
2795,219,21,2,1
2795,219,22,2,1
2795,219,23,2,1
2795,219,24,2,1
2795,219,25,2,1
2795,219,26,2,1
2795,219,27,2,1
2795,219,28,2,1
2795,219,29,2,1
2795,219,30,2,1
2795,219,31,2,1
2795,219,32,2,1
2795,219,33,2,1
2795,219,34,2,1
2795,219,35,2,1
2795,219,36,2,1
2795,219,37,2,1
2795,219,38,2,1
2795,219,39,2,1
2795,219,40,2,1
2795,219,41,2,1
2795,219,42,2,1
2795,219,43,2,1
2795,219,44,2,1
2795,219,45,2,1
2795,219,46,2,1
2795,219,47,2,1
2795,219,48,2,1
2795,219,49,2,1
2795,219,50,2,1
2796,218,1,1,1
2796,218,2,1,1
2796,218,3,1,1
2796,218,4,1,1
2796,218,5,1,1
2796,218,6,1,1
2796,218,7,1,1
2796,218,8,1,1
2796,218,9,1,1
2796,218,10,1,1
2796,218,11,1,1
2796,218,12,1,1
2796,218,13,1,1
2796,218,14,1,1
2796,218,15,1,1
2796,218,16,1,1
2796,218,17,1,1
2796,218,18,1,1
2796,218,19,1,1
2796,218,20,1,1
2796,218,21,1,1
2796,218,22,1,1
2796,218,23,1,1
2796,218,24,1,1
2796,218,25,1,1
2796,218,26,1,1
2796,218,27,1,1
2796,218,28,1,1
2796,218,29,1,1
2796,218,30,1,1
2796,218,31,1,1
2796,218,32,1,1
2796,218,33,1,1
2796,218,34,1,1
2796,218,35,1,1
2796,218,36,1,1
2796,218,37,1,1
2796,218,38,1,1
2796,218,39,1,1
2796,218,40,1,1
2796,218,41,1,1
2796,218,42,1,1
2796,218,43,1,1
2796,218,44,1,1
2796,218,45,1,1
2796,218,46,1,1
2796,218,47,1,1
2796,218,48,1,1
2796,218,49,1,1
2796,218,50,1,1
2796,218,1,2,1
2796,218,2,2,1
2796,218,3,2,1
2796,218,4,2,1
2796,218,5,2,1
2796,218,6,2,1
2796,218,7,2,1
2796,218,8,2,1
2796,218,9,2,1
2796,218,10,2,1
2796,218,11,2,1
2796,218,12,2,1
2796,218,13,2,1
2796,218,14,2,1
2796,218,15,2,1
2796,218,16,2,1
2796,218,17,2,1
2796,218,18,2,1
2796,218,19,2,1
2796,218,20,2,1
2796,218,21,2,1
2796,218,22,2,1
2796,218,23,2,1
2796,218,24,2,1
2796,218,25,2,1
2796,218,26,2,1
2796,218,27,2,1
2796,218,28,2,1
2796,218,29,2,1
2796,218,30,2,1
2796,218,31,2,1
2796,218,32,2,1
2796,218,33,2,1
2796,218,34,2,1
2796,218,35,2,1
2796,218,36,2,1
2796,218,37,2,1
2796,218,38,2,1
2796,218,39,2,1
2796,218,40,2,1
2796,218,41,2,1
2796,218,42,2,1
2796,218,43,2,1
2796,218,44,2,1
2796,218,45,2,1
2796,218,46,2,1
2796,218,47,2,1
2796,218,48,2,1
2796,218,49,2,1
2796,218,50,2,1
2797,218,1,2,1
2797,218,2,2,1
2797,218,3,2,1
2797,218,4,2,1
2797,218,5,2,1
2797,218,6,2,1
2797,218,7,2,1
2797,218,8,2,1
2797,218,9,2,1
2797,218,10,2,1
2797,218,11,2,1
2797,218,12,2,1
2797,218,13,2,1
2797,218,14,2,1
2797,218,15,2,1
2797,218,16,2,1
2797,218,17,2,1
2797,218,18,2,1
2797,218,19,2,1
2797,218,20,2,1
2797,218,21,2,1
2797,218,22,2,1
2797,218,23,2,1
2797,218,24,2,1
2797,218,25,2,1
2797,218,26,2,1
2797,218,27,2,1
2797,218,28,2,1
2797,218,29,2,1
2797,218,30,2,1
2797,218,31,2,1
2797,218,32,2,1
2797,218,33,2,1
2797,218,34,2,1
2797,218,35,2,1
2797,218,36,2,1
2797,218,37,2,1
2797,218,38,2,1
2797,218,39,2,1
2797,218,40,2,1
2797,218,41,2,1
2797,218,42,2,1
2797,218,43,2,1
2797,218,44,2,1
2797,218,45,2,1
2797,218,46,2,1
2797,218,47,2,1
2797,218,48,2,1
2797,218,49,2,1
2797,218,50,2,1
2798,218,1,2,1
2798,218,2,2,1
2798,218,3,2,1
2798,218,4,2,1
2798,218,5,2,1
2798,218,6,2,1
2798,218,7,2,1
2798,218,8,2,1
2798,218,9,2,1
2798,218,10,2,1
2798,218,11,2,1
2798,218,12,2,1
2798,218,13,2,1
2798,218,14,2,1
2798,218,15,2,1
2798,218,16,2,1
2798,218,17,2,1
2798,218,18,2,1
2798,218,19,2,1
2798,218,20,2,1
2798,218,21,2,1
2798,218,22,2,1
2798,218,23,2,1
2798,218,24,2,1
2798,218,25,2,1
2798,218,26,2,1
2798,218,27,2,1
2798,218,28,2,1
2798,218,29,2,1
2798,218,30,2,1
2798,218,31,2,1
2798,218,32,2,1
2798,218,33,2,1
2798,218,34,2,1
2798,218,35,2,1
2798,218,36,2,1
2798,218,37,2,1
2798,218,38,2,1
2798,218,39,2,1
2798,218,40,2,1
2798,218,41,2,1
2798,218,42,2,1
2798,218,43,2,1
2798,218,44,2,1
2798,218,45,2,1
2798,218,46,2,1
2798,218,47,2,1
2798,218,48,2,1
2798,218,49,2,1
2798,218,50,2,1
2799,217,1,1,1
2799,217,2,1,1
2799,217,3,1,1
2799,217,4,1,1
2799,217,5,1,1
2799,217,6,1,1
2799,217,7,1,1
2799,217,8,1,1
2799,217,9,1,1
2799,217,10,1,1
2799,217,11,1,1
2799,217,12,1,1
2799,217,13,1,1
2799,217,14,1,1
2799,217,15,1,1
2799,217,16,1,1
2799,217,17,1,1
2799,217,18,1,1
2799,217,19,1,1
2799,217,20,1,1
2799,217,21,1,1
2799,217,22,1,1
2799,217,23,1,1
2799,217,24,1,1
2799,217,25,1,1
2799,217,26,1,1
2799,217,27,1,1
2799,217,28,1,1
2799,217,29,1,1
2799,217,30,1,1
2799,217,31,1,1
2799,217,32,1,1
2799,217,33,1,1
2799,217,34,1,1
2799,217,35,1,1
2799,217,36,1,1
2799,217,37,1,1
2799,217,38,1,1
2799,217,39,1,1
2799,217,40,1,1
2799,217,41,1,1
2799,217,42,1,1
2799,217,43,1,1
2799,217,44,1,1
2799,217,45,1,1
2799,217,46,1,1
2799,217,47,1,1
2799,217,48,1,1
2799,217,49,1,1
2799,217,50,1,1
2799,217,1,2,1
2799,217,2,2,1
2799,217,3,2,1
2799,217,4,2,1
2799,217,5,2,1
2799,217,6,2,1
2799,217,7,2,1
2799,217,8,2,1
2799,217,9,2,1
2799,217,10,2,1
2799,217,11,2,1
2799,217,12,2,1
2799,217,13,2,1
2799,217,14,2,1
2799,217,15,2,1
2799,217,16,2,1
2799,217,17,2,1
2799,217,18,2,1
2799,217,19,2,1
2799,217,20,2,1
2799,217,21,2,1
2799,217,22,2,1
2799,217,23,2,1
2799,217,24,2,1
2799,217,25,2,1
2799,217,26,2,1
2799,217,27,2,1
2799,217,28,2,1
2799,217,29,2,1
2799,217,30,2,1
2799,217,31,2,1
2799,217,32,2,1
2799,217,33,2,1
2799,217,34,2,1
2799,217,35,2,1
2799,217,36,2,1
2799,217,37,2,1
2799,217,38,2,1
2799,217,39,2,1
2799,217,40,2,1
2799,217,41,2,1
2799,217,42,2,1
2799,217,43,2,1
2799,217,44,2,1
2799,217,45,2,1
2799,217,46,2,1
2799,217,47,2,1
2799,217,48,2,1
2799,217,49,2,1
2799,217,50,2,1
2800,217,1,2,1
2800,217,2,2,1
2800,217,3,2,1
2800,217,4,2,1
2800,217,5,2,1
2800,217,6,2,1
2800,217,7,2,1
2800,217,8,2,1
2800,217,9,2,1
2800,217,10,2,1
2800,217,11,2,1
2800,217,12,2,1
2800,217,13,2,1
2800,217,14,2,1
2800,217,15,2,1
2800,217,16,2,1
2800,217,17,2,1
2800,217,18,2,1
2800,217,19,2,1
2800,217,20,2,1
2800,217,21,2,1
2800,217,22,2,1
2800,217,23,2,1
2800,217,24,2,1
2800,217,25,2,1
2800,217,26,2,1
2800,217,27,2,1
2800,217,28,2,1
2800,217,29,2,1
2800,217,30,2,1
2800,217,31,2,1
2800,217,32,2,1
2800,217,33,2,1
2800,217,34,2,1
2800,217,35,2,1
2800,217,36,2,1
2800,217,37,2,1
2800,217,38,2,1
2800,217,39,2,1
2800,217,40,2,1
2800,217,41,2,1
2800,217,42,2,1
2800,217,43,2,1
2800,217,44,2,1
2800,217,45,2,1
2800,217,46,2,1
2800,217,47,2,1
2800,217,48,2,1
2800,217,49,2,1
2800,217,50,2,1
2801,216,1,1,1
2801,216,2,1,1
2801,216,3,1,1
2801,216,4,1,1
2801,216,5,1,1
2801,216,6,1,1
2801,216,7,1,1
2801,216,8,1,1
2801,216,9,1,1
2801,216,10,1,1
2801,216,11,1,1
2801,216,12,1,1
2801,216,13,1,1
2801,216,14,1,1
2801,216,15,1,1
2801,216,16,1,1
2801,216,17,1,1
2801,216,18,1,1
2801,216,19,1,1
2801,216,20,1,1
2801,216,21,1,1
2801,216,22,1,1
2801,216,23,1,1
2801,216,24,1,1
2801,216,25,1,1
2801,216,26,1,1
2801,216,27,1,1
2801,216,28,1,1
2801,216,29,1,1
2801,216,30,1,1
2801,216,31,1,1
2801,216,32,1,1
2801,216,33,1,1
2801,216,34,1,1
2801,216,35,1,1
2801,216,36,1,1
2801,216,37,1,1
2801,216,38,1,1
2801,216,39,1,1
2801,216,40,1,1
2801,216,41,1,1
2801,216,42,1,1
2801,216,43,1,1
2801,216,44,1,1
2801,216,45,1,1
2801,216,46,1,1
2801,216,47,1,1
2801,216,48,1,1
2801,216,49,1,1
2801,216,50,1,1
2801,216,1,2,1
2801,216,2,2,1
2801,216,3,2,1
2801,216,4,2,1
2801,216,5,2,1
2801,216,6,2,1
2801,216,7,2,1
2801,216,8,2,1
2801,216,9,2,1
2801,216,10,2,1
2801,216,11,2,1
2801,216,12,2,1
2801,216,13,2,1
2801,216,14,2,1
2801,216,15,2,1
2801,216,16,2,1
2801,216,17,2,1
2801,216,18,2,1
2801,216,19,2,1
2801,216,20,2,1
2801,216,21,2,1
2801,216,22,2,1
2801,216,23,2,1
2801,216,24,2,1
2801,216,25,2,1
2801,216,26,2,1
2801,216,27,2,1
2801,216,28,2,1
2801,216,29,2,1
2801,216,30,2,1
2801,216,31,2,1
2801,216,32,2,1
2801,216,33,2,1
2801,216,34,2,1
2801,216,35,2,1
2801,216,36,2,1
2801,216,37,2,1
2801,216,38,2,1
2801,216,39,2,1
2801,216,40,2,1
2801,216,41,2,1
2801,216,42,2,1
2801,216,43,2,1
2801,216,44,2,1
2801,216,45,2,1
2801,216,46,2,1
2801,216,47,2,1
2801,216,48,2,1
2801,216,49,2,1
2801,216,50,2,1
2802,216,1,2,1
2802,216,2,2,1
2802,216,3,2,1
2802,216,4,2,1
2802,216,5,2,1
2802,216,6,2,1
2802,216,7,2,1
2802,216,8,2,1
2802,216,9,2,1
2802,216,10,2,1
2802,216,11,2,1
2802,216,12,2,1
2802,216,13,2,1
2802,216,14,2,1
2802,216,15,2,1
2802,216,16,2,1
2802,216,17,2,1
2802,216,18,2,1
2802,216,19,2,1
2802,216,20,2,1
2802,216,21,2,1
2802,216,22,2,1
2802,216,23,2,1
2802,216,24,2,1
2802,216,25,2,1
2802,216,26,2,1
2802,216,27,2,1
2802,216,28,2,1
2802,216,29,2,1
2802,216,30,2,1
2802,216,31,2,1
2802,216,32,2,1
2802,216,33,2,1
2802,216,34,2,1
2802,216,35,2,1
2802,216,36,2,1
2802,216,37,2,1
2802,216,38,2,1
2802,216,39,2,1
2802,216,40,2,1
2802,216,41,2,1
2802,216,42,2,1
2802,216,43,2,1
2802,216,44,2,1
2802,216,45,2,1
2802,216,46,2,1
2802,216,47,2,1
2802,216,48,2,1
2802,216,49,2,1
2802,216,50,2,1
2803,215,1,1,1
2803,215,2,1,1
2803,215,3,1,1
2803,215,4,1,1
2803,215,5,1,1
2803,215,6,1,1
2803,215,7,1,1
2803,215,8,1,1
2803,215,9,1,1
2803,215,10,1,1
2803,215,11,1,1
2803,215,12,1,1
2803,215,13,1,1
2803,215,14,1,1
2803,215,15,1,1
2803,215,16,1,1
2803,215,17,1,1
2803,215,18,1,1
2803,215,19,1,1
2803,215,20,1,1
2803,215,21,1,1
2803,215,22,1,1
2803,215,23,1,1
2803,215,24,1,1
2803,215,25,1,1
2803,215,26,1,1
2803,215,27,1,1
2803,215,28,1,1
2803,215,29,1,1
2803,215,30,1,1
2803,215,31,1,1
2803,215,32,1,1
2803,215,33,1,1
2803,215,34,1,1
2803,215,35,1,1
2803,215,36,1,1
2803,215,37,1,1
2803,215,38,1,1
2803,215,39,1,1
2803,215,40,1,1
2803,215,41,1,1
2803,215,42,1,1
2803,215,43,1,1
2803,215,44,1,1
2803,215,45,1,1
2803,215,46,1,1
2803,215,47,1,1
2803,215,48,1,1
2803,215,49,1,1
2803,215,50,1,1
2803,215,1,2,1
2803,215,2,2,1
2803,215,3,2,1
2803,215,4,2,1
2803,215,5,2,1
2803,215,6,2,1
2803,215,7,2,1
2803,215,8,2,1
2803,215,9,2,1
2803,215,10,2,1
2803,215,11,2,1
2803,215,12,2,1
2803,215,13,2,1
2803,215,14,2,1
2803,215,15,2,1
2803,215,16,2,1
2803,215,17,2,1
2803,215,18,2,1
2803,215,19,2,1
2803,215,20,2,1
2803,215,21,2,1
2803,215,22,2,1
2803,215,23,2,1
2803,215,24,2,1
2803,215,25,2,1
2803,215,26,2,1
2803,215,27,2,1
2803,215,28,2,1
2803,215,29,2,1
2803,215,30,2,1
2803,215,31,2,1
2803,215,32,2,1
2803,215,33,2,1
2803,215,34,2,1
2803,215,35,2,1
2803,215,36,2,1
2803,215,37,2,1
2803,215,38,2,1
2803,215,39,2,1
2803,215,40,2,1
2803,215,41,2,1
2803,215,42,2,1
2803,215,43,2,1
2803,215,44,2,1
2803,215,45,2,1
2803,215,46,2,1
2803,215,47,2,1
2803,215,48,2,1
2803,215,49,2,1
2803,215,50,2,1
2804,215,1,2,1
2804,215,2,2,1
2804,215,3,2,1
2804,215,4,2,1
2804,215,5,2,1
2804,215,6,2,1
2804,215,7,2,1
2804,215,8,2,1
2804,215,9,2,1
2804,215,10,2,1
2804,215,11,2,1
2804,215,12,2,1
2804,215,13,2,1
2804,215,14,2,1
2804,215,15,2,1
2804,215,16,2,1
2804,215,17,2,1
2804,215,18,2,1
2804,215,19,2,1
2804,215,20,2,1
2804,215,21,2,1
2804,215,22,2,1
2804,215,23,2,1
2804,215,24,2,1
2804,215,25,2,1
2804,215,26,2,1
2804,215,27,2,1
2804,215,28,2,1
2804,215,29,2,1
2804,215,30,2,1
2804,215,31,2,1
2804,215,32,2,1
2804,215,33,2,1
2804,215,34,2,1
2804,215,35,2,1
2804,215,36,2,1
2804,215,37,2,1
2804,215,38,2,1
2804,215,39,2,1
2804,215,40,2,1
2804,215,41,2,1
2804,215,42,2,1
2804,215,43,2,1
2804,215,44,2,1
2804,215,45,2,1
2804,215,46,2,1
2804,215,47,2,1
2804,215,48,2,1
2804,215,49,2,1
2804,215,50,2,1
2805,215,1,2,1
2805,215,2,2,1
2805,215,3,2,1
2805,215,4,2,1
2805,215,5,2,1
2805,215,6,2,1
2805,215,7,2,1
2805,215,8,2,1
2805,215,9,2,1
2805,215,10,2,1
2805,215,11,2,1
2805,215,12,2,1
2805,215,13,2,1
2805,215,14,2,1
2805,215,15,2,1
2805,215,16,2,1
2805,215,17,2,1
2805,215,18,2,1
2805,215,19,2,1
2805,215,20,2,1
2805,215,21,2,1
2805,215,22,2,1
2805,215,23,2,1
2805,215,24,2,1
2805,215,25,2,1
2805,215,26,2,1
2805,215,27,2,1
2805,215,28,2,1
2805,215,29,2,1
2805,215,30,2,1
2805,215,31,2,1
2805,215,32,2,1
2805,215,33,2,1
2805,215,34,2,1
2805,215,35,2,1
2805,215,36,2,1
2805,215,37,2,1
2805,215,38,2,1
2805,215,39,2,1
2805,215,40,2,1
2805,215,41,2,1
2805,215,42,2,1
2805,215,43,2,1
2805,215,44,2,1
2805,215,45,2,1
2805,215,46,2,1
2805,215,47,2,1
2805,215,48,2,1
2805,215,49,2,1
2805,215,50,2,1
2806,214,1,1,1
2806,214,2,1,1
2806,214,3,1,1
2806,214,4,1,1
2806,214,5,1,1
2806,214,6,1,1
2806,214,7,1,1
2806,214,8,1,1
2806,214,9,1,1
2806,214,10,1,1
2806,214,11,1,1
2806,214,12,1,1
2806,214,13,1,1
2806,214,14,1,1
2806,214,15,1,1
2806,214,16,1,1
2806,214,17,1,1
2806,214,18,1,1
2806,214,19,1,1
2806,214,20,1,1
2806,214,21,1,1
2806,214,22,1,1
2806,214,23,1,1
2806,214,24,1,1
2806,214,25,1,1
2806,214,26,1,1
2806,214,27,1,1
2806,214,28,1,1
2806,214,29,1,1
2806,214,30,1,1
2806,214,31,1,1
2806,214,32,1,1
2806,214,33,1,1
2806,214,34,1,1
2806,214,35,1,1
2806,214,36,1,1
2806,214,37,1,1
2806,214,38,1,1
2806,214,39,1,1
2806,214,40,1,1
2806,214,41,1,1
2806,214,42,1,1
2806,214,43,1,1
2806,214,44,1,1
2806,214,45,1,1
2806,214,46,1,1
2806,214,47,1,1
2806,214,48,1,1
2806,214,49,1,1
2806,214,50,1,1
2806,214,1,2,1
2806,214,2,2,1
2806,214,3,2,1
2806,214,4,2,1
2806,214,5,2,1
2806,214,6,2,1
2806,214,7,2,1
2806,214,8,2,1
2806,214,9,2,1
2806,214,10,2,1
2806,214,11,2,1
2806,214,12,2,1
2806,214,13,2,1
2806,214,14,2,1
2806,214,15,2,1
2806,214,16,2,1
2806,214,17,2,1
2806,214,18,2,1
2806,214,19,2,1
2806,214,20,2,1
2806,214,21,2,1
2806,214,22,2,1
2806,214,23,2,1
2806,214,24,2,1
2806,214,25,2,1
2806,214,26,2,1
2806,214,27,2,1
2806,214,28,2,1
2806,214,29,2,1
2806,214,30,2,1
2806,214,31,2,1
2806,214,32,2,1
2806,214,33,2,1
2806,214,34,2,1
2806,214,35,2,1
2806,214,36,2,1
2806,214,37,2,1
2806,214,38,2,1
2806,214,39,2,1
2806,214,40,2,1
2806,214,41,2,1
2806,214,42,2,1
2806,214,43,2,1
2806,214,44,2,1
2806,214,45,2,1
2806,214,46,2,1
2806,214,47,2,1
2806,214,48,2,1
2806,214,49,2,1
2806,214,50,2,1
2807,214,1,2,1
2807,214,2,2,1
2807,214,3,2,1
2807,214,4,2,1
2807,214,5,2,1
2807,214,6,2,1
2807,214,7,2,1
2807,214,8,2,1
2807,214,9,2,1
2807,214,10,2,1
2807,214,11,2,1
2807,214,12,2,1
2807,214,13,2,1
2807,214,14,2,1
2807,214,15,2,1
2807,214,16,2,1
2807,214,17,2,1
2807,214,18,2,1
2807,214,19,2,1
2807,214,20,2,1
2807,214,21,2,1
2807,214,22,2,1
2807,214,23,2,1
2807,214,24,2,1
2807,214,25,2,1
2807,214,26,2,1
2807,214,27,2,1
2807,214,28,2,1
2807,214,29,2,1
2807,214,30,2,1
2807,214,31,2,1
2807,214,32,2,1
2807,214,33,2,1
2807,214,34,2,1
2807,214,35,2,1
2807,214,36,2,1
2807,214,37,2,1
2807,214,38,2,1
2807,214,39,2,1
2807,214,40,2,1
2807,214,41,2,1
2807,214,42,2,1
2807,214,43,2,1
2807,214,44,2,1
2807,214,45,2,1
2807,214,46,2,1
2807,214,47,2,1
2807,214,48,2,1
2807,214,49,2,1
2807,214,50,2,1
2808,213,1,1,1
2808,213,2,1,1
2808,213,3,1,1
2808,213,4,1,1
2808,213,5,1,1
2808,213,6,1,1
2808,213,7,1,1
2808,213,8,1,1
2808,213,9,1,1
2808,213,10,1,1
2808,213,11,1,1
2808,213,12,1,1
2808,213,13,1,1
2808,213,14,1,1
2808,213,15,1,1
2808,213,16,1,1
2808,213,17,1,1
2808,213,18,1,1
2808,213,19,1,1
2808,213,20,1,1
2808,213,21,1,1
2808,213,22,1,1
2808,213,23,1,1
2808,213,24,1,1
2808,213,25,1,1
2808,213,26,1,1
2808,213,27,1,1
2808,213,28,1,1
2808,213,29,1,1
2808,213,30,1,1
2808,213,31,1,1
2808,213,32,1,1
2808,213,33,1,1
2808,213,34,1,1
2808,213,35,1,1
2808,213,36,1,1
2808,213,37,1,1
2808,213,38,1,1
2808,213,39,1,1
2808,213,40,1,1
2808,213,41,1,1
2808,213,42,1,1
2808,213,43,1,1
2808,213,44,1,1
2808,213,45,1,1
2808,213,46,1,1
2808,213,47,1,1
2808,213,48,1,1
2808,213,49,1,1
2808,213,50,1,1
2808,213,1,2,1
2808,213,2,2,1
2808,213,3,2,1
2808,213,4,2,1
2808,213,5,2,1
2808,213,6,2,1
2808,213,7,2,1
2808,213,8,2,1
2808,213,9,2,1
2808,213,10,2,1
2808,213,11,2,1
2808,213,12,2,1
2808,213,13,2,1
2808,213,14,2,1
2808,213,15,2,1
2808,213,16,2,1
2808,213,17,2,1
2808,213,18,2,1
2808,213,19,2,1
2808,213,20,2,1
2808,213,21,2,1
2808,213,22,2,1
2808,213,23,2,1
2808,213,24,2,1
2808,213,25,2,1
2808,213,26,2,1
2808,213,27,2,1
2808,213,28,2,1
2808,213,29,2,1
2808,213,30,2,1
2808,213,31,2,1
2808,213,32,2,1
2808,213,33,2,1
2808,213,34,2,1
2808,213,35,2,1
2808,213,36,2,1
2808,213,37,2,1
2808,213,38,2,1
2808,213,39,2,1
2808,213,40,2,1
2808,213,41,2,1
2808,213,42,2,1
2808,213,43,2,1
2808,213,44,2,1
2808,213,45,2,1
2808,213,46,2,1
2808,213,47,2,1
2808,213,48,2,1
2808,213,49,2,1
2808,213,50,2,1
2809,213,1,2,1
2809,213,2,2,1
2809,213,3,2,1
2809,213,4,2,1
2809,213,5,2,1
2809,213,6,2,1
2809,213,7,2,1
2809,213,8,2,1
2809,213,9,2,1
2809,213,10,2,1
2809,213,11,2,1
2809,213,12,2,1
2809,213,13,2,1
2809,213,14,2,1
2809,213,15,2,1
2809,213,16,2,1
2809,213,17,2,1
2809,213,18,2,1
2809,213,19,2,1
2809,213,20,2,1
2809,213,21,2,1
2809,213,22,2,1
2809,213,23,2,1
2809,213,24,2,1
2809,213,25,2,1
2809,213,26,2,1
2809,213,27,2,1
2809,213,28,2,1
2809,213,29,2,1
2809,213,30,2,1
2809,213,31,2,1
2809,213,32,2,1
2809,213,33,2,1
2809,213,34,2,1
2809,213,35,2,1
2809,213,36,2,1
2809,213,37,2,1
2809,213,38,2,1
2809,213,39,2,1
2809,213,40,2,1
2809,213,41,2,1
2809,213,42,2,1
2809,213,43,2,1
2809,213,44,2,1
2809,213,45,2,1
2809,213,46,2,1
2809,213,47,2,1
2809,213,48,2,1
2809,213,49,2,1
2809,213,50,2,1
2810,212,1,1,1
2810,212,2,1,1
2810,212,3,1,1
2810,212,4,1,1
2810,212,5,1,1
2810,212,6,1,1
2810,212,7,1,1
2810,212,8,1,1
2810,212,9,1,1
2810,212,10,1,1
2810,212,11,1,1
2810,212,12,1,1
2810,212,13,1,1
2810,212,14,1,1
2810,212,15,1,1
2810,212,16,1,1
2810,212,17,1,1
2810,212,18,1,1
2810,212,19,1,1
2810,212,20,1,1
2810,212,21,1,1
2810,212,22,1,1
2810,212,23,1,1
2810,212,24,1,1
2810,212,25,1,1
2810,212,26,1,1
2810,212,27,1,1
2810,212,28,1,1
2810,212,29,1,1
2810,212,30,1,1
2810,212,31,1,1
2810,212,32,1,1
2810,212,33,1,1
2810,212,34,1,1
2810,212,35,1,1
2810,212,36,1,1
2810,212,37,1,1
2810,212,38,1,1
2810,212,39,1,1
2810,212,40,1,1
2810,212,41,1,1
2810,212,42,1,1
2810,212,43,1,1
2810,212,44,1,1
2810,212,45,1,1
2810,212,46,1,1
2810,212,47,1,1
2810,212,48,1,1
2810,212,49,1,1
2810,212,50,1,1
2810,212,1,2,1
2810,212,2,2,1
2810,212,3,2,1
2810,212,4,2,1
2810,212,5,2,1
2810,212,6,2,1
2810,212,7,2,1
2810,212,8,2,1
2810,212,9,2,1
2810,212,10,2,1
2810,212,11,2,1
2810,212,12,2,1
2810,212,13,2,1
2810,212,14,2,1
2810,212,15,2,1
2810,212,16,2,1
2810,212,17,2,1
2810,212,18,2,1
2810,212,19,2,1
2810,212,20,2,1
2810,212,21,2,1
2810,212,22,2,1
2810,212,23,2,1
2810,212,24,2,1
2810,212,25,2,1
2810,212,26,2,1
2810,212,27,2,1
2810,212,28,2,1
2810,212,29,2,1
2810,212,30,2,1
2810,212,31,2,1
2810,212,32,2,1
2810,212,33,2,1
2810,212,34,2,1
2810,212,35,2,1
2810,212,36,2,1
2810,212,37,2,1
2810,212,38,2,1
2810,212,39,2,1
2810,212,40,2,1
2810,212,41,2,1
2810,212,42,2,1
2810,212,43,2,1
2810,212,44,2,1
2810,212,45,2,1
2810,212,46,2,1
2810,212,47,2,1
2810,212,48,2,1
2810,212,49,2,1
2810,212,50,2,1
2811,212,1,2,1
2811,212,2,2,1
2811,212,3,2,1
2811,212,4,2,1
2811,212,5,2,1
2811,212,6,2,1
2811,212,7,2,1
2811,212,8,2,1
2811,212,9,2,1
2811,212,10,2,1
2811,212,11,2,1
2811,212,12,2,1
2811,212,13,2,1
2811,212,14,2,1
2811,212,15,2,1
2811,212,16,2,1
2811,212,17,2,1
2811,212,18,2,1
2811,212,19,2,1
2811,212,20,2,1
2811,212,21,2,1
2811,212,22,2,1
2811,212,23,2,1
2811,212,24,2,1
2811,212,25,2,1
2811,212,26,2,1
2811,212,27,2,1
2811,212,28,2,1
2811,212,29,2,1
2811,212,30,2,1
2811,212,31,2,1
2811,212,32,2,1
2811,212,33,2,1
2811,212,34,2,1
2811,212,35,2,1
2811,212,36,2,1
2811,212,37,2,1
2811,212,38,2,1
2811,212,39,2,1
2811,212,40,2,1
2811,212,41,2,1
2811,212,42,2,1
2811,212,43,2,1
2811,212,44,2,1
2811,212,45,2,1
2811,212,46,2,1
2811,212,47,2,1
2811,212,48,2,1
2811,212,49,2,1
2811,212,50,2,1
2812,212,1,2,1
2812,212,2,2,1
2812,212,3,2,1
2812,212,4,2,1
2812,212,5,2,1
2812,212,6,2,1
2812,212,7,2,1
2812,212,8,2,1
2812,212,9,2,1
2812,212,10,2,1
2812,212,11,2,1
2812,212,12,2,1
2812,212,13,2,1
2812,212,14,2,1
2812,212,15,2,1
2812,212,16,2,1
2812,212,17,2,1
2812,212,18,2,1
2812,212,19,2,1
2812,212,20,2,1
2812,212,21,2,1
2812,212,22,2,1
2812,212,23,2,1
2812,212,24,2,1
2812,212,25,2,1
2812,212,26,2,1
2812,212,27,2,1
2812,212,28,2,1
2812,212,29,2,1
2812,212,30,2,1
2812,212,31,2,1
2812,212,32,2,1
2812,212,33,2,1
2812,212,34,2,1
2812,212,35,2,1
2812,212,36,2,1
2812,212,37,2,1
2812,212,38,2,1
2812,212,39,2,1
2812,212,40,2,1
2812,212,41,2,1
2812,212,42,2,1
2812,212,43,2,1
2812,212,44,2,1
2812,212,45,2,1
2812,212,46,2,1
2812,212,47,2,1
2812,212,48,2,1
2812,212,49,2,1
2812,212,50,2,1
2813,211,1,1,1
2813,211,2,1,1
2813,211,3,1,1
2813,211,4,1,1
2813,211,5,1,1
2813,211,6,1,1
2813,211,7,1,1
2813,211,8,1,1
2813,211,9,1,1
2813,211,10,1,1
2813,211,11,1,1
2813,211,12,1,1
2813,211,13,1,1
2813,211,14,1,1
2813,211,15,1,1
2813,211,16,1,1
2813,211,17,1,1
2813,211,18,1,1
2813,211,19,1,1
2813,211,20,1,1
2813,211,21,1,1
2813,211,22,1,1
2813,211,23,1,1
2813,211,24,1,1
2813,211,25,1,1
2813,211,26,1,1
2813,211,27,1,1
2813,211,28,1,1
2813,211,29,1,1
2813,211,30,1,1
2813,211,31,1,1
2813,211,32,1,1
2813,211,33,1,1
2813,211,34,1,1
2813,211,35,1,1
2813,211,36,1,1
2813,211,37,1,1
2813,211,38,1,1
2813,211,39,1,1
2813,211,40,1,1
2813,211,41,1,1
2813,211,42,1,1
2813,211,43,1,1
2813,211,44,1,1
2813,211,45,1,1
2813,211,46,1,1
2813,211,47,1,1
2813,211,48,1,1
2813,211,49,1,1
2813,211,50,1,1
2813,211,1,2,1
2813,211,2,2,1
2813,211,3,2,1
2813,211,4,2,1
2813,211,5,2,1
2813,211,6,2,1
2813,211,7,2,1
2813,211,8,2,1
2813,211,9,2,1
2813,211,10,2,1
2813,211,11,2,1
2813,211,12,2,1
2813,211,13,2,1
2813,211,14,2,1
2813,211,15,2,1
2813,211,16,2,1
2813,211,17,2,1
2813,211,18,2,1
2813,211,19,2,1
2813,211,20,2,1
2813,211,21,2,1
2813,211,22,2,1
2813,211,23,2,1
2813,211,24,2,1
2813,211,25,2,1
2813,211,26,2,1
2813,211,27,2,1
2813,211,28,2,1
2813,211,29,2,1
2813,211,30,2,1
2813,211,31,2,1
2813,211,32,2,1
2813,211,33,2,1
2813,211,34,2,1
2813,211,35,2,1
2813,211,36,2,1
2813,211,37,2,1
2813,211,38,2,1
2813,211,39,2,1
2813,211,40,2,1
2813,211,41,2,1
2813,211,42,2,1
2813,211,43,2,1
2813,211,44,2,1
2813,211,45,2,1
2813,211,46,2,1
2813,211,47,2,1
2813,211,48,2,1
2813,211,49,2,1
2813,211,50,2,1
2814,211,1,2,1
2814,211,2,2,1
2814,211,3,2,1
2814,211,4,2,1
2814,211,5,2,1
2814,211,6,2,1
2814,211,7,2,1
2814,211,8,2,1
2814,211,9,2,1
2814,211,10,2,1
2814,211,11,2,1
2814,211,12,2,1
2814,211,13,2,1
2814,211,14,2,1
2814,211,15,2,1
2814,211,16,2,1
2814,211,17,2,1
2814,211,18,2,1
2814,211,19,2,1
2814,211,20,2,1
2814,211,21,2,1
2814,211,22,2,1
2814,211,23,2,1
2814,211,24,2,1
2814,211,25,2,1
2814,211,26,2,1
2814,211,27,2,1
2814,211,28,2,1
2814,211,29,2,1
2814,211,30,2,1
2814,211,31,2,1
2814,211,32,2,1
2814,211,33,2,1
2814,211,34,2,1
2814,211,35,2,1
2814,211,36,2,1
2814,211,37,2,1
2814,211,38,2,1
2814,211,39,2,1
2814,211,40,2,1
2814,211,41,2,1
2814,211,42,2,1
2814,211,43,2,1
2814,211,44,2,1
2814,211,45,2,1
2814,211,46,2,1
2814,211,47,2,1
2814,211,48,2,1
2814,211,49,2,1
2814,211,50,2,1
2815,210,1,1,1
2815,210,2,1,1
2815,210,3,1,1
2815,210,4,1,1
2815,210,5,1,1
2815,210,6,1,1
2815,210,7,1,1
2815,210,8,1,1
2815,210,9,1,1
2815,210,10,1,1
2815,210,11,1,1
2815,210,12,1,1
2815,210,13,1,1
2815,210,14,1,1
2815,210,15,1,1
2815,210,16,1,1
2815,210,17,1,1
2815,210,18,1,1
2815,210,19,1,1
2815,210,20,1,1
2815,210,21,1,1
2815,210,22,1,1
2815,210,23,1,1
2815,210,24,1,1
2815,210,25,1,1
2815,210,26,1,1
2815,210,27,1,1
2815,210,28,1,1
2815,210,29,1,1
2815,210,30,1,1
2815,210,31,1,1
2815,210,32,1,1
2815,210,33,1,1
2815,210,34,1,1
2815,210,35,1,1
2815,210,36,1,1
2815,210,37,1,1
2815,210,38,1,1
2815,210,39,1,1
2815,210,40,1,1
2815,210,41,1,1
2815,210,42,1,1
2815,210,43,1,1
2815,210,44,1,1
2815,210,45,1,1
2815,210,46,1,1
2815,210,47,1,1
2815,210,48,1,1
2815,210,49,1,1
2815,210,50,1,1
2815,210,1,2,1
2815,210,2,2,1
2815,210,3,2,1
2815,210,4,2,1
2815,210,5,2,1
2815,210,6,2,1
2815,210,7,2,1
2815,210,8,2,1
2815,210,9,2,1
2815,210,10,2,1
2815,210,11,2,1
2815,210,12,2,1
2815,210,13,2,1
2815,210,14,2,1
2815,210,15,2,1
2815,210,16,2,1
2815,210,17,2,1
2815,210,18,2,1
2815,210,19,2,1
2815,210,20,2,1
2815,210,21,2,1
2815,210,22,2,1
2815,210,23,2,1
2815,210,24,2,1
2815,210,25,2,1
2815,210,26,2,1
2815,210,27,2,1
2815,210,28,2,1
2815,210,29,2,1
2815,210,30,2,1
2815,210,31,2,1
2815,210,32,2,1
2815,210,33,2,1
2815,210,34,2,1
2815,210,35,2,1
2815,210,36,2,1
2815,210,37,2,1
2815,210,38,2,1
2815,210,39,2,1
2815,210,40,2,1
2815,210,41,2,1
2815,210,42,2,1
2815,210,43,2,1
2815,210,44,2,1
2815,210,45,2,1
2815,210,46,2,1
2815,210,47,2,1
2815,210,48,2,1
2815,210,49,2,1
2815,210,50,2,1
2816,210,1,2,1
2816,210,2,2,1
2816,210,3,2,1
2816,210,4,2,1
2816,210,5,2,1
2816,210,6,2,1
2816,210,7,2,1
2816,210,8,2,1
2816,210,9,2,1
2816,210,10,2,1
2816,210,11,2,1
2816,210,12,2,1
2816,210,13,2,1
2816,210,14,2,1
2816,210,15,2,1
2816,210,16,2,1
2816,210,17,2,1
2816,210,18,2,1
2816,210,19,2,1
2816,210,20,2,1
2816,210,21,2,1
2816,210,22,2,1
2816,210,23,2,1
2816,210,24,2,1
2816,210,25,2,1
2816,210,26,2,1
2816,210,27,2,1
2816,210,28,2,1
2816,210,29,2,1
2816,210,30,2,1
2816,210,31,2,1
2816,210,32,2,1
2816,210,33,2,1
2816,210,34,2,1
2816,210,35,2,1
2816,210,36,2,1
2816,210,37,2,1
2816,210,38,2,1
2816,210,39,2,1
2816,210,40,2,1
2816,210,41,2,1
2816,210,42,2,1
2816,210,43,2,1
2816,210,44,2,1
2816,210,45,2,1
2816,210,46,2,1
2816,210,47,2,1
2816,210,48,2,1
2816,210,49,2,1
2816,210,50,2,1
2817,210,1,2,1
2817,210,2,2,1
2817,210,3,2,1
2817,210,4,2,1
2817,210,5,2,1
2817,210,6,2,1
2817,210,7,2,1
2817,210,8,2,1
2817,210,9,2,1
2817,210,10,2,1
2817,210,11,2,1
2817,210,12,2,1
2817,210,13,2,1
2817,210,14,2,1
2817,210,15,2,1
2817,210,16,2,1
2817,210,17,2,1
2817,210,18,2,1
2817,210,19,2,1
2817,210,20,2,1
2817,210,21,2,1
2817,210,22,2,1
2817,210,23,2,1
2817,210,24,2,1
2817,210,25,2,1
2817,210,26,2,1
2817,210,27,2,1
2817,210,28,2,1
2817,210,29,2,1
2817,210,30,2,1
2817,210,31,2,1
2817,210,32,2,1
2817,210,33,2,1
2817,210,34,2,1
2817,210,35,2,1
2817,210,36,2,1
2817,210,37,2,1
2817,210,38,2,1
2817,210,39,2,1
2817,210,40,2,1
2817,210,41,2,1
2817,210,42,2,1
2817,210,43,2,1
2817,210,44,2,1
2817,210,45,2,1
2817,210,46,2,1
2817,210,47,2,1
2817,210,48,2,1
2817,210,49,2,1
2817,210,50,2,1
2818,209,1,1,1
2818,209,2,1,1
2818,209,3,1,1
2818,209,4,1,1
2818,209,5,1,1
2818,209,6,1,1
2818,209,7,1,1
2818,209,8,1,1
2818,209,9,1,1
2818,209,10,1,1
2818,209,11,1,1
2818,209,12,1,1
2818,209,13,1,1
2818,209,14,1,1
2818,209,15,1,1
2818,209,16,1,1
2818,209,17,1,1
2818,209,18,1,1
2818,209,19,1,1
2818,209,20,1,1
2818,209,21,1,1
2818,209,22,1,1
2818,209,23,1,1
2818,209,24,1,1
2818,209,25,1,1
2818,209,26,1,1
2818,209,27,1,1
2818,209,28,1,1
2818,209,29,1,1
2818,209,30,1,1
2818,209,31,1,1
2818,209,32,1,1
2818,209,33,1,1
2818,209,34,1,1
2818,209,35,1,1
2818,209,36,1,1
2818,209,37,1,1
2818,209,38,1,1
2818,209,39,1,1
2818,209,40,1,1
2818,209,41,1,1
2818,209,42,1,1
2818,209,43,1,1
2818,209,44,1,1
2818,209,45,1,1
2818,209,46,1,1
2818,209,47,1,1
2818,209,48,1,1
2818,209,49,1,1
2818,209,50,1,1
2818,209,1,2,1
2818,209,2,2,1
2818,209,3,2,1
2818,209,4,2,1
2818,209,5,2,1
2818,209,6,2,1
2818,209,7,2,1
2818,209,8,2,1
2818,209,9,2,1
2818,209,10,2,1
2818,209,11,2,1
2818,209,12,2,1
2818,209,13,2,1
2818,209,14,2,1
2818,209,15,2,1
2818,209,16,2,1
2818,209,17,2,1
2818,209,18,2,1
2818,209,19,2,1
2818,209,20,2,1
2818,209,21,2,1
2818,209,22,2,1
2818,209,23,2,1
2818,209,24,2,1
2818,209,25,2,1
2818,209,26,2,1
2818,209,27,2,1
2818,209,28,2,1
2818,209,29,2,1
2818,209,30,2,1
2818,209,31,2,1
2818,209,32,2,1
2818,209,33,2,1
2818,209,34,2,1
2818,209,35,2,1
2818,209,36,2,1
2818,209,37,2,1
2818,209,38,2,1
2818,209,39,2,1
2818,209,40,2,1
2818,209,41,2,1
2818,209,42,2,1
2818,209,43,2,1
2818,209,44,2,1
2818,209,45,2,1
2818,209,46,2,1
2818,209,47,2,1
2818,209,48,2,1
2818,209,49,2,1
2818,209,50,2,1
2819,209,1,2,1
2819,209,2,2,1
2819,209,3,2,1
2819,209,4,2,1
2819,209,5,2,1
2819,209,6,2,1
2819,209,7,2,1
2819,209,8,2,1
2819,209,9,2,1
2819,209,10,2,1
2819,209,11,2,1
2819,209,12,2,1
2819,209,13,2,1
2819,209,14,2,1
2819,209,15,2,1
2819,209,16,2,1
2819,209,17,2,1
2819,209,18,2,1
2819,209,19,2,1
2819,209,20,2,1
2819,209,21,2,1
2819,209,22,2,1
2819,209,23,2,1
2819,209,24,2,1
2819,209,25,2,1
2819,209,26,2,1
2819,209,27,2,1
2819,209,28,2,1
2819,209,29,2,1
2819,209,30,2,1
2819,209,31,2,1
2819,209,32,2,1
2819,209,33,2,1
2819,209,34,2,1
2819,209,35,2,1
2819,209,36,2,1
2819,209,37,2,1
2819,209,38,2,1
2819,209,39,2,1
2819,209,40,2,1
2819,209,41,2,1
2819,209,42,2,1
2819,209,43,2,1
2819,209,44,2,1
2819,209,45,2,1
2819,209,46,2,1
2819,209,47,2,1
2819,209,48,2,1
2819,209,49,2,1
2819,209,50,2,1
2820,208,1,1,1
2820,208,2,1,1
2820,208,3,1,1
2820,208,4,1,1
2820,208,5,1,1
2820,208,6,1,1
2820,208,7,1,1
2820,208,8,1,1
2820,208,9,1,1
2820,208,10,1,1
2820,208,11,1,1
2820,208,12,1,1
2820,208,13,1,1
2820,208,14,1,1
2820,208,15,1,1
2820,208,16,1,1
2820,208,17,1,1
2820,208,18,1,1
2820,208,19,1,1
2820,208,20,1,1
2820,208,21,1,1
2820,208,22,1,1
2820,208,23,1,1
2820,208,24,1,1
2820,208,25,1,1
2820,208,26,1,1
2820,208,27,1,1
2820,208,28,1,1
2820,208,29,1,1
2820,208,30,1,1
2820,208,31,1,1
2820,208,32,1,1
2820,208,33,1,1
2820,208,34,1,1
2820,208,35,1,1
2820,208,36,1,1
2820,208,37,1,1
2820,208,38,1,1
2820,208,39,1,1
2820,208,40,1,1
2820,208,41,1,1
2820,208,42,1,1
2820,208,43,1,1
2820,208,44,1,1
2820,208,45,1,1
2820,208,46,1,1
2820,208,47,1,1
2820,208,48,1,1
2820,208,49,1,1
2820,208,50,1,1
2820,208,1,2,1
2820,208,2,2,1
2820,208,3,2,1
2820,208,4,2,1
2820,208,5,2,1
2820,208,6,2,1
2820,208,7,2,1
2820,208,8,2,1
2820,208,9,2,1
2820,208,10,2,1
2820,208,11,2,1
2820,208,12,2,1
2820,208,13,2,1
2820,208,14,2,1
2820,208,15,2,1
2820,208,16,2,1
2820,208,17,2,1
2820,208,18,2,1
2820,208,19,2,1
2820,208,20,2,1
2820,208,21,2,1
2820,208,22,2,1
2820,208,23,2,1
2820,208,24,2,1
2820,208,25,2,1
2820,208,26,2,1
2820,208,27,2,1
2820,208,28,2,1
2820,208,29,2,1
2820,208,30,2,1
2820,208,31,2,1
2820,208,32,2,1
2820,208,33,2,1
2820,208,34,2,1
2820,208,35,2,1
2820,208,36,2,1
2820,208,37,2,1
2820,208,38,2,1
2820,208,39,2,1
2820,208,40,2,1
2820,208,41,2,1
2820,208,42,2,1
2820,208,43,2,1
2820,208,44,2,1
2820,208,45,2,1
2820,208,46,2,1
2820,208,47,2,1
2820,208,48,2,1
2820,208,49,2,1
2820,208,50,2,1
2821,208,1,2,1
2821,208,2,2,1
2821,208,3,2,1
2821,208,4,2,1
2821,208,5,2,1
2821,208,6,2,1
2821,208,7,2,1
2821,208,8,2,1
2821,208,9,2,1
2821,208,10,2,1
2821,208,11,2,1
2821,208,12,2,1
2821,208,13,2,1
2821,208,14,2,1
2821,208,15,2,1
2821,208,16,2,1
2821,208,17,2,1
2821,208,18,2,1
2821,208,19,2,1
2821,208,20,2,1
2821,208,21,2,1
2821,208,22,2,1
2821,208,23,2,1
2821,208,24,2,1
2821,208,25,2,1
2821,208,26,2,1
2821,208,27,2,1
2821,208,28,2,1
2821,208,29,2,1
2821,208,30,2,1
2821,208,31,2,1
2821,208,32,2,1
2821,208,33,2,1
2821,208,34,2,1
2821,208,35,2,1
2821,208,36,2,1
2821,208,37,2,1
2821,208,38,2,1
2821,208,39,2,1
2821,208,40,2,1
2821,208,41,2,1
2821,208,42,2,1
2821,208,43,2,1
2821,208,44,2,1
2821,208,45,2,1
2821,208,46,2,1
2821,208,47,2,1
2821,208,48,2,1
2821,208,49,2,1
2821,208,50,2,1
2822,208,1,2,1
2822,208,2,2,1
2822,208,3,2,1
2822,208,4,2,1
2822,208,5,2,1
2822,208,6,2,1
2822,208,7,2,1
2822,208,8,2,1
2822,208,9,2,1
2822,208,10,2,1
2822,208,11,2,1
2822,208,12,2,1
2822,208,13,2,1
2822,208,14,2,1
2822,208,15,2,1
2822,208,16,2,1
2822,208,17,2,1
2822,208,18,2,1
2822,208,19,2,1
2822,208,20,2,1
2822,208,21,2,1
2822,208,22,2,1
2822,208,23,2,1
2822,208,24,2,1
2822,208,25,2,1
2822,208,26,2,1
2822,208,27,2,1
2822,208,28,2,1
2822,208,29,2,1
2822,208,30,2,1
2822,208,31,2,1
2822,208,32,2,1
2822,208,33,2,1
2822,208,34,2,1
2822,208,35,2,1
2822,208,36,2,1
2822,208,37,2,1
2822,208,38,2,1
2822,208,39,2,1
2822,208,40,2,1
2822,208,41,2,1
2822,208,42,2,1
2822,208,43,2,1
2822,208,44,2,1
2822,208,45,2,1
2822,208,46,2,1
2822,208,47,2,1
2822,208,48,2,1
2822,208,49,2,1
2822,208,50,2,1
2823,207,1,1,1
2823,207,2,1,1
2823,207,3,1,1
2823,207,4,1,1
2823,207,5,1,1
2823,207,6,1,1
2823,207,7,1,1
2823,207,8,1,1
2823,207,9,1,1
2823,207,10,1,1
2823,207,11,1,1
2823,207,12,1,1
2823,207,13,1,1
2823,207,14,1,1
2823,207,15,1,1
2823,207,16,1,1
2823,207,17,1,1
2823,207,18,1,1
2823,207,19,1,1
2823,207,20,1,1
2823,207,21,1,1
2823,207,22,1,1
2823,207,23,1,1
2823,207,24,1,1
2823,207,25,1,1
2823,207,26,1,1
2823,207,27,1,1
2823,207,28,1,1
2823,207,29,1,1
2823,207,30,1,1
2823,207,31,1,1
2823,207,32,1,1
2823,207,33,1,1
2823,207,34,1,1
2823,207,35,1,1
2823,207,36,1,1
2823,207,37,1,1
2823,207,38,1,1
2823,207,39,1,1
2823,207,40,1,1
2823,207,41,1,1
2823,207,42,1,1
2823,207,43,1,1
2823,207,44,1,1
2823,207,45,1,1
2823,207,46,1,1
2823,207,47,1,1
2823,207,48,1,1
2823,207,49,1,1
2823,207,50,1,1
2823,207,1,2,1
2823,207,2,2,1
2823,207,3,2,1
2823,207,4,2,1
2823,207,5,2,1
2823,207,6,2,1
2823,207,7,2,1
2823,207,8,2,1
2823,207,9,2,1
2823,207,10,2,1
2823,207,11,2,1
2823,207,12,2,1
2823,207,13,2,1
2823,207,14,2,1
2823,207,15,2,1
2823,207,16,2,1
2823,207,17,2,1
2823,207,18,2,1
2823,207,19,2,1
2823,207,20,2,1
2823,207,21,2,1
2823,207,22,2,1
2823,207,23,2,1
2823,207,24,2,1
2823,207,25,2,1
2823,207,26,2,1
2823,207,27,2,1
2823,207,28,2,1
2823,207,29,2,1
2823,207,30,2,1
2823,207,31,2,1
2823,207,32,2,1
2823,207,33,2,1
2823,207,34,2,1
2823,207,35,2,1
2823,207,36,2,1
2823,207,37,2,1
2823,207,38,2,1
2823,207,39,2,1
2823,207,40,2,1
2823,207,41,2,1
2823,207,42,2,1
2823,207,43,2,1
2823,207,44,2,1
2823,207,45,2,1
2823,207,46,2,1
2823,207,47,2,1
2823,207,48,2,1
2823,207,49,2,1
2823,207,50,2,1
2824,207,1,2,1
2824,207,2,2,1
2824,207,3,2,1
2824,207,4,2,1
2824,207,5,2,1
2824,207,6,2,1
2824,207,7,2,1
2824,207,8,2,1
2824,207,9,2,1
2824,207,10,2,1
2824,207,11,2,1
2824,207,12,2,1
2824,207,13,2,1
2824,207,14,2,1
2824,207,15,2,1
2824,207,16,2,1
2824,207,17,2,1
2824,207,18,2,1
2824,207,19,2,1
2824,207,20,2,1
2824,207,21,2,1
2824,207,22,2,1
2824,207,23,2,1
2824,207,24,2,1
2824,207,25,2,1
2824,207,26,2,1
2824,207,27,2,1
2824,207,28,2,1
2824,207,29,2,1
2824,207,30,2,1
2824,207,31,2,1
2824,207,32,2,1
2824,207,33,2,1
2824,207,34,2,1
2824,207,35,2,1
2824,207,36,2,1
2824,207,37,2,1
2824,207,38,2,1
2824,207,39,2,1
2824,207,40,2,1
2824,207,41,2,1
2824,207,42,2,1
2824,207,43,2,1
2824,207,44,2,1
2824,207,45,2,1
2824,207,46,2,1
2824,207,47,2,1
2824,207,48,2,1
2824,207,49,2,1
2824,207,50,2,1
2825,207,1,2,1
2825,207,2,2,1
2825,207,3,2,1
2825,207,4,2,1
2825,207,5,2,1
2825,207,6,2,1
2825,207,7,2,1
2825,207,8,2,1
2825,207,9,2,1
2825,207,10,2,1
2825,207,11,2,1
2825,207,12,2,1
2825,207,13,2,1
2825,207,14,2,1
2825,207,15,2,1
2825,207,16,2,1
2825,207,17,2,1
2825,207,18,2,1
2825,207,19,2,1
2825,207,20,2,1
2825,207,21,2,1
2825,207,22,2,1
2825,207,23,2,1
2825,207,24,2,1
2825,207,25,2,1
2825,207,26,2,1
2825,207,27,2,1
2825,207,28,2,1
2825,207,29,2,1
2825,207,30,2,1
2825,207,31,2,1
2825,207,32,2,1
2825,207,33,2,1
2825,207,34,2,1
2825,207,35,2,1
2825,207,36,2,1
2825,207,37,2,1
2825,207,38,2,1
2825,207,39,2,1
2825,207,40,2,1
2825,207,41,2,1
2825,207,42,2,1
2825,207,43,2,1
2825,207,44,2,1
2825,207,45,2,1
2825,207,46,2,1
2825,207,47,2,1
2825,207,48,2,1
2825,207,49,2,1
2825,207,50,2,1
2826,206,1,1,1
2826,206,2,1,1
2826,206,3,1,1
2826,206,4,1,1
2826,206,5,1,1
2826,206,6,1,1
2826,206,7,1,1
2826,206,8,1,1
2826,206,9,1,1
2826,206,10,1,1
2826,206,11,1,1
2826,206,12,1,1
2826,206,13,1,1
2826,206,14,1,1
2826,206,15,1,1
2826,206,16,1,1
2826,206,17,1,1
2826,206,18,1,1
2826,206,19,1,1
2826,206,20,1,1
2826,206,21,1,1
2826,206,22,1,1
2826,206,23,1,1
2826,206,24,1,1
2826,206,25,1,1
2826,206,26,1,1
2826,206,27,1,1
2826,206,28,1,1
2826,206,29,1,1
2826,206,30,1,1
2826,206,31,1,1
2826,206,32,1,1
2826,206,33,1,1
2826,206,34,1,1
2826,206,35,1,1
2826,206,36,1,1
2826,206,37,1,1
2826,206,38,1,1
2826,206,39,1,1
2826,206,40,1,1
2826,206,41,1,1
2826,206,42,1,1
2826,206,43,1,1
2826,206,44,1,1
2826,206,45,1,1
2826,206,46,1,1
2826,206,47,1,1
2826,206,48,1,1
2826,206,49,1,1
2826,206,50,1,1
2826,206,1,2,1
2826,206,2,2,1
2826,206,3,2,1
2826,206,4,2,1
2826,206,5,2,1
2826,206,6,2,1
2826,206,7,2,1
2826,206,8,2,1
2826,206,9,2,1
2826,206,10,2,1
2826,206,11,2,1
2826,206,12,2,1
2826,206,13,2,1
2826,206,14,2,1
2826,206,15,2,1
2826,206,16,2,1
2826,206,17,2,1
2826,206,18,2,1
2826,206,19,2,1
2826,206,20,2,1
2826,206,21,2,1
2826,206,22,2,1
2826,206,23,2,1
2826,206,24,2,1
2826,206,25,2,1
2826,206,26,2,1
2826,206,27,2,1
2826,206,28,2,1
2826,206,29,2,1
2826,206,30,2,1
2826,206,31,2,1
2826,206,32,2,1
2826,206,33,2,1
2826,206,34,2,1
2826,206,35,2,1
2826,206,36,2,1
2826,206,37,2,1
2826,206,38,2,1
2826,206,39,2,1
2826,206,40,2,1
2826,206,41,2,1
2826,206,42,2,1
2826,206,43,2,1
2826,206,44,2,1
2826,206,45,2,1
2826,206,46,2,1
2826,206,47,2,1
2826,206,48,2,1
2826,206,49,2,1
2826,206,50,2,1
2827,206,1,2,1
2827,206,2,2,1
2827,206,3,2,1
2827,206,4,2,1
2827,206,5,2,1
2827,206,6,2,1
2827,206,7,2,1
2827,206,8,2,1
2827,206,9,2,1
2827,206,10,2,1
2827,206,11,2,1
2827,206,12,2,1
2827,206,13,2,1
2827,206,14,2,1
2827,206,15,2,1
2827,206,16,2,1
2827,206,17,2,1
2827,206,18,2,1
2827,206,19,2,1
2827,206,20,2,1
2827,206,21,2,1
2827,206,22,2,1
2827,206,23,2,1
2827,206,24,2,1
2827,206,25,2,1
2827,206,26,2,1
2827,206,27,2,1
2827,206,28,2,1
2827,206,29,2,1
2827,206,30,2,1
2827,206,31,2,1
2827,206,32,2,1
2827,206,33,2,1
2827,206,34,2,1
2827,206,35,2,1
2827,206,36,2,1
2827,206,37,2,1
2827,206,38,2,1
2827,206,39,2,1
2827,206,40,2,1
2827,206,41,2,1
2827,206,42,2,1
2827,206,43,2,1
2827,206,44,2,1
2827,206,45,2,1
2827,206,46,2,1
2827,206,47,2,1
2827,206,48,2,1
2827,206,49,2,1
2827,206,50,2,1
2828,205,1,1,1
2828,205,2,1,1
2828,205,3,1,1
2828,205,4,1,1
2828,205,5,1,1
2828,205,6,1,1
2828,205,7,1,1
2828,205,8,1,1
2828,205,9,1,1
2828,205,10,1,1
2828,205,11,1,1
2828,205,12,1,1
2828,205,13,1,1
2828,205,14,1,1
2828,205,15,1,1
2828,205,16,1,1
2828,205,17,1,1
2828,205,18,1,1
2828,205,19,1,1
2828,205,20,1,1
2828,205,21,1,1
2828,205,22,1,1
2828,205,23,1,1
2828,205,24,1,1
2828,205,25,1,1
2828,205,26,1,1
2828,205,27,1,1
2828,205,28,1,1
2828,205,29,1,1
2828,205,30,1,1
2828,205,31,1,1
2828,205,32,1,1
2828,205,33,1,1
2828,205,34,1,1
2828,205,35,1,1
2828,205,36,1,1
2828,205,37,1,1
2828,205,38,1,1
2828,205,39,1,1
2828,205,40,1,1
2828,205,41,1,1
2828,205,42,1,1
2828,205,43,1,1
2828,205,44,1,1
2828,205,45,1,1
2828,205,46,1,1
2828,205,47,1,1
2828,205,48,1,1
2828,205,49,1,1
2828,205,50,1,1
2828,205,1,2,1
2828,205,2,2,1
2828,205,3,2,1
2828,205,4,2,1
2828,205,5,2,1
2828,205,6,2,1
2828,205,7,2,1
2828,205,8,2,1
2828,205,9,2,1
2828,205,10,2,1
2828,205,11,2,1
2828,205,12,2,1
2828,205,13,2,1
2828,205,14,2,1
2828,205,15,2,1
2828,205,16,2,1
2828,205,17,2,1
2828,205,18,2,1
2828,205,19,2,1
2828,205,20,2,1
2828,205,21,2,1
2828,205,22,2,1
2828,205,23,2,1
2828,205,24,2,1
2828,205,25,2,1
2828,205,26,2,1
2828,205,27,2,1
2828,205,28,2,1
2828,205,29,2,1
2828,205,30,2,1
2828,205,31,2,1
2828,205,32,2,1
2828,205,33,2,1
2828,205,34,2,1
2828,205,35,2,1
2828,205,36,2,1
2828,205,37,2,1
2828,205,38,2,1
2828,205,39,2,1
2828,205,40,2,1
2828,205,41,2,1
2828,205,42,2,1
2828,205,43,2,1
2828,205,44,2,1
2828,205,45,2,1
2828,205,46,2,1
2828,205,47,2,1
2828,205,48,2,1
2828,205,49,2,1
2828,205,50,2,1
2829,205,1,2,1
2829,205,2,2,1
2829,205,3,2,1
2829,205,4,2,1
2829,205,5,2,1
2829,205,6,2,1
2829,205,7,2,1
2829,205,8,2,1
2829,205,9,2,1
2829,205,10,2,1
2829,205,11,2,1
2829,205,12,2,1
2829,205,13,2,1
2829,205,14,2,1
2829,205,15,2,1
2829,205,16,2,1
2829,205,17,2,1
2829,205,18,2,1
2829,205,19,2,1
2829,205,20,2,1
2829,205,21,2,1
2829,205,22,2,1
2829,205,23,2,1
2829,205,24,2,1
2829,205,25,2,1
2829,205,26,2,1
2829,205,27,2,1
2829,205,28,2,1
2829,205,29,2,1
2829,205,30,2,1
2829,205,31,2,1
2829,205,32,2,1
2829,205,33,2,1
2829,205,34,2,1
2829,205,35,2,1
2829,205,36,2,1
2829,205,37,2,1
2829,205,38,2,1
2829,205,39,2,1
2829,205,40,2,1
2829,205,41,2,1
2829,205,42,2,1
2829,205,43,2,1
2829,205,44,2,1
2829,205,45,2,1
2829,205,46,2,1
2829,205,47,2,1
2829,205,48,2,1
2829,205,49,2,1
2829,205,50,2,1
2830,205,1,2,1
2830,205,2,2,1
2830,205,3,2,1
2830,205,4,2,1
2830,205,5,2,1
2830,205,6,2,1
2830,205,7,2,1
2830,205,8,2,1
2830,205,9,2,1
2830,205,10,2,1
2830,205,11,2,1
2830,205,12,2,1
2830,205,13,2,1
2830,205,14,2,1
2830,205,15,2,1
2830,205,16,2,1
2830,205,17,2,1
2830,205,18,2,1
2830,205,19,2,1
2830,205,20,2,1
2830,205,21,2,1
2830,205,22,2,1
2830,205,23,2,1
2830,205,24,2,1
2830,205,25,2,1
2830,205,26,2,1
2830,205,27,2,1
2830,205,28,2,1
2830,205,29,2,1
2830,205,30,2,1
2830,205,31,2,1
2830,205,32,2,1
2830,205,33,2,1
2830,205,34,2,1
2830,205,35,2,1
2830,205,36,2,1
2830,205,37,2,1
2830,205,38,2,1
2830,205,39,2,1
2830,205,40,2,1
2830,205,41,2,1
2830,205,42,2,1
2830,205,43,2,1
2830,205,44,2,1
2830,205,45,2,1
2830,205,46,2,1
2830,205,47,2,1
2830,205,48,2,1
2830,205,49,2,1
2830,205,50,2,1
2831,204,1,1,1
2831,204,2,1,1
2831,204,3,1,1
2831,204,4,1,1
2831,204,5,1,1
2831,204,6,1,1
2831,204,7,1,1
2831,204,8,1,1
2831,204,9,1,1
2831,204,10,1,1
2831,204,11,1,1
2831,204,12,1,1
2831,204,13,1,1
2831,204,14,1,1
2831,204,15,1,1
2831,204,16,1,1
2831,204,17,1,1
2831,204,18,1,1
2831,204,19,1,1
2831,204,20,1,1
2831,204,21,1,1
2831,204,22,1,1
2831,204,23,1,1
2831,204,24,1,1
2831,204,25,1,1
2831,204,26,1,1
2831,204,27,1,1
2831,204,28,1,1
2831,204,29,1,1
2831,204,30,1,1
2831,204,31,1,1
2831,204,32,1,1
2831,204,33,1,1
2831,204,34,1,1
2831,204,35,1,1
2831,204,36,1,1
2831,204,37,1,1
2831,204,38,1,1
2831,204,39,1,1
2831,204,40,1,1
2831,204,41,1,1
2831,204,42,1,1
2831,204,43,1,1
2831,204,44,1,1
2831,204,45,1,1
2831,204,46,1,1
2831,204,47,1,1
2831,204,48,1,1
2831,204,49,1,1
2831,204,50,1,1
2831,204,1,2,1
2831,204,2,2,1
2831,204,3,2,1
2831,204,4,2,1
2831,204,5,2,1
2831,204,6,2,1
2831,204,7,2,1
2831,204,8,2,1
2831,204,9,2,1
2831,204,10,2,1
2831,204,11,2,1
2831,204,12,2,1
2831,204,13,2,1
2831,204,14,2,1
2831,204,15,2,1
2831,204,16,2,1
2831,204,17,2,1
2831,204,18,2,1
2831,204,19,2,1
2831,204,20,2,1
2831,204,21,2,1
2831,204,22,2,1
2831,204,23,2,1
2831,204,24,2,1
2831,204,25,2,1
2831,204,26,2,1
2831,204,27,2,1
2831,204,28,2,1
2831,204,29,2,1
2831,204,30,2,1
2831,204,31,2,1
2831,204,32,2,1
2831,204,33,2,1
2831,204,34,2,1
2831,204,35,2,1
2831,204,36,2,1
2831,204,37,2,1
2831,204,38,2,1
2831,204,39,2,1
2831,204,40,2,1
2831,204,41,2,1
2831,204,42,2,1
2831,204,43,2,1
2831,204,44,2,1
2831,204,45,2,1
2831,204,46,2,1
2831,204,47,2,1
2831,204,48,2,1
2831,204,49,2,1
2831,204,50,2,1
2832,204,1,2,1
2832,204,2,2,1
2832,204,3,2,1
2832,204,4,2,1
2832,204,5,2,1
2832,204,6,2,1
2832,204,7,2,1
2832,204,8,2,1
2832,204,9,2,1
2832,204,10,2,1
2832,204,11,2,1
2832,204,12,2,1
2832,204,13,2,1
2832,204,14,2,1
2832,204,15,2,1
2832,204,16,2,1
2832,204,17,2,1
2832,204,18,2,1
2832,204,19,2,1
2832,204,20,2,1
2832,204,21,2,1
2832,204,22,2,1
2832,204,23,2,1
2832,204,24,2,1
2832,204,25,2,1
2832,204,26,2,1
2832,204,27,2,1
2832,204,28,2,1
2832,204,29,2,1
2832,204,30,2,1
2832,204,31,2,1
2832,204,32,2,1
2832,204,33,2,1
2832,204,34,2,1
2832,204,35,2,1
2832,204,36,2,1
2832,204,37,2,1
2832,204,38,2,1
2832,204,39,2,1
2832,204,40,2,1
2832,204,41,2,1
2832,204,42,2,1
2832,204,43,2,1
2832,204,44,2,1
2832,204,45,2,1
2832,204,46,2,1
2832,204,47,2,1
2832,204,48,2,1
2832,204,49,2,1
2832,204,50,2,1
2833,203,1,1,1
2833,203,2,1,1
2833,203,3,1,1
2833,203,4,1,1
2833,203,5,1,1
2833,203,6,1,1
2833,203,7,1,1
2833,203,8,1,1
2833,203,9,1,1
2833,203,10,1,1
2833,203,11,1,1
2833,203,12,1,1
2833,203,13,1,1
2833,203,14,1,1
2833,203,15,1,1
2833,203,16,1,1
2833,203,17,1,1
2833,203,18,1,1
2833,203,19,1,1
2833,203,20,1,1
2833,203,21,1,1
2833,203,22,1,1
2833,203,23,1,1
2833,203,24,1,1
2833,203,25,1,1
2833,203,26,1,1
2833,203,27,1,1
2833,203,28,1,1
2833,203,29,1,1
2833,203,30,1,1
2833,203,31,1,1
2833,203,32,1,1
2833,203,33,1,1
2833,203,34,1,1
2833,203,35,1,1
2833,203,36,1,1
2833,203,37,1,1
2833,203,38,1,1
2833,203,39,1,1
2833,203,40,1,1
2833,203,41,1,1
2833,203,42,1,1
2833,203,43,1,1
2833,203,44,1,1
2833,203,45,1,1
2833,203,46,1,1
2833,203,47,1,1
2833,203,48,1,1
2833,203,49,1,1
2833,203,50,1,1
2833,203,1,2,1
2833,203,2,2,1
2833,203,3,2,1
2833,203,4,2,1
2833,203,5,2,1
2833,203,6,2,1
2833,203,7,2,1
2833,203,8,2,1
2833,203,9,2,1
2833,203,10,2,1
2833,203,11,2,1
2833,203,12,2,1
2833,203,13,2,1
2833,203,14,2,1
2833,203,15,2,1
2833,203,16,2,1
2833,203,17,2,1
2833,203,18,2,1
2833,203,19,2,1
2833,203,20,2,1
2833,203,21,2,1
2833,203,22,2,1
2833,203,23,2,1
2833,203,24,2,1
2833,203,25,2,1
2833,203,26,2,1
2833,203,27,2,1
2833,203,28,2,1
2833,203,29,2,1
2833,203,30,2,1
2833,203,31,2,1
2833,203,32,2,1
2833,203,33,2,1
2833,203,34,2,1
2833,203,35,2,1
2833,203,36,2,1
2833,203,37,2,1
2833,203,38,2,1
2833,203,39,2,1
2833,203,40,2,1
2833,203,41,2,1
2833,203,42,2,1
2833,203,43,2,1
2833,203,44,2,1
2833,203,45,2,1
2833,203,46,2,1
2833,203,47,2,1
2833,203,48,2,1
2833,203,49,2,1
2833,203,50,2,1
2834,203,1,2,1
2834,203,2,2,1
2834,203,3,2,1
2834,203,4,2,1
2834,203,5,2,1
2834,203,6,2,1
2834,203,7,2,1
2834,203,8,2,1
2834,203,9,2,1
2834,203,10,2,1
2834,203,11,2,1
2834,203,12,2,1
2834,203,13,2,1
2834,203,14,2,1
2834,203,15,2,1
2834,203,16,2,1
2834,203,17,2,1
2834,203,18,2,1
2834,203,19,2,1
2834,203,20,2,1
2834,203,21,2,1
2834,203,22,2,1
2834,203,23,2,1
2834,203,24,2,1
2834,203,25,2,1
2834,203,26,2,1
2834,203,27,2,1
2834,203,28,2,1
2834,203,29,2,1
2834,203,30,2,1
2834,203,31,2,1
2834,203,32,2,1
2834,203,33,2,1
2834,203,34,2,1
2834,203,35,2,1
2834,203,36,2,1
2834,203,37,2,1
2834,203,38,2,1
2834,203,39,2,1
2834,203,40,2,1
2834,203,41,2,1
2834,203,42,2,1
2834,203,43,2,1
2834,203,44,2,1
2834,203,45,2,1
2834,203,46,2,1
2834,203,47,2,1
2834,203,48,2,1
2834,203,49,2,1
2834,203,50,2,1
2835,203,1,2,1
2835,203,2,2,1
2835,203,3,2,1
2835,203,4,2,1
2835,203,5,2,1
2835,203,6,2,1
2835,203,7,2,1
2835,203,8,2,1
2835,203,9,2,1
2835,203,10,2,1
2835,203,11,2,1
2835,203,12,2,1
2835,203,13,2,1
2835,203,14,2,1
2835,203,15,2,1
2835,203,16,2,1
2835,203,17,2,1
2835,203,18,2,1
2835,203,19,2,1
2835,203,20,2,1
2835,203,21,2,1
2835,203,22,2,1
2835,203,23,2,1
2835,203,24,2,1
2835,203,25,2,1
2835,203,26,2,1
2835,203,27,2,1
2835,203,28,2,1
2835,203,29,2,1
2835,203,30,2,1
2835,203,31,2,1
2835,203,32,2,1
2835,203,33,2,1
2835,203,34,2,1
2835,203,35,2,1
2835,203,36,2,1
2835,203,37,2,1
2835,203,38,2,1
2835,203,39,2,1
2835,203,40,2,1
2835,203,41,2,1
2835,203,42,2,1
2835,203,43,2,1
2835,203,44,2,1
2835,203,45,2,1
2835,203,46,2,1
2835,203,47,2,1
2835,203,48,2,1
2835,203,49,2,1
2835,203,50,2,1
2836,202,1,1,1
2836,202,2,1,1
2836,202,3,1,1
2836,202,4,1,1
2836,202,5,1,1
2836,202,6,1,1
2836,202,7,1,1
2836,202,8,1,1
2836,202,9,1,1
2836,202,10,1,1
2836,202,11,1,1
2836,202,12,1,1
2836,202,13,1,1
2836,202,14,1,1
2836,202,15,1,1
2836,202,16,1,1
2836,202,17,1,1
2836,202,18,1,1
2836,202,19,1,1
2836,202,20,1,1
2836,202,21,1,1
2836,202,22,1,1
2836,202,23,1,1
2836,202,24,1,1
2836,202,25,1,1
2836,202,26,1,1
2836,202,27,1,1
2836,202,28,1,1
2836,202,29,1,1
2836,202,30,1,1
2836,202,31,1,1
2836,202,32,1,1
2836,202,33,1,1
2836,202,34,1,1
2836,202,35,1,1
2836,202,36,1,1
2836,202,37,1,1
2836,202,38,1,1
2836,202,39,1,1
2836,202,40,1,1
2836,202,41,1,1
2836,202,42,1,1
2836,202,43,1,1
2836,202,44,1,1
2836,202,45,1,1
2836,202,46,1,1
2836,202,47,1,1
2836,202,48,1,1
2836,202,49,1,1
2836,202,50,1,1
2836,202,1,2,1
2836,202,2,2,1
2836,202,3,2,1
2836,202,4,2,1
2836,202,5,2,1
2836,202,6,2,1
2836,202,7,2,1
2836,202,8,2,1
2836,202,9,2,1
2836,202,10,2,1
2836,202,11,2,1
2836,202,12,2,1
2836,202,13,2,1
2836,202,14,2,1
2836,202,15,2,1
2836,202,16,2,1
2836,202,17,2,1
2836,202,18,2,1
2836,202,19,2,1
2836,202,20,2,1
2836,202,21,2,1
2836,202,22,2,1
2836,202,23,2,1
2836,202,24,2,1
2836,202,25,2,1
2836,202,26,2,1
2836,202,27,2,1
2836,202,28,2,1
2836,202,29,2,1
2836,202,30,2,1
2836,202,31,2,1
2836,202,32,2,1
2836,202,33,2,1
2836,202,34,2,1
2836,202,35,2,1
2836,202,36,2,1
2836,202,37,2,1
2836,202,38,2,1
2836,202,39,2,1
2836,202,40,2,1
2836,202,41,2,1
2836,202,42,2,1
2836,202,43,2,1
2836,202,44,2,1
2836,202,45,2,1
2836,202,46,2,1
2836,202,47,2,1
2836,202,48,2,1
2836,202,49,2,1
2836,202,50,2,1
2837,202,1,2,1
2837,202,2,2,1
2837,202,3,2,1
2837,202,4,2,1
2837,202,5,2,1
2837,202,6,2,1
2837,202,7,2,1
2837,202,8,2,1
2837,202,9,2,1
2837,202,10,2,1
2837,202,11,2,1
2837,202,12,2,1
2837,202,13,2,1
2837,202,14,2,1
2837,202,15,2,1
2837,202,16,2,1
2837,202,17,2,1
2837,202,18,2,1
2837,202,19,2,1
2837,202,20,2,1
2837,202,21,2,1
2837,202,22,2,1
2837,202,23,2,1
2837,202,24,2,1
2837,202,25,2,1
2837,202,26,2,1
2837,202,27,2,1
2837,202,28,2,1
2837,202,29,2,1
2837,202,30,2,1
2837,202,31,2,1
2837,202,32,2,1
2837,202,33,2,1
2837,202,34,2,1
2837,202,35,2,1
2837,202,36,2,1
2837,202,37,2,1
2837,202,38,2,1
2837,202,39,2,1
2837,202,40,2,1
2837,202,41,2,1
2837,202,42,2,1
2837,202,43,2,1
2837,202,44,2,1
2837,202,45,2,1
2837,202,46,2,1
2837,202,47,2,1
2837,202,48,2,1
2837,202,49,2,1
2837,202,50,2,1
2838,202,1,2,1
2838,202,2,2,1
2838,202,3,2,1
2838,202,4,2,1
2838,202,5,2,1
2838,202,6,2,1
2838,202,7,2,1
2838,202,8,2,1
2838,202,9,2,1
2838,202,10,2,1
2838,202,11,2,1
2838,202,12,2,1
2838,202,13,2,1
2838,202,14,2,1
2838,202,15,2,1
2838,202,16,2,1
2838,202,17,2,1
2838,202,18,2,1
2838,202,19,2,1
2838,202,20,2,1
2838,202,21,2,1
2838,202,22,2,1
2838,202,23,2,1
2838,202,24,2,1
2838,202,25,2,1
2838,202,26,2,1
2838,202,27,2,1
2838,202,28,2,1
2838,202,29,2,1
2838,202,30,2,1
2838,202,31,2,1
2838,202,32,2,1
2838,202,33,2,1
2838,202,34,2,1
2838,202,35,2,1
2838,202,36,2,1
2838,202,37,2,1
2838,202,38,2,1
2838,202,39,2,1
2838,202,40,2,1
2838,202,41,2,1
2838,202,42,2,1
2838,202,43,2,1
2838,202,44,2,1
2838,202,45,2,1
2838,202,46,2,1
2838,202,47,2,1
2838,202,48,2,1
2838,202,49,2,1
2838,202,50,2,1
2839,201,1,1,1
2839,201,2,1,1
2839,201,3,1,1
2839,201,4,1,1
2839,201,5,1,1
2839,201,6,1,1
2839,201,7,1,1
2839,201,8,1,1
2839,201,9,1,1
2839,201,10,1,1
2839,201,11,1,1
2839,201,12,1,1
2839,201,13,1,1
2839,201,14,1,1
2839,201,15,1,1
2839,201,16,1,1
2839,201,17,1,1
2839,201,18,1,1
2839,201,19,1,1
2839,201,20,1,1
2839,201,21,1,1
2839,201,22,1,1
2839,201,23,1,1
2839,201,24,1,1
2839,201,25,1,1
2839,201,26,1,1
2839,201,27,1,1
2839,201,28,1,1
2839,201,29,1,1
2839,201,30,1,1
2839,201,31,1,1
2839,201,32,1,1
2839,201,33,1,1
2839,201,34,1,1
2839,201,35,1,1
2839,201,36,1,1
2839,201,37,1,1
2839,201,38,1,1
2839,201,39,1,1
2839,201,40,1,1
2839,201,41,1,1
2839,201,42,1,1
2839,201,43,1,1
2839,201,44,1,1
2839,201,45,1,1
2839,201,46,1,1
2839,201,47,1,1
2839,201,48,1,1
2839,201,49,1,1
2839,201,50,1,1
2839,201,1,2,1
2839,201,2,2,1
2839,201,3,2,1
2839,201,4,2,1
2839,201,5,2,1
2839,201,6,2,1
2839,201,7,2,1
2839,201,8,2,1
2839,201,9,2,1
2839,201,10,2,1
2839,201,11,2,1
2839,201,12,2,1
2839,201,13,2,1
2839,201,14,2,1
2839,201,15,2,1
2839,201,16,2,1
2839,201,17,2,1
2839,201,18,2,1
2839,201,19,2,1
2839,201,20,2,1
2839,201,21,2,1
2839,201,22,2,1
2839,201,23,2,1
2839,201,24,2,1
2839,201,25,2,1
2839,201,26,2,1
2839,201,27,2,1
2839,201,28,2,1
2839,201,29,2,1
2839,201,30,2,1
2839,201,31,2,1
2839,201,32,2,1
2839,201,33,2,1
2839,201,34,2,1
2839,201,35,2,1
2839,201,36,2,1
2839,201,37,2,1
2839,201,38,2,1
2839,201,39,2,1
2839,201,40,2,1
2839,201,41,2,1
2839,201,42,2,1
2839,201,43,2,1
2839,201,44,2,1
2839,201,45,2,1
2839,201,46,2,1
2839,201,47,2,1
2839,201,48,2,1
2839,201,49,2,1
2839,201,50,2,1
2840,201,1,2,1
2840,201,2,2,1
2840,201,3,2,1
2840,201,4,2,1
2840,201,5,2,1
2840,201,6,2,1
2840,201,7,2,1
2840,201,8,2,1
2840,201,9,2,1
2840,201,10,2,1
2840,201,11,2,1
2840,201,12,2,1
2840,201,13,2,1
2840,201,14,2,1
2840,201,15,2,1
2840,201,16,2,1
2840,201,17,2,1
2840,201,18,2,1
2840,201,19,2,1
2840,201,20,2,1
2840,201,21,2,1
2840,201,22,2,1
2840,201,23,2,1
2840,201,24,2,1
2840,201,25,2,1
2840,201,26,2,1
2840,201,27,2,1
2840,201,28,2,1
2840,201,29,2,1
2840,201,30,2,1
2840,201,31,2,1
2840,201,32,2,1
2840,201,33,2,1
2840,201,34,2,1
2840,201,35,2,1
2840,201,36,2,1
2840,201,37,2,1
2840,201,38,2,1
2840,201,39,2,1
2840,201,40,2,1
2840,201,41,2,1
2840,201,42,2,1
2840,201,43,2,1
2840,201,44,2,1
2840,201,45,2,1
2840,201,46,2,1
2840,201,47,2,1
2840,201,48,2,1
2840,201,49,2,1
2840,201,50,2,1
2841,201,1,2,1
2841,201,2,2,1
2841,201,3,2,1
2841,201,4,2,1
2841,201,5,2,1
2841,201,6,2,1
2841,201,7,2,1
2841,201,8,2,1
2841,201,9,2,1
2841,201,10,2,1
2841,201,11,2,1
2841,201,12,2,1
2841,201,13,2,1
2841,201,14,2,1
2841,201,15,2,1
2841,201,16,2,1
2841,201,17,2,1
2841,201,18,2,1
2841,201,19,2,1
2841,201,20,2,1
2841,201,21,2,1
2841,201,22,2,1
2841,201,23,2,1
2841,201,24,2,1
2841,201,25,2,1
2841,201,26,2,1
2841,201,27,2,1
2841,201,28,2,1
2841,201,29,2,1
2841,201,30,2,1
2841,201,31,2,1
2841,201,32,2,1
2841,201,33,2,1
2841,201,34,2,1
2841,201,35,2,1
2841,201,36,2,1
2841,201,37,2,1
2841,201,38,2,1
2841,201,39,2,1
2841,201,40,2,1
2841,201,41,2,1
2841,201,42,2,1
2841,201,43,2,1
2841,201,44,2,1
2841,201,45,2,1
2841,201,46,2,1
2841,201,47,2,1
2841,201,48,2,1
2841,201,49,2,1
2841,201,50,2,1
2842,200,1,1,1
2842,200,2,1,1
2842,200,3,1,1
2842,200,4,1,1
2842,200,5,1,1
2842,200,6,1,1
2842,200,7,1,1
2842,200,8,1,1
2842,200,9,1,1
2842,200,10,1,1
2842,200,11,1,1
2842,200,12,1,1
2842,200,13,1,1
2842,200,14,1,1
2842,200,15,1,1
2842,200,16,1,1
2842,200,17,1,1
2842,200,18,1,1
2842,200,19,1,1
2842,200,20,1,1
2842,200,21,1,1
2842,200,22,1,1
2842,200,23,1,1
2842,200,24,1,1
2842,200,25,1,1
2842,200,26,1,1
2842,200,27,1,1
2842,200,28,1,1
2842,200,29,1,1
2842,200,30,1,1
2842,200,31,1,1
2842,200,32,1,1
2842,200,33,1,1
2842,200,34,1,1
2842,200,35,1,1
2842,200,36,1,1
2842,200,37,1,1
2842,200,38,1,1
2842,200,39,1,1
2842,200,40,1,1
2842,200,41,1,1
2842,200,42,1,1
2842,200,43,1,1
2842,200,44,1,1
2842,200,45,1,1
2842,200,46,1,1
2842,200,47,1,1
2842,200,48,1,1
2842,200,49,1,1
2842,200,50,1,1
2842,200,1,2,1
2842,200,2,2,1
2842,200,3,2,1
2842,200,4,2,1
2842,200,5,2,1
2842,200,6,2,1
2842,200,7,2,1
2842,200,8,2,1
2842,200,9,2,1
2842,200,10,2,1
2842,200,11,2,1
2842,200,12,2,1
2842,200,13,2,1
2842,200,14,2,1
2842,200,15,2,1
2842,200,16,2,1
2842,200,17,2,1
2842,200,18,2,1
2842,200,19,2,1
2842,200,20,2,1
2842,200,21,2,1
2842,200,22,2,1
2842,200,23,2,1
2842,200,24,2,1
2842,200,25,2,1
2842,200,26,2,1
2842,200,27,2,1
2842,200,28,2,1
2842,200,29,2,1
2842,200,30,2,1
2842,200,31,2,1
2842,200,32,2,1
2842,200,33,2,1
2842,200,34,2,1
2842,200,35,2,1
2842,200,36,2,1
2842,200,37,2,1
2842,200,38,2,1
2842,200,39,2,1
2842,200,40,2,1
2842,200,41,2,1
2842,200,42,2,1
2842,200,43,2,1
2842,200,44,2,1
2842,200,45,2,1
2842,200,46,2,1
2842,200,47,2,1
2842,200,48,2,1
2842,200,49,2,1
2842,200,50,2,1
2843,200,1,2,1
2843,200,2,2,1
2843,200,3,2,1
2843,200,4,2,1
2843,200,5,2,1
2843,200,6,2,1
2843,200,7,2,1
2843,200,8,2,1
2843,200,9,2,1
2843,200,10,2,1
2843,200,11,2,1
2843,200,12,2,1
2843,200,13,2,1
2843,200,14,2,1
2843,200,15,2,1
2843,200,16,2,1
2843,200,17,2,1
2843,200,18,2,1
2843,200,19,2,1
2843,200,20,2,1
2843,200,21,2,1
2843,200,22,2,1
2843,200,23,2,1
2843,200,24,2,1
2843,200,25,2,1
2843,200,26,2,1
2843,200,27,2,1
2843,200,28,2,1
2843,200,29,2,1
2843,200,30,2,1
2843,200,31,2,1
2843,200,32,2,1
2843,200,33,2,1
2843,200,34,2,1
2843,200,35,2,1
2843,200,36,2,1
2843,200,37,2,1
2843,200,38,2,1
2843,200,39,2,1
2843,200,40,2,1
2843,200,41,2,1
2843,200,42,2,1
2843,200,43,2,1
2843,200,44,2,1
2843,200,45,2,1
2843,200,46,2,1
2843,200,47,2,1
2843,200,48,2,1
2843,200,49,2,1
2843,200,50,2,1
2844,199,1,1,1
2844,199,2,1,1
2844,199,3,1,1
2844,199,4,1,1
2844,199,5,1,1
2844,199,6,1,1
2844,199,7,1,1
2844,199,8,1,1
2844,199,9,1,1
2844,199,10,1,1
2844,199,11,1,1
2844,199,12,1,1
2844,199,13,1,1
2844,199,14,1,1
2844,199,15,1,1
2844,199,16,1,1
2844,199,17,1,1
2844,199,18,1,1
2844,199,19,1,1
2844,199,20,1,1
2844,199,21,1,1
2844,199,22,1,1
2844,199,23,1,1
2844,199,24,1,1
2844,199,25,1,1
2844,199,26,1,1
2844,199,27,1,1
2844,199,28,1,1
2844,199,29,1,1
2844,199,30,1,1
2844,199,31,1,1
2844,199,32,1,1
2844,199,33,1,1
2844,199,34,1,1
2844,199,35,1,1
2844,199,36,1,1
2844,199,37,1,1
2844,199,38,1,1
2844,199,39,1,1
2844,199,40,1,1
2844,199,41,1,1
2844,199,42,1,1
2844,199,43,1,1
2844,199,44,1,1
2844,199,45,1,1
2844,199,46,1,1
2844,199,47,1,1
2844,199,48,1,1
2844,199,49,1,1
2844,199,50,1,1
2844,199,1,2,1
2844,199,2,2,1
2844,199,3,2,1
2844,199,4,2,1
2844,199,5,2,1
2844,199,6,2,1
2844,199,7,2,1
2844,199,8,2,1
2844,199,9,2,1
2844,199,10,2,1
2844,199,11,2,1
2844,199,12,2,1
2844,199,13,2,1
2844,199,14,2,1
2844,199,15,2,1
2844,199,16,2,1
2844,199,17,2,1
2844,199,18,2,1
2844,199,19,2,1
2844,199,20,2,1
2844,199,21,2,1
2844,199,22,2,1
2844,199,23,2,1
2844,199,24,2,1
2844,199,25,2,1
2844,199,26,2,1
2844,199,27,2,1
2844,199,28,2,1
2844,199,29,2,1
2844,199,30,2,1
2844,199,31,2,1
2844,199,32,2,1
2844,199,33,2,1
2844,199,34,2,1
2844,199,35,2,1
2844,199,36,2,1
2844,199,37,2,1
2844,199,38,2,1
2844,199,39,2,1
2844,199,40,2,1
2844,199,41,2,1
2844,199,42,2,1
2844,199,43,2,1
2844,199,44,2,1
2844,199,45,2,1
2844,199,46,2,1
2844,199,47,2,1
2844,199,48,2,1
2844,199,49,2,1
2844,199,50,2,1
2845,199,1,2,1
2845,199,2,2,1
2845,199,3,2,1
2845,199,4,2,1
2845,199,5,2,1
2845,199,6,2,1
2845,199,7,2,1
2845,199,8,2,1
2845,199,9,2,1
2845,199,10,2,1
2845,199,11,2,1
2845,199,12,2,1
2845,199,13,2,1
2845,199,14,2,1
2845,199,15,2,1
2845,199,16,2,1
2845,199,17,2,1
2845,199,18,2,1
2845,199,19,2,1
2845,199,20,2,1
2845,199,21,2,1
2845,199,22,2,1
2845,199,23,2,1
2845,199,24,2,1
2845,199,25,2,1
2845,199,26,2,1
2845,199,27,2,1
2845,199,28,2,1
2845,199,29,2,1
2845,199,30,2,1
2845,199,31,2,1
2845,199,32,2,1
2845,199,33,2,1
2845,199,34,2,1
2845,199,35,2,1
2845,199,36,2,1
2845,199,37,2,1
2845,199,38,2,1
2845,199,39,2,1
2845,199,40,2,1
2845,199,41,2,1
2845,199,42,2,1
2845,199,43,2,1
2845,199,44,2,1
2845,199,45,2,1
2845,199,46,2,1
2845,199,47,2,1
2845,199,48,2,1
2845,199,49,2,1
2845,199,50,2,1
2846,199,1,2,1
2846,199,2,2,1
2846,199,3,2,1
2846,199,4,2,1
2846,199,5,2,1
2846,199,6,2,1
2846,199,7,2,1
2846,199,8,2,1
2846,199,9,2,1
2846,199,10,2,1
2846,199,11,2,1
2846,199,12,2,1
2846,199,13,2,1
2846,199,14,2,1
2846,199,15,2,1
2846,199,16,2,1
2846,199,17,2,1
2846,199,18,2,1
2846,199,19,2,1
2846,199,20,2,1
2846,199,21,2,1
2846,199,22,2,1
2846,199,23,2,1
2846,199,24,2,1
2846,199,25,2,1
2846,199,26,2,1
2846,199,27,2,1
2846,199,28,2,1
2846,199,29,2,1
2846,199,30,2,1
2846,199,31,2,1
2846,199,32,2,1
2846,199,33,2,1
2846,199,34,2,1
2846,199,35,2,1
2846,199,36,2,1
2846,199,37,2,1
2846,199,38,2,1
2846,199,39,2,1
2846,199,40,2,1
2846,199,41,2,1
2846,199,42,2,1
2846,199,43,2,1
2846,199,44,2,1
2846,199,45,2,1
2846,199,46,2,1
2846,199,47,2,1
2846,199,48,2,1
2846,199,49,2,1
2846,199,50,2,1
2847,198,1,1,1
2847,198,2,1,1
2847,198,3,1,1
2847,198,4,1,1
2847,198,5,1,1
2847,198,6,1,1
2847,198,7,1,1
2847,198,8,1,1
2847,198,9,1,1
2847,198,10,1,1
2847,198,11,1,1
2847,198,12,1,1
2847,198,13,1,1
2847,198,14,1,1
2847,198,15,1,1
2847,198,16,1,1
2847,198,17,1,1
2847,198,18,1,1
2847,198,19,1,1
2847,198,20,1,1
2847,198,21,1,1
2847,198,22,1,1
2847,198,23,1,1
2847,198,24,1,1
2847,198,25,1,1
2847,198,26,1,1
2847,198,27,1,1
2847,198,28,1,1
2847,198,29,1,1
2847,198,30,1,1
2847,198,31,1,1
2847,198,32,1,1
2847,198,33,1,1
2847,198,34,1,1
2847,198,35,1,1
2847,198,36,1,1
2847,198,37,1,1
2847,198,38,1,1
2847,198,39,1,1
2847,198,40,1,1
2847,198,41,1,1
2847,198,42,1,1
2847,198,43,1,1
2847,198,44,1,1
2847,198,45,1,1
2847,198,46,1,1
2847,198,47,1,1
2847,198,48,1,1
2847,198,49,1,1
2847,198,50,1,1
2847,198,1,2,1
2847,198,2,2,1
2847,198,3,2,1
2847,198,4,2,1
2847,198,5,2,1
2847,198,6,2,1
2847,198,7,2,1
2847,198,8,2,1
2847,198,9,2,1
2847,198,10,2,1
2847,198,11,2,1
2847,198,12,2,1
2847,198,13,2,1
2847,198,14,2,1
2847,198,15,2,1
2847,198,16,2,1
2847,198,17,2,1
2847,198,18,2,1
2847,198,19,2,1
2847,198,20,2,1
2847,198,21,2,1
2847,198,22,2,1
2847,198,23,2,1
2847,198,24,2,1
2847,198,25,2,1
2847,198,26,2,1
2847,198,27,2,1
2847,198,28,2,1
2847,198,29,2,1
2847,198,30,2,1
2847,198,31,2,1
2847,198,32,2,1
2847,198,33,2,1
2847,198,34,2,1
2847,198,35,2,1
2847,198,36,2,1
2847,198,37,2,1
2847,198,38,2,1
2847,198,39,2,1
2847,198,40,2,1
2847,198,41,2,1
2847,198,42,2,1
2847,198,43,2,1
2847,198,44,2,1
2847,198,45,2,1
2847,198,46,2,1
2847,198,47,2,1
2847,198,48,2,1
2847,198,49,2,1
2847,198,50,2,1
2848,198,1,2,1
2848,198,2,2,1
2848,198,3,2,1
2848,198,4,2,1
2848,198,5,2,1
2848,198,6,2,1
2848,198,7,2,1
2848,198,8,2,1
2848,198,9,2,1
2848,198,10,2,1
2848,198,11,2,1
2848,198,12,2,1
2848,198,13,2,1
2848,198,14,2,1
2848,198,15,2,1
2848,198,16,2,1
2848,198,17,2,1
2848,198,18,2,1
2848,198,19,2,1
2848,198,20,2,1
2848,198,21,2,1
2848,198,22,2,1
2848,198,23,2,1
2848,198,24,2,1
2848,198,25,2,1
2848,198,26,2,1
2848,198,27,2,1
2848,198,28,2,1
2848,198,29,2,1
2848,198,30,2,1
2848,198,31,2,1
2848,198,32,2,1
2848,198,33,2,1
2848,198,34,2,1
2848,198,35,2,1
2848,198,36,2,1
2848,198,37,2,1
2848,198,38,2,1
2848,198,39,2,1
2848,198,40,2,1
2848,198,41,2,1
2848,198,42,2,1
2848,198,43,2,1
2848,198,44,2,1
2848,198,45,2,1
2848,198,46,2,1
2848,198,47,2,1
2848,198,48,2,1
2848,198,49,2,1
2848,198,50,2,1
2849,198,1,2,1
2849,198,2,2,1
2849,198,3,2,1
2849,198,4,2,1
2849,198,5,2,1
2849,198,6,2,1
2849,198,7,2,1
2849,198,8,2,1
2849,198,9,2,1
2849,198,10,2,1
2849,198,11,2,1
2849,198,12,2,1
2849,198,13,2,1
2849,198,14,2,1
2849,198,15,2,1
2849,198,16,2,1
2849,198,17,2,1
2849,198,18,2,1
2849,198,19,2,1
2849,198,20,2,1
2849,198,21,2,1
2849,198,22,2,1
2849,198,23,2,1
2849,198,24,2,1
2849,198,25,2,1
2849,198,26,2,1
2849,198,27,2,1
2849,198,28,2,1
2849,198,29,2,1
2849,198,30,2,1
2849,198,31,2,1
2849,198,32,2,1
2849,198,33,2,1
2849,198,34,2,1
2849,198,35,2,1
2849,198,36,2,1
2849,198,37,2,1
2849,198,38,2,1
2849,198,39,2,1
2849,198,40,2,1
2849,198,41,2,1
2849,198,42,2,1
2849,198,43,2,1
2849,198,44,2,1
2849,198,45,2,1
2849,198,46,2,1
2849,198,47,2,1
2849,198,48,2,1
2849,198,49,2,1
2849,198,50,2,1
2850,197,1,1,1
2850,197,2,1,1
2850,197,3,1,1
2850,197,4,1,1
2850,197,5,1,1
2850,197,6,1,1
2850,197,7,1,1
2850,197,8,1,1
2850,197,9,1,1
2850,197,10,1,1
2850,197,11,1,1
2850,197,12,1,1
2850,197,13,1,1
2850,197,14,1,1
2850,197,15,1,1
2850,197,16,1,1
2850,197,17,1,1
2850,197,18,1,1
2850,197,19,1,1
2850,197,20,1,1
2850,197,21,1,1
2850,197,22,1,1
2850,197,23,1,1
2850,197,24,1,1
2850,197,25,1,1
2850,197,26,1,1
2850,197,27,1,1
2850,197,28,1,1
2850,197,29,1,1
2850,197,30,1,1
2850,197,31,1,1
2850,197,32,1,1
2850,197,33,1,1
2850,197,34,1,1
2850,197,35,1,1
2850,197,36,1,1
2850,197,37,1,1
2850,197,38,1,1
2850,197,39,1,1
2850,197,40,1,1
2850,197,41,1,1
2850,197,42,1,1
2850,197,43,1,1
2850,197,44,1,1
2850,197,45,1,1
2850,197,46,1,1
2850,197,47,1,1
2850,197,48,1,1
2850,197,49,1,1
2850,197,50,1,1
2850,197,1,2,1
2850,197,2,2,1
2850,197,3,2,1
2850,197,4,2,1
2850,197,5,2,1
2850,197,6,2,1
2850,197,7,2,1
2850,197,8,2,1
2850,197,9,2,1
2850,197,10,2,1
2850,197,11,2,1
2850,197,12,2,1
2850,197,13,2,1
2850,197,14,2,1
2850,197,15,2,1
2850,197,16,2,1
2850,197,17,2,1
2850,197,18,2,1
2850,197,19,2,1
2850,197,20,2,1
2850,197,21,2,1
2850,197,22,2,1
2850,197,23,2,1
2850,197,24,2,1
2850,197,25,2,1
2850,197,26,2,1
2850,197,27,2,1
2850,197,28,2,1
2850,197,29,2,1
2850,197,30,2,1
2850,197,31,2,1
2850,197,32,2,1
2850,197,33,2,1
2850,197,34,2,1
2850,197,35,2,1
2850,197,36,2,1
2850,197,37,2,1
2850,197,38,2,1
2850,197,39,2,1
2850,197,40,2,1
2850,197,41,2,1
2850,197,42,2,1
2850,197,43,2,1
2850,197,44,2,1
2850,197,45,2,1
2850,197,46,2,1
2850,197,47,2,1
2850,197,48,2,1
2850,197,49,2,1
2850,197,50,2,1
2851,197,1,2,1
2851,197,2,2,1
2851,197,3,2,1
2851,197,4,2,1
2851,197,5,2,1
2851,197,6,2,1
2851,197,7,2,1
2851,197,8,2,1
2851,197,9,2,1
2851,197,10,2,1
2851,197,11,2,1
2851,197,12,2,1
2851,197,13,2,1
2851,197,14,2,1
2851,197,15,2,1
2851,197,16,2,1
2851,197,17,2,1
2851,197,18,2,1
2851,197,19,2,1
2851,197,20,2,1
2851,197,21,2,1
2851,197,22,2,1
2851,197,23,2,1
2851,197,24,2,1
2851,197,25,2,1
2851,197,26,2,1
2851,197,27,2,1
2851,197,28,2,1
2851,197,29,2,1
2851,197,30,2,1
2851,197,31,2,1
2851,197,32,2,1
2851,197,33,2,1
2851,197,34,2,1
2851,197,35,2,1
2851,197,36,2,1
2851,197,37,2,1
2851,197,38,2,1
2851,197,39,2,1
2851,197,40,2,1
2851,197,41,2,1
2851,197,42,2,1
2851,197,43,2,1
2851,197,44,2,1
2851,197,45,2,1
2851,197,46,2,1
2851,197,47,2,1
2851,197,48,2,1
2851,197,49,2,1
2851,197,50,2,1
2852,197,1,2,1
2852,197,2,2,1
2852,197,3,2,1
2852,197,4,2,1
2852,197,5,2,1
2852,197,6,2,1
2852,197,7,2,1
2852,197,8,2,1
2852,197,9,2,1
2852,197,10,2,1
2852,197,11,2,1
2852,197,12,2,1
2852,197,13,2,1
2852,197,14,2,1
2852,197,15,2,1
2852,197,16,2,1
2852,197,17,2,1
2852,197,18,2,1
2852,197,19,2,1
2852,197,20,2,1
2852,197,21,2,1
2852,197,22,2,1
2852,197,23,2,1
2852,197,24,2,1
2852,197,25,2,1
2852,197,26,2,1
2852,197,27,2,1
2852,197,28,2,1
2852,197,29,2,1
2852,197,30,2,1
2852,197,31,2,1
2852,197,32,2,1
2852,197,33,2,1
2852,197,34,2,1
2852,197,35,2,1
2852,197,36,2,1
2852,197,37,2,1
2852,197,38,2,1
2852,197,39,2,1
2852,197,40,2,1
2852,197,41,2,1
2852,197,42,2,1
2852,197,43,2,1
2852,197,44,2,1
2852,197,45,2,1
2852,197,46,2,1
2852,197,47,2,1
2852,197,48,2,1
2852,197,49,2,1
2852,197,50,2,1
2853,196,1,1,1
2853,196,2,1,1
2853,196,3,1,1
2853,196,4,1,1
2853,196,5,1,1
2853,196,6,1,1
2853,196,7,1,1
2853,196,8,1,1
2853,196,9,1,1
2853,196,10,1,1
2853,196,11,1,1
2853,196,12,1,1
2853,196,13,1,1
2853,196,14,1,1
2853,196,15,1,1
2853,196,16,1,1
2853,196,17,1,1
2853,196,18,1,1
2853,196,19,1,1
2853,196,20,1,1
2853,196,21,1,1
2853,196,22,1,1
2853,196,23,1,1
2853,196,24,1,1
2853,196,25,1,1
2853,196,26,1,1
2853,196,27,1,1
2853,196,28,1,1
2853,196,29,1,1
2853,196,30,1,1
2853,196,31,1,1
2853,196,32,1,1
2853,196,33,1,1
2853,196,34,1,1
2853,196,35,1,1
2853,196,36,1,1
2853,196,37,1,1
2853,196,38,1,1
2853,196,39,1,1
2853,196,40,1,1
2853,196,41,1,1
2853,196,42,1,1
2853,196,43,1,1
2853,196,44,1,1
2853,196,45,1,1
2853,196,46,1,1
2853,196,47,1,1
2853,196,48,1,1
2853,196,49,1,1
2853,196,50,1,1
2853,196,1,2,1
2853,196,2,2,1
2853,196,3,2,1
2853,196,4,2,1
2853,196,5,2,1
2853,196,6,2,1
2853,196,7,2,1
2853,196,8,2,1
2853,196,9,2,1
2853,196,10,2,1
2853,196,11,2,1
2853,196,12,2,1
2853,196,13,2,1
2853,196,14,2,1
2853,196,15,2,1
2853,196,16,2,1
2853,196,17,2,1
2853,196,18,2,1
2853,196,19,2,1
2853,196,20,2,1
2853,196,21,2,1
2853,196,22,2,1
2853,196,23,2,1
2853,196,24,2,1
2853,196,25,2,1
2853,196,26,2,1
2853,196,27,2,1
2853,196,28,2,1
2853,196,29,2,1
2853,196,30,2,1
2853,196,31,2,1
2853,196,32,2,1
2853,196,33,2,1
2853,196,34,2,1
2853,196,35,2,1
2853,196,36,2,1
2853,196,37,2,1
2853,196,38,2,1
2853,196,39,2,1
2853,196,40,2,1
2853,196,41,2,1
2853,196,42,2,1
2853,196,43,2,1
2853,196,44,2,1
2853,196,45,2,1
2853,196,46,2,1
2853,196,47,2,1
2853,196,48,2,1
2853,196,49,2,1
2853,196,50,2,1
2854,196,1,2,1
2854,196,2,2,1
2854,196,3,2,1
2854,196,4,2,1
2854,196,5,2,1
2854,196,6,2,1
2854,196,7,2,1
2854,196,8,2,1
2854,196,9,2,1
2854,196,10,2,1
2854,196,11,2,1
2854,196,12,2,1
2854,196,13,2,1
2854,196,14,2,1
2854,196,15,2,1
2854,196,16,2,1
2854,196,17,2,1
2854,196,18,2,1
2854,196,19,2,1
2854,196,20,2,1
2854,196,21,2,1
2854,196,22,2,1
2854,196,23,2,1
2854,196,24,2,1
2854,196,25,2,1
2854,196,26,2,1
2854,196,27,2,1
2854,196,28,2,1
2854,196,29,2,1
2854,196,30,2,1
2854,196,31,2,1
2854,196,32,2,1
2854,196,33,2,1
2854,196,34,2,1
2854,196,35,2,1
2854,196,36,2,1
2854,196,37,2,1
2854,196,38,2,1
2854,196,39,2,1
2854,196,40,2,1
2854,196,41,2,1
2854,196,42,2,1
2854,196,43,2,1
2854,196,44,2,1
2854,196,45,2,1
2854,196,46,2,1
2854,196,47,2,1
2854,196,48,2,1
2854,196,49,2,1
2854,196,50,2,1
2855,196,1,2,1
2855,196,2,2,1
2855,196,3,2,1
2855,196,4,2,1
2855,196,5,2,1
2855,196,6,2,1
2855,196,7,2,1
2855,196,8,2,1
2855,196,9,2,1
2855,196,10,2,1
2855,196,11,2,1
2855,196,12,2,1
2855,196,13,2,1
2855,196,14,2,1
2855,196,15,2,1
2855,196,16,2,1
2855,196,17,2,1
2855,196,18,2,1
2855,196,19,2,1
2855,196,20,2,1
2855,196,21,2,1
2855,196,22,2,1
2855,196,23,2,1
2855,196,24,2,1
2855,196,25,2,1
2855,196,26,2,1
2855,196,27,2,1
2855,196,28,2,1
2855,196,29,2,1
2855,196,30,2,1
2855,196,31,2,1
2855,196,32,2,1
2855,196,33,2,1
2855,196,34,2,1
2855,196,35,2,1
2855,196,36,2,1
2855,196,37,2,1
2855,196,38,2,1
2855,196,39,2,1
2855,196,40,2,1
2855,196,41,2,1
2855,196,42,2,1
2855,196,43,2,1
2855,196,44,2,1
2855,196,45,2,1
2855,196,46,2,1
2855,196,47,2,1
2855,196,48,2,1
2855,196,49,2,1
2855,196,50,2,1
2856,195,1,1,1
2856,195,2,1,1
2856,195,3,1,1
2856,195,4,1,1
2856,195,5,1,1
2856,195,6,1,1
2856,195,7,1,1
2856,195,8,1,1
2856,195,9,1,1
2856,195,10,1,1
2856,195,11,1,1
2856,195,12,1,1
2856,195,13,1,1
2856,195,14,1,1
2856,195,15,1,1
2856,195,16,1,1
2856,195,17,1,1
2856,195,18,1,1
2856,195,19,1,1
2856,195,20,1,1
2856,195,21,1,1
2856,195,22,1,1
2856,195,23,1,1
2856,195,24,1,1
2856,195,25,1,1
2856,195,26,1,1
2856,195,27,1,1
2856,195,28,1,1
2856,195,29,1,1
2856,195,30,1,1
2856,195,31,1,1
2856,195,32,1,1
2856,195,33,1,1
2856,195,34,1,1
2856,195,35,1,1
2856,195,36,1,1
2856,195,37,1,1
2856,195,38,1,1
2856,195,39,1,1
2856,195,40,1,1
2856,195,41,1,1
2856,195,42,1,1
2856,195,43,1,1
2856,195,44,1,1
2856,195,45,1,1
2856,195,46,1,1
2856,195,47,1,1
2856,195,48,1,1
2856,195,49,1,1
2856,195,50,1,1
2856,195,1,2,1
2856,195,2,2,1
2856,195,3,2,1
2856,195,4,2,1
2856,195,5,2,1
2856,195,6,2,1
2856,195,7,2,1
2856,195,8,2,1
2856,195,9,2,1
2856,195,10,2,1
2856,195,11,2,1
2856,195,12,2,1
2856,195,13,2,1
2856,195,14,2,1
2856,195,15,2,1
2856,195,16,2,1
2856,195,17,2,1
2856,195,18,2,1
2856,195,19,2,1
2856,195,20,2,1
2856,195,21,2,1
2856,195,22,2,1
2856,195,23,2,1
2856,195,24,2,1
2856,195,25,2,1
2856,195,26,2,1
2856,195,27,2,1
2856,195,28,2,1
2856,195,29,2,1
2856,195,30,2,1
2856,195,31,2,1
2856,195,32,2,1
2856,195,33,2,1
2856,195,34,2,1
2856,195,35,2,1
2856,195,36,2,1
2856,195,37,2,1
2856,195,38,2,1
2856,195,39,2,1
2856,195,40,2,1
2856,195,41,2,1
2856,195,42,2,1
2856,195,43,2,1
2856,195,44,2,1
2856,195,45,2,1
2856,195,46,2,1
2856,195,47,2,1
2856,195,48,2,1
2856,195,49,2,1
2856,195,50,2,1
2857,195,1,2,1
2857,195,2,2,1
2857,195,3,2,1
2857,195,4,2,1
2857,195,5,2,1
2857,195,6,2,1
2857,195,7,2,1
2857,195,8,2,1
2857,195,9,2,1
2857,195,10,2,1
2857,195,11,2,1
2857,195,12,2,1
2857,195,13,2,1
2857,195,14,2,1
2857,195,15,2,1
2857,195,16,2,1
2857,195,17,2,1
2857,195,18,2,1
2857,195,19,2,1
2857,195,20,2,1
2857,195,21,2,1
2857,195,22,2,1
2857,195,23,2,1
2857,195,24,2,1
2857,195,25,2,1
2857,195,26,2,1
2857,195,27,2,1
2857,195,28,2,1
2857,195,29,2,1
2857,195,30,2,1
2857,195,31,2,1
2857,195,32,2,1
2857,195,33,2,1
2857,195,34,2,1
2857,195,35,2,1
2857,195,36,2,1
2857,195,37,2,1
2857,195,38,2,1
2857,195,39,2,1
2857,195,40,2,1
2857,195,41,2,1
2857,195,42,2,1
2857,195,43,2,1
2857,195,44,2,1
2857,195,45,2,1
2857,195,46,2,1
2857,195,47,2,1
2857,195,48,2,1
2857,195,49,2,1
2857,195,50,2,1
2858,195,1,2,1
2858,195,2,2,1
2858,195,3,2,1
2858,195,4,2,1
2858,195,5,2,1
2858,195,6,2,1
2858,195,7,2,1
2858,195,8,2,1
2858,195,9,2,1
2858,195,10,2,1
2858,195,11,2,1
2858,195,12,2,1
2858,195,13,2,1
2858,195,14,2,1
2858,195,15,2,1
2858,195,16,2,1
2858,195,17,2,1
2858,195,18,2,1
2858,195,19,2,1
2858,195,20,2,1
2858,195,21,2,1
2858,195,22,2,1
2858,195,23,2,1
2858,195,24,2,1
2858,195,25,2,1
2858,195,26,2,1
2858,195,27,2,1
2858,195,28,2,1
2858,195,29,2,1
2858,195,30,2,1
2858,195,31,2,1
2858,195,32,2,1
2858,195,33,2,1
2858,195,34,2,1
2858,195,35,2,1
2858,195,36,2,1
2858,195,37,2,1
2858,195,38,2,1
2858,195,39,2,1
2858,195,40,2,1
2858,195,41,2,1
2858,195,42,2,1
2858,195,43,2,1
2858,195,44,2,1
2858,195,45,2,1
2858,195,46,2,1
2858,195,47,2,1
2858,195,48,2,1
2858,195,49,2,1
2858,195,50,2,1
2859,194,1,1,1
2859,194,2,1,1
2859,194,3,1,1
2859,194,4,1,1
2859,194,5,1,1
2859,194,6,1,1
2859,194,7,1,1
2859,194,8,1,1
2859,194,9,1,1
2859,194,10,1,1
2859,194,11,1,1
2859,194,12,1,1
2859,194,13,1,1
2859,194,14,1,1
2859,194,15,1,1
2859,194,16,1,1
2859,194,17,1,1
2859,194,18,1,1
2859,194,19,1,1
2859,194,20,1,1
2859,194,21,1,1
2859,194,22,1,1
2859,194,23,1,1
2859,194,24,1,1
2859,194,25,1,1
2859,194,26,1,1
2859,194,27,1,1
2859,194,28,1,1
2859,194,29,1,1
2859,194,30,1,1
2859,194,31,1,1
2859,194,32,1,1
2859,194,33,1,1
2859,194,34,1,1
2859,194,35,1,1
2859,194,36,1,1
2859,194,37,1,1
2859,194,38,1,1
2859,194,39,1,1
2859,194,40,1,1
2859,194,41,1,1
2859,194,42,1,1
2859,194,43,1,1
2859,194,44,1,1
2859,194,45,1,1
2859,194,46,1,1
2859,194,47,1,1
2859,194,48,1,1
2859,194,49,1,1
2859,194,50,1,1
2859,194,1,2,1
2859,194,2,2,1
2859,194,3,2,1
2859,194,4,2,1
2859,194,5,2,1
2859,194,6,2,1
2859,194,7,2,1
2859,194,8,2,1
2859,194,9,2,1
2859,194,10,2,1
2859,194,11,2,1
2859,194,12,2,1
2859,194,13,2,1
2859,194,14,2,1
2859,194,15,2,1
2859,194,16,2,1
2859,194,17,2,1
2859,194,18,2,1
2859,194,19,2,1
2859,194,20,2,1
2859,194,21,2,1
2859,194,22,2,1
2859,194,23,2,1
2859,194,24,2,1
2859,194,25,2,1
2859,194,26,2,1
2859,194,27,2,1
2859,194,28,2,1
2859,194,29,2,1
2859,194,30,2,1
2859,194,31,2,1
2859,194,32,2,1
2859,194,33,2,1
2859,194,34,2,1
2859,194,35,2,1
2859,194,36,2,1
2859,194,37,2,1
2859,194,38,2,1
2859,194,39,2,1
2859,194,40,2,1
2859,194,41,2,1
2859,194,42,2,1
2859,194,43,2,1
2859,194,44,2,1
2859,194,45,2,1
2859,194,46,2,1
2859,194,47,2,1
2859,194,48,2,1
2859,194,49,2,1
2859,194,50,2,1
2860,194,1,2,1
2860,194,2,2,1
2860,194,3,2,1
2860,194,4,2,1
2860,194,5,2,1
2860,194,6,2,1
2860,194,7,2,1
2860,194,8,2,1
2860,194,9,2,1
2860,194,10,2,1
2860,194,11,2,1
2860,194,12,2,1
2860,194,13,2,1
2860,194,14,2,1
2860,194,15,2,1
2860,194,16,2,1
2860,194,17,2,1
2860,194,18,2,1
2860,194,19,2,1
2860,194,20,2,1
2860,194,21,2,1
2860,194,22,2,1
2860,194,23,2,1
2860,194,24,2,1
2860,194,25,2,1
2860,194,26,2,1
2860,194,27,2,1
2860,194,28,2,1
2860,194,29,2,1
2860,194,30,2,1
2860,194,31,2,1
2860,194,32,2,1
2860,194,33,2,1
2860,194,34,2,1
2860,194,35,2,1
2860,194,36,2,1
2860,194,37,2,1
2860,194,38,2,1
2860,194,39,2,1
2860,194,40,2,1
2860,194,41,2,1
2860,194,42,2,1
2860,194,43,2,1
2860,194,44,2,1
2860,194,45,2,1
2860,194,46,2,1
2860,194,47,2,1
2860,194,48,2,1
2860,194,49,2,1
2860,194,50,2,1
2861,194,1,2,1
2861,194,2,2,1
2861,194,3,2,1
2861,194,4,2,1
2861,194,5,2,1
2861,194,6,2,1
2861,194,7,2,1
2861,194,8,2,1
2861,194,9,2,1
2861,194,10,2,1
2861,194,11,2,1
2861,194,12,2,1
2861,194,13,2,1
2861,194,14,2,1
2861,194,15,2,1
2861,194,16,2,1
2861,194,17,2,1
2861,194,18,2,1
2861,194,19,2,1
2861,194,20,2,1
2861,194,21,2,1
2861,194,22,2,1
2861,194,23,2,1
2861,194,24,2,1
2861,194,25,2,1
2861,194,26,2,1
2861,194,27,2,1
2861,194,28,2,1
2861,194,29,2,1
2861,194,30,2,1
2861,194,31,2,1
2861,194,32,2,1
2861,194,33,2,1
2861,194,34,2,1
2861,194,35,2,1
2861,194,36,2,1
2861,194,37,2,1
2861,194,38,2,1
2861,194,39,2,1
2861,194,40,2,1
2861,194,41,2,1
2861,194,42,2,1
2861,194,43,2,1
2861,194,44,2,1
2861,194,45,2,1
2861,194,46,2,1
2861,194,47,2,1
2861,194,48,2,1
2861,194,49,2,1
2861,194,50,2,1
2862,193,1,1,1
2862,193,2,1,1
2862,193,3,1,1
2862,193,4,1,1
2862,193,5,1,1
2862,193,6,1,1
2862,193,7,1,1
2862,193,8,1,1
2862,193,9,1,1
2862,193,10,1,1
2862,193,11,1,1
2862,193,12,1,1
2862,193,13,1,1
2862,193,14,1,1
2862,193,15,1,1
2862,193,16,1,1
2862,193,17,1,1
2862,193,18,1,1
2862,193,19,1,1
2862,193,20,1,1
2862,193,21,1,1
2862,193,22,1,1
2862,193,23,1,1
2862,193,24,1,1
2862,193,25,1,1
2862,193,26,1,1
2862,193,27,1,1
2862,193,28,1,1
2862,193,29,1,1
2862,193,30,1,1
2862,193,31,1,1
2862,193,32,1,1
2862,193,33,1,1
2862,193,34,1,1
2862,193,35,1,1
2862,193,36,1,1
2862,193,37,1,1
2862,193,38,1,1
2862,193,39,1,1
2862,193,40,1,1
2862,193,41,1,1
2862,193,42,1,1
2862,193,43,1,1
2862,193,44,1,1
2862,193,45,1,1
2862,193,46,1,1
2862,193,47,1,1
2862,193,48,1,1
2862,193,49,1,1
2862,193,50,1,1
2862,193,1,2,1
2862,193,2,2,1
2862,193,3,2,1
2862,193,4,2,1
2862,193,5,2,1
2862,193,6,2,1
2862,193,7,2,1
2862,193,8,2,1
2862,193,9,2,1
2862,193,10,2,1
2862,193,11,2,1
2862,193,12,2,1
2862,193,13,2,1
2862,193,14,2,1
2862,193,15,2,1
2862,193,16,2,1
2862,193,17,2,1
2862,193,18,2,1
2862,193,19,2,1
2862,193,20,2,1
2862,193,21,2,1
2862,193,22,2,1
2862,193,23,2,1
2862,193,24,2,1
2862,193,25,2,1
2862,193,26,2,1
2862,193,27,2,1
2862,193,28,2,1
2862,193,29,2,1
2862,193,30,2,1
2862,193,31,2,1
2862,193,32,2,1
2862,193,33,2,1
2862,193,34,2,1
2862,193,35,2,1
2862,193,36,2,1
2862,193,37,2,1
2862,193,38,2,1
2862,193,39,2,1
2862,193,40,2,1
2862,193,41,2,1
2862,193,42,2,1
2862,193,43,2,1
2862,193,44,2,1
2862,193,45,2,1
2862,193,46,2,1
2862,193,47,2,1
2862,193,48,2,1
2862,193,49,2,1
2862,193,50,2,1
2863,193,1,2,1
2863,193,2,2,1
2863,193,3,2,1
2863,193,4,2,1
2863,193,5,2,1
2863,193,6,2,1
2863,193,7,2,1
2863,193,8,2,1
2863,193,9,2,1
2863,193,10,2,1
2863,193,11,2,1
2863,193,12,2,1
2863,193,13,2,1
2863,193,14,2,1
2863,193,15,2,1
2863,193,16,2,1
2863,193,17,2,1
2863,193,18,2,1
2863,193,19,2,1
2863,193,20,2,1
2863,193,21,2,1
2863,193,22,2,1
2863,193,23,2,1
2863,193,24,2,1
2863,193,25,2,1
2863,193,26,2,1
2863,193,27,2,1
2863,193,28,2,1
2863,193,29,2,1
2863,193,30,2,1
2863,193,31,2,1
2863,193,32,2,1
2863,193,33,2,1
2863,193,34,2,1
2863,193,35,2,1
2863,193,36,2,1
2863,193,37,2,1
2863,193,38,2,1
2863,193,39,2,1
2863,193,40,2,1
2863,193,41,2,1
2863,193,42,2,1
2863,193,43,2,1
2863,193,44,2,1
2863,193,45,2,1
2863,193,46,2,1
2863,193,47,2,1
2863,193,48,2,1
2863,193,49,2,1
2863,193,50,2,1
2864,193,1,2,1
2864,193,2,2,1
2864,193,3,2,1
2864,193,4,2,1
2864,193,5,2,1
2864,193,6,2,1
2864,193,7,2,1
2864,193,8,2,1
2864,193,9,2,1
2864,193,10,2,1
2864,193,11,2,1
2864,193,12,2,1
2864,193,13,2,1
2864,193,14,2,1
2864,193,15,2,1
2864,193,16,2,1
2864,193,17,2,1
2864,193,18,2,1
2864,193,19,2,1
2864,193,20,2,1
2864,193,21,2,1
2864,193,22,2,1
2864,193,23,2,1
2864,193,24,2,1
2864,193,25,2,1
2864,193,26,2,1
2864,193,27,2,1
2864,193,28,2,1
2864,193,29,2,1
2864,193,30,2,1
2864,193,31,2,1
2864,193,32,2,1
2864,193,33,2,1
2864,193,34,2,1
2864,193,35,2,1
2864,193,36,2,1
2864,193,37,2,1
2864,193,38,2,1
2864,193,39,2,1
2864,193,40,2,1
2864,193,41,2,1
2864,193,42,2,1
2864,193,43,2,1
2864,193,44,2,1
2864,193,45,2,1
2864,193,46,2,1
2864,193,47,2,1
2864,193,48,2,1
2864,193,49,2,1
2864,193,50,2,1
2865,192,1,1,1
2865,192,2,1,1
2865,192,3,1,1
2865,192,4,1,1
2865,192,5,1,1
2865,192,6,1,1
2865,192,7,1,1
2865,192,8,1,1
2865,192,9,1,1
2865,192,10,1,1
2865,192,11,1,1
2865,192,12,1,1
2865,192,13,1,1
2865,192,14,1,1
2865,192,15,1,1
2865,192,16,1,1
2865,192,17,1,1
2865,192,18,1,1
2865,192,19,1,1
2865,192,20,1,1
2865,192,21,1,1
2865,192,22,1,1
2865,192,23,1,1
2865,192,24,1,1
2865,192,25,1,1
2865,192,26,1,1
2865,192,27,1,1
2865,192,28,1,1
2865,192,29,1,1
2865,192,30,1,1
2865,192,31,1,1
2865,192,32,1,1
2865,192,33,1,1
2865,192,34,1,1
2865,192,35,1,1
2865,192,36,1,1
2865,192,37,1,1
2865,192,38,1,1
2865,192,39,1,1
2865,192,40,1,1
2865,192,41,1,1
2865,192,42,1,1
2865,192,43,1,1
2865,192,44,1,1
2865,192,45,1,1
2865,192,46,1,1
2865,192,47,1,1
2865,192,48,1,1
2865,192,49,1,1
2865,192,50,1,1
2865,192,1,2,1
2865,192,2,2,1
2865,192,3,2,1
2865,192,4,2,1
2865,192,5,2,1
2865,192,6,2,1
2865,192,7,2,1
2865,192,8,2,1
2865,192,9,2,1
2865,192,10,2,1
2865,192,11,2,1
2865,192,12,2,1
2865,192,13,2,1
2865,192,14,2,1
2865,192,15,2,1
2865,192,16,2,1
2865,192,17,2,1
2865,192,18,2,1
2865,192,19,2,1
2865,192,20,2,1
2865,192,21,2,1
2865,192,22,2,1
2865,192,23,2,1
2865,192,24,2,1
2865,192,25,2,1
2865,192,26,2,1
2865,192,27,2,1
2865,192,28,2,1
2865,192,29,2,1
2865,192,30,2,1
2865,192,31,2,1
2865,192,32,2,1
2865,192,33,2,1
2865,192,34,2,1
2865,192,35,2,1
2865,192,36,2,1
2865,192,37,2,1
2865,192,38,2,1
2865,192,39,2,1
2865,192,40,2,1
2865,192,41,2,1
2865,192,42,2,1
2865,192,43,2,1
2865,192,44,2,1
2865,192,45,2,1
2865,192,46,2,1
2865,192,47,2,1
2865,192,48,2,1
2865,192,49,2,1
2865,192,50,2,1
2866,192,1,2,1
2866,192,2,2,1
2866,192,3,2,1
2866,192,4,2,1
2866,192,5,2,1
2866,192,6,2,1
2866,192,7,2,1
2866,192,8,2,1
2866,192,9,2,1
2866,192,10,2,1
2866,192,11,2,1
2866,192,12,2,1
2866,192,13,2,1
2866,192,14,2,1
2866,192,15,2,1
2866,192,16,2,1
2866,192,17,2,1
2866,192,18,2,1
2866,192,19,2,1
2866,192,20,2,1
2866,192,21,2,1
2866,192,22,2,1
2866,192,23,2,1
2866,192,24,2,1
2866,192,25,2,1
2866,192,26,2,1
2866,192,27,2,1
2866,192,28,2,1
2866,192,29,2,1
2866,192,30,2,1
2866,192,31,2,1
2866,192,32,2,1
2866,192,33,2,1
2866,192,34,2,1
2866,192,35,2,1
2866,192,36,2,1
2866,192,37,2,1
2866,192,38,2,1
2866,192,39,2,1
2866,192,40,2,1
2866,192,41,2,1
2866,192,42,2,1
2866,192,43,2,1
2866,192,44,2,1
2866,192,45,2,1
2866,192,46,2,1
2866,192,47,2,1
2866,192,48,2,1
2866,192,49,2,1
2866,192,50,2,1
2867,192,1,2,1
2867,192,2,2,1
2867,192,3,2,1
2867,192,4,2,1
2867,192,5,2,1
2867,192,6,2,1
2867,192,7,2,1
2867,192,8,2,1
2867,192,9,2,1
2867,192,10,2,1
2867,192,11,2,1
2867,192,12,2,1
2867,192,13,2,1
2867,192,14,2,1
2867,192,15,2,1
2867,192,16,2,1
2867,192,17,2,1
2867,192,18,2,1
2867,192,19,2,1
2867,192,20,2,1
2867,192,21,2,1
2867,192,22,2,1
2867,192,23,2,1
2867,192,24,2,1
2867,192,25,2,1
2867,192,26,2,1
2867,192,27,2,1
2867,192,28,2,1
2867,192,29,2,1
2867,192,30,2,1
2867,192,31,2,1
2867,192,32,2,1
2867,192,33,2,1
2867,192,34,2,1
2867,192,35,2,1
2867,192,36,2,1
2867,192,37,2,1
2867,192,38,2,1
2867,192,39,2,1
2867,192,40,2,1
2867,192,41,2,1
2867,192,42,2,1
2867,192,43,2,1
2867,192,44,2,1
2867,192,45,2,1
2867,192,46,2,1
2867,192,47,2,1
2867,192,48,2,1
2867,192,49,2,1
2867,192,50,2,1
2868,191,1,1,1
2868,191,2,1,1
2868,191,3,1,1
2868,191,4,1,1
2868,191,5,1,1
2868,191,6,1,1
2868,191,7,1,1
2868,191,8,1,1
2868,191,9,1,1
2868,191,10,1,1
2868,191,11,1,1
2868,191,12,1,1
2868,191,13,1,1
2868,191,14,1,1
2868,191,15,1,1
2868,191,16,1,1
2868,191,17,1,1
2868,191,18,1,1
2868,191,19,1,1
2868,191,20,1,1
2868,191,21,1,1
2868,191,22,1,1
2868,191,23,1,1
2868,191,24,1,1
2868,191,25,1,1
2868,191,26,1,1
2868,191,27,1,1
2868,191,28,1,1
2868,191,29,1,1
2868,191,30,1,1
2868,191,31,1,1
2868,191,32,1,1
2868,191,33,1,1
2868,191,34,1,1
2868,191,35,1,1
2868,191,36,1,1
2868,191,37,1,1
2868,191,38,1,1
2868,191,39,1,1
2868,191,40,1,1
2868,191,41,1,1
2868,191,42,1,1
2868,191,43,1,1
2868,191,44,1,1
2868,191,45,1,1
2868,191,46,1,1
2868,191,47,1,1
2868,191,48,1,1
2868,191,49,1,1
2868,191,50,1,1
2868,191,1,2,1
2868,191,2,2,1
2868,191,3,2,1
2868,191,4,2,1
2868,191,5,2,1
2868,191,6,2,1
2868,191,7,2,1
2868,191,8,2,1
2868,191,9,2,1
2868,191,10,2,1
2868,191,11,2,1
2868,191,12,2,1
2868,191,13,2,1
2868,191,14,2,1
2868,191,15,2,1
2868,191,16,2,1
2868,191,17,2,1
2868,191,18,2,1
2868,191,19,2,1
2868,191,20,2,1
2868,191,21,2,1
2868,191,22,2,1
2868,191,23,2,1
2868,191,24,2,1
2868,191,25,2,1
2868,191,26,2,1
2868,191,27,2,1
2868,191,28,2,1
2868,191,29,2,1
2868,191,30,2,1
2868,191,31,2,1
2868,191,32,2,1
2868,191,33,2,1
2868,191,34,2,1
2868,191,35,2,1
2868,191,36,2,1
2868,191,37,2,1
2868,191,38,2,1
2868,191,39,2,1
2868,191,40,2,1
2868,191,41,2,1
2868,191,42,2,1
2868,191,43,2,1
2868,191,44,2,1
2868,191,45,2,1
2868,191,46,2,1
2868,191,47,2,1
2868,191,48,2,1
2868,191,49,2,1
2868,191,50,2,1
2869,191,1,2,1
2869,191,2,2,1
2869,191,3,2,1
2869,191,4,2,1
2869,191,5,2,1
2869,191,6,2,1
2869,191,7,2,1
2869,191,8,2,1
2869,191,9,2,1
2869,191,10,2,1
2869,191,11,2,1
2869,191,12,2,1
2869,191,13,2,1
2869,191,14,2,1
2869,191,15,2,1
2869,191,16,2,1
2869,191,17,2,1
2869,191,18,2,1
2869,191,19,2,1
2869,191,20,2,1
2869,191,21,2,1
2869,191,22,2,1
2869,191,23,2,1
2869,191,24,2,1
2869,191,25,2,1
2869,191,26,2,1
2869,191,27,2,1
2869,191,28,2,1
2869,191,29,2,1
2869,191,30,2,1
2869,191,31,2,1
2869,191,32,2,1
2869,191,33,2,1
2869,191,34,2,1
2869,191,35,2,1
2869,191,36,2,1
2869,191,37,2,1
2869,191,38,2,1
2869,191,39,2,1
2869,191,40,2,1
2869,191,41,2,1
2869,191,42,2,1
2869,191,43,2,1
2869,191,44,2,1
2869,191,45,2,1
2869,191,46,2,1
2869,191,47,2,1
2869,191,48,2,1
2869,191,49,2,1
2869,191,50,2,1
2870,191,1,2,1
2870,191,2,2,1
2870,191,3,2,1
2870,191,4,2,1
2870,191,5,2,1
2870,191,6,2,1
2870,191,7,2,1
2870,191,8,2,1
2870,191,9,2,1
2870,191,10,2,1
2870,191,11,2,1
2870,191,12,2,1
2870,191,13,2,1
2870,191,14,2,1
2870,191,15,2,1
2870,191,16,2,1
2870,191,17,2,1
2870,191,18,2,1
2870,191,19,2,1
2870,191,20,2,1
2870,191,21,2,1
2870,191,22,2,1
2870,191,23,2,1
2870,191,24,2,1
2870,191,25,2,1
2870,191,26,2,1
2870,191,27,2,1
2870,191,28,2,1
2870,191,29,2,1
2870,191,30,2,1
2870,191,31,2,1
2870,191,32,2,1
2870,191,33,2,1
2870,191,34,2,1
2870,191,35,2,1
2870,191,36,2,1
2870,191,37,2,1
2870,191,38,2,1
2870,191,39,2,1
2870,191,40,2,1
2870,191,41,2,1
2870,191,42,2,1
2870,191,43,2,1
2870,191,44,2,1
2870,191,45,2,1
2870,191,46,2,1
2870,191,47,2,1
2870,191,48,2,1
2870,191,49,2,1
2870,191,50,2,1
2871,190,1,1,1
2871,190,2,1,1
2871,190,3,1,1
2871,190,4,1,1
2871,190,5,1,1
2871,190,6,1,1
2871,190,7,1,1
2871,190,8,1,1
2871,190,9,1,1
2871,190,10,1,1
2871,190,11,1,1
2871,190,12,1,1
2871,190,13,1,1
2871,190,14,1,1
2871,190,15,1,1
2871,190,16,1,1
2871,190,17,1,1
2871,190,18,1,1
2871,190,19,1,1
2871,190,20,1,1
2871,190,21,1,1
2871,190,22,1,1
2871,190,23,1,1
2871,190,24,1,1
2871,190,25,1,1
2871,190,26,1,1
2871,190,27,1,1
2871,190,28,1,1
2871,190,29,1,1
2871,190,30,1,1
2871,190,31,1,1
2871,190,32,1,1
2871,190,33,1,1
2871,190,34,1,1
2871,190,35,1,1
2871,190,36,1,1
2871,190,37,1,1
2871,190,38,1,1
2871,190,39,1,1
2871,190,40,1,1
2871,190,41,1,1
2871,190,42,1,1
2871,190,43,1,1
2871,190,44,1,1
2871,190,45,1,1
2871,190,46,1,1
2871,190,47,1,1
2871,190,48,1,1
2871,190,49,1,1
2871,190,50,1,1
2871,190,1,2,1
2871,190,2,2,1
2871,190,3,2,1
2871,190,4,2,1
2871,190,5,2,1
2871,190,6,2,1
2871,190,7,2,1
2871,190,8,2,1
2871,190,9,2,1
2871,190,10,2,1
2871,190,11,2,1
2871,190,12,2,1
2871,190,13,2,1
2871,190,14,2,1
2871,190,15,2,1
2871,190,16,2,1
2871,190,17,2,1
2871,190,18,2,1
2871,190,19,2,1
2871,190,20,2,1
2871,190,21,2,1
2871,190,22,2,1
2871,190,23,2,1
2871,190,24,2,1
2871,190,25,2,1
2871,190,26,2,1
2871,190,27,2,1
2871,190,28,2,1
2871,190,29,2,1
2871,190,30,2,1
2871,190,31,2,1
2871,190,32,2,1
2871,190,33,2,1
2871,190,34,2,1
2871,190,35,2,1
2871,190,36,2,1
2871,190,37,2,1
2871,190,38,2,1
2871,190,39,2,1
2871,190,40,2,1
2871,190,41,2,1
2871,190,42,2,1
2871,190,43,2,1
2871,190,44,2,1
2871,190,45,2,1
2871,190,46,2,1
2871,190,47,2,1
2871,190,48,2,1
2871,190,49,2,1
2871,190,50,2,1
2872,190,1,2,1
2872,190,2,2,1
2872,190,3,2,1
2872,190,4,2,1
2872,190,5,2,1
2872,190,6,2,1
2872,190,7,2,1
2872,190,8,2,1
2872,190,9,2,1
2872,190,10,2,1
2872,190,11,2,1
2872,190,12,2,1
2872,190,13,2,1
2872,190,14,2,1
2872,190,15,2,1
2872,190,16,2,1
2872,190,17,2,1
2872,190,18,2,1
2872,190,19,2,1
2872,190,20,2,1
2872,190,21,2,1
2872,190,22,2,1
2872,190,23,2,1
2872,190,24,2,1
2872,190,25,2,1
2872,190,26,2,1
2872,190,27,2,1
2872,190,28,2,1
2872,190,29,2,1
2872,190,30,2,1
2872,190,31,2,1
2872,190,32,2,1
2872,190,33,2,1
2872,190,34,2,1
2872,190,35,2,1
2872,190,36,2,1
2872,190,37,2,1
2872,190,38,2,1
2872,190,39,2,1
2872,190,40,2,1
2872,190,41,2,1
2872,190,42,2,1
2872,190,43,2,1
2872,190,44,2,1
2872,190,45,2,1
2872,190,46,2,1
2872,190,47,2,1
2872,190,48,2,1
2872,190,49,2,1
2872,190,50,2,1
2873,190,1,2,1
2873,190,2,2,1
2873,190,3,2,1
2873,190,4,2,1
2873,190,5,2,1
2873,190,6,2,1
2873,190,7,2,1
2873,190,8,2,1
2873,190,9,2,1
2873,190,10,2,1
2873,190,11,2,1
2873,190,12,2,1
2873,190,13,2,1
2873,190,14,2,1
2873,190,15,2,1
2873,190,16,2,1
2873,190,17,2,1
2873,190,18,2,1
2873,190,19,2,1
2873,190,20,2,1
2873,190,21,2,1
2873,190,22,2,1
2873,190,23,2,1
2873,190,24,2,1
2873,190,25,2,1
2873,190,26,2,1
2873,190,27,2,1
2873,190,28,2,1
2873,190,29,2,1
2873,190,30,2,1
2873,190,31,2,1
2873,190,32,2,1
2873,190,33,2,1
2873,190,34,2,1
2873,190,35,2,1
2873,190,36,2,1
2873,190,37,2,1
2873,190,38,2,1
2873,190,39,2,1
2873,190,40,2,1
2873,190,41,2,1
2873,190,42,2,1
2873,190,43,2,1
2873,190,44,2,1
2873,190,45,2,1
2873,190,46,2,1
2873,190,47,2,1
2873,190,48,2,1
2873,190,49,2,1
2873,190,50,2,1
2874,189,1,1,1
2874,189,2,1,1
2874,189,3,1,1
2874,189,4,1,1
2874,189,5,1,1
2874,189,6,1,1
2874,189,7,1,1
2874,189,8,1,1
2874,189,9,1,1
2874,189,10,1,1
2874,189,11,1,1
2874,189,12,1,1
2874,189,13,1,1
2874,189,14,1,1
2874,189,15,1,1
2874,189,16,1,1
2874,189,17,1,1
2874,189,18,1,1
2874,189,19,1,1
2874,189,20,1,1
2874,189,21,1,1
2874,189,22,1,1
2874,189,23,1,1
2874,189,24,1,1
2874,189,25,1,1
2874,189,26,1,1
2874,189,27,1,1
2874,189,28,1,1
2874,189,29,1,1
2874,189,30,1,1
2874,189,31,1,1
2874,189,32,1,1
2874,189,33,1,1
2874,189,34,1,1
2874,189,35,1,1
2874,189,36,1,1
2874,189,37,1,1
2874,189,38,1,1
2874,189,39,1,1
2874,189,40,1,1
2874,189,41,1,1
2874,189,42,1,1
2874,189,43,1,1
2874,189,44,1,1
2874,189,45,1,1
2874,189,46,1,1
2874,189,47,1,1
2874,189,48,1,1
2874,189,49,1,1
2874,189,50,1,1
2874,189,1,2,1
2874,189,2,2,1
2874,189,3,2,1
2874,189,4,2,1
2874,189,5,2,1
2874,189,6,2,1
2874,189,7,2,1
2874,189,8,2,1
2874,189,9,2,1
2874,189,10,2,1
2874,189,11,2,1
2874,189,12,2,1
2874,189,13,2,1
2874,189,14,2,1
2874,189,15,2,1
2874,189,16,2,1
2874,189,17,2,1
2874,189,18,2,1
2874,189,19,2,1
2874,189,20,2,1
2874,189,21,2,1
2874,189,22,2,1
2874,189,23,2,1
2874,189,24,2,1
2874,189,25,2,1
2874,189,26,2,1
2874,189,27,2,1
2874,189,28,2,1
2874,189,29,2,1
2874,189,30,2,1
2874,189,31,2,1
2874,189,32,2,1
2874,189,33,2,1
2874,189,34,2,1
2874,189,35,2,1
2874,189,36,2,1
2874,189,37,2,1
2874,189,38,2,1
2874,189,39,2,1
2874,189,40,2,1
2874,189,41,2,1
2874,189,42,2,1
2874,189,43,2,1
2874,189,44,2,1
2874,189,45,2,1
2874,189,46,2,1
2874,189,47,2,1
2874,189,48,2,1
2874,189,49,2,1
2874,189,50,2,1
2875,189,1,2,1
2875,189,2,2,1
2875,189,3,2,1
2875,189,4,2,1
2875,189,5,2,1
2875,189,6,2,1
2875,189,7,2,1
2875,189,8,2,1
2875,189,9,2,1
2875,189,10,2,1
2875,189,11,2,1
2875,189,12,2,1
2875,189,13,2,1
2875,189,14,2,1
2875,189,15,2,1
2875,189,16,2,1
2875,189,17,2,1
2875,189,18,2,1
2875,189,19,2,1
2875,189,20,2,1
2875,189,21,2,1
2875,189,22,2,1
2875,189,23,2,1
2875,189,24,2,1
2875,189,25,2,1
2875,189,26,2,1
2875,189,27,2,1
2875,189,28,2,1
2875,189,29,2,1
2875,189,30,2,1
2875,189,31,2,1
2875,189,32,2,1
2875,189,33,2,1
2875,189,34,2,1
2875,189,35,2,1
2875,189,36,2,1
2875,189,37,2,1
2875,189,38,2,1
2875,189,39,2,1
2875,189,40,2,1
2875,189,41,2,1
2875,189,42,2,1
2875,189,43,2,1
2875,189,44,2,1
2875,189,45,2,1
2875,189,46,2,1
2875,189,47,2,1
2875,189,48,2,1
2875,189,49,2,1
2875,189,50,2,1
2876,189,1,2,1
2876,189,2,2,1
2876,189,3,2,1
2876,189,4,2,1
2876,189,5,2,1
2876,189,6,2,1
2876,189,7,2,1
2876,189,8,2,1
2876,189,9,2,1
2876,189,10,2,1
2876,189,11,2,1
2876,189,12,2,1
2876,189,13,2,1
2876,189,14,2,1
2876,189,15,2,1
2876,189,16,2,1
2876,189,17,2,1
2876,189,18,2,1
2876,189,19,2,1
2876,189,20,2,1
2876,189,21,2,1
2876,189,22,2,1
2876,189,23,2,1
2876,189,24,2,1
2876,189,25,2,1
2876,189,26,2,1
2876,189,27,2,1
2876,189,28,2,1
2876,189,29,2,1
2876,189,30,2,1
2876,189,31,2,1
2876,189,32,2,1
2876,189,33,2,1
2876,189,34,2,1
2876,189,35,2,1
2876,189,36,2,1
2876,189,37,2,1
2876,189,38,2,1
2876,189,39,2,1
2876,189,40,2,1
2876,189,41,2,1
2876,189,42,2,1
2876,189,43,2,1
2876,189,44,2,1
2876,189,45,2,1
2876,189,46,2,1
2876,189,47,2,1
2876,189,48,2,1
2876,189,49,2,1
2876,189,50,2,1
2877,188,1,1,1
2877,188,2,1,1
2877,188,3,1,1
2877,188,4,1,1
2877,188,5,1,1
2877,188,6,1,1
2877,188,7,1,1
2877,188,8,1,1
2877,188,9,1,1
2877,188,10,1,1
2877,188,11,1,1
2877,188,12,1,1
2877,188,13,1,1
2877,188,14,1,1
2877,188,15,1,1
2877,188,16,1,1
2877,188,17,1,1
2877,188,18,1,1
2877,188,19,1,1
2877,188,20,1,1
2877,188,21,1,1
2877,188,22,1,1
2877,188,23,1,1
2877,188,24,1,1
2877,188,25,1,1
2877,188,26,1,1
2877,188,27,1,1
2877,188,28,1,1
2877,188,29,1,1
2877,188,30,1,1
2877,188,31,1,1
2877,188,32,1,1
2877,188,33,1,1
2877,188,34,1,1
2877,188,35,1,1
2877,188,36,1,1
2877,188,37,1,1
2877,188,38,1,1
2877,188,39,1,1
2877,188,40,1,1
2877,188,41,1,1
2877,188,42,1,1
2877,188,43,1,1
2877,188,44,1,1
2877,188,45,1,1
2877,188,46,1,1
2877,188,47,1,1
2877,188,48,1,1
2877,188,49,1,1
2877,188,50,1,1
2877,188,1,2,1
2877,188,2,2,1
2877,188,3,2,1
2877,188,4,2,1
2877,188,5,2,1
2877,188,6,2,1
2877,188,7,2,1
2877,188,8,2,1
2877,188,9,2,1
2877,188,10,2,1
2877,188,11,2,1
2877,188,12,2,1
2877,188,13,2,1
2877,188,14,2,1
2877,188,15,2,1
2877,188,16,2,1
2877,188,17,2,1
2877,188,18,2,1
2877,188,19,2,1
2877,188,20,2,1
2877,188,21,2,1
2877,188,22,2,1
2877,188,23,2,1
2877,188,24,2,1
2877,188,25,2,1
2877,188,26,2,1
2877,188,27,2,1
2877,188,28,2,1
2877,188,29,2,1
2877,188,30,2,1
2877,188,31,2,1
2877,188,32,2,1
2877,188,33,2,1
2877,188,34,2,1
2877,188,35,2,1
2877,188,36,2,1
2877,188,37,2,1
2877,188,38,2,1
2877,188,39,2,1
2877,188,40,2,1
2877,188,41,2,1
2877,188,42,2,1
2877,188,43,2,1
2877,188,44,2,1
2877,188,45,2,1
2877,188,46,2,1
2877,188,47,2,1
2877,188,48,2,1
2877,188,49,2,1
2877,188,50,2,1
2878,188,1,2,1
2878,188,2,2,1
2878,188,3,2,1
2878,188,4,2,1
2878,188,5,2,1
2878,188,6,2,1
2878,188,7,2,1
2878,188,8,2,1
2878,188,9,2,1
2878,188,10,2,1
2878,188,11,2,1
2878,188,12,2,1
2878,188,13,2,1
2878,188,14,2,1
2878,188,15,2,1
2878,188,16,2,1
2878,188,17,2,1
2878,188,18,2,1
2878,188,19,2,1
2878,188,20,2,1
2878,188,21,2,1
2878,188,22,2,1
2878,188,23,2,1
2878,188,24,2,1
2878,188,25,2,1
2878,188,26,2,1
2878,188,27,2,1
2878,188,28,2,1
2878,188,29,2,1
2878,188,30,2,1
2878,188,31,2,1
2878,188,32,2,1
2878,188,33,2,1
2878,188,34,2,1
2878,188,35,2,1
2878,188,36,2,1
2878,188,37,2,1
2878,188,38,2,1
2878,188,39,2,1
2878,188,40,2,1
2878,188,41,2,1
2878,188,42,2,1
2878,188,43,2,1
2878,188,44,2,1
2878,188,45,2,1
2878,188,46,2,1
2878,188,47,2,1
2878,188,48,2,1
2878,188,49,2,1
2878,188,50,2,1
2879,188,1,2,1
2879,188,2,2,1
2879,188,3,2,1
2879,188,4,2,1
2879,188,5,2,1
2879,188,6,2,1
2879,188,7,2,1
2879,188,8,2,1
2879,188,9,2,1
2879,188,10,2,1
2879,188,11,2,1
2879,188,12,2,1
2879,188,13,2,1
2879,188,14,2,1
2879,188,15,2,1
2879,188,16,2,1
2879,188,17,2,1
2879,188,18,2,1
2879,188,19,2,1
2879,188,20,2,1
2879,188,21,2,1
2879,188,22,2,1
2879,188,23,2,1
2879,188,24,2,1
2879,188,25,2,1
2879,188,26,2,1
2879,188,27,2,1
2879,188,28,2,1
2879,188,29,2,1
2879,188,30,2,1
2879,188,31,2,1
2879,188,32,2,1
2879,188,33,2,1
2879,188,34,2,1
2879,188,35,2,1
2879,188,36,2,1
2879,188,37,2,1
2879,188,38,2,1
2879,188,39,2,1
2879,188,40,2,1
2879,188,41,2,1
2879,188,42,2,1
2879,188,43,2,1
2879,188,44,2,1
2879,188,45,2,1
2879,188,46,2,1
2879,188,47,2,1
2879,188,48,2,1
2879,188,49,2,1
2879,188,50,2,1
2880,187,1,1,1
2880,187,2,1,1
2880,187,3,1,1
2880,187,4,1,1
2880,187,5,1,1
2880,187,6,1,1
2880,187,7,1,1
2880,187,8,1,1
2880,187,9,1,1
2880,187,10,1,1
2880,187,11,1,1
2880,187,12,1,1
2880,187,13,1,1
2880,187,14,1,1
2880,187,15,1,1
2880,187,16,1,1
2880,187,17,1,1
2880,187,18,1,1
2880,187,19,1,1
2880,187,20,1,1
2880,187,21,1,1
2880,187,22,1,1
2880,187,23,1,1
2880,187,24,1,1
2880,187,25,1,1
2880,187,26,1,1
2880,187,27,1,1
2880,187,28,1,1
2880,187,29,1,1
2880,187,30,1,1
2880,187,31,1,1
2880,187,32,1,1
2880,187,33,1,1
2880,187,34,1,1
2880,187,35,1,1
2880,187,36,1,1
2880,187,37,1,1
2880,187,38,1,1
2880,187,39,1,1
2880,187,40,1,1
2880,187,41,1,1
2880,187,42,1,1
2880,187,43,1,1
2880,187,44,1,1
2880,187,45,1,1
2880,187,46,1,1
2880,187,47,1,1
2880,187,48,1,1
2880,187,49,1,1
2880,187,50,1,1
2880,187,1,2,1
2880,187,2,2,1
2880,187,3,2,1
2880,187,4,2,1
2880,187,5,2,1
2880,187,6,2,1
2880,187,7,2,1
2880,187,8,2,1
2880,187,9,2,1
2880,187,10,2,1
2880,187,11,2,1
2880,187,12,2,1
2880,187,13,2,1
2880,187,14,2,1
2880,187,15,2,1
2880,187,16,2,1
2880,187,17,2,1
2880,187,18,2,1
2880,187,19,2,1
2880,187,20,2,1
2880,187,21,2,1
2880,187,22,2,1
2880,187,23,2,1
2880,187,24,2,1
2880,187,25,2,1
2880,187,26,2,1
2880,187,27,2,1
2880,187,28,2,1
2880,187,29,2,1
2880,187,30,2,1
2880,187,31,2,1
2880,187,32,2,1
2880,187,33,2,1
2880,187,34,2,1
2880,187,35,2,1
2880,187,36,2,1
2880,187,37,2,1
2880,187,38,2,1
2880,187,39,2,1
2880,187,40,2,1
2880,187,41,2,1
2880,187,42,2,1
2880,187,43,2,1
2880,187,44,2,1
2880,187,45,2,1
2880,187,46,2,1
2880,187,47,2,1
2880,187,48,2,1
2880,187,49,2,1
2880,187,50,2,1
2881,187,1,2,1
2881,187,2,2,1
2881,187,3,2,1
2881,187,4,2,1
2881,187,5,2,1
2881,187,6,2,1
2881,187,7,2,1
2881,187,8,2,1
2881,187,9,2,1
2881,187,10,2,1
2881,187,11,2,1
2881,187,12,2,1
2881,187,13,2,1
2881,187,14,2,1
2881,187,15,2,1
2881,187,16,2,1
2881,187,17,2,1
2881,187,18,2,1
2881,187,19,2,1
2881,187,20,2,1
2881,187,21,2,1
2881,187,22,2,1
2881,187,23,2,1
2881,187,24,2,1
2881,187,25,2,1
2881,187,26,2,1
2881,187,27,2,1
2881,187,28,2,1
2881,187,29,2,1
2881,187,30,2,1
2881,187,31,2,1
2881,187,32,2,1
2881,187,33,2,1
2881,187,34,2,1
2881,187,35,2,1
2881,187,36,2,1
2881,187,37,2,1
2881,187,38,2,1
2881,187,39,2,1
2881,187,40,2,1
2881,187,41,2,1
2881,187,42,2,1
2881,187,43,2,1
2881,187,44,2,1
2881,187,45,2,1
2881,187,46,2,1
2881,187,47,2,1
2881,187,48,2,1
2881,187,49,2,1
2881,187,50,2,1
2882,187,1,2,1
2882,187,2,2,1
2882,187,3,2,1
2882,187,4,2,1
2882,187,5,2,1
2882,187,6,2,1
2882,187,7,2,1
2882,187,8,2,1
2882,187,9,2,1
2882,187,10,2,1
2882,187,11,2,1
2882,187,12,2,1
2882,187,13,2,1
2882,187,14,2,1
2882,187,15,2,1
2882,187,16,2,1
2882,187,17,2,1
2882,187,18,2,1
2882,187,19,2,1
2882,187,20,2,1
2882,187,21,2,1
2882,187,22,2,1
2882,187,23,2,1
2882,187,24,2,1
2882,187,25,2,1
2882,187,26,2,1
2882,187,27,2,1
2882,187,28,2,1
2882,187,29,2,1
2882,187,30,2,1
2882,187,31,2,1
2882,187,32,2,1
2882,187,33,2,1
2882,187,34,2,1
2882,187,35,2,1
2882,187,36,2,1
2882,187,37,2,1
2882,187,38,2,1
2882,187,39,2,1
2882,187,40,2,1
2882,187,41,2,1
2882,187,42,2,1
2882,187,43,2,1
2882,187,44,2,1
2882,187,45,2,1
2882,187,46,2,1
2882,187,47,2,1
2882,187,48,2,1
2882,187,49,2,1
2882,187,50,2,1
2883,186,1,1,1
2883,186,2,1,1
2883,186,3,1,1
2883,186,4,1,1
2883,186,5,1,1
2883,186,6,1,1
2883,186,7,1,1
2883,186,8,1,1
2883,186,9,1,1
2883,186,10,1,1
2883,186,11,1,1
2883,186,12,1,1
2883,186,13,1,1
2883,186,14,1,1
2883,186,15,1,1
2883,186,16,1,1
2883,186,17,1,1
2883,186,18,1,1
2883,186,19,1,1
2883,186,20,1,1
2883,186,21,1,1
2883,186,22,1,1
2883,186,23,1,1
2883,186,24,1,1
2883,186,25,1,1
2883,186,26,1,1
2883,186,27,1,1
2883,186,28,1,1
2883,186,29,1,1
2883,186,30,1,1
2883,186,31,1,1
2883,186,32,1,1
2883,186,33,1,1
2883,186,34,1,1
2883,186,35,1,1
2883,186,36,1,1
2883,186,37,1,1
2883,186,38,1,1
2883,186,39,1,1
2883,186,40,1,1
2883,186,41,1,1
2883,186,42,1,1
2883,186,43,1,1
2883,186,44,1,1
2883,186,45,1,1
2883,186,46,1,1
2883,186,47,1,1
2883,186,48,1,1
2883,186,49,1,1
2883,186,50,1,1
2883,186,1,2,1
2883,186,2,2,1
2883,186,3,2,1
2883,186,4,2,1
2883,186,5,2,1
2883,186,6,2,1
2883,186,7,2,1
2883,186,8,2,1
2883,186,9,2,1
2883,186,10,2,1
2883,186,11,2,1
2883,186,12,2,1
2883,186,13,2,1
2883,186,14,2,1
2883,186,15,2,1
2883,186,16,2,1
2883,186,17,2,1
2883,186,18,2,1
2883,186,19,2,1
2883,186,20,2,1
2883,186,21,2,1
2883,186,22,2,1
2883,186,23,2,1
2883,186,24,2,1
2883,186,25,2,1
2883,186,26,2,1
2883,186,27,2,1
2883,186,28,2,1
2883,186,29,2,1
2883,186,30,2,1
2883,186,31,2,1
2883,186,32,2,1
2883,186,33,2,1
2883,186,34,2,1
2883,186,35,2,1
2883,186,36,2,1
2883,186,37,2,1
2883,186,38,2,1
2883,186,39,2,1
2883,186,40,2,1
2883,186,41,2,1
2883,186,42,2,1
2883,186,43,2,1
2883,186,44,2,1
2883,186,45,2,1
2883,186,46,2,1
2883,186,47,2,1
2883,186,48,2,1
2883,186,49,2,1
2883,186,50,2,1
2884,186,1,2,1
2884,186,2,2,1
2884,186,3,2,1
2884,186,4,2,1
2884,186,5,2,1
2884,186,6,2,1
2884,186,7,2,1
2884,186,8,2,1
2884,186,9,2,1
2884,186,10,2,1
2884,186,11,2,1
2884,186,12,2,1
2884,186,13,2,1
2884,186,14,2,1
2884,186,15,2,1
2884,186,16,2,1
2884,186,17,2,1
2884,186,18,2,1
2884,186,19,2,1
2884,186,20,2,1
2884,186,21,2,1
2884,186,22,2,1
2884,186,23,2,1
2884,186,24,2,1
2884,186,25,2,1
2884,186,26,2,1
2884,186,27,2,1
2884,186,28,2,1
2884,186,29,2,1
2884,186,30,2,1
2884,186,31,2,1
2884,186,32,2,1
2884,186,33,2,1
2884,186,34,2,1
2884,186,35,2,1
2884,186,36,2,1
2884,186,37,2,1
2884,186,38,2,1
2884,186,39,2,1
2884,186,40,2,1
2884,186,41,2,1
2884,186,42,2,1
2884,186,43,2,1
2884,186,44,2,1
2884,186,45,2,1
2884,186,46,2,1
2884,186,47,2,1
2884,186,48,2,1
2884,186,49,2,1
2884,186,50,2,1
2885,186,1,2,1
2885,186,2,2,1
2885,186,3,2,1
2885,186,4,2,1
2885,186,5,2,1
2885,186,6,2,1
2885,186,7,2,1
2885,186,8,2,1
2885,186,9,2,1
2885,186,10,2,1
2885,186,11,2,1
2885,186,12,2,1
2885,186,13,2,1
2885,186,14,2,1
2885,186,15,2,1
2885,186,16,2,1
2885,186,17,2,1
2885,186,18,2,1
2885,186,19,2,1
2885,186,20,2,1
2885,186,21,2,1
2885,186,22,2,1
2885,186,23,2,1
2885,186,24,2,1
2885,186,25,2,1
2885,186,26,2,1
2885,186,27,2,1
2885,186,28,2,1
2885,186,29,2,1
2885,186,30,2,1
2885,186,31,2,1
2885,186,32,2,1
2885,186,33,2,1
2885,186,34,2,1
2885,186,35,2,1
2885,186,36,2,1
2885,186,37,2,1
2885,186,38,2,1
2885,186,39,2,1
2885,186,40,2,1
2885,186,41,2,1
2885,186,42,2,1
2885,186,43,2,1
2885,186,44,2,1
2885,186,45,2,1
2885,186,46,2,1
2885,186,47,2,1
2885,186,48,2,1
2885,186,49,2,1
2885,186,50,2,1
2886,186,1,2,1
2886,186,2,2,1
2886,186,3,2,1
2886,186,4,2,1
2886,186,5,2,1
2886,186,6,2,1
2886,186,7,2,1
2886,186,8,2,1
2886,186,9,2,1
2886,186,10,2,1
2886,186,11,2,1
2886,186,12,2,1
2886,186,13,2,1
2886,186,14,2,1
2886,186,15,2,1
2886,186,16,2,1
2886,186,17,2,1
2886,186,18,2,1
2886,186,19,2,1
2886,186,20,2,1
2886,186,21,2,1
2886,186,22,2,1
2886,186,23,2,1
2886,186,24,2,1
2886,186,25,2,1
2886,186,26,2,1
2886,186,27,2,1
2886,186,28,2,1
2886,186,29,2,1
2886,186,30,2,1
2886,186,31,2,1
2886,186,32,2,1
2886,186,33,2,1
2886,186,34,2,1
2886,186,35,2,1
2886,186,36,2,1
2886,186,37,2,1
2886,186,38,2,1
2886,186,39,2,1
2886,186,40,2,1
2886,186,41,2,1
2886,186,42,2,1
2886,186,43,2,1
2886,186,44,2,1
2886,186,45,2,1
2886,186,46,2,1
2886,186,47,2,1
2886,186,48,2,1
2886,186,49,2,1
2886,186,50,2,1
2887,185,1,1,1
2887,185,2,1,1
2887,185,3,1,1
2887,185,4,1,1
2887,185,5,1,1
2887,185,6,1,1
2887,185,7,1,1
2887,185,8,1,1
2887,185,9,1,1
2887,185,10,1,1
2887,185,11,1,1
2887,185,12,1,1
2887,185,13,1,1
2887,185,14,1,1
2887,185,15,1,1
2887,185,16,1,1
2887,185,17,1,1
2887,185,18,1,1
2887,185,19,1,1
2887,185,20,1,1
2887,185,21,1,1
2887,185,22,1,1
2887,185,23,1,1
2887,185,24,1,1
2887,185,25,1,1
2887,185,26,1,1
2887,185,27,1,1
2887,185,28,1,1
2887,185,29,1,1
2887,185,30,1,1
2887,185,31,1,1
2887,185,32,1,1
2887,185,33,1,1
2887,185,34,1,1
2887,185,35,1,1
2887,185,36,1,1
2887,185,37,1,1
2887,185,38,1,1
2887,185,39,1,1
2887,185,40,1,1
2887,185,41,1,1
2887,185,42,1,1
2887,185,43,1,1
2887,185,44,1,1
2887,185,45,1,1
2887,185,46,1,1
2887,185,47,1,1
2887,185,48,1,1
2887,185,49,1,1
2887,185,50,1,1
2887,185,1,2,1
2887,185,2,2,1
2887,185,3,2,1
2887,185,4,2,1
2887,185,5,2,1
2887,185,6,2,1
2887,185,7,2,1
2887,185,8,2,1
2887,185,9,2,1
2887,185,10,2,1
2887,185,11,2,1
2887,185,12,2,1
2887,185,13,2,1
2887,185,14,2,1
2887,185,15,2,1
2887,185,16,2,1
2887,185,17,2,1
2887,185,18,2,1
2887,185,19,2,1
2887,185,20,2,1
2887,185,21,2,1
2887,185,22,2,1
2887,185,23,2,1
2887,185,24,2,1
2887,185,25,2,1
2887,185,26,2,1
2887,185,27,2,1
2887,185,28,2,1
2887,185,29,2,1
2887,185,30,2,1
2887,185,31,2,1
2887,185,32,2,1
2887,185,33,2,1
2887,185,34,2,1
2887,185,35,2,1
2887,185,36,2,1
2887,185,37,2,1
2887,185,38,2,1
2887,185,39,2,1
2887,185,40,2,1
2887,185,41,2,1
2887,185,42,2,1
2887,185,43,2,1
2887,185,44,2,1
2887,185,45,2,1
2887,185,46,2,1
2887,185,47,2,1
2887,185,48,2,1
2887,185,49,2,1
2887,185,50,2,1
2888,185,1,2,1
2888,185,2,2,1
2888,185,3,2,1
2888,185,4,2,1
2888,185,5,2,1
2888,185,6,2,1
2888,185,7,2,1
2888,185,8,2,1
2888,185,9,2,1
2888,185,10,2,1
2888,185,11,2,1
2888,185,12,2,1
2888,185,13,2,1
2888,185,14,2,1
2888,185,15,2,1
2888,185,16,2,1
2888,185,17,2,1
2888,185,18,2,1
2888,185,19,2,1
2888,185,20,2,1
2888,185,21,2,1
2888,185,22,2,1
2888,185,23,2,1
2888,185,24,2,1
2888,185,25,2,1
2888,185,26,2,1
2888,185,27,2,1
2888,185,28,2,1
2888,185,29,2,1
2888,185,30,2,1
2888,185,31,2,1
2888,185,32,2,1
2888,185,33,2,1
2888,185,34,2,1
2888,185,35,2,1
2888,185,36,2,1
2888,185,37,2,1
2888,185,38,2,1
2888,185,39,2,1
2888,185,40,2,1
2888,185,41,2,1
2888,185,42,2,1
2888,185,43,2,1
2888,185,44,2,1
2888,185,45,2,1
2888,185,46,2,1
2888,185,47,2,1
2888,185,48,2,1
2888,185,49,2,1
2888,185,50,2,1
2889,185,1,2,1
2889,185,2,2,1
2889,185,3,2,1
2889,185,4,2,1
2889,185,5,2,1
2889,185,6,2,1
2889,185,7,2,1
2889,185,8,2,1
2889,185,9,2,1
2889,185,10,2,1
2889,185,11,2,1
2889,185,12,2,1
2889,185,13,2,1
2889,185,14,2,1
2889,185,15,2,1
2889,185,16,2,1
2889,185,17,2,1
2889,185,18,2,1
2889,185,19,2,1
2889,185,20,2,1
2889,185,21,2,1
2889,185,22,2,1
2889,185,23,2,1
2889,185,24,2,1
2889,185,25,2,1
2889,185,26,2,1
2889,185,27,2,1
2889,185,28,2,1
2889,185,29,2,1
2889,185,30,2,1
2889,185,31,2,1
2889,185,32,2,1
2889,185,33,2,1
2889,185,34,2,1
2889,185,35,2,1
2889,185,36,2,1
2889,185,37,2,1
2889,185,38,2,1
2889,185,39,2,1
2889,185,40,2,1
2889,185,41,2,1
2889,185,42,2,1
2889,185,43,2,1
2889,185,44,2,1
2889,185,45,2,1
2889,185,46,2,1
2889,185,47,2,1
2889,185,48,2,1
2889,185,49,2,1
2889,185,50,2,1
2890,184,1,1,1
2890,184,2,1,1
2890,184,3,1,1
2890,184,4,1,1
2890,184,5,1,1
2890,184,6,1,1
2890,184,7,1,1
2890,184,8,1,1
2890,184,9,1,1
2890,184,10,1,1
2890,184,11,1,1
2890,184,12,1,1
2890,184,13,1,1
2890,184,14,1,1
2890,184,15,1,1
2890,184,16,1,1
2890,184,17,1,1
2890,184,18,1,1
2890,184,19,1,1
2890,184,20,1,1
2890,184,21,1,1
2890,184,22,1,1
2890,184,23,1,1
2890,184,24,1,1
2890,184,25,1,1
2890,184,26,1,1
2890,184,27,1,1
2890,184,28,1,1
2890,184,29,1,1
2890,184,30,1,1
2890,184,31,1,1
2890,184,32,1,1
2890,184,33,1,1
2890,184,34,1,1
2890,184,35,1,1
2890,184,36,1,1
2890,184,37,1,1
2890,184,38,1,1
2890,184,39,1,1
2890,184,40,1,1
2890,184,41,1,1
2890,184,42,1,1
2890,184,43,1,1
2890,184,44,1,1
2890,184,45,1,1
2890,184,46,1,1
2890,184,47,1,1
2890,184,48,1,1
2890,184,49,1,1
2890,184,50,1,1
2890,184,1,2,1
2890,184,2,2,1
2890,184,3,2,1
2890,184,4,2,1
2890,184,5,2,1
2890,184,6,2,1
2890,184,7,2,1
2890,184,8,2,1
2890,184,9,2,1
2890,184,10,2,1
2890,184,11,2,1
2890,184,12,2,1
2890,184,13,2,1
2890,184,14,2,1
2890,184,15,2,1
2890,184,16,2,1
2890,184,17,2,1
2890,184,18,2,1
2890,184,19,2,1
2890,184,20,2,1
2890,184,21,2,1
2890,184,22,2,1
2890,184,23,2,1
2890,184,24,2,1
2890,184,25,2,1
2890,184,26,2,1
2890,184,27,2,1
2890,184,28,2,1
2890,184,29,2,1
2890,184,30,2,1
2890,184,31,2,1
2890,184,32,2,1
2890,184,33,2,1
2890,184,34,2,1
2890,184,35,2,1
2890,184,36,2,1
2890,184,37,2,1
2890,184,38,2,1
2890,184,39,2,1
2890,184,40,2,1
2890,184,41,2,1
2890,184,42,2,1
2890,184,43,2,1
2890,184,44,2,1
2890,184,45,2,1
2890,184,46,2,1
2890,184,47,2,1
2890,184,48,2,1
2890,184,49,2,1
2890,184,50,2,1
2891,184,1,2,1
2891,184,2,2,1
2891,184,3,2,1
2891,184,4,2,1
2891,184,5,2,1
2891,184,6,2,1
2891,184,7,2,1
2891,184,8,2,1
2891,184,9,2,1
2891,184,10,2,1
2891,184,11,2,1
2891,184,12,2,1
2891,184,13,2,1
2891,184,14,2,1
2891,184,15,2,1
2891,184,16,2,1
2891,184,17,2,1
2891,184,18,2,1
2891,184,19,2,1
2891,184,20,2,1
2891,184,21,2,1
2891,184,22,2,1
2891,184,23,2,1
2891,184,24,2,1
2891,184,25,2,1
2891,184,26,2,1
2891,184,27,2,1
2891,184,28,2,1
2891,184,29,2,1
2891,184,30,2,1
2891,184,31,2,1
2891,184,32,2,1
2891,184,33,2,1
2891,184,34,2,1
2891,184,35,2,1
2891,184,36,2,1
2891,184,37,2,1
2891,184,38,2,1
2891,184,39,2,1
2891,184,40,2,1
2891,184,41,2,1
2891,184,42,2,1
2891,184,43,2,1
2891,184,44,2,1
2891,184,45,2,1
2891,184,46,2,1
2891,184,47,2,1
2891,184,48,2,1
2891,184,49,2,1
2891,184,50,2,1
2892,184,1,2,1
2892,184,2,2,1
2892,184,3,2,1
2892,184,4,2,1
2892,184,5,2,1
2892,184,6,2,1
2892,184,7,2,1
2892,184,8,2,1
2892,184,9,2,1
2892,184,10,2,1
2892,184,11,2,1
2892,184,12,2,1
2892,184,13,2,1
2892,184,14,2,1
2892,184,15,2,1
2892,184,16,2,1
2892,184,17,2,1
2892,184,18,2,1
2892,184,19,2,1
2892,184,20,2,1
2892,184,21,2,1
2892,184,22,2,1
2892,184,23,2,1
2892,184,24,2,1
2892,184,25,2,1
2892,184,26,2,1
2892,184,27,2,1
2892,184,28,2,1
2892,184,29,2,1
2892,184,30,2,1
2892,184,31,2,1
2892,184,32,2,1
2892,184,33,2,1
2892,184,34,2,1
2892,184,35,2,1
2892,184,36,2,1
2892,184,37,2,1
2892,184,38,2,1
2892,184,39,2,1
2892,184,40,2,1
2892,184,41,2,1
2892,184,42,2,1
2892,184,43,2,1
2892,184,44,2,1
2892,184,45,2,1
2892,184,46,2,1
2892,184,47,2,1
2892,184,48,2,1
2892,184,49,2,1
2892,184,50,2,1
2893,183,1,1,1
2893,183,2,1,1
2893,183,3,1,1
2893,183,4,1,1
2893,183,5,1,1
2893,183,6,1,1
2893,183,7,1,1
2893,183,8,1,1
2893,183,9,1,1
2893,183,10,1,1
2893,183,11,1,1
2893,183,12,1,1
2893,183,13,1,1
2893,183,14,1,1
2893,183,15,1,1
2893,183,16,1,1
2893,183,17,1,1
2893,183,18,1,1
2893,183,19,1,1
2893,183,20,1,1
2893,183,21,1,1
2893,183,22,1,1
2893,183,23,1,1
2893,183,24,1,1
2893,183,25,1,1
2893,183,26,1,1
2893,183,27,1,1
2893,183,28,1,1
2893,183,29,1,1
2893,183,30,1,1
2893,183,31,1,1
2893,183,32,1,1
2893,183,33,1,1
2893,183,34,1,1
2893,183,35,1,1
2893,183,36,1,1
2893,183,37,1,1
2893,183,38,1,1
2893,183,39,1,1
2893,183,40,1,1
2893,183,41,1,1
2893,183,42,1,1
2893,183,43,1,1
2893,183,44,1,1
2893,183,45,1,1
2893,183,46,1,1
2893,183,47,1,1
2893,183,48,1,1
2893,183,49,1,1
2893,183,50,1,1
2893,183,1,2,1
2893,183,2,2,1
2893,183,3,2,1
2893,183,4,2,1
2893,183,5,2,1
2893,183,6,2,1
2893,183,7,2,1
2893,183,8,2,1
2893,183,9,2,1
2893,183,10,2,1
2893,183,11,2,1
2893,183,12,2,1
2893,183,13,2,1
2893,183,14,2,1
2893,183,15,2,1
2893,183,16,2,1
2893,183,17,2,1
2893,183,18,2,1
2893,183,19,2,1
2893,183,20,2,1
2893,183,21,2,1
2893,183,22,2,1
2893,183,23,2,1
2893,183,24,2,1
2893,183,25,2,1
2893,183,26,2,1
2893,183,27,2,1
2893,183,28,2,1
2893,183,29,2,1
2893,183,30,2,1
2893,183,31,2,1
2893,183,32,2,1
2893,183,33,2,1
2893,183,34,2,1
2893,183,35,2,1
2893,183,36,2,1
2893,183,37,2,1
2893,183,38,2,1
2893,183,39,2,1
2893,183,40,2,1
2893,183,41,2,1
2893,183,42,2,1
2893,183,43,2,1
2893,183,44,2,1
2893,183,45,2,1
2893,183,46,2,1
2893,183,47,2,1
2893,183,48,2,1
2893,183,49,2,1
2893,183,50,2,1
2894,183,1,2,1
2894,183,2,2,1
2894,183,3,2,1
2894,183,4,2,1
2894,183,5,2,1
2894,183,6,2,1
2894,183,7,2,1
2894,183,8,2,1
2894,183,9,2,1
2894,183,10,2,1
2894,183,11,2,1
2894,183,12,2,1
2894,183,13,2,1
2894,183,14,2,1
2894,183,15,2,1
2894,183,16,2,1
2894,183,17,2,1
2894,183,18,2,1
2894,183,19,2,1
2894,183,20,2,1
2894,183,21,2,1
2894,183,22,2,1
2894,183,23,2,1
2894,183,24,2,1
2894,183,25,2,1
2894,183,26,2,1
2894,183,27,2,1
2894,183,28,2,1
2894,183,29,2,1
2894,183,30,2,1
2894,183,31,2,1
2894,183,32,2,1
2894,183,33,2,1
2894,183,34,2,1
2894,183,35,2,1
2894,183,36,2,1
2894,183,37,2,1
2894,183,38,2,1
2894,183,39,2,1
2894,183,40,2,1
2894,183,41,2,1
2894,183,42,2,1
2894,183,43,2,1
2894,183,44,2,1
2894,183,45,2,1
2894,183,46,2,1
2894,183,47,2,1
2894,183,48,2,1
2894,183,49,2,1
2894,183,50,2,1
2895,183,1,2,1
2895,183,2,2,1
2895,183,3,2,1
2895,183,4,2,1
2895,183,5,2,1
2895,183,6,2,1
2895,183,7,2,1
2895,183,8,2,1
2895,183,9,2,1
2895,183,10,2,1
2895,183,11,2,1
2895,183,12,2,1
2895,183,13,2,1
2895,183,14,2,1
2895,183,15,2,1
2895,183,16,2,1
2895,183,17,2,1
2895,183,18,2,1
2895,183,19,2,1
2895,183,20,2,1
2895,183,21,2,1
2895,183,22,2,1
2895,183,23,2,1
2895,183,24,2,1
2895,183,25,2,1
2895,183,26,2,1
2895,183,27,2,1
2895,183,28,2,1
2895,183,29,2,1
2895,183,30,2,1
2895,183,31,2,1
2895,183,32,2,1
2895,183,33,2,1
2895,183,34,2,1
2895,183,35,2,1
2895,183,36,2,1
2895,183,37,2,1
2895,183,38,2,1
2895,183,39,2,1
2895,183,40,2,1
2895,183,41,2,1
2895,183,42,2,1
2895,183,43,2,1
2895,183,44,2,1
2895,183,45,2,1
2895,183,46,2,1
2895,183,47,2,1
2895,183,48,2,1
2895,183,49,2,1
2895,183,50,2,1
2896,183,1,2,1
2896,183,2,2,1
2896,183,3,2,1
2896,183,4,2,1
2896,183,5,2,1
2896,183,6,2,1
2896,183,7,2,1
2896,183,8,2,1
2896,183,9,2,1
2896,183,10,2,1
2896,183,11,2,1
2896,183,12,2,1
2896,183,13,2,1
2896,183,14,2,1
2896,183,15,2,1
2896,183,16,2,1
2896,183,17,2,1
2896,183,18,2,1
2896,183,19,2,1
2896,183,20,2,1
2896,183,21,2,1
2896,183,22,2,1
2896,183,23,2,1
2896,183,24,2,1
2896,183,25,2,1
2896,183,26,2,1
2896,183,27,2,1
2896,183,28,2,1
2896,183,29,2,1
2896,183,30,2,1
2896,183,31,2,1
2896,183,32,2,1
2896,183,33,2,1
2896,183,34,2,1
2896,183,35,2,1
2896,183,36,2,1
2896,183,37,2,1
2896,183,38,2,1
2896,183,39,2,1
2896,183,40,2,1
2896,183,41,2,1
2896,183,42,2,1
2896,183,43,2,1
2896,183,44,2,1
2896,183,45,2,1
2896,183,46,2,1
2896,183,47,2,1
2896,183,48,2,1
2896,183,49,2,1
2896,183,50,2,1
