3373,582,1,1,1
3373,582,2,1,1
3373,582,3,1,1
3373,582,4,1,1
3373,582,5,1,1
3373,582,6,1,1
3373,582,7,1,1
3373,582,8,1,1
3373,582,9,1,1
3373,582,10,1,1
3373,582,11,1,1
3373,582,12,1,1
3373,582,13,1,1
3373,582,14,1,1
3373,582,15,1,1
3373,582,16,1,1
3373,582,17,1,1
3373,582,18,1,1
3373,582,19,1,1
3373,582,20,1,1
3373,582,21,1,1
3373,582,22,1,1
3373,582,23,1,1
3373,582,24,1,1
3373,582,25,1,1
3373,582,26,1,1
3373,582,27,1,1
3373,582,28,1,1
3373,582,29,1,1
3373,582,30,1,1
3373,582,31,1,1
3373,582,32,1,1
3373,582,33,1,1
3373,582,34,1,1
3373,582,35,1,1
3373,582,36,1,1
3373,582,37,1,1
3373,582,38,1,1
3373,582,39,1,1
3373,582,40,1,1
3373,582,41,1,1
3373,582,42,1,1
3373,582,43,1,1
3373,582,44,1,1
3373,582,45,1,1
3373,582,46,1,1
3373,582,47,1,1
3373,582,48,1,1
3373,582,49,1,1
3373,582,50,1,1
3373,582,51,1,1
3373,582,52,1,1
3373,582,53,1,1
3373,582,54,1,1
3373,582,55,1,1
3373,582,56,1,1
3373,582,57,1,1
3373,582,58,1,1
3373,582,59,1,1
3373,582,60,1,1
3373,582,61,1,1
3373,582,62,1,1
3373,582,63,1,1
3373,582,64,1,1
3373,582,65,1,1
3373,582,66,1,1
3373,582,67,1,1
3373,582,68,1,1
3373,582,69,1,1
3373,582,70,1,1
3373,582,71,1,1
3373,582,72,1,1
3373,582,73,1,1
3373,582,74,1,1
3373,582,75,1,1
3373,582,1,2,1
3373,582,2,2,1
3373,582,3,2,1
3373,582,4,2,1
3373,582,5,2,1
3373,582,6,2,1
3373,582,7,2,1
3373,582,8,2,1
3373,582,9,2,1
3373,582,10,2,1
3373,582,11,2,1
3373,582,12,2,1
3373,582,13,2,1
3373,582,14,2,1
3373,582,15,2,1
3373,582,16,2,1
3373,582,17,2,1
3373,582,18,2,1
3373,582,19,2,1
3373,582,20,2,1
3373,582,21,2,1
3373,582,22,2,1
3373,582,23,2,1
3373,582,24,2,1
3373,582,25,2,1
3373,582,26,2,1
3373,582,27,2,1
3373,582,28,2,1
3373,582,29,2,1
3373,582,30,2,1
3373,582,31,2,1
3373,582,32,2,1
3373,582,33,2,1
3373,582,34,2,1
3373,582,35,2,1
3373,582,36,2,1
3373,582,37,2,1
3373,582,38,2,1
3373,582,39,2,1
3373,582,40,2,1
3373,582,41,2,1
3373,582,42,2,1
3373,582,43,2,1
3373,582,44,2,1
3373,582,45,2,1
3373,582,46,2,1
3373,582,47,2,1
3373,582,48,2,1
3373,582,49,2,1
3373,582,50,2,1
3373,582,51,2,1
3373,582,52,2,1
3373,582,53,2,1
3373,582,54,2,1
3373,582,55,2,1
3373,582,56,2,1
3373,582,57,2,1
3373,582,58,2,1
3373,582,59,2,1
3373,582,60,2,1
3373,582,61,2,1
3373,582,62,2,1
3373,582,63,2,1
3373,582,64,2,1
3373,582,65,2,1
3373,582,66,2,1
3373,582,67,2,1
3373,582,68,2,1
3373,582,69,2,1
3373,582,70,2,1
3373,582,71,2,1
3373,582,72,2,1
3373,582,73,2,1
3373,582,74,2,1
3373,582,75,2,1
3373,581,1,1,1
3373,581,2,1,1
3373,581,3,1,1
3373,581,4,1,1
3373,581,5,1,1
3373,581,6,1,1
3373,581,7,1,1
3373,581,8,1,1
3373,581,9,1,1
3373,581,10,1,1
3373,581,11,1,1
3373,581,12,1,1
3373,581,13,1,1
3373,581,14,1,1
3373,581,15,1,1
3373,581,16,1,1
3373,581,17,1,1
3373,581,18,1,1
3373,581,19,1,1
3373,581,20,1,1
3373,581,21,1,1
3373,581,22,1,1
3373,581,23,1,1
3373,581,24,1,1
3373,581,25,1,1
3373,581,26,1,1
3373,581,27,1,1
3373,581,28,1,1
3373,581,29,1,1
3373,581,30,1,1
3373,581,31,1,1
3373,581,32,1,1
3373,581,33,1,1
3373,581,34,1,1
3373,581,35,1,1
3373,581,36,1,1
3373,581,37,1,1
3373,581,38,1,1
3373,581,39,1,1
3373,581,40,1,1
3373,581,41,1,1
3373,581,42,1,1
3373,581,43,1,1
3373,581,44,1,1
3373,581,45,1,1
3373,581,46,1,1
3373,581,47,1,1
3373,581,48,1,1
3373,581,49,1,1
3373,581,50,1,1
3373,581,51,1,1
3373,581,52,1,1
3373,581,53,1,1
3373,581,54,1,1
3373,581,55,1,1
3373,581,56,1,1
3373,581,57,1,1
3373,581,58,1,1
3373,581,59,1,1
3373,581,60,1,1
3373,581,61,1,1
3373,581,62,1,1
3373,581,63,1,1
3373,581,64,1,1
3373,581,65,1,1
3373,581,66,1,1
3373,581,67,1,1
3373,581,68,1,1
3373,581,69,1,1
3373,581,70,1,1
3373,581,71,1,1
3373,581,72,1,1
3373,581,73,1,1
3373,581,74,1,1
3373,581,75,1,1
3374,580,1,1,1
3374,580,2,1,1
3374,580,3,1,1
3374,580,4,1,1
3374,580,5,1,1
3374,580,6,1,1
3374,580,7,1,1
3374,580,8,1,1
3374,580,9,1,1
3374,580,10,1,1
3374,580,11,1,1
3374,580,12,1,1
3374,580,13,1,1
3374,580,14,1,1
3374,580,15,1,1
3374,580,16,1,1
3374,580,17,1,1
3374,580,18,1,1
3374,580,19,1,1
3374,580,20,1,1
3374,580,21,1,1
3374,580,22,1,1
3374,580,23,1,1
3374,580,24,1,1
3374,580,25,1,1
3374,580,26,1,1
3374,580,27,1,1
3374,580,28,1,1
3374,580,29,1,1
3374,580,30,1,1
3374,580,31,1,1
3374,580,32,1,1
3374,580,33,1,1
3374,580,34,1,1
3374,580,35,1,1
3374,580,36,1,1
3374,580,37,1,1
3374,580,38,1,1
3374,580,39,1,1
3374,580,40,1,1
3374,580,41,1,1
3374,580,42,1,1
3374,580,43,1,1
3374,580,44,1,1
3374,580,45,1,1
3374,580,46,1,1
3374,580,47,1,1
3374,580,48,1,1
3374,580,49,1,1
3374,580,50,1,1
3374,580,51,1,1
3374,580,52,1,1
3374,580,53,1,1
3374,580,54,1,1
3374,580,55,1,1
3374,580,56,1,1
3374,580,57,1,1
3374,580,58,1,1
3374,580,59,1,1
3374,580,60,1,1
3374,580,61,1,1
3374,580,62,1,1
3374,580,63,1,1
3374,580,64,1,1
3374,580,65,1,1
3374,580,66,1,1
3374,580,67,1,1
3374,580,68,1,1
3374,580,69,1,1
3374,580,70,1,1
3374,580,71,1,1
3374,580,72,1,1
3374,580,73,1,1
3374,580,74,1,1
3374,580,75,1,1
3374,580,1,2,1
3374,580,2,2,1
3374,580,3,2,1
3374,580,4,2,1
3374,580,5,2,1
3374,580,6,2,1
3374,580,7,2,1
3374,580,8,2,1
3374,580,9,2,1
3374,580,10,2,1
3374,580,11,2,1
3374,580,12,2,1
3374,580,13,2,1
3374,580,14,2,1
3374,580,15,2,1
3374,580,16,2,1
3374,580,17,2,1
3374,580,18,2,1
3374,580,19,2,1
3374,580,20,2,1
3374,580,21,2,1
3374,580,22,2,1
3374,580,23,2,1
3374,580,24,2,1
3374,580,25,2,1
3374,580,26,2,1
3374,580,27,2,1
3374,580,28,2,1
3374,580,29,2,1
3374,580,30,2,1
3374,580,31,2,1
3374,580,32,2,1
3374,580,33,2,1
3374,580,34,2,1
3374,580,35,2,1
3374,580,36,2,1
3374,580,37,2,1
3374,580,38,2,1
3374,580,39,2,1
3374,580,40,2,1
3374,580,41,2,1
3374,580,42,2,1
3374,580,43,2,1
3374,580,44,2,1
3374,580,45,2,1
3374,580,46,2,1
3374,580,47,2,1
3374,580,48,2,1
3374,580,49,2,1
3374,580,50,2,1
3374,580,51,2,1
3374,580,52,2,1
3374,580,53,2,1
3374,580,54,2,1
3374,580,55,2,1
3374,580,56,2,1
3374,580,57,2,1
3374,580,58,2,1
3374,580,59,2,1
3374,580,60,2,1
3374,580,61,2,1
3374,580,62,2,1
3374,580,63,2,1
3374,580,64,2,1
3374,580,65,2,1
3374,580,66,2,1
3374,580,67,2,1
3374,580,68,2,1
3374,580,69,2,1
3374,580,70,2,1
3374,580,71,2,1
3374,580,72,2,1
3374,580,73,2,1
3374,580,74,2,1
3374,580,75,2,1
3375,579,1,1,1
3375,579,2,1,1
3375,579,3,1,1
3375,579,4,1,1
3375,579,5,1,1
3375,579,6,1,1
3375,579,7,1,1
3375,579,8,1,1
3375,579,9,1,1
3375,579,10,1,1
3375,579,11,1,1
3375,579,12,1,1
3375,579,13,1,1
3375,579,14,1,1
3375,579,15,1,1
3375,579,16,1,1
3375,579,17,1,1
3375,579,18,1,1
3375,579,19,1,1
3375,579,20,1,1
3375,579,21,1,1
3375,579,22,1,1
3375,579,23,1,1
3375,579,24,1,1
3375,579,25,1,1
3375,579,26,1,1
3375,579,27,1,1
3375,579,28,1,1
3375,579,29,1,1
3375,579,30,1,1
3375,579,31,1,1
3375,579,32,1,1
3375,579,33,1,1
3375,579,34,1,1
3375,579,35,1,1
3375,579,36,1,1
3375,579,37,1,1
3375,579,38,1,1
3375,579,39,1,1
3375,579,40,1,1
3375,579,41,1,1
3375,579,42,1,1
3375,579,43,1,1
3375,579,44,1,1
3375,579,45,1,1
3375,579,46,1,1
3375,579,47,1,1
3375,579,48,1,1
3375,579,49,1,1
3375,579,50,1,1
3375,579,51,1,1
3375,579,52,1,1
3375,579,53,1,1
3375,579,54,1,1
3375,579,55,1,1
3375,579,56,1,1
3375,579,57,1,1
3375,579,58,1,1
3375,579,59,1,1
3375,579,60,1,1
3375,579,61,1,1
3375,579,62,1,1
3375,579,63,1,1
3375,579,64,1,1
3375,579,65,1,1
3375,579,66,1,1
3375,579,67,1,1
3375,579,68,1,1
3375,579,69,1,1
3375,579,70,1,1
3375,579,71,1,1
3375,579,72,1,1
3375,579,73,1,1
3375,579,74,1,1
3375,579,75,1,1
3375,579,1,2,1
3375,579,2,2,1
3375,579,3,2,1
3375,579,4,2,1
3375,579,5,2,1
3375,579,6,2,1
3375,579,7,2,1
3375,579,8,2,1
3375,579,9,2,1
3375,579,10,2,1
3375,579,11,2,1
3375,579,12,2,1
3375,579,13,2,1
3375,579,14,2,1
3375,579,15,2,1
3375,579,16,2,1
3375,579,17,2,1
3375,579,18,2,1
3375,579,19,2,1
3375,579,20,2,1
3375,579,21,2,1
3375,579,22,2,1
3375,579,23,2,1
3375,579,24,2,1
3375,579,25,2,1
3375,579,26,2,1
3375,579,27,2,1
3375,579,28,2,1
3375,579,29,2,1
3375,579,30,2,1
3375,579,31,2,1
3375,579,32,2,1
3375,579,33,2,1
3375,579,34,2,1
3375,579,35,2,1
3375,579,36,2,1
3375,579,37,2,1
3375,579,38,2,1
3375,579,39,2,1
3375,579,40,2,1
3375,579,41,2,1
3375,579,42,2,1
3375,579,43,2,1
3375,579,44,2,1
3375,579,45,2,1
3375,579,46,2,1
3375,579,47,2,1
3375,579,48,2,1
3375,579,49,2,1
3375,579,50,2,1
3375,579,51,2,1
3375,579,52,2,1
3375,579,53,2,1
3375,579,54,2,1
3375,579,55,2,1
3375,579,56,2,1
3375,579,57,2,1
3375,579,58,2,1
3375,579,59,2,1
3375,579,60,2,1
3375,579,61,2,1
3375,579,62,2,1
3375,579,63,2,1
3375,579,64,2,1
3375,579,65,2,1
3375,579,66,2,1
3375,579,67,2,1
3375,579,68,2,1
3375,579,69,2,1
3375,579,70,2,1
3375,579,71,2,1
3375,579,72,2,1
3375,579,73,2,1
3375,579,74,2,1
3375,579,75,2,1
3376,578,1,1,1
3376,578,2,1,1
3376,578,3,1,1
3376,578,4,1,1
3376,578,5,1,1
3376,578,6,1,1
3376,578,7,1,1
3376,578,8,1,1
3376,578,9,1,1
3376,578,10,1,1
3376,578,11,1,1
3376,578,12,1,1
3376,578,13,1,1
3376,578,14,1,1
3376,578,15,1,1
3376,578,16,1,1
3376,578,17,1,1
3376,578,18,1,1
3376,578,19,1,1
3376,578,20,1,1
3376,578,21,1,1
3376,578,22,1,1
3376,578,23,1,1
3376,578,24,1,1
3376,578,25,1,1
3376,578,26,1,1
3376,578,27,1,1
3376,578,28,1,1
3376,578,29,1,1
3376,578,30,1,1
3376,578,31,1,1
3376,578,32,1,1
3376,578,33,1,1
3376,578,34,1,1
3376,578,35,1,1
3376,578,36,1,1
3376,578,37,1,1
3376,578,38,1,1
3376,578,39,1,1
3376,578,40,1,1
3376,578,41,1,1
3376,578,42,1,1
3376,578,43,1,1
3376,578,44,1,1
3376,578,45,1,1
3376,578,46,1,1
3376,578,47,1,1
3376,578,48,1,1
3376,578,49,1,1
3376,578,50,1,1
3376,578,51,1,1
3376,578,52,1,1
3376,578,53,1,1
3376,578,54,1,1
3376,578,55,1,1
3376,578,56,1,1
3376,578,57,1,1
3376,578,58,1,1
3376,578,59,1,1
3376,578,60,1,1
3376,578,61,1,1
3376,578,62,1,1
3376,578,63,1,1
3376,578,64,1,1
3376,578,65,1,1
3376,578,66,1,1
3376,578,67,1,1
3376,578,68,1,1
3376,578,69,1,1
3376,578,70,1,1
3376,578,71,1,1
3376,578,72,1,1
3376,578,73,1,1
3376,578,74,1,1
3376,578,75,1,1
3376,578,1,2,1
3376,578,2,2,1
3376,578,3,2,1
3376,578,4,2,1
3376,578,5,2,1
3376,578,6,2,1
3376,578,7,2,1
3376,578,8,2,1
3376,578,9,2,1
3376,578,10,2,1
3376,578,11,2,1
3376,578,12,2,1
3376,578,13,2,1
3376,578,14,2,1
3376,578,15,2,1
3376,578,16,2,1
3376,578,17,2,1
3376,578,18,2,1
3376,578,19,2,1
3376,578,20,2,1
3376,578,21,2,1
3376,578,22,2,1
3376,578,23,2,1
3376,578,24,2,1
3376,578,25,2,1
3376,578,26,2,1
3376,578,27,2,1
3376,578,28,2,1
3376,578,29,2,1
3376,578,30,2,1
3376,578,31,2,1
3376,578,32,2,1
3376,578,33,2,1
3376,578,34,2,1
3376,578,35,2,1
3376,578,36,2,1
3376,578,37,2,1
3376,578,38,2,1
3376,578,39,2,1
3376,578,40,2,1
3376,578,41,2,1
3376,578,42,2,1
3376,578,43,2,1
3376,578,44,2,1
3376,578,45,2,1
3376,578,46,2,1
3376,578,47,2,1
3376,578,48,2,1
3376,578,49,2,1
3376,578,50,2,1
3376,578,51,2,1
3376,578,52,2,1
3376,578,53,2,1
3376,578,54,2,1
3376,578,55,2,1
3376,578,56,2,1
3376,578,57,2,1
3376,578,58,2,1
3376,578,59,2,1
3376,578,60,2,1
3376,578,61,2,1
3376,578,62,2,1
3376,578,63,2,1
3376,578,64,2,1
3376,578,65,2,1
3376,578,66,2,1
3376,578,67,2,1
3376,578,68,2,1
3376,578,69,2,1
3376,578,70,2,1
3376,578,71,2,1
3376,578,72,2,1
3376,578,73,2,1
3376,578,74,2,1
3376,578,75,2,1
3377,577,1,1,1
3377,577,2,1,1
3377,577,3,1,1
3377,577,4,1,1
3377,577,5,1,1
3377,577,6,1,1
3377,577,7,1,1
3377,577,8,1,1
3377,577,9,1,1
3377,577,10,1,1
3377,577,11,1,1
3377,577,12,1,1
3377,577,13,1,1
3377,577,14,1,1
3377,577,15,1,1
3377,577,16,1,1
3377,577,17,1,1
3377,577,18,1,1
3377,577,19,1,1
3377,577,20,1,1
3377,577,21,1,1
3377,577,22,1,1
3377,577,23,1,1
3377,577,24,1,1
3377,577,25,1,1
3377,577,26,1,1
3377,577,27,1,1
3377,577,28,1,1
3377,577,29,1,1
3377,577,30,1,1
3377,577,31,1,1
3377,577,32,1,1
3377,577,33,1,1
3377,577,34,1,1
3377,577,35,1,1
3377,577,36,1,1
3377,577,37,1,1
3377,577,38,1,1
3377,577,39,1,1
3377,577,40,1,1
3377,577,41,1,1
3377,577,42,1,1
3377,577,43,1,1
3377,577,44,1,1
3377,577,45,1,1
3377,577,46,1,1
3377,577,47,1,1
3377,577,48,1,1
3377,577,49,1,1
3377,577,50,1,1
3377,577,51,1,1
3377,577,52,1,1
3377,577,53,1,1
3377,577,54,1,1
3377,577,55,1,1
3377,577,56,1,1
3377,577,57,1,1
3377,577,58,1,1
3377,577,59,1,1
3377,577,60,1,1
3377,577,61,1,1
3377,577,62,1,1
3377,577,63,1,1
3377,577,64,1,1
3377,577,65,1,1
3377,577,66,1,1
3377,577,67,1,1
3377,577,68,1,1
3377,577,69,1,1
3377,577,70,1,1
3377,577,71,1,1
3377,577,72,1,1
3377,577,73,1,1
3377,577,74,1,1
3377,577,75,1,1
3377,577,1,2,1
3377,577,2,2,1
3377,577,3,2,1
3377,577,4,2,1
3377,577,5,2,1
3377,577,6,2,1
3377,577,7,2,1
3377,577,8,2,1
3377,577,9,2,1
3377,577,10,2,1
3377,577,11,2,1
3377,577,12,2,1
3377,577,13,2,1
3377,577,14,2,1
3377,577,15,2,1
3377,577,16,2,1
3377,577,17,2,1
3377,577,18,2,1
3377,577,19,2,1
3377,577,20,2,1
3377,577,21,2,1
3377,577,22,2,1
3377,577,23,2,1
3377,577,24,2,1
3377,577,25,2,1
3377,577,26,2,1
3377,577,27,2,1
3377,577,28,2,1
3377,577,29,2,1
3377,577,30,2,1
3377,577,31,2,1
3377,577,32,2,1
3377,577,33,2,1
3377,577,34,2,1
3377,577,35,2,1
3377,577,36,2,1
3377,577,37,2,1
3377,577,38,2,1
3377,577,39,2,1
3377,577,40,2,1
3377,577,41,2,1
3377,577,42,2,1
3377,577,43,2,1
3377,577,44,2,1
3377,577,45,2,1
3377,577,46,2,1
3377,577,47,2,1
3377,577,48,2,1
3377,577,49,2,1
3377,577,50,2,1
3377,577,51,2,1
3377,577,52,2,1
3377,577,53,2,1
3377,577,54,2,1
3377,577,55,2,1
3377,577,56,2,1
3377,577,57,2,1
3377,577,58,2,1
3377,577,59,2,1
3377,577,60,2,1
3377,577,61,2,1
3377,577,62,2,1
3377,577,63,2,1
3377,577,64,2,1
3377,577,65,2,1
3377,577,66,2,1
3377,577,67,2,1
3377,577,68,2,1
3377,577,69,2,1
3377,577,70,2,1
3377,577,71,2,1
3377,577,72,2,1
3377,577,73,2,1
3377,577,74,2,1
3377,577,75,2,1
3378,576,1,1,1
3378,576,2,1,1
3378,576,3,1,1
3378,576,4,1,1
3378,576,5,1,1
3378,576,6,1,1
3378,576,7,1,1
3378,576,8,1,1
3378,576,9,1,1
3378,576,10,1,1
3378,576,11,1,1
3378,576,12,1,1
3378,576,13,1,1
3378,576,14,1,1
3378,576,15,1,1
3378,576,16,1,1
3378,576,17,1,1
3378,576,18,1,1
3378,576,19,1,1
3378,576,20,1,1
3378,576,21,1,1
3378,576,22,1,1
3378,576,23,1,1
3378,576,24,1,1
3378,576,25,1,1
3378,576,26,1,1
3378,576,27,1,1
3378,576,28,1,1
3378,576,29,1,1
3378,576,30,1,1
3378,576,31,1,1
3378,576,32,1,1
3378,576,33,1,1
3378,576,34,1,1
3378,576,35,1,1
3378,576,36,1,1
3378,576,37,1,1
3378,576,38,1,1
3378,576,39,1,1
3378,576,40,1,1
3378,576,41,1,1
3378,576,42,1,1
3378,576,43,1,1
3378,576,44,1,1
3378,576,45,1,1
3378,576,46,1,1
3378,576,47,1,1
3378,576,48,1,1
3378,576,49,1,1
3378,576,50,1,1
3378,576,51,1,1
3378,576,52,1,1
3378,576,53,1,1
3378,576,54,1,1
3378,576,55,1,1
3378,576,56,1,1
3378,576,57,1,1
3378,576,58,1,1
3378,576,59,1,1
3378,576,60,1,1
3378,576,61,1,1
3378,576,62,1,1
3378,576,63,1,1
3378,576,64,1,1
3378,576,65,1,1
3378,576,66,1,1
3378,576,67,1,1
3378,576,68,1,1
3378,576,69,1,1
3378,576,70,1,1
3378,576,71,1,1
3378,576,72,1,1
3378,576,73,1,1
3378,576,74,1,1
3378,576,75,1,1
3378,576,1,2,1
3378,576,2,2,1
3378,576,3,2,1
3378,576,4,2,1
3378,576,5,2,1
3378,576,6,2,1
3378,576,7,2,1
3378,576,8,2,1
3378,576,9,2,1
3378,576,10,2,1
3378,576,11,2,1
3378,576,12,2,1
3378,576,13,2,1
3378,576,14,2,1
3378,576,15,2,1
3378,576,16,2,1
3378,576,17,2,1
3378,576,18,2,1
3378,576,19,2,1
3378,576,20,2,1
3378,576,21,2,1
3378,576,22,2,1
3378,576,23,2,1
3378,576,24,2,1
3378,576,25,2,1
3378,576,26,2,1
3378,576,27,2,1
3378,576,28,2,1
3378,576,29,2,1
3378,576,30,2,1
3378,576,31,2,1
3378,576,32,2,1
3378,576,33,2,1
3378,576,34,2,1
3378,576,35,2,1
3378,576,36,2,1
3378,576,37,2,1
3378,576,38,2,1
3378,576,39,2,1
3378,576,40,2,1
3378,576,41,2,1
3378,576,42,2,1
3378,576,43,2,1
3378,576,44,2,1
3378,576,45,2,1
3378,576,46,2,1
3378,576,47,2,1
3378,576,48,2,1
3378,576,49,2,1
3378,576,50,2,1
3378,576,51,2,1
3378,576,52,2,1
3378,576,53,2,1
3378,576,54,2,1
3378,576,55,2,1
3378,576,56,2,1
3378,576,57,2,1
3378,576,58,2,1
3378,576,59,2,1
3378,576,60,2,1
3378,576,61,2,1
3378,576,62,2,1
3378,576,63,2,1
3378,576,64,2,1
3378,576,65,2,1
3378,576,66,2,1
3378,576,67,2,1
3378,576,68,2,1
3378,576,69,2,1
3378,576,70,2,1
3378,576,71,2,1
3378,576,72,2,1
3378,576,73,2,1
3378,576,74,2,1
3378,576,75,2,1
3379,575,1,1,1
3379,575,2,1,1
3379,575,3,1,1
3379,575,4,1,1
3379,575,5,1,1
3379,575,6,1,1
3379,575,7,1,1
3379,575,8,1,1
3379,575,9,1,1
3379,575,10,1,1
3379,575,11,1,1
3379,575,12,1,1
3379,575,13,1,1
3379,575,14,1,1
3379,575,15,1,1
3379,575,16,1,1
3379,575,17,1,1
3379,575,18,1,1
3379,575,19,1,1
3379,575,20,1,1
3379,575,21,1,1
3379,575,22,1,1
3379,575,23,1,1
3379,575,24,1,1
3379,575,25,1,1
3379,575,26,1,1
3379,575,27,1,1
3379,575,28,1,1
3379,575,29,1,1
3379,575,30,1,1
3379,575,31,1,1
3379,575,32,1,1
3379,575,33,1,1
3379,575,34,1,1
3379,575,35,1,1
3379,575,36,1,1
3379,575,37,1,1
3379,575,38,1,1
3379,575,39,1,1
3379,575,40,1,1
3379,575,41,1,1
3379,575,42,1,1
3379,575,43,1,1
3379,575,44,1,1
3379,575,45,1,1
3379,575,46,1,1
3379,575,47,1,1
3379,575,48,1,1
3379,575,49,1,1
3379,575,50,1,1
3379,575,51,1,1
3379,575,52,1,1
3379,575,53,1,1
3379,575,54,1,1
3379,575,55,1,1
3379,575,56,1,1
3379,575,57,1,1
3379,575,58,1,1
3379,575,59,1,1
3379,575,60,1,1
3379,575,61,1,1
3379,575,62,1,1
3379,575,63,1,1
3379,575,64,1,1
3379,575,65,1,1
3379,575,66,1,1
3379,575,67,1,1
3379,575,68,1,1
3379,575,69,1,1
3379,575,70,1,1
3379,575,71,1,1
3379,575,72,1,1
3379,575,73,1,1
3379,575,74,1,1
3379,575,75,1,1
3379,575,1,2,1
3379,575,2,2,1
3379,575,3,2,1
3379,575,4,2,1
3379,575,5,2,1
3379,575,6,2,1
3379,575,7,2,1
3379,575,8,2,1
3379,575,9,2,1
3379,575,10,2,1
3379,575,11,2,1
3379,575,12,2,1
3379,575,13,2,1
3379,575,14,2,1
3379,575,15,2,1
3379,575,16,2,1
3379,575,17,2,1
3379,575,18,2,1
3379,575,19,2,1
3379,575,20,2,1
3379,575,21,2,1
3379,575,22,2,1
3379,575,23,2,1
3379,575,24,2,1
3379,575,25,2,1
3379,575,26,2,1
3379,575,27,2,1
3379,575,28,2,1
3379,575,29,2,1
3379,575,30,2,1
3379,575,31,2,1
3379,575,32,2,1
3379,575,33,2,1
3379,575,34,2,1
3379,575,35,2,1
3379,575,36,2,1
3379,575,37,2,1
3379,575,38,2,1
3379,575,39,2,1
3379,575,40,2,1
3379,575,41,2,1
3379,575,42,2,1
3379,575,43,2,1
3379,575,44,2,1
3379,575,45,2,1
3379,575,46,2,1
3379,575,47,2,1
3379,575,48,2,1
3379,575,49,2,1
3379,575,50,2,1
3379,575,51,2,1
3379,575,52,2,1
3379,575,53,2,1
3379,575,54,2,1
3379,575,55,2,1
3379,575,56,2,1
3379,575,57,2,1
3379,575,58,2,1
3379,575,59,2,1
3379,575,60,2,1
3379,575,61,2,1
3379,575,62,2,1
3379,575,63,2,1
3379,575,64,2,1
3379,575,65,2,1
3379,575,66,2,1
3379,575,67,2,1
3379,575,68,2,1
3379,575,69,2,1
3379,575,70,2,1
3379,575,71,2,1
3379,575,72,2,1
3379,575,73,2,1
3379,575,74,2,1
3379,575,75,2,1
3380,574,1,1,1
3380,574,2,1,1
3380,574,3,1,1
3380,574,4,1,1
3380,574,5,1,1
3380,574,6,1,1
3380,574,7,1,1
3380,574,8,1,1
3380,574,9,1,1
3380,574,10,1,1
3380,574,11,1,1
3380,574,12,1,1
3380,574,13,1,1
3380,574,14,1,1
3380,574,15,1,1
3380,574,16,1,1
3380,574,17,1,1
3380,574,18,1,1
3380,574,19,1,1
3380,574,20,1,1
3380,574,21,1,1
3380,574,22,1,1
3380,574,23,1,1
3380,574,24,1,1
3380,574,25,1,1
3380,574,26,1,1
3380,574,27,1,1
3380,574,28,1,1
3380,574,29,1,1
3380,574,30,1,1
3380,574,31,1,1
3380,574,32,1,1
3380,574,33,1,1
3380,574,34,1,1
3380,574,35,1,1
3380,574,36,1,1
3380,574,37,1,1
3380,574,38,1,1
3380,574,39,1,1
3380,574,40,1,1
3380,574,41,1,1
3380,574,42,1,1
3380,574,43,1,1
3380,574,44,1,1
3380,574,45,1,1
3380,574,46,1,1
3380,574,47,1,1
3380,574,48,1,1
3380,574,49,1,1
3380,574,50,1,1
3380,574,51,1,1
3380,574,52,1,1
3380,574,53,1,1
3380,574,54,1,1
3380,574,55,1,1
3380,574,56,1,1
3380,574,57,1,1
3380,574,58,1,1
3380,574,59,1,1
3380,574,60,1,1
3380,574,61,1,1
3380,574,62,1,1
3380,574,63,1,1
3380,574,64,1,1
3380,574,65,1,1
3380,574,66,1,1
3380,574,67,1,1
3380,574,68,1,1
3380,574,69,1,1
3380,574,70,1,1
3380,574,71,1,1
3380,574,72,1,1
3380,574,73,1,1
3380,574,74,1,1
3380,574,75,1,1
3380,574,1,2,1
3380,574,2,2,1
3380,574,3,2,1
3380,574,4,2,1
3380,574,5,2,1
3380,574,6,2,1
3380,574,7,2,1
3380,574,8,2,1
3380,574,9,2,1
3380,574,10,2,1
3380,574,11,2,1
3380,574,12,2,1
3380,574,13,2,1
3380,574,14,2,1
3380,574,15,2,1
3380,574,16,2,1
3380,574,17,2,1
3380,574,18,2,1
3380,574,19,2,1
3380,574,20,2,1
3380,574,21,2,1
3380,574,22,2,1
3380,574,23,2,1
3380,574,24,2,1
3380,574,25,2,1
3380,574,26,2,1
3380,574,27,2,1
3380,574,28,2,1
3380,574,29,2,1
3380,574,30,2,1
3380,574,31,2,1
3380,574,32,2,1
3380,574,33,2,1
3380,574,34,2,1
3380,574,35,2,1
3380,574,36,2,1
3380,574,37,2,1
3380,574,38,2,1
3380,574,39,2,1
3380,574,40,2,1
3380,574,41,2,1
3380,574,42,2,1
3380,574,43,2,1
3380,574,44,2,1
3380,574,45,2,1
3380,574,46,2,1
3380,574,47,2,1
3380,574,48,2,1
3380,574,49,2,1
3380,574,50,2,1
3380,574,51,2,1
3380,574,52,2,1
3380,574,53,2,1
3380,574,54,2,1
3380,574,55,2,1
3380,574,56,2,1
3380,574,57,2,1
3380,574,58,2,1
3380,574,59,2,1
3380,574,60,2,1
3380,574,61,2,1
3380,574,62,2,1
3380,574,63,2,1
3380,574,64,2,1
3380,574,65,2,1
3380,574,66,2,1
3380,574,67,2,1
3380,574,68,2,1
3380,574,69,2,1
3380,574,70,2,1
3380,574,71,2,1
3380,574,72,2,1
3380,574,73,2,1
3380,574,74,2,1
3380,574,75,2,1
3381,573,1,1,1
3381,573,2,1,1
3381,573,3,1,1
3381,573,4,1,1
3381,573,5,1,1
3381,573,6,1,1
3381,573,7,1,1
3381,573,8,1,1
3381,573,9,1,1
3381,573,10,1,1
3381,573,11,1,1
3381,573,12,1,1
3381,573,13,1,1
3381,573,14,1,1
3381,573,15,1,1
3381,573,16,1,1
3381,573,17,1,1
3381,573,18,1,1
3381,573,19,1,1
3381,573,20,1,1
3381,573,21,1,1
3381,573,22,1,1
3381,573,23,1,1
3381,573,24,1,1
3381,573,25,1,1
3381,573,26,1,1
3381,573,27,1,1
3381,573,28,1,1
3381,573,29,1,1
3381,573,30,1,1
3381,573,31,1,1
3381,573,32,1,1
3381,573,33,1,1
3381,573,34,1,1
3381,573,35,1,1
3381,573,36,1,1
3381,573,37,1,1
3381,573,38,1,1
3381,573,39,1,1
3381,573,40,1,1
3381,573,41,1,1
3381,573,42,1,1
3381,573,43,1,1
3381,573,44,1,1
3381,573,45,1,1
3381,573,46,1,1
3381,573,47,1,1
3381,573,48,1,1
3381,573,49,1,1
3381,573,50,1,1
3381,573,51,1,1
3381,573,52,1,1
3381,573,53,1,1
3381,573,54,1,1
3381,573,55,1,1
3381,573,56,1,1
3381,573,57,1,1
3381,573,58,1,1
3381,573,59,1,1
3381,573,60,1,1
3381,573,61,1,1
3381,573,62,1,1
3381,573,63,1,1
3381,573,64,1,1
3381,573,65,1,1
3381,573,66,1,1
3381,573,67,1,1
3381,573,68,1,1
3381,573,69,1,1
3381,573,70,1,1
3381,573,71,1,1
3381,573,72,1,1
3381,573,73,1,1
3381,573,74,1,1
3381,573,75,1,1
3381,573,1,2,1
3381,573,2,2,1
3381,573,3,2,1
3381,573,4,2,1
3381,573,5,2,1
3381,573,6,2,1
3381,573,7,2,1
3381,573,8,2,1
3381,573,9,2,1
3381,573,10,2,1
3381,573,11,2,1
3381,573,12,2,1
3381,573,13,2,1
3381,573,14,2,1
3381,573,15,2,1
3381,573,16,2,1
3381,573,17,2,1
3381,573,18,2,1
3381,573,19,2,1
3381,573,20,2,1
3381,573,21,2,1
3381,573,22,2,1
3381,573,23,2,1
3381,573,24,2,1
3381,573,25,2,1
3381,573,26,2,1
3381,573,27,2,1
3381,573,28,2,1
3381,573,29,2,1
3381,573,30,2,1
3381,573,31,2,1
3381,573,32,2,1
3381,573,33,2,1
3381,573,34,2,1
3381,573,35,2,1
3381,573,36,2,1
3381,573,37,2,1
3381,573,38,2,1
3381,573,39,2,1
3381,573,40,2,1
3381,573,41,2,1
3381,573,42,2,1
3381,573,43,2,1
3381,573,44,2,1
3381,573,45,2,1
3381,573,46,2,1
3381,573,47,2,1
3381,573,48,2,1
3381,573,49,2,1
3381,573,50,2,1
3381,573,51,2,1
3381,573,52,2,1
3381,573,53,2,1
3381,573,54,2,1
3381,573,55,2,1
3381,573,56,2,1
3381,573,57,2,1
3381,573,58,2,1
3381,573,59,2,1
3381,573,60,2,1
3381,573,61,2,1
3381,573,62,2,1
3381,573,63,2,1
3381,573,64,2,1
3381,573,65,2,1
3381,573,66,2,1
3381,573,67,2,1
3381,573,68,2,1
3381,573,69,2,1
3381,573,70,2,1
3381,573,71,2,1
3381,573,72,2,1
3381,573,73,2,1
3381,573,74,2,1
3381,573,75,2,1
3382,572,1,1,1
3382,572,2,1,1
3382,572,3,1,1
3382,572,4,1,1
3382,572,5,1,1
3382,572,6,1,1
3382,572,7,1,1
3382,572,8,1,1
3382,572,9,1,1
3382,572,10,1,1
3382,572,11,1,1
3382,572,12,1,1
3382,572,13,1,1
3382,572,14,1,1
3382,572,15,1,1
3382,572,16,1,1
3382,572,17,1,1
3382,572,18,1,1
3382,572,19,1,1
3382,572,20,1,1
3382,572,21,1,1
3382,572,22,1,1
3382,572,23,1,1
3382,572,24,1,1
3382,572,25,1,1
3382,572,26,1,1
3382,572,27,1,1
3382,572,28,1,1
3382,572,29,1,1
3382,572,30,1,1
3382,572,31,1,1
3382,572,32,1,1
3382,572,33,1,1
3382,572,34,1,1
3382,572,35,1,1
3382,572,36,1,1
3382,572,37,1,1
3382,572,38,1,1
3382,572,39,1,1
3382,572,40,1,1
3382,572,41,1,1
3382,572,42,1,1
3382,572,43,1,1
3382,572,44,1,1
3382,572,45,1,1
3382,572,46,1,1
3382,572,47,1,1
3382,572,48,1,1
3382,572,49,1,1
3382,572,50,1,1
3382,572,51,1,1
3382,572,52,1,1
3382,572,53,1,1
3382,572,54,1,1
3382,572,55,1,1
3382,572,56,1,1
3382,572,57,1,1
3382,572,58,1,1
3382,572,59,1,1
3382,572,60,1,1
3382,572,61,1,1
3382,572,62,1,1
3382,572,63,1,1
3382,572,64,1,1
3382,572,65,1,1
3382,572,66,1,1
3382,572,67,1,1
3382,572,68,1,1
3382,572,69,1,1
3382,572,70,1,1
3382,572,71,1,1
3382,572,72,1,1
3382,572,73,1,1
3382,572,74,1,1
3382,572,75,1,1
3382,572,1,2,1
3382,572,2,2,1
3382,572,3,2,1
3382,572,4,2,1
3382,572,5,2,1
3382,572,6,2,1
3382,572,7,2,1
3382,572,8,2,1
3382,572,9,2,1
3382,572,10,2,1
3382,572,11,2,1
3382,572,12,2,1
3382,572,13,2,1
3382,572,14,2,1
3382,572,15,2,1
3382,572,16,2,1
3382,572,17,2,1
3382,572,18,2,1
3382,572,19,2,1
3382,572,20,2,1
3382,572,21,2,1
3382,572,22,2,1
3382,572,23,2,1
3382,572,24,2,1
3382,572,25,2,1
3382,572,26,2,1
3382,572,27,2,1
3382,572,28,2,1
3382,572,29,2,1
3382,572,30,2,1
3382,572,31,2,1
3382,572,32,2,1
3382,572,33,2,1
3382,572,34,2,1
3382,572,35,2,1
3382,572,36,2,1
3382,572,37,2,1
3382,572,38,2,1
3382,572,39,2,1
3382,572,40,2,1
3382,572,41,2,1
3382,572,42,2,1
3382,572,43,2,1
3382,572,44,2,1
3382,572,45,2,1
3382,572,46,2,1
3382,572,47,2,1
3382,572,48,2,1
3382,572,49,2,1
3382,572,50,2,1
3382,572,51,2,1
3382,572,52,2,1
3382,572,53,2,1
3382,572,54,2,1
3382,572,55,2,1
3382,572,56,2,1
3382,572,57,2,1
3382,572,58,2,1
3382,572,59,2,1
3382,572,60,2,1
3382,572,61,2,1
3382,572,62,2,1
3382,572,63,2,1
3382,572,64,2,1
3382,572,65,2,1
3382,572,66,2,1
3382,572,67,2,1
3382,572,68,2,1
3382,572,69,2,1
3382,572,70,2,1
3382,572,71,2,1
3382,572,72,2,1
3382,572,73,2,1
3382,572,74,2,1
3382,572,75,2,1
3382,571,1,1,1
3382,571,2,1,1
3382,571,3,1,1
3382,571,4,1,1
3382,571,5,1,1
3382,571,6,1,1
3382,571,7,1,1
3382,571,8,1,1
3382,571,9,1,1
3382,571,10,1,1
3382,571,11,1,1
3382,571,12,1,1
3382,571,13,1,1
3382,571,14,1,1
3382,571,15,1,1
3382,571,16,1,1
3382,571,17,1,1
3382,571,18,1,1
3382,571,19,1,1
3382,571,20,1,1
3382,571,21,1,1
3382,571,22,1,1
3382,571,23,1,1
3382,571,24,1,1
3382,571,25,1,1
3382,571,26,1,1
3382,571,27,1,1
3382,571,28,1,1
3382,571,29,1,1
3382,571,30,1,1
3382,571,31,1,1
3382,571,32,1,1
3382,571,33,1,1
3382,571,34,1,1
3382,571,35,1,1
3382,571,36,1,1
3382,571,37,1,1
3382,571,38,1,1
3382,571,39,1,1
3382,571,40,1,1
3382,571,41,1,1
3382,571,42,1,1
3382,571,43,1,1
3382,571,44,1,1
3382,571,45,1,1
3382,571,46,1,1
3382,571,47,1,1
3382,571,48,1,1
3382,571,49,1,1
3382,571,50,1,1
3382,571,51,1,1
3382,571,52,1,1
3382,571,53,1,1
3382,571,54,1,1
3382,571,55,1,1
3382,571,56,1,1
3382,571,57,1,1
3382,571,58,1,1
3382,571,59,1,1
3382,571,60,1,1
3382,571,61,1,1
3382,571,62,1,1
3382,571,63,1,1
3382,571,64,1,1
3382,571,65,1,1
3382,571,66,1,1
3382,571,67,1,1
3382,571,68,1,1
3382,571,69,1,1
3382,571,70,1,1
3382,571,71,1,1
3382,571,72,1,1
3382,571,73,1,1
3382,571,74,1,1
3382,571,75,1,1
3383,571,1,2,1
3383,571,2,2,1
3383,571,3,2,1
3383,571,4,2,1
3383,571,5,2,1
3383,571,6,2,1
3383,571,7,2,1
3383,571,8,2,1
3383,571,9,2,1
3383,571,10,2,1
3383,571,11,2,1
3383,571,12,2,1
3383,571,13,2,1
3383,571,14,2,1
3383,571,15,2,1
3383,571,16,2,1
3383,571,17,2,1
3383,571,18,2,1
3383,571,19,2,1
3383,571,20,2,1
3383,571,21,2,1
3383,571,22,2,1
3383,571,23,2,1
3383,571,24,2,1
3383,571,25,2,1
3383,571,26,2,1
3383,571,27,2,1
3383,571,28,2,1
3383,571,29,2,1
3383,571,30,2,1
3383,571,31,2,1
3383,571,32,2,1
3383,571,33,2,1
3383,571,34,2,1
3383,571,35,2,1
3383,571,36,2,1
3383,571,37,2,1
3383,571,38,2,1
3383,571,39,2,1
3383,571,40,2,1
3383,571,41,2,1
3383,571,42,2,1
3383,571,43,2,1
3383,571,44,2,1
3383,571,45,2,1
3383,571,46,2,1
3383,571,47,2,1
3383,571,48,2,1
3383,571,49,2,1
3383,571,50,2,1
3383,571,51,2,1
3383,571,52,2,1
3383,571,53,2,1
3383,571,54,2,1
3383,571,55,2,1
3383,571,56,2,1
3383,571,57,2,1
3383,571,58,2,1
3383,571,59,2,1
3383,571,60,2,1
3383,571,61,2,1
3383,571,62,2,1
3383,571,63,2,1
3383,571,64,2,1
3383,571,65,2,1
3383,571,66,2,1
3383,571,67,2,1
3383,571,68,2,1
3383,571,69,2,1
3383,571,70,2,1
3383,571,71,2,1
3383,571,72,2,1
3383,571,73,2,1
3383,571,74,2,1
3383,571,75,2,1
3383,570,1,1,1
3383,570,2,1,1
3383,570,3,1,1
3383,570,4,1,1
3383,570,5,1,1
3383,570,6,1,1
3383,570,7,1,1
3383,570,8,1,1
3383,570,9,1,1
3383,570,10,1,1
3383,570,11,1,1
3383,570,12,1,1
3383,570,13,1,1
3383,570,14,1,1
3383,570,15,1,1
3383,570,16,1,1
3383,570,17,1,1
3383,570,18,1,1
3383,570,19,1,1
3383,570,20,1,1
3383,570,21,1,1
3383,570,22,1,1
3383,570,23,1,1
3383,570,24,1,1
3383,570,25,1,1
3383,570,26,1,1
3383,570,27,1,1
3383,570,28,1,1
3383,570,29,1,1
3383,570,30,1,1
3383,570,31,1,1
3383,570,32,1,1
3383,570,33,1,1
3383,570,34,1,1
3383,570,35,1,1
3383,570,36,1,1
3383,570,37,1,1
3383,570,38,1,1
3383,570,39,1,1
3383,570,40,1,1
3383,570,41,1,1
3383,570,42,1,1
3383,570,43,1,1
3383,570,44,1,1
3383,570,45,1,1
3383,570,46,1,1
3383,570,47,1,1
3383,570,48,1,1
3383,570,49,1,1
3383,570,50,1,1
3383,570,51,1,1
3383,570,52,1,1
3383,570,53,1,1
3383,570,54,1,1
3383,570,55,1,1
3383,570,56,1,1
3383,570,57,1,1
3383,570,58,1,1
3383,570,59,1,1
3383,570,60,1,1
3383,570,61,1,1
3383,570,62,1,1
3383,570,63,1,1
3383,570,64,1,1
3383,570,65,1,1
3383,570,66,1,1
3383,570,67,1,1
3383,570,68,1,1
3383,570,69,1,1
3383,570,70,1,1
3383,570,71,1,1
3383,570,72,1,1
3383,570,73,1,1
3383,570,74,1,1
3383,570,75,1,1
3384,570,1,2,1
3384,570,2,2,1
3384,570,3,2,1
3384,570,4,2,1
3384,570,5,2,1
3384,570,6,2,1
3384,570,7,2,1
3384,570,8,2,1
3384,570,9,2,1
3384,570,10,2,1
3384,570,11,2,1
3384,570,12,2,1
3384,570,13,2,1
3384,570,14,2,1
3384,570,15,2,1
3384,570,16,2,1
3384,570,17,2,1
3384,570,18,2,1
3384,570,19,2,1
3384,570,20,2,1
3384,570,21,2,1
3384,570,22,2,1
3384,570,23,2,1
3384,570,24,2,1
3384,570,25,2,1
3384,570,26,2,1
3384,570,27,2,1
3384,570,28,2,1
3384,570,29,2,1
3384,570,30,2,1
3384,570,31,2,1
3384,570,32,2,1
3384,570,33,2,1
3384,570,34,2,1
3384,570,35,2,1
3384,570,36,2,1
3384,570,37,2,1
3384,570,38,2,1
3384,570,39,2,1
3384,570,40,2,1
3384,570,41,2,1
3384,570,42,2,1
3384,570,43,2,1
3384,570,44,2,1
3384,570,45,2,1
3384,570,46,2,1
3384,570,47,2,1
3384,570,48,2,1
3384,570,49,2,1
3384,570,50,2,1
3384,570,51,2,1
3384,570,52,2,1
3384,570,53,2,1
3384,570,54,2,1
3384,570,55,2,1
3384,570,56,2,1
3384,570,57,2,1
3384,570,58,2,1
3384,570,59,2,1
3384,570,60,2,1
3384,570,61,2,1
3384,570,62,2,1
3384,570,63,2,1
3384,570,64,2,1
3384,570,65,2,1
3384,570,66,2,1
3384,570,67,2,1
3384,570,68,2,1
3384,570,69,2,1
3384,570,70,2,1
3384,570,71,2,1
3384,570,72,2,1
3384,570,73,2,1
3384,570,74,2,1
3384,570,75,2,1
3384,569,1,1,1
3384,569,2,1,1
3384,569,3,1,1
3384,569,4,1,1
3384,569,5,1,1
3384,569,6,1,1
3384,569,7,1,1
3384,569,8,1,1
3384,569,9,1,1
3384,569,10,1,1
3384,569,11,1,1
3384,569,12,1,1
3384,569,13,1,1
3384,569,14,1,1
3384,569,15,1,1
3384,569,16,1,1
3384,569,17,1,1
3384,569,18,1,1
3384,569,19,1,1
3384,569,20,1,1
3384,569,21,1,1
3384,569,22,1,1
3384,569,23,1,1
3384,569,24,1,1
3384,569,25,1,1
3384,569,26,1,1
3384,569,27,1,1
3384,569,28,1,1
3384,569,29,1,1
3384,569,30,1,1
3384,569,31,1,1
3384,569,32,1,1
3384,569,33,1,1
3384,569,34,1,1
3384,569,35,1,1
3384,569,36,1,1
3384,569,37,1,1
3384,569,38,1,1
3384,569,39,1,1
3384,569,40,1,1
3384,569,41,1,1
3384,569,42,1,1
3384,569,43,1,1
3384,569,44,1,1
3384,569,45,1,1
3384,569,46,1,1
3384,569,47,1,1
3384,569,48,1,1
3384,569,49,1,1
3384,569,50,1,1
3384,569,51,1,1
3384,569,52,1,1
3384,569,53,1,1
3384,569,54,1,1
3384,569,55,1,1
3384,569,56,1,1
3384,569,57,1,1
3384,569,58,1,1
3384,569,59,1,1
3384,569,60,1,1
3384,569,61,1,1
3384,569,62,1,1
3384,569,63,1,1
3384,569,64,1,1
3384,569,65,1,1
3384,569,66,1,1
3384,569,67,1,1
3384,569,68,1,1
3384,569,69,1,1
3384,569,70,1,1
3384,569,71,1,1
3384,569,72,1,1
3384,569,73,1,1
3384,569,74,1,1
3384,569,75,1,1
3385,568,1,1,1
3385,568,2,1,1
3385,568,3,1,1
3385,568,4,1,1
3385,568,5,1,1
3385,568,6,1,1
3385,568,7,1,1
3385,568,8,1,1
3385,568,9,1,1
3385,568,10,1,1
3385,568,11,1,1
3385,568,12,1,1
3385,568,13,1,1
3385,568,14,1,1
3385,568,15,1,1
3385,568,16,1,1
3385,568,17,1,1
3385,568,18,1,1
3385,568,19,1,1
3385,568,20,1,1
3385,568,21,1,1
3385,568,22,1,1
3385,568,23,1,1
3385,568,24,1,1
3385,568,25,1,1
3385,568,26,1,1
3385,568,27,1,1
3385,568,28,1,1
3385,568,29,1,1
3385,568,30,1,1
3385,568,31,1,1
3385,568,32,1,1
3385,568,33,1,1
3385,568,34,1,1
3385,568,35,1,1
3385,568,36,1,1
3385,568,37,1,1
3385,568,38,1,1
3385,568,39,1,1
3385,568,40,1,1
3385,568,41,1,1
3385,568,42,1,1
3385,568,43,1,1
3385,568,44,1,1
3385,568,45,1,1
3385,568,46,1,1
3385,568,47,1,1
3385,568,48,1,1
3385,568,49,1,1
3385,568,50,1,1
3385,568,51,1,1
3385,568,52,1,1
3385,568,53,1,1
3385,568,54,1,1
3385,568,55,1,1
3385,568,56,1,1
3385,568,57,1,1
3385,568,58,1,1
3385,568,59,1,1
3385,568,60,1,1
3385,568,61,1,1
3385,568,62,1,1
3385,568,63,1,1
3385,568,64,1,1
3385,568,65,1,1
3385,568,66,1,1
3385,568,67,1,1
3385,568,68,1,1
3385,568,69,1,1
3385,568,70,1,1
3385,568,71,1,1
3385,568,72,1,1
3385,568,73,1,1
3385,568,74,1,1
3385,568,75,1,1
3385,568,1,2,1
3385,568,2,2,1
3385,568,3,2,1
3385,568,4,2,1
3385,568,5,2,1
3385,568,6,2,1
3385,568,7,2,1
3385,568,8,2,1
3385,568,9,2,1
3385,568,10,2,1
3385,568,11,2,1
3385,568,12,2,1
3385,568,13,2,1
3385,568,14,2,1
3385,568,15,2,1
3385,568,16,2,1
3385,568,17,2,1
3385,568,18,2,1
3385,568,19,2,1
3385,568,20,2,1
3385,568,21,2,1
3385,568,22,2,1
3385,568,23,2,1
3385,568,24,2,1
3385,568,25,2,1
3385,568,26,2,1
3385,568,27,2,1
3385,568,28,2,1
3385,568,29,2,1
3385,568,30,2,1
3385,568,31,2,1
3385,568,32,2,1
3385,568,33,2,1
3385,568,34,2,1
3385,568,35,2,1
3385,568,36,2,1
3385,568,37,2,1
3385,568,38,2,1
3385,568,39,2,1
3385,568,40,2,1
3385,568,41,2,1
3385,568,42,2,1
3385,568,43,2,1
3385,568,44,2,1
3385,568,45,2,1
3385,568,46,2,1
3385,568,47,2,1
3385,568,48,2,1
3385,568,49,2,1
3385,568,50,2,1
3385,568,51,2,1
3385,568,52,2,1
3385,568,53,2,1
3385,568,54,2,1
3385,568,55,2,1
3385,568,56,2,1
3385,568,57,2,1
3385,568,58,2,1
3385,568,59,2,1
3385,568,60,2,1
3385,568,61,2,1
3385,568,62,2,1
3385,568,63,2,1
3385,568,64,2,1
3385,568,65,2,1
3385,568,66,2,1
3385,568,67,2,1
3385,568,68,2,1
3385,568,69,2,1
3385,568,70,2,1
3385,568,71,2,1
3385,568,72,2,1
3385,568,73,2,1
3385,568,74,2,1
3385,568,75,2,1
3386,567,1,1,1
3386,567,2,1,1
3386,567,3,1,1
3386,567,4,1,1
3386,567,5,1,1
3386,567,6,1,1
3386,567,7,1,1
3386,567,8,1,1
3386,567,9,1,1
3386,567,10,1,1
3386,567,11,1,1
3386,567,12,1,1
3386,567,13,1,1
3386,567,14,1,1
3386,567,15,1,1
3386,567,16,1,1
3386,567,17,1,1
3386,567,18,1,1
3386,567,19,1,1
3386,567,20,1,1
3386,567,21,1,1
3386,567,22,1,1
3386,567,23,1,1
3386,567,24,1,1
3386,567,25,1,1
3386,567,26,1,1
3386,567,27,1,1
3386,567,28,1,1
3386,567,29,1,1
3386,567,30,1,1
3386,567,31,1,1
3386,567,32,1,1
3386,567,33,1,1
3386,567,34,1,1
3386,567,35,1,1
3386,567,36,1,1
3386,567,37,1,1
3386,567,38,1,1
3386,567,39,1,1
3386,567,40,1,1
3386,567,41,1,1
3386,567,42,1,1
3386,567,43,1,1
3386,567,44,1,1
3386,567,45,1,1
3386,567,46,1,1
3386,567,47,1,1
3386,567,48,1,1
3386,567,49,1,1
3386,567,50,1,1
3386,567,51,1,1
3386,567,52,1,1
3386,567,53,1,1
3386,567,54,1,1
3386,567,55,1,1
3386,567,56,1,1
3386,567,57,1,1
3386,567,58,1,1
3386,567,59,1,1
3386,567,60,1,1
3386,567,61,1,1
3386,567,62,1,1
3386,567,63,1,1
3386,567,64,1,1
3386,567,65,1,1
3386,567,66,1,1
3386,567,67,1,1
3386,567,68,1,1
3386,567,69,1,1
3386,567,70,1,1
3386,567,71,1,1
3386,567,72,1,1
3386,567,73,1,1
3386,567,74,1,1
3386,567,75,1,1
3386,567,1,2,1
3386,567,2,2,1
3386,567,3,2,1
3386,567,4,2,1
3386,567,5,2,1
3386,567,6,2,1
3386,567,7,2,1
3386,567,8,2,1
3386,567,9,2,1
3386,567,10,2,1
3386,567,11,2,1
3386,567,12,2,1
3386,567,13,2,1
3386,567,14,2,1
3386,567,15,2,1
3386,567,16,2,1
3386,567,17,2,1
3386,567,18,2,1
3386,567,19,2,1
3386,567,20,2,1
3386,567,21,2,1
3386,567,22,2,1
3386,567,23,2,1
3386,567,24,2,1
3386,567,25,2,1
3386,567,26,2,1
3386,567,27,2,1
3386,567,28,2,1
3386,567,29,2,1
3386,567,30,2,1
3386,567,31,2,1
3386,567,32,2,1
3386,567,33,2,1
3386,567,34,2,1
3386,567,35,2,1
3386,567,36,2,1
3386,567,37,2,1
3386,567,38,2,1
3386,567,39,2,1
3386,567,40,2,1
3386,567,41,2,1
3386,567,42,2,1
3386,567,43,2,1
3386,567,44,2,1
3386,567,45,2,1
3386,567,46,2,1
3386,567,47,2,1
3386,567,48,2,1
3386,567,49,2,1
3386,567,50,2,1
3386,567,51,2,1
3386,567,52,2,1
3386,567,53,2,1
3386,567,54,2,1
3386,567,55,2,1
3386,567,56,2,1
3386,567,57,2,1
3386,567,58,2,1
3386,567,59,2,1
3386,567,60,2,1
3386,567,61,2,1
3386,567,62,2,1
3386,567,63,2,1
3386,567,64,2,1
3386,567,65,2,1
3386,567,66,2,1
3386,567,67,2,1
3386,567,68,2,1
3386,567,69,2,1
3386,567,70,2,1
3386,567,71,2,1
3386,567,72,2,1
3386,567,73,2,1
3386,567,74,2,1
3386,567,75,2,1
3387,566,1,1,1
3387,566,2,1,1
3387,566,3,1,1
3387,566,4,1,1
3387,566,5,1,1
3387,566,6,1,1
3387,566,7,1,1
3387,566,8,1,1
3387,566,9,1,1
3387,566,10,1,1
3387,566,11,1,1
3387,566,12,1,1
3387,566,13,1,1
3387,566,14,1,1
3387,566,15,1,1
3387,566,16,1,1
3387,566,17,1,1
3387,566,18,1,1
3387,566,19,1,1
3387,566,20,1,1
3387,566,21,1,1
3387,566,22,1,1
3387,566,23,1,1
3387,566,24,1,1
3387,566,25,1,1
3387,566,26,1,1
3387,566,27,1,1
3387,566,28,1,1
3387,566,29,1,1
3387,566,30,1,1
3387,566,31,1,1
3387,566,32,1,1
3387,566,33,1,1
3387,566,34,1,1
3387,566,35,1,1
3387,566,36,1,1
3387,566,37,1,1
3387,566,38,1,1
3387,566,39,1,1
3387,566,40,1,1
3387,566,41,1,1
3387,566,42,1,1
3387,566,43,1,1
3387,566,44,1,1
3387,566,45,1,1
3387,566,46,1,1
3387,566,47,1,1
3387,566,48,1,1
3387,566,49,1,1
3387,566,50,1,1
3387,566,51,1,1
3387,566,52,1,1
3387,566,53,1,1
3387,566,54,1,1
3387,566,55,1,1
3387,566,56,1,1
3387,566,57,1,1
3387,566,58,1,1
3387,566,59,1,1
3387,566,60,1,1
3387,566,61,1,1
3387,566,62,1,1
3387,566,63,1,1
3387,566,64,1,1
3387,566,65,1,1
3387,566,66,1,1
3387,566,67,1,1
3387,566,68,1,1
3387,566,69,1,1
3387,566,70,1,1
3387,566,71,1,1
3387,566,72,1,1
3387,566,73,1,1
3387,566,74,1,1
3387,566,75,1,1
3387,566,1,2,1
3387,566,2,2,1
3387,566,3,2,1
3387,566,4,2,1
3387,566,5,2,1
3387,566,6,2,1
3387,566,7,2,1
3387,566,8,2,1
3387,566,9,2,1
3387,566,10,2,1
3387,566,11,2,1
3387,566,12,2,1
3387,566,13,2,1
3387,566,14,2,1
3387,566,15,2,1
3387,566,16,2,1
3387,566,17,2,1
3387,566,18,2,1
3387,566,19,2,1
3387,566,20,2,1
3387,566,21,2,1
3387,566,22,2,1
3387,566,23,2,1
3387,566,24,2,1
3387,566,25,2,1
3387,566,26,2,1
3387,566,27,2,1
3387,566,28,2,1
3387,566,29,2,1
3387,566,30,2,1
3387,566,31,2,1
3387,566,32,2,1
3387,566,33,2,1
3387,566,34,2,1
3387,566,35,2,1
3387,566,36,2,1
3387,566,37,2,1
3387,566,38,2,1
3387,566,39,2,1
3387,566,40,2,1
3387,566,41,2,1
3387,566,42,2,1
3387,566,43,2,1
3387,566,44,2,1
3387,566,45,2,1
3387,566,46,2,1
3387,566,47,2,1
3387,566,48,2,1
3387,566,49,2,1
3387,566,50,2,1
3387,566,51,2,1
3387,566,52,2,1
3387,566,53,2,1
3387,566,54,2,1
3387,566,55,2,1
3387,566,56,2,1
3387,566,57,2,1
3387,566,58,2,1
3387,566,59,2,1
3387,566,60,2,1
3387,566,61,2,1
3387,566,62,2,1
3387,566,63,2,1
3387,566,64,2,1
3387,566,65,2,1
3387,566,66,2,1
3387,566,67,2,1
3387,566,68,2,1
3387,566,69,2,1
3387,566,70,2,1
3387,566,71,2,1
3387,566,72,2,1
3387,566,73,2,1
3387,566,74,2,1
3387,566,75,2,1
3388,565,1,1,1
3388,565,2,1,1
3388,565,3,1,1
3388,565,4,1,1
3388,565,5,1,1
3388,565,6,1,1
3388,565,7,1,1
3388,565,8,1,1
3388,565,9,1,1
3388,565,10,1,1
3388,565,11,1,1
3388,565,12,1,1
3388,565,13,1,1
3388,565,14,1,1
3388,565,15,1,1
3388,565,16,1,1
3388,565,17,1,1
3388,565,18,1,1
3388,565,19,1,1
3388,565,20,1,1
3388,565,21,1,1
3388,565,22,1,1
3388,565,23,1,1
3388,565,24,1,1
3388,565,25,1,1
3388,565,26,1,1
3388,565,27,1,1
3388,565,28,1,1
3388,565,29,1,1
3388,565,30,1,1
3388,565,31,1,1
3388,565,32,1,1
3388,565,33,1,1
3388,565,34,1,1
3388,565,35,1,1
3388,565,36,1,1
3388,565,37,1,1
3388,565,38,1,1
3388,565,39,1,1
3388,565,40,1,1
3388,565,41,1,1
3388,565,42,1,1
3388,565,43,1,1
3388,565,44,1,1
3388,565,45,1,1
3388,565,46,1,1
3388,565,47,1,1
3388,565,48,1,1
3388,565,49,1,1
3388,565,50,1,1
3388,565,51,1,1
3388,565,52,1,1
3388,565,53,1,1
3388,565,54,1,1
3388,565,55,1,1
3388,565,56,1,1
3388,565,57,1,1
3388,565,58,1,1
3388,565,59,1,1
3388,565,60,1,1
3388,565,61,1,1
3388,565,62,1,1
3388,565,63,1,1
3388,565,64,1,1
3388,565,65,1,1
3388,565,66,1,1
3388,565,67,1,1
3388,565,68,1,1
3388,565,69,1,1
3388,565,70,1,1
3388,565,71,1,1
3388,565,72,1,1
3388,565,73,1,1
3388,565,74,1,1
3388,565,75,1,1
3388,565,1,2,1
3388,565,2,2,1
3388,565,3,2,1
3388,565,4,2,1
3388,565,5,2,1
3388,565,6,2,1
3388,565,7,2,1
3388,565,8,2,1
3388,565,9,2,1
3388,565,10,2,1
3388,565,11,2,1
3388,565,12,2,1
3388,565,13,2,1
3388,565,14,2,1
3388,565,15,2,1
3388,565,16,2,1
3388,565,17,2,1
3388,565,18,2,1
3388,565,19,2,1
3388,565,20,2,1
3388,565,21,2,1
3388,565,22,2,1
3388,565,23,2,1
3388,565,24,2,1
3388,565,25,2,1
3388,565,26,2,1
3388,565,27,2,1
3388,565,28,2,1
3388,565,29,2,1
3388,565,30,2,1
3388,565,31,2,1
3388,565,32,2,1
3388,565,33,2,1
3388,565,34,2,1
3388,565,35,2,1
3388,565,36,2,1
3388,565,37,2,1
3388,565,38,2,1
3388,565,39,2,1
3388,565,40,2,1
3388,565,41,2,1
3388,565,42,2,1
3388,565,43,2,1
3388,565,44,2,1
3388,565,45,2,1
3388,565,46,2,1
3388,565,47,2,1
3388,565,48,2,1
3388,565,49,2,1
3388,565,50,2,1
3388,565,51,2,1
3388,565,52,2,1
3388,565,53,2,1
3388,565,54,2,1
3388,565,55,2,1
3388,565,56,2,1
3388,565,57,2,1
3388,565,58,2,1
3388,565,59,2,1
3388,565,60,2,1
3388,565,61,2,1
3388,565,62,2,1
3388,565,63,2,1
3388,565,64,2,1
3388,565,65,2,1
3388,565,66,2,1
3388,565,67,2,1
3388,565,68,2,1
3388,565,69,2,1
3388,565,70,2,1
3388,565,71,2,1
3388,565,72,2,1
3388,565,73,2,1
3388,565,74,2,1
3388,565,75,2,1
3389,564,1,1,1
3389,564,2,1,1
3389,564,3,1,1
3389,564,4,1,1
3389,564,5,1,1
3389,564,6,1,1
3389,564,7,1,1
3389,564,8,1,1
3389,564,9,1,1
3389,564,10,1,1
3389,564,11,1,1
3389,564,12,1,1
3389,564,13,1,1
3389,564,14,1,1
3389,564,15,1,1
3389,564,16,1,1
3389,564,17,1,1
3389,564,18,1,1
3389,564,19,1,1
3389,564,20,1,1
3389,564,21,1,1
3389,564,22,1,1
3389,564,23,1,1
3389,564,24,1,1
3389,564,25,1,1
3389,564,26,1,1
3389,564,27,1,1
3389,564,28,1,1
3389,564,29,1,1
3389,564,30,1,1
3389,564,31,1,1
3389,564,32,1,1
3389,564,33,1,1
3389,564,34,1,1
3389,564,35,1,1
3389,564,36,1,1
3389,564,37,1,1
3389,564,38,1,1
3389,564,39,1,1
3389,564,40,1,1
3389,564,41,1,1
3389,564,42,1,1
3389,564,43,1,1
3389,564,44,1,1
3389,564,45,1,1
3389,564,46,1,1
3389,564,47,1,1
3389,564,48,1,1
3389,564,49,1,1
3389,564,50,1,1
3389,564,51,1,1
3389,564,52,1,1
3389,564,53,1,1
3389,564,54,1,1
3389,564,55,1,1
3389,564,56,1,1
3389,564,57,1,1
3389,564,58,1,1
3389,564,59,1,1
3389,564,60,1,1
3389,564,61,1,1
3389,564,62,1,1
3389,564,63,1,1
3389,564,64,1,1
3389,564,65,1,1
3389,564,66,1,1
3389,564,67,1,1
3389,564,68,1,1
3389,564,69,1,1
3389,564,70,1,1
3389,564,71,1,1
3389,564,72,1,1
3389,564,73,1,1
3389,564,74,1,1
3389,564,75,1,1
3389,564,1,2,1
3389,564,2,2,1
3389,564,3,2,1
3389,564,4,2,1
3389,564,5,2,1
3389,564,6,2,1
3389,564,7,2,1
3389,564,8,2,1
3389,564,9,2,1
3389,564,10,2,1
3389,564,11,2,1
3389,564,12,2,1
3389,564,13,2,1
3389,564,14,2,1
3389,564,15,2,1
3389,564,16,2,1
3389,564,17,2,1
3389,564,18,2,1
3389,564,19,2,1
3389,564,20,2,1
3389,564,21,2,1
3389,564,22,2,1
3389,564,23,2,1
3389,564,24,2,1
3389,564,25,2,1
3389,564,26,2,1
3389,564,27,2,1
3389,564,28,2,1
3389,564,29,2,1
3389,564,30,2,1
3389,564,31,2,1
3389,564,32,2,1
3389,564,33,2,1
3389,564,34,2,1
3389,564,35,2,1
3389,564,36,2,1
3389,564,37,2,1
3389,564,38,2,1
3389,564,39,2,1
3389,564,40,2,1
3389,564,41,2,1
3389,564,42,2,1
3389,564,43,2,1
3389,564,44,2,1
3389,564,45,2,1
3389,564,46,2,1
3389,564,47,2,1
3389,564,48,2,1
3389,564,49,2,1
3389,564,50,2,1
3389,564,51,2,1
3389,564,52,2,1
3389,564,53,2,1
3389,564,54,2,1
3389,564,55,2,1
3389,564,56,2,1
3389,564,57,2,1
3389,564,58,2,1
3389,564,59,2,1
3389,564,60,2,1
3389,564,61,2,1
3389,564,62,2,1
3389,564,63,2,1
3389,564,64,2,1
3389,564,65,2,1
3389,564,66,2,1
3389,564,67,2,1
3389,564,68,2,1
3389,564,69,2,1
3389,564,70,2,1
3389,564,71,2,1
3389,564,72,2,1
3389,564,73,2,1
3389,564,74,2,1
3389,564,75,2,1
3390,563,1,1,1
3390,563,2,1,1
3390,563,3,1,1
3390,563,4,1,1
3390,563,5,1,1
3390,563,6,1,1
3390,563,7,1,1
3390,563,8,1,1
3390,563,9,1,1
3390,563,10,1,1
3390,563,11,1,1
3390,563,12,1,1
3390,563,13,1,1
3390,563,14,1,1
3390,563,15,1,1
3390,563,16,1,1
3390,563,17,1,1
3390,563,18,1,1
3390,563,19,1,1
3390,563,20,1,1
3390,563,21,1,1
3390,563,22,1,1
3390,563,23,1,1
3390,563,24,1,1
3390,563,25,1,1
3390,563,26,1,1
3390,563,27,1,1
3390,563,28,1,1
3390,563,29,1,1
3390,563,30,1,1
3390,563,31,1,1
3390,563,32,1,1
3390,563,33,1,1
3390,563,34,1,1
3390,563,35,1,1
3390,563,36,1,1
3390,563,37,1,1
3390,563,38,1,1
3390,563,39,1,1
3390,563,40,1,1
3390,563,41,1,1
3390,563,42,1,1
3390,563,43,1,1
3390,563,44,1,1
3390,563,45,1,1
3390,563,46,1,1
3390,563,47,1,1
3390,563,48,1,1
3390,563,49,1,1
3390,563,50,1,1
3390,563,51,1,1
3390,563,52,1,1
3390,563,53,1,1
3390,563,54,1,1
3390,563,55,1,1
3390,563,56,1,1
3390,563,57,1,1
3390,563,58,1,1
3390,563,59,1,1
3390,563,60,1,1
3390,563,61,1,1
3390,563,62,1,1
3390,563,63,1,1
3390,563,64,1,1
3390,563,65,1,1
3390,563,66,1,1
3390,563,67,1,1
3390,563,68,1,1
3390,563,69,1,1
3390,563,70,1,1
3390,563,71,1,1
3390,563,72,1,1
3390,563,73,1,1
3390,563,74,1,1
3390,563,75,1,1
3390,563,1,2,1
3390,563,2,2,1
3390,563,3,2,1
3390,563,4,2,1
3390,563,5,2,1
3390,563,6,2,1
3390,563,7,2,1
3390,563,8,2,1
3390,563,9,2,1
3390,563,10,2,1
3390,563,11,2,1
3390,563,12,2,1
3390,563,13,2,1
3390,563,14,2,1
3390,563,15,2,1
3390,563,16,2,1
3390,563,17,2,1
3390,563,18,2,1
3390,563,19,2,1
3390,563,20,2,1
3390,563,21,2,1
3390,563,22,2,1
3390,563,23,2,1
3390,563,24,2,1
3390,563,25,2,1
3390,563,26,2,1
3390,563,27,2,1
3390,563,28,2,1
3390,563,29,2,1
3390,563,30,2,1
3390,563,31,2,1
3390,563,32,2,1
3390,563,33,2,1
3390,563,34,2,1
3390,563,35,2,1
3390,563,36,2,1
3390,563,37,2,1
3390,563,38,2,1
3390,563,39,2,1
3390,563,40,2,1
3390,563,41,2,1
3390,563,42,2,1
3390,563,43,2,1
3390,563,44,2,1
3390,563,45,2,1
3390,563,46,2,1
3390,563,47,2,1
3390,563,48,2,1
3390,563,49,2,1
3390,563,50,2,1
3390,563,51,2,1
3390,563,52,2,1
3390,563,53,2,1
3390,563,54,2,1
3390,563,55,2,1
3390,563,56,2,1
3390,563,57,2,1
3390,563,58,2,1
3390,563,59,2,1
3390,563,60,2,1
3390,563,61,2,1
3390,563,62,2,1
3390,563,63,2,1
3390,563,64,2,1
3390,563,65,2,1
3390,563,66,2,1
3390,563,67,2,1
3390,563,68,2,1
3390,563,69,2,1
3390,563,70,2,1
3390,563,71,2,1
3390,563,72,2,1
3390,563,73,2,1
3390,563,74,2,1
3390,563,75,2,1
3391,562,1,1,1
3391,562,2,1,1
3391,562,3,1,1
3391,562,4,1,1
3391,562,5,1,1
3391,562,6,1,1
3391,562,7,1,1
3391,562,8,1,1
3391,562,9,1,1
3391,562,10,1,1
3391,562,11,1,1
3391,562,12,1,1
3391,562,13,1,1
3391,562,14,1,1
3391,562,15,1,1
3391,562,16,1,1
3391,562,17,1,1
3391,562,18,1,1
3391,562,19,1,1
3391,562,20,1,1
3391,562,21,1,1
3391,562,22,1,1
3391,562,23,1,1
3391,562,24,1,1
3391,562,25,1,1
3391,562,26,1,1
3391,562,27,1,1
3391,562,28,1,1
3391,562,29,1,1
3391,562,30,1,1
3391,562,31,1,1
3391,562,32,1,1
3391,562,33,1,1
3391,562,34,1,1
3391,562,35,1,1
3391,562,36,1,1
3391,562,37,1,1
3391,562,38,1,1
3391,562,39,1,1
3391,562,40,1,1
3391,562,41,1,1
3391,562,42,1,1
3391,562,43,1,1
3391,562,44,1,1
3391,562,45,1,1
3391,562,46,1,1
3391,562,47,1,1
3391,562,48,1,1
3391,562,49,1,1
3391,562,50,1,1
3391,562,51,1,1
3391,562,52,1,1
3391,562,53,1,1
3391,562,54,1,1
3391,562,55,1,1
3391,562,56,1,1
3391,562,57,1,1
3391,562,58,1,1
3391,562,59,1,1
3391,562,60,1,1
3391,562,61,1,1
3391,562,62,1,1
3391,562,63,1,1
3391,562,64,1,1
3391,562,65,1,1
3391,562,66,1,1
3391,562,67,1,1
3391,562,68,1,1
3391,562,69,1,1
3391,562,70,1,1
3391,562,71,1,1
3391,562,72,1,1
3391,562,73,1,1
3391,562,74,1,1
3391,562,75,1,1
3391,562,1,2,1
3391,562,2,2,1
3391,562,3,2,1
3391,562,4,2,1
3391,562,5,2,1
3391,562,6,2,1
3391,562,7,2,1
3391,562,8,2,1
3391,562,9,2,1
3391,562,10,2,1
3391,562,11,2,1
3391,562,12,2,1
3391,562,13,2,1
3391,562,14,2,1
3391,562,15,2,1
3391,562,16,2,1
3391,562,17,2,1
3391,562,18,2,1
3391,562,19,2,1
3391,562,20,2,1
3391,562,21,2,1
3391,562,22,2,1
3391,562,23,2,1
3391,562,24,2,1
3391,562,25,2,1
3391,562,26,2,1
3391,562,27,2,1
3391,562,28,2,1
3391,562,29,2,1
3391,562,30,2,1
3391,562,31,2,1
3391,562,32,2,1
3391,562,33,2,1
3391,562,34,2,1
3391,562,35,2,1
3391,562,36,2,1
3391,562,37,2,1
3391,562,38,2,1
3391,562,39,2,1
3391,562,40,2,1
3391,562,41,2,1
3391,562,42,2,1
3391,562,43,2,1
3391,562,44,2,1
3391,562,45,2,1
3391,562,46,2,1
3391,562,47,2,1
3391,562,48,2,1
3391,562,49,2,1
3391,562,50,2,1
3391,562,51,2,1
3391,562,52,2,1
3391,562,53,2,1
3391,562,54,2,1
3391,562,55,2,1
3391,562,56,2,1
3391,562,57,2,1
3391,562,58,2,1
3391,562,59,2,1
3391,562,60,2,1
3391,562,61,2,1
3391,562,62,2,1
3391,562,63,2,1
3391,562,64,2,1
3391,562,65,2,1
3391,562,66,2,1
3391,562,67,2,1
3391,562,68,2,1
3391,562,69,2,1
3391,562,70,2,1
3391,562,71,2,1
3391,562,72,2,1
3391,562,73,2,1
3391,562,74,2,1
3391,562,75,2,1
3392,561,1,1,1
3392,561,2,1,1
3392,561,3,1,1
3392,561,4,1,1
3392,561,5,1,1
3392,561,6,1,1
3392,561,7,1,1
3392,561,8,1,1
3392,561,9,1,1
3392,561,10,1,1
3392,561,11,1,1
3392,561,12,1,1
3392,561,13,1,1
3392,561,14,1,1
3392,561,15,1,1
3392,561,16,1,1
3392,561,17,1,1
3392,561,18,1,1
3392,561,19,1,1
3392,561,20,1,1
3392,561,21,1,1
3392,561,22,1,1
3392,561,23,1,1
3392,561,24,1,1
3392,561,25,1,1
3392,561,26,1,1
3392,561,27,1,1
3392,561,28,1,1
3392,561,29,1,1
3392,561,30,1,1
3392,561,31,1,1
3392,561,32,1,1
3392,561,33,1,1
3392,561,34,1,1
3392,561,35,1,1
3392,561,36,1,1
3392,561,37,1,1
3392,561,38,1,1
3392,561,39,1,1
3392,561,40,1,1
3392,561,41,1,1
3392,561,42,1,1
3392,561,43,1,1
3392,561,44,1,1
3392,561,45,1,1
3392,561,46,1,1
3392,561,47,1,1
3392,561,48,1,1
3392,561,49,1,1
3392,561,50,1,1
3392,561,51,1,1
3392,561,52,1,1
3392,561,53,1,1
3392,561,54,1,1
3392,561,55,1,1
3392,561,56,1,1
3392,561,57,1,1
3392,561,58,1,1
3392,561,59,1,1
3392,561,60,1,1
3392,561,61,1,1
3392,561,62,1,1
3392,561,63,1,1
3392,561,64,1,1
3392,561,65,1,1
3392,561,66,1,1
3392,561,67,1,1
3392,561,68,1,1
3392,561,69,1,1
3392,561,70,1,1
3392,561,71,1,1
3392,561,72,1,1
3392,561,73,1,1
3392,561,74,1,1
3392,561,75,1,1
3392,561,1,2,1
3392,561,2,2,1
3392,561,3,2,1
3392,561,4,2,1
3392,561,5,2,1
3392,561,6,2,1
3392,561,7,2,1
3392,561,8,2,1
3392,561,9,2,1
3392,561,10,2,1
3392,561,11,2,1
3392,561,12,2,1
3392,561,13,2,1
3392,561,14,2,1
3392,561,15,2,1
3392,561,16,2,1
3392,561,17,2,1
3392,561,18,2,1
3392,561,19,2,1
3392,561,20,2,1
3392,561,21,2,1
3392,561,22,2,1
3392,561,23,2,1
3392,561,24,2,1
3392,561,25,2,1
3392,561,26,2,1
3392,561,27,2,1
3392,561,28,2,1
3392,561,29,2,1
3392,561,30,2,1
3392,561,31,2,1
3392,561,32,2,1
3392,561,33,2,1
3392,561,34,2,1
3392,561,35,2,1
3392,561,36,2,1
3392,561,37,2,1
3392,561,38,2,1
3392,561,39,2,1
3392,561,40,2,1
3392,561,41,2,1
3392,561,42,2,1
3392,561,43,2,1
3392,561,44,2,1
3392,561,45,2,1
3392,561,46,2,1
3392,561,47,2,1
3392,561,48,2,1
3392,561,49,2,1
3392,561,50,2,1
3392,561,51,2,1
3392,561,52,2,1
3392,561,53,2,1
3392,561,54,2,1
3392,561,55,2,1
3392,561,56,2,1
3392,561,57,2,1
3392,561,58,2,1
3392,561,59,2,1
3392,561,60,2,1
3392,561,61,2,1
3392,561,62,2,1
3392,561,63,2,1
3392,561,64,2,1
3392,561,65,2,1
3392,561,66,2,1
3392,561,67,2,1
3392,561,68,2,1
3392,561,69,2,1
3392,561,70,2,1
3392,561,71,2,1
3392,561,72,2,1
3392,561,73,2,1
3392,561,74,2,1
3392,561,75,2,1
3393,560,1,1,1
3393,560,2,1,1
3393,560,3,1,1
3393,560,4,1,1
3393,560,5,1,1
3393,560,6,1,1
3393,560,7,1,1
3393,560,8,1,1
3393,560,9,1,1
3393,560,10,1,1
3393,560,11,1,1
3393,560,12,1,1
3393,560,13,1,1
3393,560,14,1,1
3393,560,15,1,1
3393,560,16,1,1
3393,560,17,1,1
3393,560,18,1,1
3393,560,19,1,1
3393,560,20,1,1
3393,560,21,1,1
3393,560,22,1,1
3393,560,23,1,1
3393,560,24,1,1
3393,560,25,1,1
3393,560,26,1,1
3393,560,27,1,1
3393,560,28,1,1
3393,560,29,1,1
3393,560,30,1,1
3393,560,31,1,1
3393,560,32,1,1
3393,560,33,1,1
3393,560,34,1,1
3393,560,35,1,1
3393,560,36,1,1
3393,560,37,1,1
3393,560,38,1,1
3393,560,39,1,1
3393,560,40,1,1
3393,560,41,1,1
3393,560,42,1,1
3393,560,43,1,1
3393,560,44,1,1
3393,560,45,1,1
3393,560,46,1,1
3393,560,47,1,1
3393,560,48,1,1
3393,560,49,1,1
3393,560,50,1,1
3393,560,51,1,1
3393,560,52,1,1
3393,560,53,1,1
3393,560,54,1,1
3393,560,55,1,1
3393,560,56,1,1
3393,560,57,1,1
3393,560,58,1,1
3393,560,59,1,1
3393,560,60,1,1
3393,560,61,1,1
3393,560,62,1,1
3393,560,63,1,1
3393,560,64,1,1
3393,560,65,1,1
3393,560,66,1,1
3393,560,67,1,1
3393,560,68,1,1
3393,560,69,1,1
3393,560,70,1,1
3393,560,71,1,1
3393,560,72,1,1
3393,560,73,1,1
3393,560,74,1,1
3393,560,75,1,1
3393,560,1,2,1
3393,560,2,2,1
3393,560,3,2,1
3393,560,4,2,1
3393,560,5,2,1
3393,560,6,2,1
3393,560,7,2,1
3393,560,8,2,1
3393,560,9,2,1
3393,560,10,2,1
3393,560,11,2,1
3393,560,12,2,1
3393,560,13,2,1
3393,560,14,2,1
3393,560,15,2,1
3393,560,16,2,1
3393,560,17,2,1
3393,560,18,2,1
3393,560,19,2,1
3393,560,20,2,1
3393,560,21,2,1
3393,560,22,2,1
3393,560,23,2,1
3393,560,24,2,1
3393,560,25,2,1
3393,560,26,2,1
3393,560,27,2,1
3393,560,28,2,1
3393,560,29,2,1
3393,560,30,2,1
3393,560,31,2,1
3393,560,32,2,1
3393,560,33,2,1
3393,560,34,2,1
3393,560,35,2,1
3393,560,36,2,1
3393,560,37,2,1
3393,560,38,2,1
3393,560,39,2,1
3393,560,40,2,1
3393,560,41,2,1
3393,560,42,2,1
3393,560,43,2,1
3393,560,44,2,1
3393,560,45,2,1
3393,560,46,2,1
3393,560,47,2,1
3393,560,48,2,1
3393,560,49,2,1
3393,560,50,2,1
3393,560,51,2,1
3393,560,52,2,1
3393,560,53,2,1
3393,560,54,2,1
3393,560,55,2,1
3393,560,56,2,1
3393,560,57,2,1
3393,560,58,2,1
3393,560,59,2,1
3393,560,60,2,1
3393,560,61,2,1
3393,560,62,2,1
3393,560,63,2,1
3393,560,64,2,1
3393,560,65,2,1
3393,560,66,2,1
3393,560,67,2,1
3393,560,68,2,1
3393,560,69,2,1
3393,560,70,2,1
3393,560,71,2,1
3393,560,72,2,1
3393,560,73,2,1
3393,560,74,2,1
3393,560,75,2,1
3394,559,1,1,1
3394,559,2,1,1
3394,559,3,1,1
3394,559,4,1,1
3394,559,5,1,1
3394,559,6,1,1
3394,559,7,1,1
3394,559,8,1,1
3394,559,9,1,1
3394,559,10,1,1
3394,559,11,1,1
3394,559,12,1,1
3394,559,13,1,1
3394,559,14,1,1
3394,559,15,1,1
3394,559,16,1,1
3394,559,17,1,1
3394,559,18,1,1
3394,559,19,1,1
3394,559,20,1,1
3394,559,21,1,1
3394,559,22,1,1
3394,559,23,1,1
3394,559,24,1,1
3394,559,25,1,1
3394,559,26,1,1
3394,559,27,1,1
3394,559,28,1,1
3394,559,29,1,1
3394,559,30,1,1
3394,559,31,1,1
3394,559,32,1,1
3394,559,33,1,1
3394,559,34,1,1
3394,559,35,1,1
3394,559,36,1,1
3394,559,37,1,1
3394,559,38,1,1
3394,559,39,1,1
3394,559,40,1,1
3394,559,41,1,1
3394,559,42,1,1
3394,559,43,1,1
3394,559,44,1,1
3394,559,45,1,1
3394,559,46,1,1
3394,559,47,1,1
3394,559,48,1,1
3394,559,49,1,1
3394,559,50,1,1
3394,559,51,1,1
3394,559,52,1,1
3394,559,53,1,1
3394,559,54,1,1
3394,559,55,1,1
3394,559,56,1,1
3394,559,57,1,1
3394,559,58,1,1
3394,559,59,1,1
3394,559,60,1,1
3394,559,61,1,1
3394,559,62,1,1
3394,559,63,1,1
3394,559,64,1,1
3394,559,65,1,1
3394,559,66,1,1
3394,559,67,1,1
3394,559,68,1,1
3394,559,69,1,1
3394,559,70,1,1
3394,559,71,1,1
3394,559,72,1,1
3394,559,73,1,1
3394,559,74,1,1
3394,559,75,1,1
3394,559,1,2,1
3394,559,2,2,1
3394,559,3,2,1
3394,559,4,2,1
3394,559,5,2,1
3394,559,6,2,1
3394,559,7,2,1
3394,559,8,2,1
3394,559,9,2,1
3394,559,10,2,1
3394,559,11,2,1
3394,559,12,2,1
3394,559,13,2,1
3394,559,14,2,1
3394,559,15,2,1
3394,559,16,2,1
3394,559,17,2,1
3394,559,18,2,1
3394,559,19,2,1
3394,559,20,2,1
3394,559,21,2,1
3394,559,22,2,1
3394,559,23,2,1
3394,559,24,2,1
3394,559,25,2,1
3394,559,26,2,1
3394,559,27,2,1
3394,559,28,2,1
3394,559,29,2,1
3394,559,30,2,1
3394,559,31,2,1
3394,559,32,2,1
3394,559,33,2,1
3394,559,34,2,1
3394,559,35,2,1
3394,559,36,2,1
3394,559,37,2,1
3394,559,38,2,1
3394,559,39,2,1
3394,559,40,2,1
3394,559,41,2,1
3394,559,42,2,1
3394,559,43,2,1
3394,559,44,2,1
3394,559,45,2,1
3394,559,46,2,1
3394,559,47,2,1
3394,559,48,2,1
3394,559,49,2,1
3394,559,50,2,1
3394,559,51,2,1
3394,559,52,2,1
3394,559,53,2,1
3394,559,54,2,1
3394,559,55,2,1
3394,559,56,2,1
3394,559,57,2,1
3394,559,58,2,1
3394,559,59,2,1
3394,559,60,2,1
3394,559,61,2,1
3394,559,62,2,1
3394,559,63,2,1
3394,559,64,2,1
3394,559,65,2,1
3394,559,66,2,1
3394,559,67,2,1
3394,559,68,2,1
3394,559,69,2,1
3394,559,70,2,1
3394,559,71,2,1
3394,559,72,2,1
3394,559,73,2,1
3394,559,74,2,1
3394,559,75,2,1
3394,558,1,1,1
3394,558,2,1,1
3394,558,3,1,1
3394,558,4,1,1
3394,558,5,1,1
3394,558,6,1,1
3394,558,7,1,1
3394,558,8,1,1
3394,558,9,1,1
3394,558,10,1,1
3394,558,11,1,1
3394,558,12,1,1
3394,558,13,1,1
3394,558,14,1,1
3394,558,15,1,1
3394,558,16,1,1
3394,558,17,1,1
3394,558,18,1,1
3394,558,19,1,1
3394,558,20,1,1
3394,558,21,1,1
3394,558,22,1,1
3394,558,23,1,1
3394,558,24,1,1
3394,558,25,1,1
3394,558,26,1,1
3394,558,27,1,1
3394,558,28,1,1
3394,558,29,1,1
3394,558,30,1,1
3394,558,31,1,1
3394,558,32,1,1
3394,558,33,1,1
3394,558,34,1,1
3394,558,35,1,1
3394,558,36,1,1
3394,558,37,1,1
3394,558,38,1,1
3394,558,39,1,1
3394,558,40,1,1
3394,558,41,1,1
3394,558,42,1,1
3394,558,43,1,1
3394,558,44,1,1
3394,558,45,1,1
3394,558,46,1,1
3394,558,47,1,1
3394,558,48,1,1
3394,558,49,1,1
3394,558,50,1,1
3394,558,51,1,1
3394,558,52,1,1
3394,558,53,1,1
3394,558,54,1,1
3394,558,55,1,1
3394,558,56,1,1
3394,558,57,1,1
3394,558,58,1,1
3394,558,59,1,1
3394,558,60,1,1
3394,558,61,1,1
3394,558,62,1,1
3394,558,63,1,1
3394,558,64,1,1
3394,558,65,1,1
3394,558,66,1,1
3394,558,67,1,1
3394,558,68,1,1
3394,558,69,1,1
3394,558,70,1,1
3394,558,71,1,1
3394,558,72,1,1
3394,558,73,1,1
3394,558,74,1,1
3394,558,75,1,1
3395,558,1,2,1
3395,558,2,2,1
3395,558,3,2,1
3395,558,4,2,1
3395,558,5,2,1
3395,558,6,2,1
3395,558,7,2,1
3395,558,8,2,1
3395,558,9,2,1
3395,558,10,2,1
3395,558,11,2,1
3395,558,12,2,1
3395,558,13,2,1
3395,558,14,2,1
3395,558,15,2,1
3395,558,16,2,1
3395,558,17,2,1
3395,558,18,2,1
3395,558,19,2,1
3395,558,20,2,1
3395,558,21,2,1
3395,558,22,2,1
3395,558,23,2,1
3395,558,24,2,1
3395,558,25,2,1
3395,558,26,2,1
3395,558,27,2,1
3395,558,28,2,1
3395,558,29,2,1
3395,558,30,2,1
3395,558,31,2,1
3395,558,32,2,1
3395,558,33,2,1
3395,558,34,2,1
3395,558,35,2,1
3395,558,36,2,1
3395,558,37,2,1
3395,558,38,2,1
3395,558,39,2,1
3395,558,40,2,1
3395,558,41,2,1
3395,558,42,2,1
3395,558,43,2,1
3395,558,44,2,1
3395,558,45,2,1
3395,558,46,2,1
3395,558,47,2,1
3395,558,48,2,1
3395,558,49,2,1
3395,558,50,2,1
3395,558,51,2,1
3395,558,52,2,1
3395,558,53,2,1
3395,558,54,2,1
3395,558,55,2,1
3395,558,56,2,1
3395,558,57,2,1
3395,558,58,2,1
3395,558,59,2,1
3395,558,60,2,1
3395,558,61,2,1
3395,558,62,2,1
3395,558,63,2,1
3395,558,64,2,1
3395,558,65,2,1
3395,558,66,2,1
3395,558,67,2,1
3395,558,68,2,1
3395,558,69,2,1
3395,558,70,2,1
3395,558,71,2,1
3395,558,72,2,1
3395,558,73,2,1
3395,558,74,2,1
3395,558,75,2,1
3395,557,1,1,1
3395,557,2,1,1
3395,557,3,1,1
3395,557,4,1,1
3395,557,5,1,1
3395,557,6,1,1
3395,557,7,1,1
3395,557,8,1,1
3395,557,9,1,1
3395,557,10,1,1
3395,557,11,1,1
3395,557,12,1,1
3395,557,13,1,1
3395,557,14,1,1
3395,557,15,1,1
3395,557,16,1,1
3395,557,17,1,1
3395,557,18,1,1
3395,557,19,1,1
3395,557,20,1,1
3395,557,21,1,1
3395,557,22,1,1
3395,557,23,1,1
3395,557,24,1,1
3395,557,25,1,1
3395,557,26,1,1
3395,557,27,1,1
3395,557,28,1,1
3395,557,29,1,1
3395,557,30,1,1
3395,557,31,1,1
3395,557,32,1,1
3395,557,33,1,1
3395,557,34,1,1
3395,557,35,1,1
3395,557,36,1,1
3395,557,37,1,1
3395,557,38,1,1
3395,557,39,1,1
3395,557,40,1,1
3395,557,41,1,1
3395,557,42,1,1
3395,557,43,1,1
3395,557,44,1,1
3395,557,45,1,1
3395,557,46,1,1
3395,557,47,1,1
3395,557,48,1,1
3395,557,49,1,1
3395,557,50,1,1
3395,557,51,1,1
3395,557,52,1,1
3395,557,53,1,1
3395,557,54,1,1
3395,557,55,1,1
3395,557,56,1,1
3395,557,57,1,1
3395,557,58,1,1
3395,557,59,1,1
3395,557,60,1,1
3395,557,61,1,1
3395,557,62,1,1
3395,557,63,1,1
3395,557,64,1,1
3395,557,65,1,1
3395,557,66,1,1
3395,557,67,1,1
3395,557,68,1,1
3395,557,69,1,1
3395,557,70,1,1
3395,557,71,1,1
3395,557,72,1,1
3395,557,73,1,1
3395,557,74,1,1
3395,557,75,1,1
3396,557,1,2,1
3396,557,2,2,1
3396,557,3,2,1
3396,557,4,2,1
3396,557,5,2,1
3396,557,6,2,1
3396,557,7,2,1
3396,557,8,2,1
3396,557,9,2,1
3396,557,10,2,1
3396,557,11,2,1
3396,557,12,2,1
3396,557,13,2,1
3396,557,14,2,1
3396,557,15,2,1
3396,557,16,2,1
3396,557,17,2,1
3396,557,18,2,1
3396,557,19,2,1
3396,557,20,2,1
3396,557,21,2,1
3396,557,22,2,1
3396,557,23,2,1
3396,557,24,2,1
3396,557,25,2,1
3396,557,26,2,1
3396,557,27,2,1
3396,557,28,2,1
3396,557,29,2,1
3396,557,30,2,1
3396,557,31,2,1
3396,557,32,2,1
3396,557,33,2,1
3396,557,34,2,1
3396,557,35,2,1
3396,557,36,2,1
3396,557,37,2,1
3396,557,38,2,1
3396,557,39,2,1
3396,557,40,2,1
3396,557,41,2,1
3396,557,42,2,1
3396,557,43,2,1
3396,557,44,2,1
3396,557,45,2,1
3396,557,46,2,1
3396,557,47,2,1
3396,557,48,2,1
3396,557,49,2,1
3396,557,50,2,1
3396,557,51,2,1
3396,557,52,2,1
3396,557,53,2,1
3396,557,54,2,1
3396,557,55,2,1
3396,557,56,2,1
3396,557,57,2,1
3396,557,58,2,1
3396,557,59,2,1
3396,557,60,2,1
3396,557,61,2,1
3396,557,62,2,1
3396,557,63,2,1
3396,557,64,2,1
3396,557,65,2,1
3396,557,66,2,1
3396,557,67,2,1
3396,557,68,2,1
3396,557,69,2,1
3396,557,70,2,1
3396,557,71,2,1
3396,557,72,2,1
3396,557,73,2,1
3396,557,74,2,1
3396,557,75,2,1
3396,556,1,1,1
3396,556,2,1,1
3396,556,3,1,1
3396,556,4,1,1
3396,556,5,1,1
3396,556,6,1,1
3396,556,7,1,1
3396,556,8,1,1
3396,556,9,1,1
3396,556,10,1,1
3396,556,11,1,1
3396,556,12,1,1
3396,556,13,1,1
3396,556,14,1,1
3396,556,15,1,1
3396,556,16,1,1
3396,556,17,1,1
3396,556,18,1,1
3396,556,19,1,1
3396,556,20,1,1
3396,556,21,1,1
3396,556,22,1,1
3396,556,23,1,1
3396,556,24,1,1
3396,556,25,1,1
3396,556,26,1,1
3396,556,27,1,1
3396,556,28,1,1
3396,556,29,1,1
3396,556,30,1,1
3396,556,31,1,1
3396,556,32,1,1
3396,556,33,1,1
3396,556,34,1,1
3396,556,35,1,1
3396,556,36,1,1
3396,556,37,1,1
3396,556,38,1,1
3396,556,39,1,1
3396,556,40,1,1
3396,556,41,1,1
3396,556,42,1,1
3396,556,43,1,1
3396,556,44,1,1
3396,556,45,1,1
3396,556,46,1,1
3396,556,47,1,1
3396,556,48,1,1
3396,556,49,1,1
3396,556,50,1,1
3396,556,51,1,1
3396,556,52,1,1
3396,556,53,1,1
3396,556,54,1,1
3396,556,55,1,1
3396,556,56,1,1
3396,556,57,1,1
3396,556,58,1,1
3396,556,59,1,1
3396,556,60,1,1
3396,556,61,1,1
3396,556,62,1,1
3396,556,63,1,1
3396,556,64,1,1
3396,556,65,1,1
3396,556,66,1,1
3396,556,67,1,1
3396,556,68,1,1
3396,556,69,1,1
3396,556,70,1,1
3396,556,71,1,1
3396,556,72,1,1
3396,556,73,1,1
3396,556,74,1,1
3396,556,75,1,1
3397,556,1,2,1
3397,556,2,2,1
3397,556,3,2,1
3397,556,4,2,1
3397,556,5,2,1
3397,556,6,2,1
3397,556,7,2,1
3397,556,8,2,1
3397,556,9,2,1
3397,556,10,2,1
3397,556,11,2,1
3397,556,12,2,1
3397,556,13,2,1
3397,556,14,2,1
3397,556,15,2,1
3397,556,16,2,1
3397,556,17,2,1
3397,556,18,2,1
3397,556,19,2,1
3397,556,20,2,1
3397,556,21,2,1
3397,556,22,2,1
3397,556,23,2,1
3397,556,24,2,1
3397,556,25,2,1
3397,556,26,2,1
3397,556,27,2,1
3397,556,28,2,1
3397,556,29,2,1
3397,556,30,2,1
3397,556,31,2,1
3397,556,32,2,1
3397,556,33,2,1
3397,556,34,2,1
3397,556,35,2,1
3397,556,36,2,1
3397,556,37,2,1
3397,556,38,2,1
3397,556,39,2,1
3397,556,40,2,1
3397,556,41,2,1
3397,556,42,2,1
3397,556,43,2,1
3397,556,44,2,1
3397,556,45,2,1
3397,556,46,2,1
3397,556,47,2,1
3397,556,48,2,1
3397,556,49,2,1
3397,556,50,2,1
3397,556,51,2,1
3397,556,52,2,1
3397,556,53,2,1
3397,556,54,2,1
3397,556,55,2,1
3397,556,56,2,1
3397,556,57,2,1
3397,556,58,2,1
3397,556,59,2,1
3397,556,60,2,1
3397,556,61,2,1
3397,556,62,2,1
3397,556,63,2,1
3397,556,64,2,1
3397,556,65,2,1
3397,556,66,2,1
3397,556,67,2,1
3397,556,68,2,1
3397,556,69,2,1
3397,556,70,2,1
3397,556,71,2,1
3397,556,72,2,1
3397,556,73,2,1
3397,556,74,2,1
3397,556,75,2,1
3397,555,1,1,1
3397,555,2,1,1
3397,555,3,1,1
3397,555,4,1,1
3397,555,5,1,1
3397,555,6,1,1
3397,555,7,1,1
3397,555,8,1,1
3397,555,9,1,1
3397,555,10,1,1
3397,555,11,1,1
3397,555,12,1,1
3397,555,13,1,1
3397,555,14,1,1
3397,555,15,1,1
3397,555,16,1,1
3397,555,17,1,1
3397,555,18,1,1
3397,555,19,1,1
3397,555,20,1,1
3397,555,21,1,1
3397,555,22,1,1
3397,555,23,1,1
3397,555,24,1,1
3397,555,25,1,1
3397,555,26,1,1
3397,555,27,1,1
3397,555,28,1,1
3397,555,29,1,1
3397,555,30,1,1
3397,555,31,1,1
3397,555,32,1,1
3397,555,33,1,1
3397,555,34,1,1
3397,555,35,1,1
3397,555,36,1,1
3397,555,37,1,1
3397,555,38,1,1
3397,555,39,1,1
3397,555,40,1,1
3397,555,41,1,1
3397,555,42,1,1
3397,555,43,1,1
3397,555,44,1,1
3397,555,45,1,1
3397,555,46,1,1
3397,555,47,1,1
3397,555,48,1,1
3397,555,49,1,1
3397,555,50,1,1
3397,555,51,1,1
3397,555,52,1,1
3397,555,53,1,1
3397,555,54,1,1
3397,555,55,1,1
3397,555,56,1,1
3397,555,57,1,1
3397,555,58,1,1
3397,555,59,1,1
3397,555,60,1,1
3397,555,61,1,1
3397,555,62,1,1
3397,555,63,1,1
3397,555,64,1,1
3397,555,65,1,1
3397,555,66,1,1
3397,555,67,1,1
3397,555,68,1,1
3397,555,69,1,1
3397,555,70,1,1
3397,555,71,1,1
3397,555,72,1,1
3397,555,73,1,1
3397,555,74,1,1
3397,555,75,1,1
3398,555,1,2,1
3398,555,2,2,1
3398,555,3,2,1
3398,555,4,2,1
3398,555,5,2,1
3398,555,6,2,1
3398,555,7,2,1
3398,555,8,2,1
3398,555,9,2,1
3398,555,10,2,1
3398,555,11,2,1
3398,555,12,2,1
3398,555,13,2,1
3398,555,14,2,1
3398,555,15,2,1
3398,555,16,2,1
3398,555,17,2,1
3398,555,18,2,1
3398,555,19,2,1
3398,555,20,2,1
3398,555,21,2,1
3398,555,22,2,1
3398,555,23,2,1
3398,555,24,2,1
3398,555,25,2,1
3398,555,26,2,1
3398,555,27,2,1
3398,555,28,2,1
3398,555,29,2,1
3398,555,30,2,1
3398,555,31,2,1
3398,555,32,2,1
3398,555,33,2,1
3398,555,34,2,1
3398,555,35,2,1
3398,555,36,2,1
3398,555,37,2,1
3398,555,38,2,1
3398,555,39,2,1
3398,555,40,2,1
3398,555,41,2,1
3398,555,42,2,1
3398,555,43,2,1
3398,555,44,2,1
3398,555,45,2,1
3398,555,46,2,1
3398,555,47,2,1
3398,555,48,2,1
3398,555,49,2,1
3398,555,50,2,1
3398,555,51,2,1
3398,555,52,2,1
3398,555,53,2,1
3398,555,54,2,1
3398,555,55,2,1
3398,555,56,2,1
3398,555,57,2,1
3398,555,58,2,1
3398,555,59,2,1
3398,555,60,2,1
3398,555,61,2,1
3398,555,62,2,1
3398,555,63,2,1
3398,555,64,2,1
3398,555,65,2,1
3398,555,66,2,1
3398,555,67,2,1
3398,555,68,2,1
3398,555,69,2,1
3398,555,70,2,1
3398,555,71,2,1
3398,555,72,2,1
3398,555,73,2,1
3398,555,74,2,1
3398,555,75,2,1
3398,554,1,1,1
3398,554,2,1,1
3398,554,3,1,1
3398,554,4,1,1
3398,554,5,1,1
3398,554,6,1,1
3398,554,7,1,1
3398,554,8,1,1
3398,554,9,1,1
3398,554,10,1,1
3398,554,11,1,1
3398,554,12,1,1
3398,554,13,1,1
3398,554,14,1,1
3398,554,15,1,1
3398,554,16,1,1
3398,554,17,1,1
3398,554,18,1,1
3398,554,19,1,1
3398,554,20,1,1
3398,554,21,1,1
3398,554,22,1,1
3398,554,23,1,1
3398,554,24,1,1
3398,554,25,1,1
3398,554,26,1,1
3398,554,27,1,1
3398,554,28,1,1
3398,554,29,1,1
3398,554,30,1,1
3398,554,31,1,1
3398,554,32,1,1
3398,554,33,1,1
3398,554,34,1,1
3398,554,35,1,1
3398,554,36,1,1
3398,554,37,1,1
3398,554,38,1,1
3398,554,39,1,1
3398,554,40,1,1
3398,554,41,1,1
3398,554,42,1,1
3398,554,43,1,1
3398,554,44,1,1
3398,554,45,1,1
3398,554,46,1,1
3398,554,47,1,1
3398,554,48,1,1
3398,554,49,1,1
3398,554,50,1,1
3398,554,51,1,1
3398,554,52,1,1
3398,554,53,1,1
3398,554,54,1,1
3398,554,55,1,1
3398,554,56,1,1
3398,554,57,1,1
3398,554,58,1,1
3398,554,59,1,1
3398,554,60,1,1
3398,554,61,1,1
3398,554,62,1,1
3398,554,63,1,1
3398,554,64,1,1
3398,554,65,1,1
3398,554,66,1,1
3398,554,67,1,1
3398,554,68,1,1
3398,554,69,1,1
3398,554,70,1,1
3398,554,71,1,1
3398,554,72,1,1
3398,554,73,1,1
3398,554,74,1,1
3398,554,75,1,1
3399,553,1,1,1
3399,553,2,1,1
3399,553,3,1,1
3399,553,4,1,1
3399,553,5,1,1
3399,553,6,1,1
3399,553,7,1,1
3399,553,8,1,1
3399,553,9,1,1
3399,553,10,1,1
3399,553,11,1,1
3399,553,12,1,1
3399,553,13,1,1
3399,553,14,1,1
3399,553,15,1,1
3399,553,16,1,1
3399,553,17,1,1
3399,553,18,1,1
3399,553,19,1,1
3399,553,20,1,1
3399,553,21,1,1
3399,553,22,1,1
3399,553,23,1,1
3399,553,24,1,1
3399,553,25,1,1
3399,553,26,1,1
3399,553,27,1,1
3399,553,28,1,1
3399,553,29,1,1
3399,553,30,1,1
3399,553,31,1,1
3399,553,32,1,1
3399,553,33,1,1
3399,553,34,1,1
3399,553,35,1,1
3399,553,36,1,1
3399,553,37,1,1
3399,553,38,1,1
3399,553,39,1,1
3399,553,40,1,1
3399,553,41,1,1
3399,553,42,1,1
3399,553,43,1,1
3399,553,44,1,1
3399,553,45,1,1
3399,553,46,1,1
3399,553,47,1,1
3399,553,48,1,1
3399,553,49,1,1
3399,553,50,1,1
3399,553,51,1,1
3399,553,52,1,1
3399,553,53,1,1
3399,553,54,1,1
3399,553,55,1,1
3399,553,56,1,1
3399,553,57,1,1
3399,553,58,1,1
3399,553,59,1,1
3399,553,60,1,1
3399,553,61,1,1
3399,553,62,1,1
3399,553,63,1,1
3399,553,64,1,1
3399,553,65,1,1
3399,553,66,1,1
3399,553,67,1,1
3399,553,68,1,1
3399,553,69,1,1
3399,553,70,1,1
3399,553,71,1,1
3399,553,72,1,1
3399,553,73,1,1
3399,553,74,1,1
3399,553,75,1,1
3399,553,1,2,1
3399,553,2,2,1
3399,553,3,2,1
3399,553,4,2,1
3399,553,5,2,1
3399,553,6,2,1
3399,553,7,2,1
3399,553,8,2,1
3399,553,9,2,1
3399,553,10,2,1
3399,553,11,2,1
3399,553,12,2,1
3399,553,13,2,1
3399,553,14,2,1
3399,553,15,2,1
3399,553,16,2,1
3399,553,17,2,1
3399,553,18,2,1
3399,553,19,2,1
3399,553,20,2,1
3399,553,21,2,1
3399,553,22,2,1
3399,553,23,2,1
3399,553,24,2,1
3399,553,25,2,1
3399,553,26,2,1
3399,553,27,2,1
3399,553,28,2,1
3399,553,29,2,1
3399,553,30,2,1
3399,553,31,2,1
3399,553,32,2,1
3399,553,33,2,1
3399,553,34,2,1
3399,553,35,2,1
3399,553,36,2,1
3399,553,37,2,1
3399,553,38,2,1
3399,553,39,2,1
3399,553,40,2,1
3399,553,41,2,1
3399,553,42,2,1
3399,553,43,2,1
3399,553,44,2,1
3399,553,45,2,1
3399,553,46,2,1
3399,553,47,2,1
3399,553,48,2,1
3399,553,49,2,1
3399,553,50,2,1
3399,553,51,2,1
3399,553,52,2,1
3399,553,53,2,1
3399,553,54,2,1
3399,553,55,2,1
3399,553,56,2,1
3399,553,57,2,1
3399,553,58,2,1
3399,553,59,2,1
3399,553,60,2,1
3399,553,61,2,1
3399,553,62,2,1
3399,553,63,2,1
3399,553,64,2,1
3399,553,65,2,1
3399,553,66,2,1
3399,553,67,2,1
3399,553,68,2,1
3399,553,69,2,1
3399,553,70,2,1
3399,553,71,2,1
3399,553,72,2,1
3399,553,73,2,1
3399,553,74,2,1
3399,553,75,2,1
3400,552,1,1,1
3400,552,2,1,1
3400,552,3,1,1
3400,552,4,1,1
3400,552,5,1,1
3400,552,6,1,1
3400,552,7,1,1
3400,552,8,1,1
3400,552,9,1,1
3400,552,10,1,1
3400,552,11,1,1
3400,552,12,1,1
3400,552,13,1,1
3400,552,14,1,1
3400,552,15,1,1
3400,552,16,1,1
3400,552,17,1,1
3400,552,18,1,1
3400,552,19,1,1
3400,552,20,1,1
3400,552,21,1,1
3400,552,22,1,1
3400,552,23,1,1
3400,552,24,1,1
3400,552,25,1,1
3400,552,26,1,1
3400,552,27,1,1
3400,552,28,1,1
3400,552,29,1,1
3400,552,30,1,1
3400,552,31,1,1
3400,552,32,1,1
3400,552,33,1,1
3400,552,34,1,1
3400,552,35,1,1
3400,552,36,1,1
3400,552,37,1,1
3400,552,38,1,1
3400,552,39,1,1
3400,552,40,1,1
3400,552,41,1,1
3400,552,42,1,1
3400,552,43,1,1
3400,552,44,1,1
3400,552,45,1,1
3400,552,46,1,1
3400,552,47,1,1
3400,552,48,1,1
3400,552,49,1,1
3400,552,50,1,1
3400,552,51,1,1
3400,552,52,1,1
3400,552,53,1,1
3400,552,54,1,1
3400,552,55,1,1
3400,552,56,1,1
3400,552,57,1,1
3400,552,58,1,1
3400,552,59,1,1
3400,552,60,1,1
3400,552,61,1,1
3400,552,62,1,1
3400,552,63,1,1
3400,552,64,1,1
3400,552,65,1,1
3400,552,66,1,1
3400,552,67,1,1
3400,552,68,1,1
3400,552,69,1,1
3400,552,70,1,1
3400,552,71,1,1
3400,552,72,1,1
3400,552,73,1,1
3400,552,74,1,1
3400,552,75,1,1
3400,552,1,2,1
3400,552,2,2,1
3400,552,3,2,1
3400,552,4,2,1
3400,552,5,2,1
3400,552,6,2,1
3400,552,7,2,1
3400,552,8,2,1
3400,552,9,2,1
3400,552,10,2,1
3400,552,11,2,1
3400,552,12,2,1
3400,552,13,2,1
3400,552,14,2,1
3400,552,15,2,1
3400,552,16,2,1
3400,552,17,2,1
3400,552,18,2,1
3400,552,19,2,1
3400,552,20,2,1
3400,552,21,2,1
3400,552,22,2,1
3400,552,23,2,1
3400,552,24,2,1
3400,552,25,2,1
3400,552,26,2,1
3400,552,27,2,1
3400,552,28,2,1
3400,552,29,2,1
3400,552,30,2,1
3400,552,31,2,1
3400,552,32,2,1
3400,552,33,2,1
3400,552,34,2,1
3400,552,35,2,1
3400,552,36,2,1
3400,552,37,2,1
3400,552,38,2,1
3400,552,39,2,1
3400,552,40,2,1
3400,552,41,2,1
3400,552,42,2,1
3400,552,43,2,1
3400,552,44,2,1
3400,552,45,2,1
3400,552,46,2,1
3400,552,47,2,1
3400,552,48,2,1
3400,552,49,2,1
3400,552,50,2,1
3400,552,51,2,1
3400,552,52,2,1
3400,552,53,2,1
3400,552,54,2,1
3400,552,55,2,1
3400,552,56,2,1
3400,552,57,2,1
3400,552,58,2,1
3400,552,59,2,1
3400,552,60,2,1
3400,552,61,2,1
3400,552,62,2,1
3400,552,63,2,1
3400,552,64,2,1
3400,552,65,2,1
3400,552,66,2,1
3400,552,67,2,1
3400,552,68,2,1
3400,552,69,2,1
3400,552,70,2,1
3400,552,71,2,1
3400,552,72,2,1
3400,552,73,2,1
3400,552,74,2,1
3400,552,75,2,1
3401,551,1,1,1
3401,551,2,1,1
3401,551,3,1,1
3401,551,4,1,1
3401,551,5,1,1
3401,551,6,1,1
3401,551,7,1,1
3401,551,8,1,1
3401,551,9,1,1
3401,551,10,1,1
3401,551,11,1,1
3401,551,12,1,1
3401,551,13,1,1
3401,551,14,1,1
3401,551,15,1,1
3401,551,16,1,1
3401,551,17,1,1
3401,551,18,1,1
3401,551,19,1,1
3401,551,20,1,1
3401,551,21,1,1
3401,551,22,1,1
3401,551,23,1,1
3401,551,24,1,1
3401,551,25,1,1
3401,551,26,1,1
3401,551,27,1,1
3401,551,28,1,1
3401,551,29,1,1
3401,551,30,1,1
3401,551,31,1,1
3401,551,32,1,1
3401,551,33,1,1
3401,551,34,1,1
3401,551,35,1,1
3401,551,36,1,1
3401,551,37,1,1
3401,551,38,1,1
3401,551,39,1,1
3401,551,40,1,1
3401,551,41,1,1
3401,551,42,1,1
3401,551,43,1,1
3401,551,44,1,1
3401,551,45,1,1
3401,551,46,1,1
3401,551,47,1,1
3401,551,48,1,1
3401,551,49,1,1
3401,551,50,1,1
3401,551,51,1,1
3401,551,52,1,1
3401,551,53,1,1
3401,551,54,1,1
3401,551,55,1,1
3401,551,56,1,1
3401,551,57,1,1
3401,551,58,1,1
3401,551,59,1,1
3401,551,60,1,1
3401,551,61,1,1
3401,551,62,1,1
3401,551,63,1,1
3401,551,64,1,1
3401,551,65,1,1
3401,551,66,1,1
3401,551,67,1,1
3401,551,68,1,1
3401,551,69,1,1
3401,551,70,1,1
3401,551,71,1,1
3401,551,72,1,1
3401,551,73,1,1
3401,551,74,1,1
3401,551,75,1,1
3401,551,1,2,1
3401,551,2,2,1
3401,551,3,2,1
3401,551,4,2,1
3401,551,5,2,1
3401,551,6,2,1
3401,551,7,2,1
3401,551,8,2,1
3401,551,9,2,1
3401,551,10,2,1
3401,551,11,2,1
3401,551,12,2,1
3401,551,13,2,1
3401,551,14,2,1
3401,551,15,2,1
3401,551,16,2,1
3401,551,17,2,1
3401,551,18,2,1
3401,551,19,2,1
3401,551,20,2,1
3401,551,21,2,1
3401,551,22,2,1
3401,551,23,2,1
3401,551,24,2,1
3401,551,25,2,1
3401,551,26,2,1
3401,551,27,2,1
3401,551,28,2,1
3401,551,29,2,1
3401,551,30,2,1
3401,551,31,2,1
3401,551,32,2,1
3401,551,33,2,1
3401,551,34,2,1
3401,551,35,2,1
3401,551,36,2,1
3401,551,37,2,1
3401,551,38,2,1
3401,551,39,2,1
3401,551,40,2,1
3401,551,41,2,1
3401,551,42,2,1
3401,551,43,2,1
3401,551,44,2,1
3401,551,45,2,1
3401,551,46,2,1
3401,551,47,2,1
3401,551,48,2,1
3401,551,49,2,1
3401,551,50,2,1
3401,551,51,2,1
3401,551,52,2,1
3401,551,53,2,1
3401,551,54,2,1
3401,551,55,2,1
3401,551,56,2,1
3401,551,57,2,1
3401,551,58,2,1
3401,551,59,2,1
3401,551,60,2,1
3401,551,61,2,1
3401,551,62,2,1
3401,551,63,2,1
3401,551,64,2,1
3401,551,65,2,1
3401,551,66,2,1
3401,551,67,2,1
3401,551,68,2,1
3401,551,69,2,1
3401,551,70,2,1
3401,551,71,2,1
3401,551,72,2,1
3401,551,73,2,1
3401,551,74,2,1
3401,551,75,2,1
3402,550,1,1,1
3402,550,2,1,1
3402,550,3,1,1
3402,550,4,1,1
3402,550,5,1,1
3402,550,6,1,1
3402,550,7,1,1
3402,550,8,1,1
3402,550,9,1,1
3402,550,10,1,1
3402,550,11,1,1
3402,550,12,1,1
3402,550,13,1,1
3402,550,14,1,1
3402,550,15,1,1
3402,550,16,1,1
3402,550,17,1,1
3402,550,18,1,1
3402,550,19,1,1
3402,550,20,1,1
3402,550,21,1,1
3402,550,22,1,1
3402,550,23,1,1
3402,550,24,1,1
3402,550,25,1,1
3402,550,26,1,1
3402,550,27,1,1
3402,550,28,1,1
3402,550,29,1,1
3402,550,30,1,1
3402,550,31,1,1
3402,550,32,1,1
3402,550,33,1,1
3402,550,34,1,1
3402,550,35,1,1
3402,550,36,1,1
3402,550,37,1,1
3402,550,38,1,1
3402,550,39,1,1
3402,550,40,1,1
3402,550,41,1,1
3402,550,42,1,1
3402,550,43,1,1
3402,550,44,1,1
3402,550,45,1,1
3402,550,46,1,1
3402,550,47,1,1
3402,550,48,1,1
3402,550,49,1,1
3402,550,50,1,1
3402,550,51,1,1
3402,550,52,1,1
3402,550,53,1,1
3402,550,54,1,1
3402,550,55,1,1
3402,550,56,1,1
3402,550,57,1,1
3402,550,58,1,1
3402,550,59,1,1
3402,550,60,1,1
3402,550,61,1,1
3402,550,62,1,1
3402,550,63,1,1
3402,550,64,1,1
3402,550,65,1,1
3402,550,66,1,1
3402,550,67,1,1
3402,550,68,1,1
3402,550,69,1,1
3402,550,70,1,1
3402,550,71,1,1
3402,550,72,1,1
3402,550,73,1,1
3402,550,74,1,1
3402,550,75,1,1
3402,550,1,2,1
3402,550,2,2,1
3402,550,3,2,1
3402,550,4,2,1
3402,550,5,2,1
3402,550,6,2,1
3402,550,7,2,1
3402,550,8,2,1
3402,550,9,2,1
3402,550,10,2,1
3402,550,11,2,1
3402,550,12,2,1
3402,550,13,2,1
3402,550,14,2,1
3402,550,15,2,1
3402,550,16,2,1
3402,550,17,2,1
3402,550,18,2,1
3402,550,19,2,1
3402,550,20,2,1
3402,550,21,2,1
3402,550,22,2,1
3402,550,23,2,1
3402,550,24,2,1
3402,550,25,2,1
3402,550,26,2,1
3402,550,27,2,1
3402,550,28,2,1
3402,550,29,2,1
3402,550,30,2,1
3402,550,31,2,1
3402,550,32,2,1
3402,550,33,2,1
3402,550,34,2,1
3402,550,35,2,1
3402,550,36,2,1
3402,550,37,2,1
3402,550,38,2,1
3402,550,39,2,1
3402,550,40,2,1
3402,550,41,2,1
3402,550,42,2,1
3402,550,43,2,1
3402,550,44,2,1
3402,550,45,2,1
3402,550,46,2,1
3402,550,47,2,1
3402,550,48,2,1
3402,550,49,2,1
3402,550,50,2,1
3402,550,51,2,1
3402,550,52,2,1
3402,550,53,2,1
3402,550,54,2,1
3402,550,55,2,1
3402,550,56,2,1
3402,550,57,2,1
3402,550,58,2,1
3402,550,59,2,1
3402,550,60,2,1
3402,550,61,2,1
3402,550,62,2,1
3402,550,63,2,1
3402,550,64,2,1
3402,550,65,2,1
3402,550,66,2,1
3402,550,67,2,1
3402,550,68,2,1
3402,550,69,2,1
3402,550,70,2,1
3402,550,71,2,1
3402,550,72,2,1
3402,550,73,2,1
3402,550,74,2,1
3402,550,75,2,1
3403,549,1,1,1
3403,549,2,1,1
3403,549,3,1,1
3403,549,4,1,1
3403,549,5,1,1
3403,549,6,1,1
3403,549,7,1,1
3403,549,8,1,1
3403,549,9,1,1
3403,549,10,1,1
3403,549,11,1,1
3403,549,12,1,1
3403,549,13,1,1
3403,549,14,1,1
3403,549,15,1,1
3403,549,16,1,1
3403,549,17,1,1
3403,549,18,1,1
3403,549,19,1,1
3403,549,20,1,1
3403,549,21,1,1
3403,549,22,1,1
3403,549,23,1,1
3403,549,24,1,1
3403,549,25,1,1
3403,549,26,1,1
3403,549,27,1,1
3403,549,28,1,1
3403,549,29,1,1
3403,549,30,1,1
3403,549,31,1,1
3403,549,32,1,1
3403,549,33,1,1
3403,549,34,1,1
3403,549,35,1,1
3403,549,36,1,1
3403,549,37,1,1
3403,549,38,1,1
3403,549,39,1,1
3403,549,40,1,1
3403,549,41,1,1
3403,549,42,1,1
3403,549,43,1,1
3403,549,44,1,1
3403,549,45,1,1
3403,549,46,1,1
3403,549,47,1,1
3403,549,48,1,1
3403,549,49,1,1
3403,549,50,1,1
3403,549,51,1,1
3403,549,52,1,1
3403,549,53,1,1
3403,549,54,1,1
3403,549,55,1,1
3403,549,56,1,1
3403,549,57,1,1
3403,549,58,1,1
3403,549,59,1,1
3403,549,60,1,1
3403,549,61,1,1
3403,549,62,1,1
3403,549,63,1,1
3403,549,64,1,1
3403,549,65,1,1
3403,549,66,1,1
3403,549,67,1,1
3403,549,68,1,1
3403,549,69,1,1
3403,549,70,1,1
3403,549,71,1,1
3403,549,72,1,1
3403,549,73,1,1
3403,549,74,1,1
3403,549,75,1,1
3403,549,1,2,1
3403,549,2,2,1
3403,549,3,2,1
3403,549,4,2,1
3403,549,5,2,1
3403,549,6,2,1
3403,549,7,2,1
3403,549,8,2,1
3403,549,9,2,1
3403,549,10,2,1
3403,549,11,2,1
3403,549,12,2,1
3403,549,13,2,1
3403,549,14,2,1
3403,549,15,2,1
3403,549,16,2,1
3403,549,17,2,1
3403,549,18,2,1
3403,549,19,2,1
3403,549,20,2,1
3403,549,21,2,1
3403,549,22,2,1
3403,549,23,2,1
3403,549,24,2,1
3403,549,25,2,1
3403,549,26,2,1
3403,549,27,2,1
3403,549,28,2,1
3403,549,29,2,1
3403,549,30,2,1
3403,549,31,2,1
3403,549,32,2,1
3403,549,33,2,1
3403,549,34,2,1
3403,549,35,2,1
3403,549,36,2,1
3403,549,37,2,1
3403,549,38,2,1
3403,549,39,2,1
3403,549,40,2,1
3403,549,41,2,1
3403,549,42,2,1
3403,549,43,2,1
3403,549,44,2,1
3403,549,45,2,1
3403,549,46,2,1
3403,549,47,2,1
3403,549,48,2,1
3403,549,49,2,1
3403,549,50,2,1
3403,549,51,2,1
3403,549,52,2,1
3403,549,53,2,1
3403,549,54,2,1
3403,549,55,2,1
3403,549,56,2,1
3403,549,57,2,1
3403,549,58,2,1
3403,549,59,2,1
3403,549,60,2,1
3403,549,61,2,1
3403,549,62,2,1
3403,549,63,2,1
3403,549,64,2,1
3403,549,65,2,1
3403,549,66,2,1
3403,549,67,2,1
3403,549,68,2,1
3403,549,69,2,1
3403,549,70,2,1
3403,549,71,2,1
3403,549,72,2,1
3403,549,73,2,1
3403,549,74,2,1
3403,549,75,2,1
3404,548,1,1,1
3404,548,2,1,1
3404,548,3,1,1
3404,548,4,1,1
3404,548,5,1,1
3404,548,6,1,1
3404,548,7,1,1
3404,548,8,1,1
3404,548,9,1,1
3404,548,10,1,1
3404,548,11,1,1
3404,548,12,1,1
3404,548,13,1,1
3404,548,14,1,1
3404,548,15,1,1
3404,548,16,1,1
3404,548,17,1,1
3404,548,18,1,1
3404,548,19,1,1
3404,548,20,1,1
3404,548,21,1,1
3404,548,22,1,1
3404,548,23,1,1
3404,548,24,1,1
3404,548,25,1,1
3404,548,26,1,1
3404,548,27,1,1
3404,548,28,1,1
3404,548,29,1,1
3404,548,30,1,1
3404,548,31,1,1
3404,548,32,1,1
3404,548,33,1,1
3404,548,34,1,1
3404,548,35,1,1
3404,548,36,1,1
3404,548,37,1,1
3404,548,38,1,1
3404,548,39,1,1
3404,548,40,1,1
3404,548,41,1,1
3404,548,42,1,1
3404,548,43,1,1
3404,548,44,1,1
3404,548,45,1,1
3404,548,46,1,1
3404,548,47,1,1
3404,548,48,1,1
3404,548,49,1,1
3404,548,50,1,1
3404,548,51,1,1
3404,548,52,1,1
3404,548,53,1,1
3404,548,54,1,1
3404,548,55,1,1
3404,548,56,1,1
3404,548,57,1,1
3404,548,58,1,1
3404,548,59,1,1
3404,548,60,1,1
3404,548,61,1,1
3404,548,62,1,1
3404,548,63,1,1
3404,548,64,1,1
3404,548,65,1,1
3404,548,66,1,1
3404,548,67,1,1
3404,548,68,1,1
3404,548,69,1,1
3404,548,70,1,1
3404,548,71,1,1
3404,548,72,1,1
3404,548,73,1,1
3404,548,74,1,1
3404,548,75,1,1
3404,548,1,2,1
3404,548,2,2,1
3404,548,3,2,1
3404,548,4,2,1
3404,548,5,2,1
3404,548,6,2,1
3404,548,7,2,1
3404,548,8,2,1
3404,548,9,2,1
3404,548,10,2,1
3404,548,11,2,1
3404,548,12,2,1
3404,548,13,2,1
3404,548,14,2,1
3404,548,15,2,1
3404,548,16,2,1
3404,548,17,2,1
3404,548,18,2,1
3404,548,19,2,1
3404,548,20,2,1
3404,548,21,2,1
3404,548,22,2,1
3404,548,23,2,1
3404,548,24,2,1
3404,548,25,2,1
3404,548,26,2,1
3404,548,27,2,1
3404,548,28,2,1
3404,548,29,2,1
3404,548,30,2,1
3404,548,31,2,1
3404,548,32,2,1
3404,548,33,2,1
3404,548,34,2,1
3404,548,35,2,1
3404,548,36,2,1
3404,548,37,2,1
3404,548,38,2,1
3404,548,39,2,1
3404,548,40,2,1
3404,548,41,2,1
3404,548,42,2,1
3404,548,43,2,1
3404,548,44,2,1
3404,548,45,2,1
3404,548,46,2,1
3404,548,47,2,1
3404,548,48,2,1
3404,548,49,2,1
3404,548,50,2,1
3404,548,51,2,1
3404,548,52,2,1
3404,548,53,2,1
3404,548,54,2,1
3404,548,55,2,1
3404,548,56,2,1
3404,548,57,2,1
3404,548,58,2,1
3404,548,59,2,1
3404,548,60,2,1
3404,548,61,2,1
3404,548,62,2,1
3404,548,63,2,1
3404,548,64,2,1
3404,548,65,2,1
3404,548,66,2,1
3404,548,67,2,1
3404,548,68,2,1
3404,548,69,2,1
3404,548,70,2,1
3404,548,71,2,1
3404,548,72,2,1
3404,548,73,2,1
3404,548,74,2,1
3404,548,75,2,1
3405,547,1,1,1
3405,547,2,1,1
3405,547,3,1,1
3405,547,4,1,1
3405,547,5,1,1
3405,547,6,1,1
3405,547,7,1,1
3405,547,8,1,1
3405,547,9,1,1
3405,547,10,1,1
3405,547,11,1,1
3405,547,12,1,1
3405,547,13,1,1
3405,547,14,1,1
3405,547,15,1,1
3405,547,16,1,1
3405,547,17,1,1
3405,547,18,1,1
3405,547,19,1,1
3405,547,20,1,1
3405,547,21,1,1
3405,547,22,1,1
3405,547,23,1,1
3405,547,24,1,1
3405,547,25,1,1
3405,547,26,1,1
3405,547,27,1,1
3405,547,28,1,1
3405,547,29,1,1
3405,547,30,1,1
3405,547,31,1,1
3405,547,32,1,1
3405,547,33,1,1
3405,547,34,1,1
3405,547,35,1,1
3405,547,36,1,1
3405,547,37,1,1
3405,547,38,1,1
3405,547,39,1,1
3405,547,40,1,1
3405,547,41,1,1
3405,547,42,1,1
3405,547,43,1,1
3405,547,44,1,1
3405,547,45,1,1
3405,547,46,1,1
3405,547,47,1,1
3405,547,48,1,1
3405,547,49,1,1
3405,547,50,1,1
3405,547,51,1,1
3405,547,52,1,1
3405,547,53,1,1
3405,547,54,1,1
3405,547,55,1,1
3405,547,56,1,1
3405,547,57,1,1
3405,547,58,1,1
3405,547,59,1,1
3405,547,60,1,1
3405,547,61,1,1
3405,547,62,1,1
3405,547,63,1,1
3405,547,64,1,1
3405,547,65,1,1
3405,547,66,1,1
3405,547,67,1,1
3405,547,68,1,1
3405,547,69,1,1
3405,547,70,1,1
3405,547,71,1,1
3405,547,72,1,1
3405,547,73,1,1
3405,547,74,1,1
3405,547,75,1,1
3405,547,1,2,1
3405,547,2,2,1
3405,547,3,2,1
3405,547,4,2,1
3405,547,5,2,1
3405,547,6,2,1
3405,547,7,2,1
3405,547,8,2,1
3405,547,9,2,1
3405,547,10,2,1
3405,547,11,2,1
3405,547,12,2,1
3405,547,13,2,1
3405,547,14,2,1
3405,547,15,2,1
3405,547,16,2,1
3405,547,17,2,1
3405,547,18,2,1
3405,547,19,2,1
3405,547,20,2,1
3405,547,21,2,1
3405,547,22,2,1
3405,547,23,2,1
3405,547,24,2,1
3405,547,25,2,1
3405,547,26,2,1
3405,547,27,2,1
3405,547,28,2,1
3405,547,29,2,1
3405,547,30,2,1
3405,547,31,2,1
3405,547,32,2,1
3405,547,33,2,1
3405,547,34,2,1
3405,547,35,2,1
3405,547,36,2,1
3405,547,37,2,1
3405,547,38,2,1
3405,547,39,2,1
3405,547,40,2,1
3405,547,41,2,1
3405,547,42,2,1
3405,547,43,2,1
3405,547,44,2,1
3405,547,45,2,1
3405,547,46,2,1
3405,547,47,2,1
3405,547,48,2,1
3405,547,49,2,1
3405,547,50,2,1
3405,547,51,2,1
3405,547,52,2,1
3405,547,53,2,1
3405,547,54,2,1
3405,547,55,2,1
3405,547,56,2,1
3405,547,57,2,1
3405,547,58,2,1
3405,547,59,2,1
3405,547,60,2,1
3405,547,61,2,1
3405,547,62,2,1
3405,547,63,2,1
3405,547,64,2,1
3405,547,65,2,1
3405,547,66,2,1
3405,547,67,2,1
3405,547,68,2,1
3405,547,69,2,1
3405,547,70,2,1
3405,547,71,2,1
3405,547,72,2,1
3405,547,73,2,1
3405,547,74,2,1
3405,547,75,2,1
3406,546,1,1,1
3406,546,2,1,1
3406,546,3,1,1
3406,546,4,1,1
3406,546,5,1,1
3406,546,6,1,1
3406,546,7,1,1
3406,546,8,1,1
3406,546,9,1,1
3406,546,10,1,1
3406,546,11,1,1
3406,546,12,1,1
3406,546,13,1,1
3406,546,14,1,1
3406,546,15,1,1
3406,546,16,1,1
3406,546,17,1,1
3406,546,18,1,1
3406,546,19,1,1
3406,546,20,1,1
3406,546,21,1,1
3406,546,22,1,1
3406,546,23,1,1
3406,546,24,1,1
3406,546,25,1,1
3406,546,26,1,1
3406,546,27,1,1
3406,546,28,1,1
3406,546,29,1,1
3406,546,30,1,1
3406,546,31,1,1
3406,546,32,1,1
3406,546,33,1,1
3406,546,34,1,1
3406,546,35,1,1
3406,546,36,1,1
3406,546,37,1,1
3406,546,38,1,1
3406,546,39,1,1
3406,546,40,1,1
3406,546,41,1,1
3406,546,42,1,1
3406,546,43,1,1
3406,546,44,1,1
3406,546,45,1,1
3406,546,46,1,1
3406,546,47,1,1
3406,546,48,1,1
3406,546,49,1,1
3406,546,50,1,1
3406,546,51,1,1
3406,546,52,1,1
3406,546,53,1,1
3406,546,54,1,1
3406,546,55,1,1
3406,546,56,1,1
3406,546,57,1,1
3406,546,58,1,1
3406,546,59,1,1
3406,546,60,1,1
3406,546,61,1,1
3406,546,62,1,1
3406,546,63,1,1
3406,546,64,1,1
3406,546,65,1,1
3406,546,66,1,1
3406,546,67,1,1
3406,546,68,1,1
3406,546,69,1,1
3406,546,70,1,1
3406,546,71,1,1
3406,546,72,1,1
3406,546,73,1,1
3406,546,74,1,1
3406,546,75,1,1
3406,546,1,2,1
3406,546,2,2,1
3406,546,3,2,1
3406,546,4,2,1
3406,546,5,2,1
3406,546,6,2,1
3406,546,7,2,1
3406,546,8,2,1
3406,546,9,2,1
3406,546,10,2,1
3406,546,11,2,1
3406,546,12,2,1
3406,546,13,2,1
3406,546,14,2,1
3406,546,15,2,1
3406,546,16,2,1
3406,546,17,2,1
3406,546,18,2,1
3406,546,19,2,1
3406,546,20,2,1
3406,546,21,2,1
3406,546,22,2,1
3406,546,23,2,1
3406,546,24,2,1
3406,546,25,2,1
3406,546,26,2,1
3406,546,27,2,1
3406,546,28,2,1
3406,546,29,2,1
3406,546,30,2,1
3406,546,31,2,1
3406,546,32,2,1
3406,546,33,2,1
3406,546,34,2,1
3406,546,35,2,1
3406,546,36,2,1
3406,546,37,2,1
3406,546,38,2,1
3406,546,39,2,1
3406,546,40,2,1
3406,546,41,2,1
3406,546,42,2,1
3406,546,43,2,1
3406,546,44,2,1
3406,546,45,2,1
3406,546,46,2,1
3406,546,47,2,1
3406,546,48,2,1
3406,546,49,2,1
3406,546,50,2,1
3406,546,51,2,1
3406,546,52,2,1
3406,546,53,2,1
3406,546,54,2,1
3406,546,55,2,1
3406,546,56,2,1
3406,546,57,2,1
3406,546,58,2,1
3406,546,59,2,1
3406,546,60,2,1
3406,546,61,2,1
3406,546,62,2,1
3406,546,63,2,1
3406,546,64,2,1
3406,546,65,2,1
3406,546,66,2,1
3406,546,67,2,1
3406,546,68,2,1
3406,546,69,2,1
3406,546,70,2,1
3406,546,71,2,1
3406,546,72,2,1
3406,546,73,2,1
3406,546,74,2,1
3406,546,75,2,1
3407,545,1,1,1
3407,545,2,1,1
3407,545,3,1,1
3407,545,4,1,1
3407,545,5,1,1
3407,545,6,1,1
3407,545,7,1,1
3407,545,8,1,1
3407,545,9,1,1
3407,545,10,1,1
3407,545,11,1,1
3407,545,12,1,1
3407,545,13,1,1
3407,545,14,1,1
3407,545,15,1,1
3407,545,16,1,1
3407,545,17,1,1
3407,545,18,1,1
3407,545,19,1,1
3407,545,20,1,1
3407,545,21,1,1
3407,545,22,1,1
3407,545,23,1,1
3407,545,24,1,1
3407,545,25,1,1
3407,545,26,1,1
3407,545,27,1,1
3407,545,28,1,1
3407,545,29,1,1
3407,545,30,1,1
3407,545,31,1,1
3407,545,32,1,1
3407,545,33,1,1
3407,545,34,1,1
3407,545,35,1,1
3407,545,36,1,1
3407,545,37,1,1
3407,545,38,1,1
3407,545,39,1,1
3407,545,40,1,1
3407,545,41,1,1
3407,545,42,1,1
3407,545,43,1,1
3407,545,44,1,1
3407,545,45,1,1
3407,545,46,1,1
3407,545,47,1,1
3407,545,48,1,1
3407,545,49,1,1
3407,545,50,1,1
3407,545,51,1,1
3407,545,52,1,1
3407,545,53,1,1
3407,545,54,1,1
3407,545,55,1,1
3407,545,56,1,1
3407,545,57,1,1
3407,545,58,1,1
3407,545,59,1,1
3407,545,60,1,1
3407,545,61,1,1
3407,545,62,1,1
3407,545,63,1,1
3407,545,64,1,1
3407,545,65,1,1
3407,545,66,1,1
3407,545,67,1,1
3407,545,68,1,1
3407,545,69,1,1
3407,545,70,1,1
3407,545,71,1,1
3407,545,72,1,1
3407,545,73,1,1
3407,545,74,1,1
3407,545,75,1,1
3407,545,1,2,1
3407,545,2,2,1
3407,545,3,2,1
3407,545,4,2,1
3407,545,5,2,1
3407,545,6,2,1
3407,545,7,2,1
3407,545,8,2,1
3407,545,9,2,1
3407,545,10,2,1
3407,545,11,2,1
3407,545,12,2,1
3407,545,13,2,1
3407,545,14,2,1
3407,545,15,2,1
3407,545,16,2,1
3407,545,17,2,1
3407,545,18,2,1
3407,545,19,2,1
3407,545,20,2,1
3407,545,21,2,1
3407,545,22,2,1
3407,545,23,2,1
3407,545,24,2,1
3407,545,25,2,1
3407,545,26,2,1
3407,545,27,2,1
3407,545,28,2,1
3407,545,29,2,1
3407,545,30,2,1
3407,545,31,2,1
3407,545,32,2,1
3407,545,33,2,1
3407,545,34,2,1
3407,545,35,2,1
3407,545,36,2,1
3407,545,37,2,1
3407,545,38,2,1
3407,545,39,2,1
3407,545,40,2,1
3407,545,41,2,1
3407,545,42,2,1
3407,545,43,2,1
3407,545,44,2,1
3407,545,45,2,1
3407,545,46,2,1
3407,545,47,2,1
3407,545,48,2,1
3407,545,49,2,1
3407,545,50,2,1
3407,545,51,2,1
3407,545,52,2,1
3407,545,53,2,1
3407,545,54,2,1
3407,545,55,2,1
3407,545,56,2,1
3407,545,57,2,1
3407,545,58,2,1
3407,545,59,2,1
3407,545,60,2,1
3407,545,61,2,1
3407,545,62,2,1
3407,545,63,2,1
3407,545,64,2,1
3407,545,65,2,1
3407,545,66,2,1
3407,545,67,2,1
3407,545,68,2,1
3407,545,69,2,1
3407,545,70,2,1
3407,545,71,2,1
3407,545,72,2,1
3407,545,73,2,1
3407,545,74,2,1
3407,545,75,2,1
3408,544,1,1,1
3408,544,2,1,1
3408,544,3,1,1
3408,544,4,1,1
3408,544,5,1,1
3408,544,6,1,1
3408,544,7,1,1
3408,544,8,1,1
3408,544,9,1,1
3408,544,10,1,1
3408,544,11,1,1
3408,544,12,1,1
3408,544,13,1,1
3408,544,14,1,1
3408,544,15,1,1
3408,544,16,1,1
3408,544,17,1,1
3408,544,18,1,1
3408,544,19,1,1
3408,544,20,1,1
3408,544,21,1,1
3408,544,22,1,1
3408,544,23,1,1
3408,544,24,1,1
3408,544,25,1,1
3408,544,26,1,1
3408,544,27,1,1
3408,544,28,1,1
3408,544,29,1,1
3408,544,30,1,1
3408,544,31,1,1
3408,544,32,1,1
3408,544,33,1,1
3408,544,34,1,1
3408,544,35,1,1
3408,544,36,1,1
3408,544,37,1,1
3408,544,38,1,1
3408,544,39,1,1
3408,544,40,1,1
3408,544,41,1,1
3408,544,42,1,1
3408,544,43,1,1
3408,544,44,1,1
3408,544,45,1,1
3408,544,46,1,1
3408,544,47,1,1
3408,544,48,1,1
3408,544,49,1,1
3408,544,50,1,1
3408,544,51,1,1
3408,544,52,1,1
3408,544,53,1,1
3408,544,54,1,1
3408,544,55,1,1
3408,544,56,1,1
3408,544,57,1,1
3408,544,58,1,1
3408,544,59,1,1
3408,544,60,1,1
3408,544,61,1,1
3408,544,62,1,1
3408,544,63,1,1
3408,544,64,1,1
3408,544,65,1,1
3408,544,66,1,1
3408,544,67,1,1
3408,544,68,1,1
3408,544,69,1,1
3408,544,70,1,1
3408,544,71,1,1
3408,544,72,1,1
3408,544,73,1,1
3408,544,74,1,1
3408,544,75,1,1
3408,544,1,2,1
3408,544,2,2,1
3408,544,3,2,1
3408,544,4,2,1
3408,544,5,2,1
3408,544,6,2,1
3408,544,7,2,1
3408,544,8,2,1
3408,544,9,2,1
3408,544,10,2,1
3408,544,11,2,1
3408,544,12,2,1
3408,544,13,2,1
3408,544,14,2,1
3408,544,15,2,1
3408,544,16,2,1
3408,544,17,2,1
3408,544,18,2,1
3408,544,19,2,1
3408,544,20,2,1
3408,544,21,2,1
3408,544,22,2,1
3408,544,23,2,1
3408,544,24,2,1
3408,544,25,2,1
3408,544,26,2,1
3408,544,27,2,1
3408,544,28,2,1
3408,544,29,2,1
3408,544,30,2,1
3408,544,31,2,1
3408,544,32,2,1
3408,544,33,2,1
3408,544,34,2,1
3408,544,35,2,1
3408,544,36,2,1
3408,544,37,2,1
3408,544,38,2,1
3408,544,39,2,1
3408,544,40,2,1
3408,544,41,2,1
3408,544,42,2,1
3408,544,43,2,1
3408,544,44,2,1
3408,544,45,2,1
3408,544,46,2,1
3408,544,47,2,1
3408,544,48,2,1
3408,544,49,2,1
3408,544,50,2,1
3408,544,51,2,1
3408,544,52,2,1
3408,544,53,2,1
3408,544,54,2,1
3408,544,55,2,1
3408,544,56,2,1
3408,544,57,2,1
3408,544,58,2,1
3408,544,59,2,1
3408,544,60,2,1
3408,544,61,2,1
3408,544,62,2,1
3408,544,63,2,1
3408,544,64,2,1
3408,544,65,2,1
3408,544,66,2,1
3408,544,67,2,1
3408,544,68,2,1
3408,544,69,2,1
3408,544,70,2,1
3408,544,71,2,1
3408,544,72,2,1
3408,544,73,2,1
3408,544,74,2,1
3408,544,75,2,1
3409,543,1,1,1
3409,543,2,1,1
3409,543,3,1,1
3409,543,4,1,1
3409,543,5,1,1
3409,543,6,1,1
3409,543,7,1,1
3409,543,8,1,1
3409,543,9,1,1
3409,543,10,1,1
3409,543,11,1,1
3409,543,12,1,1
3409,543,13,1,1
3409,543,14,1,1
3409,543,15,1,1
3409,543,16,1,1
3409,543,17,1,1
3409,543,18,1,1
3409,543,19,1,1
3409,543,20,1,1
3409,543,21,1,1
3409,543,22,1,1
3409,543,23,1,1
3409,543,24,1,1
3409,543,25,1,1
3409,543,26,1,1
3409,543,27,1,1
3409,543,28,1,1
3409,543,29,1,1
3409,543,30,1,1
3409,543,31,1,1
3409,543,32,1,1
3409,543,33,1,1
3409,543,34,1,1
3409,543,35,1,1
3409,543,36,1,1
3409,543,37,1,1
3409,543,38,1,1
3409,543,39,1,1
3409,543,40,1,1
3409,543,41,1,1
3409,543,42,1,1
3409,543,43,1,1
3409,543,44,1,1
3409,543,45,1,1
3409,543,46,1,1
3409,543,47,1,1
3409,543,48,1,1
3409,543,49,1,1
3409,543,50,1,1
3409,543,51,1,1
3409,543,52,1,1
3409,543,53,1,1
3409,543,54,1,1
3409,543,55,1,1
3409,543,56,1,1
3409,543,57,1,1
3409,543,58,1,1
3409,543,59,1,1
3409,543,60,1,1
3409,543,61,1,1
3409,543,62,1,1
3409,543,63,1,1
3409,543,64,1,1
3409,543,65,1,1
3409,543,66,1,1
3409,543,67,1,1
3409,543,68,1,1
3409,543,69,1,1
3409,543,70,1,1
3409,543,71,1,1
3409,543,72,1,1
3409,543,73,1,1
3409,543,74,1,1
3409,543,75,1,1
3409,543,1,2,1
3409,543,2,2,1
3409,543,3,2,1
3409,543,4,2,1
3409,543,5,2,1
3409,543,6,2,1
3409,543,7,2,1
3409,543,8,2,1
3409,543,9,2,1
3409,543,10,2,1
3409,543,11,2,1
3409,543,12,2,1
3409,543,13,2,1
3409,543,14,2,1
3409,543,15,2,1
3409,543,16,2,1
3409,543,17,2,1
3409,543,18,2,1
3409,543,19,2,1
3409,543,20,2,1
3409,543,21,2,1
3409,543,22,2,1
3409,543,23,2,1
3409,543,24,2,1
3409,543,25,2,1
3409,543,26,2,1
3409,543,27,2,1
3409,543,28,2,1
3409,543,29,2,1
3409,543,30,2,1
3409,543,31,2,1
3409,543,32,2,1
3409,543,33,2,1
3409,543,34,2,1
3409,543,35,2,1
3409,543,36,2,1
3409,543,37,2,1
3409,543,38,2,1
3409,543,39,2,1
3409,543,40,2,1
3409,543,41,2,1
3409,543,42,2,1
3409,543,43,2,1
3409,543,44,2,1
3409,543,45,2,1
3409,543,46,2,1
3409,543,47,2,1
3409,543,48,2,1
3409,543,49,2,1
3409,543,50,2,1
3409,543,51,2,1
3409,543,52,2,1
3409,543,53,2,1
3409,543,54,2,1
3409,543,55,2,1
3409,543,56,2,1
3409,543,57,2,1
3409,543,58,2,1
3409,543,59,2,1
3409,543,60,2,1
3409,543,61,2,1
3409,543,62,2,1
3409,543,63,2,1
3409,543,64,2,1
3409,543,65,2,1
3409,543,66,2,1
3409,543,67,2,1
3409,543,68,2,1
3409,543,69,2,1
3409,543,70,2,1
3409,543,71,2,1
3409,543,72,2,1
3409,543,73,2,1
3409,543,74,2,1
3409,543,75,2,1
3410,542,1,1,1
3410,542,2,1,1
3410,542,3,1,1
3410,542,4,1,1
3410,542,5,1,1
3410,542,6,1,1
3410,542,7,1,1
3410,542,8,1,1
3410,542,9,1,1
3410,542,10,1,1
3410,542,11,1,1
3410,542,12,1,1
3410,542,13,1,1
3410,542,14,1,1
3410,542,15,1,1
3410,542,16,1,1
3410,542,17,1,1
3410,542,18,1,1
3410,542,19,1,1
3410,542,20,1,1
3410,542,21,1,1
3410,542,22,1,1
3410,542,23,1,1
3410,542,24,1,1
3410,542,25,1,1
3410,542,26,1,1
3410,542,27,1,1
3410,542,28,1,1
3410,542,29,1,1
3410,542,30,1,1
3410,542,31,1,1
3410,542,32,1,1
3410,542,33,1,1
3410,542,34,1,1
3410,542,35,1,1
3410,542,36,1,1
3410,542,37,1,1
3410,542,38,1,1
3410,542,39,1,1
3410,542,40,1,1
3410,542,41,1,1
3410,542,42,1,1
3410,542,43,1,1
3410,542,44,1,1
3410,542,45,1,1
3410,542,46,1,1
3410,542,47,1,1
3410,542,48,1,1
3410,542,49,1,1
3410,542,50,1,1
3410,542,51,1,1
3410,542,52,1,1
3410,542,53,1,1
3410,542,54,1,1
3410,542,55,1,1
3410,542,56,1,1
3410,542,57,1,1
3410,542,58,1,1
3410,542,59,1,1
3410,542,60,1,1
3410,542,61,1,1
3410,542,62,1,1
3410,542,63,1,1
3410,542,64,1,1
3410,542,65,1,1
3410,542,66,1,1
3410,542,67,1,1
3410,542,68,1,1
3410,542,69,1,1
3410,542,70,1,1
3410,542,71,1,1
3410,542,72,1,1
3410,542,73,1,1
3410,542,74,1,1
3410,542,75,1,1
3410,542,1,2,1
3410,542,2,2,1
3410,542,3,2,1
3410,542,4,2,1
3410,542,5,2,1
3410,542,6,2,1
3410,542,7,2,1
3410,542,8,2,1
3410,542,9,2,1
3410,542,10,2,1
3410,542,11,2,1
3410,542,12,2,1
3410,542,13,2,1
3410,542,14,2,1
3410,542,15,2,1
3410,542,16,2,1
3410,542,17,2,1
3410,542,18,2,1
3410,542,19,2,1
3410,542,20,2,1
3410,542,21,2,1
3410,542,22,2,1
3410,542,23,2,1
3410,542,24,2,1
3410,542,25,2,1
3410,542,26,2,1
3410,542,27,2,1
3410,542,28,2,1
3410,542,29,2,1
3410,542,30,2,1
3410,542,31,2,1
3410,542,32,2,1
3410,542,33,2,1
3410,542,34,2,1
3410,542,35,2,1
3410,542,36,2,1
3410,542,37,2,1
3410,542,38,2,1
3410,542,39,2,1
3410,542,40,2,1
3410,542,41,2,1
3410,542,42,2,1
3410,542,43,2,1
3410,542,44,2,1
3410,542,45,2,1
3410,542,46,2,1
3410,542,47,2,1
3410,542,48,2,1
3410,542,49,2,1
3410,542,50,2,1
3410,542,51,2,1
3410,542,52,2,1
3410,542,53,2,1
3410,542,54,2,1
3410,542,55,2,1
3410,542,56,2,1
3410,542,57,2,1
3410,542,58,2,1
3410,542,59,2,1
3410,542,60,2,1
3410,542,61,2,1
3410,542,62,2,1
3410,542,63,2,1
3410,542,64,2,1
3410,542,65,2,1
3410,542,66,2,1
3410,542,67,2,1
3410,542,68,2,1
3410,542,69,2,1
3410,542,70,2,1
3410,542,71,2,1
3410,542,72,2,1
3410,542,73,2,1
3410,542,74,2,1
3410,542,75,2,1
3411,541,1,1,1
3411,541,2,1,1
3411,541,3,1,1
3411,541,4,1,1
3411,541,5,1,1
3411,541,6,1,1
3411,541,7,1,1
3411,541,8,1,1
3411,541,9,1,1
3411,541,10,1,1
3411,541,11,1,1
3411,541,12,1,1
3411,541,13,1,1
3411,541,14,1,1
3411,541,15,1,1
3411,541,16,1,1
3411,541,17,1,1
3411,541,18,1,1
3411,541,19,1,1
3411,541,20,1,1
3411,541,21,1,1
3411,541,22,1,1
3411,541,23,1,1
3411,541,24,1,1
3411,541,25,1,1
3411,541,26,1,1
3411,541,27,1,1
3411,541,28,1,1
3411,541,29,1,1
3411,541,30,1,1
3411,541,31,1,1
3411,541,32,1,1
3411,541,33,1,1
3411,541,34,1,1
3411,541,35,1,1
3411,541,36,1,1
3411,541,37,1,1
3411,541,38,1,1
3411,541,39,1,1
3411,541,40,1,1
3411,541,41,1,1
3411,541,42,1,1
3411,541,43,1,1
3411,541,44,1,1
3411,541,45,1,1
3411,541,46,1,1
3411,541,47,1,1
3411,541,48,1,1
3411,541,49,1,1
3411,541,50,1,1
3411,541,51,1,1
3411,541,52,1,1
3411,541,53,1,1
3411,541,54,1,1
3411,541,55,1,1
3411,541,56,1,1
3411,541,57,1,1
3411,541,58,1,1
3411,541,59,1,1
3411,541,60,1,1
3411,541,61,1,1
3411,541,62,1,1
3411,541,63,1,1
3411,541,64,1,1
3411,541,65,1,1
3411,541,66,1,1
3411,541,67,1,1
3411,541,68,1,1
3411,541,69,1,1
3411,541,70,1,1
3411,541,71,1,1
3411,541,72,1,1
3411,541,73,1,1
3411,541,74,1,1
3411,541,75,1,1
3411,541,1,2,1
3411,541,2,2,1
3411,541,3,2,1
3411,541,4,2,1
3411,541,5,2,1
3411,541,6,2,1
3411,541,7,2,1
3411,541,8,2,1
3411,541,9,2,1
3411,541,10,2,1
3411,541,11,2,1
3411,541,12,2,1
3411,541,13,2,1
3411,541,14,2,1
3411,541,15,2,1
3411,541,16,2,1
3411,541,17,2,1
3411,541,18,2,1
3411,541,19,2,1
3411,541,20,2,1
3411,541,21,2,1
3411,541,22,2,1
3411,541,23,2,1
3411,541,24,2,1
3411,541,25,2,1
3411,541,26,2,1
3411,541,27,2,1
3411,541,28,2,1
3411,541,29,2,1
3411,541,30,2,1
3411,541,31,2,1
3411,541,32,2,1
3411,541,33,2,1
3411,541,34,2,1
3411,541,35,2,1
3411,541,36,2,1
3411,541,37,2,1
3411,541,38,2,1
3411,541,39,2,1
3411,541,40,2,1
3411,541,41,2,1
3411,541,42,2,1
3411,541,43,2,1
3411,541,44,2,1
3411,541,45,2,1
3411,541,46,2,1
3411,541,47,2,1
3411,541,48,2,1
3411,541,49,2,1
3411,541,50,2,1
3411,541,51,2,1
3411,541,52,2,1
3411,541,53,2,1
3411,541,54,2,1
3411,541,55,2,1
3411,541,56,2,1
3411,541,57,2,1
3411,541,58,2,1
3411,541,59,2,1
3411,541,60,2,1
3411,541,61,2,1
3411,541,62,2,1
3411,541,63,2,1
3411,541,64,2,1
3411,541,65,2,1
3411,541,66,2,1
3411,541,67,2,1
3411,541,68,2,1
3411,541,69,2,1
3411,541,70,2,1
3411,541,71,2,1
3411,541,72,2,1
3411,541,73,2,1
3411,541,74,2,1
3411,541,75,2,1
3411,540,1,1,1
3411,540,2,1,1
3411,540,3,1,1
3411,540,4,1,1
3411,540,5,1,1
3411,540,6,1,1
3411,540,7,1,1
3411,540,8,1,1
3411,540,9,1,1
3411,540,10,1,1
3411,540,11,1,1
3411,540,12,1,1
3411,540,13,1,1
3411,540,14,1,1
3411,540,15,1,1
3411,540,16,1,1
3411,540,17,1,1
3411,540,18,1,1
3411,540,19,1,1
3411,540,20,1,1
3411,540,21,1,1
3411,540,22,1,1
3411,540,23,1,1
3411,540,24,1,1
3411,540,25,1,1
3411,540,26,1,1
3411,540,27,1,1
3411,540,28,1,1
3411,540,29,1,1
3411,540,30,1,1
3411,540,31,1,1
3411,540,32,1,1
3411,540,33,1,1
3411,540,34,1,1
3411,540,35,1,1
3411,540,36,1,1
3411,540,37,1,1
3411,540,38,1,1
3411,540,39,1,1
3411,540,40,1,1
3411,540,41,1,1
3411,540,42,1,1
3411,540,43,1,1
3411,540,44,1,1
3411,540,45,1,1
3411,540,46,1,1
3411,540,47,1,1
3411,540,48,1,1
3411,540,49,1,1
3411,540,50,1,1
3411,540,51,1,1
3411,540,52,1,1
3411,540,53,1,1
3411,540,54,1,1
3411,540,55,1,1
3411,540,56,1,1
3411,540,57,1,1
3411,540,58,1,1
3411,540,59,1,1
3411,540,60,1,1
3411,540,61,1,1
3411,540,62,1,1
3411,540,63,1,1
3411,540,64,1,1
3411,540,65,1,1
3411,540,66,1,1
3411,540,67,1,1
3411,540,68,1,1
3411,540,69,1,1
3411,540,70,1,1
3411,540,71,1,1
3411,540,72,1,1
3411,540,73,1,1
3411,540,74,1,1
3411,540,75,1,1
3412,540,1,2,1
3412,540,2,2,1
3412,540,3,2,1
3412,540,4,2,1
3412,540,5,2,1
3412,540,6,2,1
3412,540,7,2,1
3412,540,8,2,1
3412,540,9,2,1
3412,540,10,2,1
3412,540,11,2,1
3412,540,12,2,1
3412,540,13,2,1
3412,540,14,2,1
3412,540,15,2,1
3412,540,16,2,1
3412,540,17,2,1
3412,540,18,2,1
3412,540,19,2,1
3412,540,20,2,1
3412,540,21,2,1
3412,540,22,2,1
3412,540,23,2,1
3412,540,24,2,1
3412,540,25,2,1
3412,540,26,2,1
3412,540,27,2,1
3412,540,28,2,1
3412,540,29,2,1
3412,540,30,2,1
3412,540,31,2,1
3412,540,32,2,1
3412,540,33,2,1
3412,540,34,2,1
3412,540,35,2,1
3412,540,36,2,1
3412,540,37,2,1
3412,540,38,2,1
3412,540,39,2,1
3412,540,40,2,1
3412,540,41,2,1
3412,540,42,2,1
3412,540,43,2,1
3412,540,44,2,1
3412,540,45,2,1
3412,540,46,2,1
3412,540,47,2,1
3412,540,48,2,1
3412,540,49,2,1
3412,540,50,2,1
3412,540,51,2,1
3412,540,52,2,1
3412,540,53,2,1
3412,540,54,2,1
3412,540,55,2,1
3412,540,56,2,1
3412,540,57,2,1
3412,540,58,2,1
3412,540,59,2,1
3412,540,60,2,1
3412,540,61,2,1
3412,540,62,2,1
3412,540,63,2,1
3412,540,64,2,1
3412,540,65,2,1
3412,540,66,2,1
3412,540,67,2,1
3412,540,68,2,1
3412,540,69,2,1
3412,540,70,2,1
3412,540,71,2,1
3412,540,72,2,1
3412,540,73,2,1
3412,540,74,2,1
3412,540,75,2,1
3412,539,1,1,1
3412,539,2,1,1
3412,539,3,1,1
3412,539,4,1,1
3412,539,5,1,1
3412,539,6,1,1
3412,539,7,1,1
3412,539,8,1,1
3412,539,9,1,1
3412,539,10,1,1
3412,539,11,1,1
3412,539,12,1,1
3412,539,13,1,1
3412,539,14,1,1
3412,539,15,1,1
3412,539,16,1,1
3412,539,17,1,1
3412,539,18,1,1
3412,539,19,1,1
3412,539,20,1,1
3412,539,21,1,1
3412,539,22,1,1
3412,539,23,1,1
3412,539,24,1,1
3412,539,25,1,1
3412,539,26,1,1
3412,539,27,1,1
3412,539,28,1,1
3412,539,29,1,1
3412,539,30,1,1
3412,539,31,1,1
3412,539,32,1,1
3412,539,33,1,1
3412,539,34,1,1
3412,539,35,1,1
3412,539,36,1,1
3412,539,37,1,1
3412,539,38,1,1
3412,539,39,1,1
3412,539,40,1,1
3412,539,41,1,1
3412,539,42,1,1
3412,539,43,1,1
3412,539,44,1,1
3412,539,45,1,1
3412,539,46,1,1
3412,539,47,1,1
3412,539,48,1,1
3412,539,49,1,1
3412,539,50,1,1
3412,539,51,1,1
3412,539,52,1,1
3412,539,53,1,1
3412,539,54,1,1
3412,539,55,1,1
3412,539,56,1,1
3412,539,57,1,1
3412,539,58,1,1
3412,539,59,1,1
3412,539,60,1,1
3412,539,61,1,1
3412,539,62,1,1
3412,539,63,1,1
3412,539,64,1,1
3412,539,65,1,1
3412,539,66,1,1
3412,539,67,1,1
3412,539,68,1,1
3412,539,69,1,1
3412,539,70,1,1
3412,539,71,1,1
3412,539,72,1,1
3412,539,73,1,1
3412,539,74,1,1
3412,539,75,1,1
3413,539,1,2,1
3413,539,2,2,1
3413,539,3,2,1
3413,539,4,2,1
3413,539,5,2,1
3413,539,6,2,1
3413,539,7,2,1
3413,539,8,2,1
3413,539,9,2,1
3413,539,10,2,1
3413,539,11,2,1
3413,539,12,2,1
3413,539,13,2,1
3413,539,14,2,1
3413,539,15,2,1
3413,539,16,2,1
3413,539,17,2,1
3413,539,18,2,1
3413,539,19,2,1
3413,539,20,2,1
3413,539,21,2,1
3413,539,22,2,1
3413,539,23,2,1
3413,539,24,2,1
3413,539,25,2,1
3413,539,26,2,1
3413,539,27,2,1
3413,539,28,2,1
3413,539,29,2,1
3413,539,30,2,1
3413,539,31,2,1
3413,539,32,2,1
3413,539,33,2,1
3413,539,34,2,1
3413,539,35,2,1
3413,539,36,2,1
3413,539,37,2,1
3413,539,38,2,1
3413,539,39,2,1
3413,539,40,2,1
3413,539,41,2,1
3413,539,42,2,1
3413,539,43,2,1
3413,539,44,2,1
3413,539,45,2,1
3413,539,46,2,1
3413,539,47,2,1
3413,539,48,2,1
3413,539,49,2,1
3413,539,50,2,1
3413,539,51,2,1
3413,539,52,2,1
3413,539,53,2,1
3413,539,54,2,1
3413,539,55,2,1
3413,539,56,2,1
3413,539,57,2,1
3413,539,58,2,1
3413,539,59,2,1
3413,539,60,2,1
3413,539,61,2,1
3413,539,62,2,1
3413,539,63,2,1
3413,539,64,2,1
3413,539,65,2,1
3413,539,66,2,1
3413,539,67,2,1
3413,539,68,2,1
3413,539,69,2,1
3413,539,70,2,1
3413,539,71,2,1
3413,539,72,2,1
3413,539,73,2,1
3413,539,74,2,1
3413,539,75,2,1
3413,538,1,1,1
3413,538,2,1,1
3413,538,3,1,1
3413,538,4,1,1
3413,538,5,1,1
3413,538,6,1,1
3413,538,7,1,1
3413,538,8,1,1
3413,538,9,1,1
3413,538,10,1,1
3413,538,11,1,1
3413,538,12,1,1
3413,538,13,1,1
3413,538,14,1,1
3413,538,15,1,1
3413,538,16,1,1
3413,538,17,1,1
3413,538,18,1,1
3413,538,19,1,1
3413,538,20,1,1
3413,538,21,1,1
3413,538,22,1,1
3413,538,23,1,1
3413,538,24,1,1
3413,538,25,1,1
3413,538,26,1,1
3413,538,27,1,1
3413,538,28,1,1
3413,538,29,1,1
3413,538,30,1,1
3413,538,31,1,1
3413,538,32,1,1
3413,538,33,1,1
3413,538,34,1,1
3413,538,35,1,1
3413,538,36,1,1
3413,538,37,1,1
3413,538,38,1,1
3413,538,39,1,1
3413,538,40,1,1
3413,538,41,1,1
3413,538,42,1,1
3413,538,43,1,1
3413,538,44,1,1
3413,538,45,1,1
3413,538,46,1,1
3413,538,47,1,1
3413,538,48,1,1
3413,538,49,1,1
3413,538,50,1,1
3413,538,51,1,1
3413,538,52,1,1
3413,538,53,1,1
3413,538,54,1,1
3413,538,55,1,1
3413,538,56,1,1
3413,538,57,1,1
3413,538,58,1,1
3413,538,59,1,1
3413,538,60,1,1
3413,538,61,1,1
3413,538,62,1,1
3413,538,63,1,1
3413,538,64,1,1
3413,538,65,1,1
3413,538,66,1,1
3413,538,67,1,1
3413,538,68,1,1
3413,538,69,1,1
3413,538,70,1,1
3413,538,71,1,1
3413,538,72,1,1
3413,538,73,1,1
3413,538,74,1,1
3413,538,75,1,1
3414,538,1,2,1
3414,538,2,2,1
3414,538,3,2,1
3414,538,4,2,1
3414,538,5,2,1
3414,538,6,2,1
3414,538,7,2,1
3414,538,8,2,1
3414,538,9,2,1
3414,538,10,2,1
3414,538,11,2,1
3414,538,12,2,1
3414,538,13,2,1
3414,538,14,2,1
3414,538,15,2,1
3414,538,16,2,1
3414,538,17,2,1
3414,538,18,2,1
3414,538,19,2,1
3414,538,20,2,1
3414,538,21,2,1
3414,538,22,2,1
3414,538,23,2,1
3414,538,24,2,1
3414,538,25,2,1
3414,538,26,2,1
3414,538,27,2,1
3414,538,28,2,1
3414,538,29,2,1
3414,538,30,2,1
3414,538,31,2,1
3414,538,32,2,1
3414,538,33,2,1
3414,538,34,2,1
3414,538,35,2,1
3414,538,36,2,1
3414,538,37,2,1
3414,538,38,2,1
3414,538,39,2,1
3414,538,40,2,1
3414,538,41,2,1
3414,538,42,2,1
3414,538,43,2,1
3414,538,44,2,1
3414,538,45,2,1
3414,538,46,2,1
3414,538,47,2,1
3414,538,48,2,1
3414,538,49,2,1
3414,538,50,2,1
3414,538,51,2,1
3414,538,52,2,1
3414,538,53,2,1
3414,538,54,2,1
3414,538,55,2,1
3414,538,56,2,1
3414,538,57,2,1
3414,538,58,2,1
3414,538,59,2,1
3414,538,60,2,1
3414,538,61,2,1
3414,538,62,2,1
3414,538,63,2,1
3414,538,64,2,1
3414,538,65,2,1
3414,538,66,2,1
3414,538,67,2,1
3414,538,68,2,1
3414,538,69,2,1
3414,538,70,2,1
3414,538,71,2,1
3414,538,72,2,1
3414,538,73,2,1
3414,538,74,2,1
3414,538,75,2,1
3414,537,1,1,1
3414,537,2,1,1
3414,537,3,1,1
3414,537,4,1,1
3414,537,5,1,1
3414,537,6,1,1
3414,537,7,1,1
3414,537,8,1,1
3414,537,9,1,1
3414,537,10,1,1
3414,537,11,1,1
3414,537,12,1,1
3414,537,13,1,1
3414,537,14,1,1
3414,537,15,1,1
3414,537,16,1,1
3414,537,17,1,1
3414,537,18,1,1
3414,537,19,1,1
3414,537,20,1,1
3414,537,21,1,1
3414,537,22,1,1
3414,537,23,1,1
3414,537,24,1,1
3414,537,25,1,1
3414,537,26,1,1
3414,537,27,1,1
3414,537,28,1,1
3414,537,29,1,1
3414,537,30,1,1
3414,537,31,1,1
3414,537,32,1,1
3414,537,33,1,1
3414,537,34,1,1
3414,537,35,1,1
3414,537,36,1,1
3414,537,37,1,1
3414,537,38,1,1
3414,537,39,1,1
3414,537,40,1,1
3414,537,41,1,1
3414,537,42,1,1
3414,537,43,1,1
3414,537,44,1,1
3414,537,45,1,1
3414,537,46,1,1
3414,537,47,1,1
3414,537,48,1,1
3414,537,49,1,1
3414,537,50,1,1
3414,537,51,1,1
3414,537,52,1,1
3414,537,53,1,1
3414,537,54,1,1
3414,537,55,1,1
3414,537,56,1,1
3414,537,57,1,1
3414,537,58,1,1
3414,537,59,1,1
3414,537,60,1,1
3414,537,61,1,1
3414,537,62,1,1
3414,537,63,1,1
3414,537,64,1,1
3414,537,65,1,1
3414,537,66,1,1
3414,537,67,1,1
3414,537,68,1,1
3414,537,69,1,1
3414,537,70,1,1
3414,537,71,1,1
3414,537,72,1,1
3414,537,73,1,1
3414,537,74,1,1
3414,537,75,1,1
3415,537,1,2,1
3415,537,2,2,1
3415,537,3,2,1
3415,537,4,2,1
3415,537,5,2,1
3415,537,6,2,1
3415,537,7,2,1
3415,537,8,2,1
3415,537,9,2,1
3415,537,10,2,1
3415,537,11,2,1
3415,537,12,2,1
3415,537,13,2,1
3415,537,14,2,1
3415,537,15,2,1
3415,537,16,2,1
3415,537,17,2,1
3415,537,18,2,1
3415,537,19,2,1
3415,537,20,2,1
3415,537,21,2,1
3415,537,22,2,1
3415,537,23,2,1
3415,537,24,2,1
3415,537,25,2,1
3415,537,26,2,1
3415,537,27,2,1
3415,537,28,2,1
3415,537,29,2,1
3415,537,30,2,1
3415,537,31,2,1
3415,537,32,2,1
3415,537,33,2,1
3415,537,34,2,1
3415,537,35,2,1
3415,537,36,2,1
3415,537,37,2,1
3415,537,38,2,1
3415,537,39,2,1
3415,537,40,2,1
3415,537,41,2,1
3415,537,42,2,1
3415,537,43,2,1
3415,537,44,2,1
3415,537,45,2,1
3415,537,46,2,1
3415,537,47,2,1
3415,537,48,2,1
3415,537,49,2,1
3415,537,50,2,1
3415,537,51,2,1
3415,537,52,2,1
3415,537,53,2,1
3415,537,54,2,1
3415,537,55,2,1
3415,537,56,2,1
3415,537,57,2,1
3415,537,58,2,1
3415,537,59,2,1
3415,537,60,2,1
3415,537,61,2,1
3415,537,62,2,1
3415,537,63,2,1
3415,537,64,2,1
3415,537,65,2,1
3415,537,66,2,1
3415,537,67,2,1
3415,537,68,2,1
3415,537,69,2,1
3415,537,70,2,1
3415,537,71,2,1
3415,537,72,2,1
3415,537,73,2,1
3415,537,74,2,1
3415,537,75,2,1
3415,536,1,1,1
3415,536,2,1,1
3415,536,3,1,1
3415,536,4,1,1
3415,536,5,1,1
3415,536,6,1,1
3415,536,7,1,1
3415,536,8,1,1
3415,536,9,1,1
3415,536,10,1,1
3415,536,11,1,1
3415,536,12,1,1
3415,536,13,1,1
3415,536,14,1,1
3415,536,15,1,1
3415,536,16,1,1
3415,536,17,1,1
3415,536,18,1,1
3415,536,19,1,1
3415,536,20,1,1
3415,536,21,1,1
3415,536,22,1,1
3415,536,23,1,1
3415,536,24,1,1
3415,536,25,1,1
3415,536,26,1,1
3415,536,27,1,1
3415,536,28,1,1
3415,536,29,1,1
3415,536,30,1,1
3415,536,31,1,1
3415,536,32,1,1
3415,536,33,1,1
3415,536,34,1,1
3415,536,35,1,1
3415,536,36,1,1
3415,536,37,1,1
3415,536,38,1,1
3415,536,39,1,1
3415,536,40,1,1
3415,536,41,1,1
3415,536,42,1,1
3415,536,43,1,1
3415,536,44,1,1
3415,536,45,1,1
3415,536,46,1,1
3415,536,47,1,1
3415,536,48,1,1
3415,536,49,1,1
3415,536,50,1,1
3415,536,51,1,1
3415,536,52,1,1
3415,536,53,1,1
3415,536,54,1,1
3415,536,55,1,1
3415,536,56,1,1
3415,536,57,1,1
3415,536,58,1,1
3415,536,59,1,1
3415,536,60,1,1
3415,536,61,1,1
3415,536,62,1,1
3415,536,63,1,1
3415,536,64,1,1
3415,536,65,1,1
3415,536,66,1,1
3415,536,67,1,1
3415,536,68,1,1
3415,536,69,1,1
3415,536,70,1,1
3415,536,71,1,1
3415,536,72,1,1
3415,536,73,1,1
3415,536,74,1,1
3415,536,75,1,1
3416,535,1,1,1
3416,535,2,1,1
3416,535,3,1,1
3416,535,4,1,1
3416,535,5,1,1
3416,535,6,1,1
3416,535,7,1,1
3416,535,8,1,1
3416,535,9,1,1
3416,535,10,1,1
3416,535,11,1,1
3416,535,12,1,1
3416,535,13,1,1
3416,535,14,1,1
3416,535,15,1,1
3416,535,16,1,1
3416,535,17,1,1
3416,535,18,1,1
3416,535,19,1,1
3416,535,20,1,1
3416,535,21,1,1
3416,535,22,1,1
3416,535,23,1,1
3416,535,24,1,1
3416,535,25,1,1
3416,535,26,1,1
3416,535,27,1,1
3416,535,28,1,1
3416,535,29,1,1
3416,535,30,1,1
3416,535,31,1,1
3416,535,32,1,1
3416,535,33,1,1
3416,535,34,1,1
3416,535,35,1,1
3416,535,36,1,1
3416,535,37,1,1
3416,535,38,1,1
3416,535,39,1,1
3416,535,40,1,1
3416,535,41,1,1
3416,535,42,1,1
3416,535,43,1,1
3416,535,44,1,1
3416,535,45,1,1
3416,535,46,1,1
3416,535,47,1,1
3416,535,48,1,1
3416,535,49,1,1
3416,535,50,1,1
3416,535,51,1,1
3416,535,52,1,1
3416,535,53,1,1
3416,535,54,1,1
3416,535,55,1,1
3416,535,56,1,1
3416,535,57,1,1
3416,535,58,1,1
3416,535,59,1,1
3416,535,60,1,1
3416,535,61,1,1
3416,535,62,1,1
3416,535,63,1,1
3416,535,64,1,1
3416,535,65,1,1
3416,535,66,1,1
3416,535,67,1,1
3416,535,68,1,1
3416,535,69,1,1
3416,535,70,1,1
3416,535,71,1,1
3416,535,72,1,1
3416,535,73,1,1
3416,535,74,1,1
3416,535,75,1,1
3416,535,1,2,1
3416,535,2,2,1
3416,535,3,2,1
3416,535,4,2,1
3416,535,5,2,1
3416,535,6,2,1
3416,535,7,2,1
3416,535,8,2,1
3416,535,9,2,1
3416,535,10,2,1
3416,535,11,2,1
3416,535,12,2,1
3416,535,13,2,1
3416,535,14,2,1
3416,535,15,2,1
3416,535,16,2,1
3416,535,17,2,1
3416,535,18,2,1
3416,535,19,2,1
3416,535,20,2,1
3416,535,21,2,1
3416,535,22,2,1
3416,535,23,2,1
3416,535,24,2,1
3416,535,25,2,1
3416,535,26,2,1
3416,535,27,2,1
3416,535,28,2,1
3416,535,29,2,1
3416,535,30,2,1
3416,535,31,2,1
3416,535,32,2,1
3416,535,33,2,1
3416,535,34,2,1
3416,535,35,2,1
3416,535,36,2,1
3416,535,37,2,1
3416,535,38,2,1
3416,535,39,2,1
3416,535,40,2,1
3416,535,41,2,1
3416,535,42,2,1
3416,535,43,2,1
3416,535,44,2,1
3416,535,45,2,1
3416,535,46,2,1
3416,535,47,2,1
3416,535,48,2,1
3416,535,49,2,1
3416,535,50,2,1
3416,535,51,2,1
3416,535,52,2,1
3416,535,53,2,1
3416,535,54,2,1
3416,535,55,2,1
3416,535,56,2,1
3416,535,57,2,1
3416,535,58,2,1
3416,535,59,2,1
3416,535,60,2,1
3416,535,61,2,1
3416,535,62,2,1
3416,535,63,2,1
3416,535,64,2,1
3416,535,65,2,1
3416,535,66,2,1
3416,535,67,2,1
3416,535,68,2,1
3416,535,69,2,1
3416,535,70,2,1
3416,535,71,2,1
3416,535,72,2,1
3416,535,73,2,1
3416,535,74,2,1
3416,535,75,2,1
3417,534,1,1,1
3417,534,2,1,1
3417,534,3,1,1
3417,534,4,1,1
3417,534,5,1,1
3417,534,6,1,1
3417,534,7,1,1
3417,534,8,1,1
3417,534,9,1,1
3417,534,10,1,1
3417,534,11,1,1
3417,534,12,1,1
3417,534,13,1,1
3417,534,14,1,1
3417,534,15,1,1
3417,534,16,1,1
3417,534,17,1,1
3417,534,18,1,1
3417,534,19,1,1
3417,534,20,1,1
3417,534,21,1,1
3417,534,22,1,1
3417,534,23,1,1
3417,534,24,1,1
3417,534,25,1,1
3417,534,26,1,1
3417,534,27,1,1
3417,534,28,1,1
3417,534,29,1,1
3417,534,30,1,1
3417,534,31,1,1
3417,534,32,1,1
3417,534,33,1,1
3417,534,34,1,1
3417,534,35,1,1
3417,534,36,1,1
3417,534,37,1,1
3417,534,38,1,1
3417,534,39,1,1
3417,534,40,1,1
3417,534,41,1,1
3417,534,42,1,1
3417,534,43,1,1
3417,534,44,1,1
3417,534,45,1,1
3417,534,46,1,1
3417,534,47,1,1
3417,534,48,1,1
3417,534,49,1,1
3417,534,50,1,1
3417,534,51,1,1
3417,534,52,1,1
3417,534,53,1,1
3417,534,54,1,1
3417,534,55,1,1
3417,534,56,1,1
3417,534,57,1,1
3417,534,58,1,1
3417,534,59,1,1
3417,534,60,1,1
3417,534,61,1,1
3417,534,62,1,1
3417,534,63,1,1
3417,534,64,1,1
3417,534,65,1,1
3417,534,66,1,1
3417,534,67,1,1
3417,534,68,1,1
3417,534,69,1,1
3417,534,70,1,1
3417,534,71,1,1
3417,534,72,1,1
3417,534,73,1,1
3417,534,74,1,1
3417,534,75,1,1
3417,534,1,2,1
3417,534,2,2,1
3417,534,3,2,1
3417,534,4,2,1
3417,534,5,2,1
3417,534,6,2,1
3417,534,7,2,1
3417,534,8,2,1
3417,534,9,2,1
3417,534,10,2,1
3417,534,11,2,1
3417,534,12,2,1
3417,534,13,2,1
3417,534,14,2,1
3417,534,15,2,1
3417,534,16,2,1
3417,534,17,2,1
3417,534,18,2,1
3417,534,19,2,1
3417,534,20,2,1
3417,534,21,2,1
3417,534,22,2,1
3417,534,23,2,1
3417,534,24,2,1
3417,534,25,2,1
3417,534,26,2,1
3417,534,27,2,1
3417,534,28,2,1
3417,534,29,2,1
3417,534,30,2,1
3417,534,31,2,1
3417,534,32,2,1
3417,534,33,2,1
3417,534,34,2,1
3417,534,35,2,1
3417,534,36,2,1
3417,534,37,2,1
3417,534,38,2,1
3417,534,39,2,1
3417,534,40,2,1
3417,534,41,2,1
3417,534,42,2,1
3417,534,43,2,1
3417,534,44,2,1
3417,534,45,2,1
3417,534,46,2,1
3417,534,47,2,1
3417,534,48,2,1
3417,534,49,2,1
3417,534,50,2,1
3417,534,51,2,1
3417,534,52,2,1
3417,534,53,2,1
3417,534,54,2,1
3417,534,55,2,1
3417,534,56,2,1
3417,534,57,2,1
3417,534,58,2,1
3417,534,59,2,1
3417,534,60,2,1
3417,534,61,2,1
3417,534,62,2,1
3417,534,63,2,1
3417,534,64,2,1
3417,534,65,2,1
3417,534,66,2,1
3417,534,67,2,1
3417,534,68,2,1
3417,534,69,2,1
3417,534,70,2,1
3417,534,71,2,1
3417,534,72,2,1
3417,534,73,2,1
3417,534,74,2,1
3417,534,75,2,1
3418,533,1,1,1
3418,533,2,1,1
3418,533,3,1,1
3418,533,4,1,1
3418,533,5,1,1
3418,533,6,1,1
3418,533,7,1,1
3418,533,8,1,1
3418,533,9,1,1
3418,533,10,1,1
3418,533,11,1,1
3418,533,12,1,1
3418,533,13,1,1
3418,533,14,1,1
3418,533,15,1,1
3418,533,16,1,1
3418,533,17,1,1
3418,533,18,1,1
3418,533,19,1,1
3418,533,20,1,1
3418,533,21,1,1
3418,533,22,1,1
3418,533,23,1,1
3418,533,24,1,1
3418,533,25,1,1
3418,533,26,1,1
3418,533,27,1,1
3418,533,28,1,1
3418,533,29,1,1
3418,533,30,1,1
3418,533,31,1,1
3418,533,32,1,1
3418,533,33,1,1
3418,533,34,1,1
3418,533,35,1,1
3418,533,36,1,1
3418,533,37,1,1
3418,533,38,1,1
3418,533,39,1,1
3418,533,40,1,1
3418,533,41,1,1
3418,533,42,1,1
3418,533,43,1,1
3418,533,44,1,1
3418,533,45,1,1
3418,533,46,1,1
3418,533,47,1,1
3418,533,48,1,1
3418,533,49,1,1
3418,533,50,1,1
3418,533,51,1,1
3418,533,52,1,1
3418,533,53,1,1
3418,533,54,1,1
3418,533,55,1,1
3418,533,56,1,1
3418,533,57,1,1
3418,533,58,1,1
3418,533,59,1,1
3418,533,60,1,1
3418,533,61,1,1
3418,533,62,1,1
3418,533,63,1,1
3418,533,64,1,1
3418,533,65,1,1
3418,533,66,1,1
3418,533,67,1,1
3418,533,68,1,1
3418,533,69,1,1
3418,533,70,1,1
3418,533,71,1,1
3418,533,72,1,1
3418,533,73,1,1
3418,533,74,1,1
3418,533,75,1,1
3418,533,1,2,1
3418,533,2,2,1
3418,533,3,2,1
3418,533,4,2,1
3418,533,5,2,1
3418,533,6,2,1
3418,533,7,2,1
3418,533,8,2,1
3418,533,9,2,1
3418,533,10,2,1
3418,533,11,2,1
3418,533,12,2,1
3418,533,13,2,1
3418,533,14,2,1
3418,533,15,2,1
3418,533,16,2,1
3418,533,17,2,1
3418,533,18,2,1
3418,533,19,2,1
3418,533,20,2,1
3418,533,21,2,1
3418,533,22,2,1
3418,533,23,2,1
3418,533,24,2,1
3418,533,25,2,1
3418,533,26,2,1
3418,533,27,2,1
3418,533,28,2,1
3418,533,29,2,1
3418,533,30,2,1
3418,533,31,2,1
3418,533,32,2,1
3418,533,33,2,1
3418,533,34,2,1
3418,533,35,2,1
3418,533,36,2,1
3418,533,37,2,1
3418,533,38,2,1
3418,533,39,2,1
3418,533,40,2,1
3418,533,41,2,1
3418,533,42,2,1
3418,533,43,2,1
3418,533,44,2,1
3418,533,45,2,1
3418,533,46,2,1
3418,533,47,2,1
3418,533,48,2,1
3418,533,49,2,1
3418,533,50,2,1
3418,533,51,2,1
3418,533,52,2,1
3418,533,53,2,1
3418,533,54,2,1
3418,533,55,2,1
3418,533,56,2,1
3418,533,57,2,1
3418,533,58,2,1
3418,533,59,2,1
3418,533,60,2,1
3418,533,61,2,1
3418,533,62,2,1
3418,533,63,2,1
3418,533,64,2,1
3418,533,65,2,1
3418,533,66,2,1
3418,533,67,2,1
3418,533,68,2,1
3418,533,69,2,1
3418,533,70,2,1
3418,533,71,2,1
3418,533,72,2,1
3418,533,73,2,1
3418,533,74,2,1
3418,533,75,2,1
3419,532,1,1,1
3419,532,2,1,1
3419,532,3,1,1
3419,532,4,1,1
3419,532,5,1,1
3419,532,6,1,1
3419,532,7,1,1
3419,532,8,1,1
3419,532,9,1,1
3419,532,10,1,1
3419,532,11,1,1
3419,532,12,1,1
3419,532,13,1,1
3419,532,14,1,1
3419,532,15,1,1
3419,532,16,1,1
3419,532,17,1,1
3419,532,18,1,1
3419,532,19,1,1
3419,532,20,1,1
3419,532,21,1,1
3419,532,22,1,1
3419,532,23,1,1
3419,532,24,1,1
3419,532,25,1,1
3419,532,26,1,1
3419,532,27,1,1
3419,532,28,1,1
3419,532,29,1,1
3419,532,30,1,1
3419,532,31,1,1
3419,532,32,1,1
3419,532,33,1,1
3419,532,34,1,1
3419,532,35,1,1
3419,532,36,1,1
3419,532,37,1,1
3419,532,38,1,1
3419,532,39,1,1
3419,532,40,1,1
3419,532,41,1,1
3419,532,42,1,1
3419,532,43,1,1
3419,532,44,1,1
3419,532,45,1,1
3419,532,46,1,1
3419,532,47,1,1
3419,532,48,1,1
3419,532,49,1,1
3419,532,50,1,1
3419,532,51,1,1
3419,532,52,1,1
3419,532,53,1,1
3419,532,54,1,1
3419,532,55,1,1
3419,532,56,1,1
3419,532,57,1,1
3419,532,58,1,1
3419,532,59,1,1
3419,532,60,1,1
3419,532,61,1,1
3419,532,62,1,1
3419,532,63,1,1
3419,532,64,1,1
3419,532,65,1,1
3419,532,66,1,1
3419,532,67,1,1
3419,532,68,1,1
3419,532,69,1,1
3419,532,70,1,1
3419,532,71,1,1
3419,532,72,1,1
3419,532,73,1,1
3419,532,74,1,1
3419,532,75,1,1
3419,532,1,2,1
3419,532,2,2,1
3419,532,3,2,1
3419,532,4,2,1
3419,532,5,2,1
3419,532,6,2,1
3419,532,7,2,1
3419,532,8,2,1
3419,532,9,2,1
3419,532,10,2,1
3419,532,11,2,1
3419,532,12,2,1
3419,532,13,2,1
3419,532,14,2,1
3419,532,15,2,1
3419,532,16,2,1
3419,532,17,2,1
3419,532,18,2,1
3419,532,19,2,1
3419,532,20,2,1
3419,532,21,2,1
3419,532,22,2,1
3419,532,23,2,1
3419,532,24,2,1
3419,532,25,2,1
3419,532,26,2,1
3419,532,27,2,1
3419,532,28,2,1
3419,532,29,2,1
3419,532,30,2,1
3419,532,31,2,1
3419,532,32,2,1
3419,532,33,2,1
3419,532,34,2,1
3419,532,35,2,1
3419,532,36,2,1
3419,532,37,2,1
3419,532,38,2,1
3419,532,39,2,1
3419,532,40,2,1
3419,532,41,2,1
3419,532,42,2,1
3419,532,43,2,1
3419,532,44,2,1
3419,532,45,2,1
3419,532,46,2,1
3419,532,47,2,1
3419,532,48,2,1
3419,532,49,2,1
3419,532,50,2,1
3419,532,51,2,1
3419,532,52,2,1
3419,532,53,2,1
3419,532,54,2,1
3419,532,55,2,1
3419,532,56,2,1
3419,532,57,2,1
3419,532,58,2,1
3419,532,59,2,1
3419,532,60,2,1
3419,532,61,2,1
3419,532,62,2,1
3419,532,63,2,1
3419,532,64,2,1
3419,532,65,2,1
3419,532,66,2,1
3419,532,67,2,1
3419,532,68,2,1
3419,532,69,2,1
3419,532,70,2,1
3419,532,71,2,1
3419,532,72,2,1
3419,532,73,2,1
3419,532,74,2,1
3419,532,75,2,1
3420,531,1,1,1
3420,531,2,1,1
3420,531,3,1,1
3420,531,4,1,1
3420,531,5,1,1
3420,531,6,1,1
3420,531,7,1,1
3420,531,8,1,1
3420,531,9,1,1
3420,531,10,1,1
3420,531,11,1,1
3420,531,12,1,1
3420,531,13,1,1
3420,531,14,1,1
3420,531,15,1,1
3420,531,16,1,1
3420,531,17,1,1
3420,531,18,1,1
3420,531,19,1,1
3420,531,20,1,1
3420,531,21,1,1
3420,531,22,1,1
3420,531,23,1,1
3420,531,24,1,1
3420,531,25,1,1
3420,531,26,1,1
3420,531,27,1,1
3420,531,28,1,1
3420,531,29,1,1
3420,531,30,1,1
3420,531,31,1,1
3420,531,32,1,1
3420,531,33,1,1
3420,531,34,1,1
3420,531,35,1,1
3420,531,36,1,1
3420,531,37,1,1
3420,531,38,1,1
3420,531,39,1,1
3420,531,40,1,1
3420,531,41,1,1
3420,531,42,1,1
3420,531,43,1,1
3420,531,44,1,1
3420,531,45,1,1
3420,531,46,1,1
3420,531,47,1,1
3420,531,48,1,1
3420,531,49,1,1
3420,531,50,1,1
3420,531,51,1,1
3420,531,52,1,1
3420,531,53,1,1
3420,531,54,1,1
3420,531,55,1,1
3420,531,56,1,1
3420,531,57,1,1
3420,531,58,1,1
3420,531,59,1,1
3420,531,60,1,1
3420,531,61,1,1
3420,531,62,1,1
3420,531,63,1,1
3420,531,64,1,1
3420,531,65,1,1
3420,531,66,1,1
3420,531,67,1,1
3420,531,68,1,1
3420,531,69,1,1
3420,531,70,1,1
3420,531,71,1,1
3420,531,72,1,1
3420,531,73,1,1
3420,531,74,1,1
3420,531,75,1,1
3420,531,1,2,1
3420,531,2,2,1
3420,531,3,2,1
3420,531,4,2,1
3420,531,5,2,1
3420,531,6,2,1
3420,531,7,2,1
3420,531,8,2,1
3420,531,9,2,1
3420,531,10,2,1
3420,531,11,2,1
3420,531,12,2,1
3420,531,13,2,1
3420,531,14,2,1
3420,531,15,2,1
3420,531,16,2,1
3420,531,17,2,1
3420,531,18,2,1
3420,531,19,2,1
3420,531,20,2,1
3420,531,21,2,1
3420,531,22,2,1
3420,531,23,2,1
3420,531,24,2,1
3420,531,25,2,1
3420,531,26,2,1
3420,531,27,2,1
3420,531,28,2,1
3420,531,29,2,1
3420,531,30,2,1
3420,531,31,2,1
3420,531,32,2,1
3420,531,33,2,1
3420,531,34,2,1
3420,531,35,2,1
3420,531,36,2,1
3420,531,37,2,1
3420,531,38,2,1
3420,531,39,2,1
3420,531,40,2,1
3420,531,41,2,1
3420,531,42,2,1
3420,531,43,2,1
3420,531,44,2,1
3420,531,45,2,1
3420,531,46,2,1
3420,531,47,2,1
3420,531,48,2,1
3420,531,49,2,1
3420,531,50,2,1
3420,531,51,2,1
3420,531,52,2,1
3420,531,53,2,1
3420,531,54,2,1
3420,531,55,2,1
3420,531,56,2,1
3420,531,57,2,1
3420,531,58,2,1
3420,531,59,2,1
3420,531,60,2,1
3420,531,61,2,1
3420,531,62,2,1
3420,531,63,2,1
3420,531,64,2,1
3420,531,65,2,1
3420,531,66,2,1
3420,531,67,2,1
3420,531,68,2,1
3420,531,69,2,1
3420,531,70,2,1
3420,531,71,2,1
3420,531,72,2,1
3420,531,73,2,1
3420,531,74,2,1
3420,531,75,2,1
3421,530,1,1,1
3421,530,2,1,1
3421,530,3,1,1
3421,530,4,1,1
3421,530,5,1,1
3421,530,6,1,1
3421,530,7,1,1
3421,530,8,1,1
3421,530,9,1,1
3421,530,10,1,1
3421,530,11,1,1
3421,530,12,1,1
3421,530,13,1,1
3421,530,14,1,1
3421,530,15,1,1
3421,530,16,1,1
3421,530,17,1,1
3421,530,18,1,1
3421,530,19,1,1
3421,530,20,1,1
3421,530,21,1,1
3421,530,22,1,1
3421,530,23,1,1
3421,530,24,1,1
3421,530,25,1,1
3421,530,26,1,1
3421,530,27,1,1
3421,530,28,1,1
3421,530,29,1,1
3421,530,30,1,1
3421,530,31,1,1
3421,530,32,1,1
3421,530,33,1,1
3421,530,34,1,1
3421,530,35,1,1
3421,530,36,1,1
3421,530,37,1,1
3421,530,38,1,1
3421,530,39,1,1
3421,530,40,1,1
3421,530,41,1,1
3421,530,42,1,1
3421,530,43,1,1
3421,530,44,1,1
3421,530,45,1,1
3421,530,46,1,1
3421,530,47,1,1
3421,530,48,1,1
3421,530,49,1,1
3421,530,50,1,1
3421,530,51,1,1
3421,530,52,1,1
3421,530,53,1,1
3421,530,54,1,1
3421,530,55,1,1
3421,530,56,1,1
3421,530,57,1,1
3421,530,58,1,1
3421,530,59,1,1
3421,530,60,1,1
3421,530,61,1,1
3421,530,62,1,1
3421,530,63,1,1
3421,530,64,1,1
3421,530,65,1,1
3421,530,66,1,1
3421,530,67,1,1
3421,530,68,1,1
3421,530,69,1,1
3421,530,70,1,1
3421,530,71,1,1
3421,530,72,1,1
3421,530,73,1,1
3421,530,74,1,1
3421,530,75,1,1
3421,530,1,2,1
3421,530,2,2,1
3421,530,3,2,1
3421,530,4,2,1
3421,530,5,2,1
3421,530,6,2,1
3421,530,7,2,1
3421,530,8,2,1
3421,530,9,2,1
3421,530,10,2,1
3421,530,11,2,1
3421,530,12,2,1
3421,530,13,2,1
3421,530,14,2,1
3421,530,15,2,1
3421,530,16,2,1
3421,530,17,2,1
3421,530,18,2,1
3421,530,19,2,1
3421,530,20,2,1
3421,530,21,2,1
3421,530,22,2,1
3421,530,23,2,1
3421,530,24,2,1
3421,530,25,2,1
3421,530,26,2,1
3421,530,27,2,1
3421,530,28,2,1
3421,530,29,2,1
3421,530,30,2,1
3421,530,31,2,1
3421,530,32,2,1
3421,530,33,2,1
3421,530,34,2,1
3421,530,35,2,1
3421,530,36,2,1
3421,530,37,2,1
3421,530,38,2,1
3421,530,39,2,1
3421,530,40,2,1
3421,530,41,2,1
3421,530,42,2,1
3421,530,43,2,1
3421,530,44,2,1
3421,530,45,2,1
3421,530,46,2,1
3421,530,47,2,1
3421,530,48,2,1
3421,530,49,2,1
3421,530,50,2,1
3421,530,51,2,1
3421,530,52,2,1
3421,530,53,2,1
3421,530,54,2,1
3421,530,55,2,1
3421,530,56,2,1
3421,530,57,2,1
3421,530,58,2,1
3421,530,59,2,1
3421,530,60,2,1
3421,530,61,2,1
3421,530,62,2,1
3421,530,63,2,1
3421,530,64,2,1
3421,530,65,2,1
3421,530,66,2,1
3421,530,67,2,1
3421,530,68,2,1
3421,530,69,2,1
3421,530,70,2,1
3421,530,71,2,1
3421,530,72,2,1
3421,530,73,2,1
3421,530,74,2,1
3421,530,75,2,1
3422,529,1,1,1
3422,529,2,1,1
3422,529,3,1,1
3422,529,4,1,1
3422,529,5,1,1
3422,529,6,1,1
3422,529,7,1,1
3422,529,8,1,1
3422,529,9,1,1
3422,529,10,1,1
3422,529,11,1,1
3422,529,12,1,1
3422,529,13,1,1
3422,529,14,1,1
3422,529,15,1,1
3422,529,16,1,1
3422,529,17,1,1
3422,529,18,1,1
3422,529,19,1,1
3422,529,20,1,1
3422,529,21,1,1
3422,529,22,1,1
3422,529,23,1,1
3422,529,24,1,1
3422,529,25,1,1
3422,529,26,1,1
3422,529,27,1,1
3422,529,28,1,1
3422,529,29,1,1
3422,529,30,1,1
3422,529,31,1,1
3422,529,32,1,1
3422,529,33,1,1
3422,529,34,1,1
3422,529,35,1,1
3422,529,36,1,1
3422,529,37,1,1
3422,529,38,1,1
3422,529,39,1,1
3422,529,40,1,1
3422,529,41,1,1
3422,529,42,1,1
3422,529,43,1,1
3422,529,44,1,1
3422,529,45,1,1
3422,529,46,1,1
3422,529,47,1,1
3422,529,48,1,1
3422,529,49,1,1
3422,529,50,1,1
3422,529,51,1,1
3422,529,52,1,1
3422,529,53,1,1
3422,529,54,1,1
3422,529,55,1,1
3422,529,56,1,1
3422,529,57,1,1
3422,529,58,1,1
3422,529,59,1,1
3422,529,60,1,1
3422,529,61,1,1
3422,529,62,1,1
3422,529,63,1,1
3422,529,64,1,1
3422,529,65,1,1
3422,529,66,1,1
3422,529,67,1,1
3422,529,68,1,1
3422,529,69,1,1
3422,529,70,1,1
3422,529,71,1,1
3422,529,72,1,1
3422,529,73,1,1
3422,529,74,1,1
3422,529,75,1,1
3422,529,1,2,1
3422,529,2,2,1
3422,529,3,2,1
3422,529,4,2,1
3422,529,5,2,1
3422,529,6,2,1
3422,529,7,2,1
3422,529,8,2,1
3422,529,9,2,1
3422,529,10,2,1
3422,529,11,2,1
3422,529,12,2,1
3422,529,13,2,1
3422,529,14,2,1
3422,529,15,2,1
3422,529,16,2,1
3422,529,17,2,1
3422,529,18,2,1
3422,529,19,2,1
3422,529,20,2,1
3422,529,21,2,1
3422,529,22,2,1
3422,529,23,2,1
3422,529,24,2,1
3422,529,25,2,1
3422,529,26,2,1
3422,529,27,2,1
3422,529,28,2,1
3422,529,29,2,1
3422,529,30,2,1
3422,529,31,2,1
3422,529,32,2,1
3422,529,33,2,1
3422,529,34,2,1
3422,529,35,2,1
3422,529,36,2,1
3422,529,37,2,1
3422,529,38,2,1
3422,529,39,2,1
3422,529,40,2,1
3422,529,41,2,1
3422,529,42,2,1
3422,529,43,2,1
3422,529,44,2,1
3422,529,45,2,1
3422,529,46,2,1
3422,529,47,2,1
3422,529,48,2,1
3422,529,49,2,1
3422,529,50,2,1
3422,529,51,2,1
3422,529,52,2,1
3422,529,53,2,1
3422,529,54,2,1
3422,529,55,2,1
3422,529,56,2,1
3422,529,57,2,1
3422,529,58,2,1
3422,529,59,2,1
3422,529,60,2,1
3422,529,61,2,1
3422,529,62,2,1
3422,529,63,2,1
3422,529,64,2,1
3422,529,65,2,1
3422,529,66,2,1
3422,529,67,2,1
3422,529,68,2,1
3422,529,69,2,1
3422,529,70,2,1
3422,529,71,2,1
3422,529,72,2,1
3422,529,73,2,1
3422,529,74,2,1
3422,529,75,2,1
3423,528,1,1,1
3423,528,2,1,1
3423,528,3,1,1
3423,528,4,1,1
3423,528,5,1,1
3423,528,6,1,1
3423,528,7,1,1
3423,528,8,1,1
3423,528,9,1,1
3423,528,10,1,1
3423,528,11,1,1
3423,528,12,1,1
3423,528,13,1,1
3423,528,14,1,1
3423,528,15,1,1
3423,528,16,1,1
3423,528,17,1,1
3423,528,18,1,1
3423,528,19,1,1
3423,528,20,1,1
3423,528,21,1,1
3423,528,22,1,1
3423,528,23,1,1
3423,528,24,1,1
3423,528,25,1,1
3423,528,26,1,1
3423,528,27,1,1
3423,528,28,1,1
3423,528,29,1,1
3423,528,30,1,1
3423,528,31,1,1
3423,528,32,1,1
3423,528,33,1,1
3423,528,34,1,1
3423,528,35,1,1
3423,528,36,1,1
3423,528,37,1,1
3423,528,38,1,1
3423,528,39,1,1
3423,528,40,1,1
3423,528,41,1,1
3423,528,42,1,1
3423,528,43,1,1
3423,528,44,1,1
3423,528,45,1,1
3423,528,46,1,1
3423,528,47,1,1
3423,528,48,1,1
3423,528,49,1,1
3423,528,50,1,1
3423,528,51,1,1
3423,528,52,1,1
3423,528,53,1,1
3423,528,54,1,1
3423,528,55,1,1
3423,528,56,1,1
3423,528,57,1,1
3423,528,58,1,1
3423,528,59,1,1
3423,528,60,1,1
3423,528,61,1,1
3423,528,62,1,1
3423,528,63,1,1
3423,528,64,1,1
3423,528,65,1,1
3423,528,66,1,1
3423,528,67,1,1
3423,528,68,1,1
3423,528,69,1,1
3423,528,70,1,1
3423,528,71,1,1
3423,528,72,1,1
3423,528,73,1,1
3423,528,74,1,1
3423,528,75,1,1
3423,528,1,2,1
3423,528,2,2,1
3423,528,3,2,1
3423,528,4,2,1
3423,528,5,2,1
3423,528,6,2,1
3423,528,7,2,1
3423,528,8,2,1
3423,528,9,2,1
3423,528,10,2,1
3423,528,11,2,1
3423,528,12,2,1
3423,528,13,2,1
3423,528,14,2,1
3423,528,15,2,1
3423,528,16,2,1
3423,528,17,2,1
3423,528,18,2,1
3423,528,19,2,1
3423,528,20,2,1
3423,528,21,2,1
3423,528,22,2,1
3423,528,23,2,1
3423,528,24,2,1
3423,528,25,2,1
3423,528,26,2,1
3423,528,27,2,1
3423,528,28,2,1
3423,528,29,2,1
3423,528,30,2,1
3423,528,31,2,1
3423,528,32,2,1
3423,528,33,2,1
3423,528,34,2,1
3423,528,35,2,1
3423,528,36,2,1
3423,528,37,2,1
3423,528,38,2,1
3423,528,39,2,1
3423,528,40,2,1
3423,528,41,2,1
3423,528,42,2,1
3423,528,43,2,1
3423,528,44,2,1
3423,528,45,2,1
3423,528,46,2,1
3423,528,47,2,1
3423,528,48,2,1
3423,528,49,2,1
3423,528,50,2,1
3423,528,51,2,1
3423,528,52,2,1
3423,528,53,2,1
3423,528,54,2,1
3423,528,55,2,1
3423,528,56,2,1
3423,528,57,2,1
3423,528,58,2,1
3423,528,59,2,1
3423,528,60,2,1
3423,528,61,2,1
3423,528,62,2,1
3423,528,63,2,1
3423,528,64,2,1
3423,528,65,2,1
3423,528,66,2,1
3423,528,67,2,1
3423,528,68,2,1
3423,528,69,2,1
3423,528,70,2,1
3423,528,71,2,1
3423,528,72,2,1
3423,528,73,2,1
3423,528,74,2,1
3423,528,75,2,1
3424,527,1,1,1
3424,527,2,1,1
3424,527,3,1,1
3424,527,4,1,1
3424,527,5,1,1
3424,527,6,1,1
3424,527,7,1,1
3424,527,8,1,1
3424,527,9,1,1
3424,527,10,1,1
3424,527,11,1,1
3424,527,12,1,1
3424,527,13,1,1
3424,527,14,1,1
3424,527,15,1,1
3424,527,16,1,1
3424,527,17,1,1
3424,527,18,1,1
3424,527,19,1,1
3424,527,20,1,1
3424,527,21,1,1
3424,527,22,1,1
3424,527,23,1,1
3424,527,24,1,1
3424,527,25,1,1
3424,527,26,1,1
3424,527,27,1,1
3424,527,28,1,1
3424,527,29,1,1
3424,527,30,1,1
3424,527,31,1,1
3424,527,32,1,1
3424,527,33,1,1
3424,527,34,1,1
3424,527,35,1,1
3424,527,36,1,1
3424,527,37,1,1
3424,527,38,1,1
3424,527,39,1,1
3424,527,40,1,1
3424,527,41,1,1
3424,527,42,1,1
3424,527,43,1,1
3424,527,44,1,1
3424,527,45,1,1
3424,527,46,1,1
3424,527,47,1,1
3424,527,48,1,1
3424,527,49,1,1
3424,527,50,1,1
3424,527,51,1,1
3424,527,52,1,1
3424,527,53,1,1
3424,527,54,1,1
3424,527,55,1,1
3424,527,56,1,1
3424,527,57,1,1
3424,527,58,1,1
3424,527,59,1,1
3424,527,60,1,1
3424,527,61,1,1
3424,527,62,1,1
3424,527,63,1,1
3424,527,64,1,1
3424,527,65,1,1
3424,527,66,1,1
3424,527,67,1,1
3424,527,68,1,1
3424,527,69,1,1
3424,527,70,1,1
3424,527,71,1,1
3424,527,72,1,1
3424,527,73,1,1
3424,527,74,1,1
3424,527,75,1,1
3424,527,1,2,1
3424,527,2,2,1
3424,527,3,2,1
3424,527,4,2,1
3424,527,5,2,1
3424,527,6,2,1
3424,527,7,2,1
3424,527,8,2,1
3424,527,9,2,1
3424,527,10,2,1
3424,527,11,2,1
3424,527,12,2,1
3424,527,13,2,1
3424,527,14,2,1
3424,527,15,2,1
3424,527,16,2,1
3424,527,17,2,1
3424,527,18,2,1
3424,527,19,2,1
3424,527,20,2,1
3424,527,21,2,1
3424,527,22,2,1
3424,527,23,2,1
3424,527,24,2,1
3424,527,25,2,1
3424,527,26,2,1
3424,527,27,2,1
3424,527,28,2,1
3424,527,29,2,1
3424,527,30,2,1
3424,527,31,2,1
3424,527,32,2,1
3424,527,33,2,1
3424,527,34,2,1
3424,527,35,2,1
3424,527,36,2,1
3424,527,37,2,1
3424,527,38,2,1
3424,527,39,2,1
3424,527,40,2,1
3424,527,41,2,1
3424,527,42,2,1
3424,527,43,2,1
3424,527,44,2,1
3424,527,45,2,1
3424,527,46,2,1
3424,527,47,2,1
3424,527,48,2,1
3424,527,49,2,1
3424,527,50,2,1
3424,527,51,2,1
3424,527,52,2,1
3424,527,53,2,1
3424,527,54,2,1
3424,527,55,2,1
3424,527,56,2,1
3424,527,57,2,1
3424,527,58,2,1
3424,527,59,2,1
3424,527,60,2,1
3424,527,61,2,1
3424,527,62,2,1
3424,527,63,2,1
3424,527,64,2,1
3424,527,65,2,1
3424,527,66,2,1
3424,527,67,2,1
3424,527,68,2,1
3424,527,69,2,1
3424,527,70,2,1
3424,527,71,2,1
3424,527,72,2,1
3424,527,73,2,1
3424,527,74,2,1
3424,527,75,2,1
3425,526,1,1,1
3425,526,2,1,1
3425,526,3,1,1
3425,526,4,1,1
3425,526,5,1,1
3425,526,6,1,1
3425,526,7,1,1
3425,526,8,1,1
3425,526,9,1,1
3425,526,10,1,1
3425,526,11,1,1
3425,526,12,1,1
3425,526,13,1,1
3425,526,14,1,1
3425,526,15,1,1
3425,526,16,1,1
3425,526,17,1,1
3425,526,18,1,1
3425,526,19,1,1
3425,526,20,1,1
3425,526,21,1,1
3425,526,22,1,1
3425,526,23,1,1
3425,526,24,1,1
3425,526,25,1,1
3425,526,26,1,1
3425,526,27,1,1
3425,526,28,1,1
3425,526,29,1,1
3425,526,30,1,1
3425,526,31,1,1
3425,526,32,1,1
3425,526,33,1,1
3425,526,34,1,1
3425,526,35,1,1
3425,526,36,1,1
3425,526,37,1,1
3425,526,38,1,1
3425,526,39,1,1
3425,526,40,1,1
3425,526,41,1,1
3425,526,42,1,1
3425,526,43,1,1
3425,526,44,1,1
3425,526,45,1,1
3425,526,46,1,1
3425,526,47,1,1
3425,526,48,1,1
3425,526,49,1,1
3425,526,50,1,1
3425,526,51,1,1
3425,526,52,1,1
3425,526,53,1,1
3425,526,54,1,1
3425,526,55,1,1
3425,526,56,1,1
3425,526,57,1,1
3425,526,58,1,1
3425,526,59,1,1
3425,526,60,1,1
3425,526,61,1,1
3425,526,62,1,1
3425,526,63,1,1
3425,526,64,1,1
3425,526,65,1,1
3425,526,66,1,1
3425,526,67,1,1
3425,526,68,1,1
3425,526,69,1,1
3425,526,70,1,1
3425,526,71,1,1
3425,526,72,1,1
3425,526,73,1,1
3425,526,74,1,1
3425,526,75,1,1
3425,526,1,2,1
3425,526,2,2,1
3425,526,3,2,1
3425,526,4,2,1
3425,526,5,2,1
3425,526,6,2,1
3425,526,7,2,1
3425,526,8,2,1
3425,526,9,2,1
3425,526,10,2,1
3425,526,11,2,1
3425,526,12,2,1
3425,526,13,2,1
3425,526,14,2,1
3425,526,15,2,1
3425,526,16,2,1
3425,526,17,2,1
3425,526,18,2,1
3425,526,19,2,1
3425,526,20,2,1
3425,526,21,2,1
3425,526,22,2,1
3425,526,23,2,1
3425,526,24,2,1
3425,526,25,2,1
3425,526,26,2,1
3425,526,27,2,1
3425,526,28,2,1
3425,526,29,2,1
3425,526,30,2,1
3425,526,31,2,1
3425,526,32,2,1
3425,526,33,2,1
3425,526,34,2,1
3425,526,35,2,1
3425,526,36,2,1
3425,526,37,2,1
3425,526,38,2,1
3425,526,39,2,1
3425,526,40,2,1
3425,526,41,2,1
3425,526,42,2,1
3425,526,43,2,1
3425,526,44,2,1
3425,526,45,2,1
3425,526,46,2,1
3425,526,47,2,1
3425,526,48,2,1
3425,526,49,2,1
3425,526,50,2,1
3425,526,51,2,1
3425,526,52,2,1
3425,526,53,2,1
3425,526,54,2,1
3425,526,55,2,1
3425,526,56,2,1
3425,526,57,2,1
3425,526,58,2,1
3425,526,59,2,1
3425,526,60,2,1
3425,526,61,2,1
3425,526,62,2,1
3425,526,63,2,1
3425,526,64,2,1
3425,526,65,2,1
3425,526,66,2,1
3425,526,67,2,1
3425,526,68,2,1
3425,526,69,2,1
3425,526,70,2,1
3425,526,71,2,1
3425,526,72,2,1
3425,526,73,2,1
3425,526,74,2,1
3425,526,75,2,1
3426,525,1,1,1
3426,525,2,1,1
3426,525,3,1,1
3426,525,4,1,1
3426,525,5,1,1
3426,525,6,1,1
3426,525,7,1,1
3426,525,8,1,1
3426,525,9,1,1
3426,525,10,1,1
3426,525,11,1,1
3426,525,12,1,1
3426,525,13,1,1
3426,525,14,1,1
3426,525,15,1,1
3426,525,16,1,1
3426,525,17,1,1
3426,525,18,1,1
3426,525,19,1,1
3426,525,20,1,1
3426,525,21,1,1
3426,525,22,1,1
3426,525,23,1,1
3426,525,24,1,1
3426,525,25,1,1
3426,525,26,1,1
3426,525,27,1,1
3426,525,28,1,1
3426,525,29,1,1
3426,525,30,1,1
3426,525,31,1,1
3426,525,32,1,1
3426,525,33,1,1
3426,525,34,1,1
3426,525,35,1,1
3426,525,36,1,1
3426,525,37,1,1
3426,525,38,1,1
3426,525,39,1,1
3426,525,40,1,1
3426,525,41,1,1
3426,525,42,1,1
3426,525,43,1,1
3426,525,44,1,1
3426,525,45,1,1
3426,525,46,1,1
3426,525,47,1,1
3426,525,48,1,1
3426,525,49,1,1
3426,525,50,1,1
3426,525,51,1,1
3426,525,52,1,1
3426,525,53,1,1
3426,525,54,1,1
3426,525,55,1,1
3426,525,56,1,1
3426,525,57,1,1
3426,525,58,1,1
3426,525,59,1,1
3426,525,60,1,1
3426,525,61,1,1
3426,525,62,1,1
3426,525,63,1,1
3426,525,64,1,1
3426,525,65,1,1
3426,525,66,1,1
3426,525,67,1,1
3426,525,68,1,1
3426,525,69,1,1
3426,525,70,1,1
3426,525,71,1,1
3426,525,72,1,1
3426,525,73,1,1
3426,525,74,1,1
3426,525,75,1,1
3426,525,1,2,1
3426,525,2,2,1
3426,525,3,2,1
3426,525,4,2,1
3426,525,5,2,1
3426,525,6,2,1
3426,525,7,2,1
3426,525,8,2,1
3426,525,9,2,1
3426,525,10,2,1
3426,525,11,2,1
3426,525,12,2,1
3426,525,13,2,1
3426,525,14,2,1
3426,525,15,2,1
3426,525,16,2,1
3426,525,17,2,1
3426,525,18,2,1
3426,525,19,2,1
3426,525,20,2,1
3426,525,21,2,1
3426,525,22,2,1
3426,525,23,2,1
3426,525,24,2,1
3426,525,25,2,1
3426,525,26,2,1
3426,525,27,2,1
3426,525,28,2,1
3426,525,29,2,1
3426,525,30,2,1
3426,525,31,2,1
3426,525,32,2,1
3426,525,33,2,1
3426,525,34,2,1
3426,525,35,2,1
3426,525,36,2,1
3426,525,37,2,1
3426,525,38,2,1
3426,525,39,2,1
3426,525,40,2,1
3426,525,41,2,1
3426,525,42,2,1
3426,525,43,2,1
3426,525,44,2,1
3426,525,45,2,1
3426,525,46,2,1
3426,525,47,2,1
3426,525,48,2,1
3426,525,49,2,1
3426,525,50,2,1
3426,525,51,2,1
3426,525,52,2,1
3426,525,53,2,1
3426,525,54,2,1
3426,525,55,2,1
3426,525,56,2,1
3426,525,57,2,1
3426,525,58,2,1
3426,525,59,2,1
3426,525,60,2,1
3426,525,61,2,1
3426,525,62,2,1
3426,525,63,2,1
3426,525,64,2,1
3426,525,65,2,1
3426,525,66,2,1
3426,525,67,2,1
3426,525,68,2,1
3426,525,69,2,1
3426,525,70,2,1
3426,525,71,2,1
3426,525,72,2,1
3426,525,73,2,1
3426,525,74,2,1
3426,525,75,2,1
3427,524,1,1,1
3427,524,2,1,1
3427,524,3,1,1
3427,524,4,1,1
3427,524,5,1,1
3427,524,6,1,1
3427,524,7,1,1
3427,524,8,1,1
3427,524,9,1,1
3427,524,10,1,1
3427,524,11,1,1
3427,524,12,1,1
3427,524,13,1,1
3427,524,14,1,1
3427,524,15,1,1
3427,524,16,1,1
3427,524,17,1,1
3427,524,18,1,1
3427,524,19,1,1
3427,524,20,1,1
3427,524,21,1,1
3427,524,22,1,1
3427,524,23,1,1
3427,524,24,1,1
3427,524,25,1,1
3427,524,26,1,1
3427,524,27,1,1
3427,524,28,1,1
3427,524,29,1,1
3427,524,30,1,1
3427,524,31,1,1
3427,524,32,1,1
3427,524,33,1,1
3427,524,34,1,1
3427,524,35,1,1
3427,524,36,1,1
3427,524,37,1,1
3427,524,38,1,1
3427,524,39,1,1
3427,524,40,1,1
3427,524,41,1,1
3427,524,42,1,1
3427,524,43,1,1
3427,524,44,1,1
3427,524,45,1,1
3427,524,46,1,1
3427,524,47,1,1
3427,524,48,1,1
3427,524,49,1,1
3427,524,50,1,1
3427,524,51,1,1
3427,524,52,1,1
3427,524,53,1,1
3427,524,54,1,1
3427,524,55,1,1
3427,524,56,1,1
3427,524,57,1,1
3427,524,58,1,1
3427,524,59,1,1
3427,524,60,1,1
3427,524,61,1,1
3427,524,62,1,1
3427,524,63,1,1
3427,524,64,1,1
3427,524,65,1,1
3427,524,66,1,1
3427,524,67,1,1
3427,524,68,1,1
3427,524,69,1,1
3427,524,70,1,1
3427,524,71,1,1
3427,524,72,1,1
3427,524,73,1,1
3427,524,74,1,1
3427,524,75,1,1
3427,524,1,2,1
3427,524,2,2,1
3427,524,3,2,1
3427,524,4,2,1
3427,524,5,2,1
3427,524,6,2,1
3427,524,7,2,1
3427,524,8,2,1
3427,524,9,2,1
3427,524,10,2,1
3427,524,11,2,1
3427,524,12,2,1
3427,524,13,2,1
3427,524,14,2,1
3427,524,15,2,1
3427,524,16,2,1
3427,524,17,2,1
3427,524,18,2,1
3427,524,19,2,1
3427,524,20,2,1
3427,524,21,2,1
3427,524,22,2,1
3427,524,23,2,1
3427,524,24,2,1
3427,524,25,2,1
3427,524,26,2,1
3427,524,27,2,1
3427,524,28,2,1
3427,524,29,2,1
3427,524,30,2,1
3427,524,31,2,1
3427,524,32,2,1
3427,524,33,2,1
3427,524,34,2,1
3427,524,35,2,1
3427,524,36,2,1
3427,524,37,2,1
3427,524,38,2,1
3427,524,39,2,1
3427,524,40,2,1
3427,524,41,2,1
3427,524,42,2,1
3427,524,43,2,1
3427,524,44,2,1
3427,524,45,2,1
3427,524,46,2,1
3427,524,47,2,1
3427,524,48,2,1
3427,524,49,2,1
3427,524,50,2,1
3427,524,51,2,1
3427,524,52,2,1
3427,524,53,2,1
3427,524,54,2,1
3427,524,55,2,1
3427,524,56,2,1
3427,524,57,2,1
3427,524,58,2,1
3427,524,59,2,1
3427,524,60,2,1
3427,524,61,2,1
3427,524,62,2,1
3427,524,63,2,1
3427,524,64,2,1
3427,524,65,2,1
3427,524,66,2,1
3427,524,67,2,1
3427,524,68,2,1
3427,524,69,2,1
3427,524,70,2,1
3427,524,71,2,1
3427,524,72,2,1
3427,524,73,2,1
3427,524,74,2,1
3427,524,75,2,1
3428,523,1,1,1
3428,523,2,1,1
3428,523,3,1,1
3428,523,4,1,1
3428,523,5,1,1
3428,523,6,1,1
3428,523,7,1,1
3428,523,8,1,1
3428,523,9,1,1
3428,523,10,1,1
3428,523,11,1,1
3428,523,12,1,1
3428,523,13,1,1
3428,523,14,1,1
3428,523,15,1,1
3428,523,16,1,1
3428,523,17,1,1
3428,523,18,1,1
3428,523,19,1,1
3428,523,20,1,1
3428,523,21,1,1
3428,523,22,1,1
3428,523,23,1,1
3428,523,24,1,1
3428,523,25,1,1
3428,523,26,1,1
3428,523,27,1,1
3428,523,28,1,1
3428,523,29,1,1
3428,523,30,1,1
3428,523,31,1,1
3428,523,32,1,1
3428,523,33,1,1
3428,523,34,1,1
3428,523,35,1,1
3428,523,36,1,1
3428,523,37,1,1
3428,523,38,1,1
3428,523,39,1,1
3428,523,40,1,1
3428,523,41,1,1
3428,523,42,1,1
3428,523,43,1,1
3428,523,44,1,1
3428,523,45,1,1
3428,523,46,1,1
3428,523,47,1,1
3428,523,48,1,1
3428,523,49,1,1
3428,523,50,1,1
3428,523,51,1,1
3428,523,52,1,1
3428,523,53,1,1
3428,523,54,1,1
3428,523,55,1,1
3428,523,56,1,1
3428,523,57,1,1
3428,523,58,1,1
3428,523,59,1,1
3428,523,60,1,1
3428,523,61,1,1
3428,523,62,1,1
3428,523,63,1,1
3428,523,64,1,1
3428,523,65,1,1
3428,523,66,1,1
3428,523,67,1,1
3428,523,68,1,1
3428,523,69,1,1
3428,523,70,1,1
3428,523,71,1,1
3428,523,72,1,1
3428,523,73,1,1
3428,523,74,1,1
3428,523,75,1,1
3428,523,1,2,1
3428,523,2,2,1
3428,523,3,2,1
3428,523,4,2,1
3428,523,5,2,1
3428,523,6,2,1
3428,523,7,2,1
3428,523,8,2,1
3428,523,9,2,1
3428,523,10,2,1
3428,523,11,2,1
3428,523,12,2,1
3428,523,13,2,1
3428,523,14,2,1
3428,523,15,2,1
3428,523,16,2,1
3428,523,17,2,1
3428,523,18,2,1
3428,523,19,2,1
3428,523,20,2,1
3428,523,21,2,1
3428,523,22,2,1
3428,523,23,2,1
3428,523,24,2,1
3428,523,25,2,1
3428,523,26,2,1
3428,523,27,2,1
3428,523,28,2,1
3428,523,29,2,1
3428,523,30,2,1
3428,523,31,2,1
3428,523,32,2,1
3428,523,33,2,1
3428,523,34,2,1
3428,523,35,2,1
3428,523,36,2,1
3428,523,37,2,1
3428,523,38,2,1
3428,523,39,2,1
3428,523,40,2,1
3428,523,41,2,1
3428,523,42,2,1
3428,523,43,2,1
3428,523,44,2,1
3428,523,45,2,1
3428,523,46,2,1
3428,523,47,2,1
3428,523,48,2,1
3428,523,49,2,1
3428,523,50,2,1
3428,523,51,2,1
3428,523,52,2,1
3428,523,53,2,1
3428,523,54,2,1
3428,523,55,2,1
3428,523,56,2,1
3428,523,57,2,1
3428,523,58,2,1
3428,523,59,2,1
3428,523,60,2,1
3428,523,61,2,1
3428,523,62,2,1
3428,523,63,2,1
3428,523,64,2,1
3428,523,65,2,1
3428,523,66,2,1
3428,523,67,2,1
3428,523,68,2,1
3428,523,69,2,1
3428,523,70,2,1
3428,523,71,2,1
3428,523,72,2,1
3428,523,73,2,1
3428,523,74,2,1
3428,523,75,2,1
3429,522,1,1,1
3429,522,2,1,1
3429,522,3,1,1
3429,522,4,1,1
3429,522,5,1,1
3429,522,6,1,1
3429,522,7,1,1
3429,522,8,1,1
3429,522,9,1,1
3429,522,10,1,1
3429,522,11,1,1
3429,522,12,1,1
3429,522,13,1,1
3429,522,14,1,1
3429,522,15,1,1
3429,522,16,1,1
3429,522,17,1,1
3429,522,18,1,1
3429,522,19,1,1
3429,522,20,1,1
3429,522,21,1,1
3429,522,22,1,1
3429,522,23,1,1
3429,522,24,1,1
3429,522,25,1,1
3429,522,26,1,1
3429,522,27,1,1
3429,522,28,1,1
3429,522,29,1,1
3429,522,30,1,1
3429,522,31,1,1
3429,522,32,1,1
3429,522,33,1,1
3429,522,34,1,1
3429,522,35,1,1
3429,522,36,1,1
3429,522,37,1,1
3429,522,38,1,1
3429,522,39,1,1
3429,522,40,1,1
3429,522,41,1,1
3429,522,42,1,1
3429,522,43,1,1
3429,522,44,1,1
3429,522,45,1,1
3429,522,46,1,1
3429,522,47,1,1
3429,522,48,1,1
3429,522,49,1,1
3429,522,50,1,1
3429,522,51,1,1
3429,522,52,1,1
3429,522,53,1,1
3429,522,54,1,1
3429,522,55,1,1
3429,522,56,1,1
3429,522,57,1,1
3429,522,58,1,1
3429,522,59,1,1
3429,522,60,1,1
3429,522,61,1,1
3429,522,62,1,1
3429,522,63,1,1
3429,522,64,1,1
3429,522,65,1,1
3429,522,66,1,1
3429,522,67,1,1
3429,522,68,1,1
3429,522,69,1,1
3429,522,70,1,1
3429,522,71,1,1
3429,522,72,1,1
3429,522,73,1,1
3429,522,74,1,1
3429,522,75,1,1
3429,522,1,2,1
3429,522,2,2,1
3429,522,3,2,1
3429,522,4,2,1
3429,522,5,2,1
3429,522,6,2,1
3429,522,7,2,1
3429,522,8,2,1
3429,522,9,2,1
3429,522,10,2,1
3429,522,11,2,1
3429,522,12,2,1
3429,522,13,2,1
3429,522,14,2,1
3429,522,15,2,1
3429,522,16,2,1
3429,522,17,2,1
3429,522,18,2,1
3429,522,19,2,1
3429,522,20,2,1
3429,522,21,2,1
3429,522,22,2,1
3429,522,23,2,1
3429,522,24,2,1
3429,522,25,2,1
3429,522,26,2,1
3429,522,27,2,1
3429,522,28,2,1
3429,522,29,2,1
3429,522,30,2,1
3429,522,31,2,1
3429,522,32,2,1
3429,522,33,2,1
3429,522,34,2,1
3429,522,35,2,1
3429,522,36,2,1
3429,522,37,2,1
3429,522,38,2,1
3429,522,39,2,1
3429,522,40,2,1
3429,522,41,2,1
3429,522,42,2,1
3429,522,43,2,1
3429,522,44,2,1
3429,522,45,2,1
3429,522,46,2,1
3429,522,47,2,1
3429,522,48,2,1
3429,522,49,2,1
3429,522,50,2,1
3429,522,51,2,1
3429,522,52,2,1
3429,522,53,2,1
3429,522,54,2,1
3429,522,55,2,1
3429,522,56,2,1
3429,522,57,2,1
3429,522,58,2,1
3429,522,59,2,1
3429,522,60,2,1
3429,522,61,2,1
3429,522,62,2,1
3429,522,63,2,1
3429,522,64,2,1
3429,522,65,2,1
3429,522,66,2,1
3429,522,67,2,1
3429,522,68,2,1
3429,522,69,2,1
3429,522,70,2,1
3429,522,71,2,1
3429,522,72,2,1
3429,522,73,2,1
3429,522,74,2,1
3429,522,75,2,1
3430,521,1,1,1
3430,521,2,1,1
3430,521,3,1,1
3430,521,4,1,1
3430,521,5,1,1
3430,521,6,1,1
3430,521,7,1,1
3430,521,8,1,1
3430,521,9,1,1
3430,521,10,1,1
3430,521,11,1,1
3430,521,12,1,1
3430,521,13,1,1
3430,521,14,1,1
3430,521,15,1,1
3430,521,16,1,1
3430,521,17,1,1
3430,521,18,1,1
3430,521,19,1,1
3430,521,20,1,1
3430,521,21,1,1
3430,521,22,1,1
3430,521,23,1,1
3430,521,24,1,1
3430,521,25,1,1
3430,521,26,1,1
3430,521,27,1,1
3430,521,28,1,1
3430,521,29,1,1
3430,521,30,1,1
3430,521,31,1,1
3430,521,32,1,1
3430,521,33,1,1
3430,521,34,1,1
3430,521,35,1,1
3430,521,36,1,1
3430,521,37,1,1
3430,521,38,1,1
3430,521,39,1,1
3430,521,40,1,1
3430,521,41,1,1
3430,521,42,1,1
3430,521,43,1,1
3430,521,44,1,1
3430,521,45,1,1
3430,521,46,1,1
3430,521,47,1,1
3430,521,48,1,1
3430,521,49,1,1
3430,521,50,1,1
3430,521,51,1,1
3430,521,52,1,1
3430,521,53,1,1
3430,521,54,1,1
3430,521,55,1,1
3430,521,56,1,1
3430,521,57,1,1
3430,521,58,1,1
3430,521,59,1,1
3430,521,60,1,1
3430,521,61,1,1
3430,521,62,1,1
3430,521,63,1,1
3430,521,64,1,1
3430,521,65,1,1
3430,521,66,1,1
3430,521,67,1,1
3430,521,68,1,1
3430,521,69,1,1
3430,521,70,1,1
3430,521,71,1,1
3430,521,72,1,1
3430,521,73,1,1
3430,521,74,1,1
3430,521,75,1,1
3430,521,1,2,1
3430,521,2,2,1
3430,521,3,2,1
3430,521,4,2,1
3430,521,5,2,1
3430,521,6,2,1
3430,521,7,2,1
3430,521,8,2,1
3430,521,9,2,1
3430,521,10,2,1
3430,521,11,2,1
3430,521,12,2,1
3430,521,13,2,1
3430,521,14,2,1
3430,521,15,2,1
3430,521,16,2,1
3430,521,17,2,1
3430,521,18,2,1
3430,521,19,2,1
3430,521,20,2,1
3430,521,21,2,1
3430,521,22,2,1
3430,521,23,2,1
3430,521,24,2,1
3430,521,25,2,1
3430,521,26,2,1
3430,521,27,2,1
3430,521,28,2,1
3430,521,29,2,1
3430,521,30,2,1
3430,521,31,2,1
3430,521,32,2,1
3430,521,33,2,1
3430,521,34,2,1
3430,521,35,2,1
3430,521,36,2,1
3430,521,37,2,1
3430,521,38,2,1
3430,521,39,2,1
3430,521,40,2,1
3430,521,41,2,1
3430,521,42,2,1
3430,521,43,2,1
3430,521,44,2,1
3430,521,45,2,1
3430,521,46,2,1
3430,521,47,2,1
3430,521,48,2,1
3430,521,49,2,1
3430,521,50,2,1
3430,521,51,2,1
3430,521,52,2,1
3430,521,53,2,1
3430,521,54,2,1
3430,521,55,2,1
3430,521,56,2,1
3430,521,57,2,1
3430,521,58,2,1
3430,521,59,2,1
3430,521,60,2,1
3430,521,61,2,1
3430,521,62,2,1
3430,521,63,2,1
3430,521,64,2,1
3430,521,65,2,1
3430,521,66,2,1
3430,521,67,2,1
3430,521,68,2,1
3430,521,69,2,1
3430,521,70,2,1
3430,521,71,2,1
3430,521,72,2,1
3430,521,73,2,1
3430,521,74,2,1
3430,521,75,2,1
3430,520,1,1,1
3430,520,2,1,1
3430,520,3,1,1
3430,520,4,1,1
3430,520,5,1,1
3430,520,6,1,1
3430,520,7,1,1
3430,520,8,1,1
3430,520,9,1,1
3430,520,10,1,1
3430,520,11,1,1
3430,520,12,1,1
3430,520,13,1,1
3430,520,14,1,1
3430,520,15,1,1
3430,520,16,1,1
3430,520,17,1,1
3430,520,18,1,1
3430,520,19,1,1
3430,520,20,1,1
3430,520,21,1,1
3430,520,22,1,1
3430,520,23,1,1
3430,520,24,1,1
3430,520,25,1,1
3430,520,26,1,1
3430,520,27,1,1
3430,520,28,1,1
3430,520,29,1,1
3430,520,30,1,1
3430,520,31,1,1
3430,520,32,1,1
3430,520,33,1,1
3430,520,34,1,1
3430,520,35,1,1
3430,520,36,1,1
3430,520,37,1,1
3430,520,38,1,1
3430,520,39,1,1
3430,520,40,1,1
3430,520,41,1,1
3430,520,42,1,1
3430,520,43,1,1
3430,520,44,1,1
3430,520,45,1,1
3430,520,46,1,1
3430,520,47,1,1
3430,520,48,1,1
3430,520,49,1,1
3430,520,50,1,1
3430,520,51,1,1
3430,520,52,1,1
3430,520,53,1,1
3430,520,54,1,1
3430,520,55,1,1
3430,520,56,1,1
3430,520,57,1,1
3430,520,58,1,1
3430,520,59,1,1
3430,520,60,1,1
3430,520,61,1,1
3430,520,62,1,1
3430,520,63,1,1
3430,520,64,1,1
3430,520,65,1,1
3430,520,66,1,1
3430,520,67,1,1
3430,520,68,1,1
3430,520,69,1,1
3430,520,70,1,1
3430,520,71,1,1
3430,520,72,1,1
3430,520,73,1,1
3430,520,74,1,1
3430,520,75,1,1
3431,520,1,2,1
3431,520,2,2,1
3431,520,3,2,1
3431,520,4,2,1
3431,520,5,2,1
3431,520,6,2,1
3431,520,7,2,1
3431,520,8,2,1
3431,520,9,2,1
3431,520,10,2,1
3431,520,11,2,1
3431,520,12,2,1
3431,520,13,2,1
3431,520,14,2,1
3431,520,15,2,1
3431,520,16,2,1
3431,520,17,2,1
3431,520,18,2,1
3431,520,19,2,1
3431,520,20,2,1
3431,520,21,2,1
3431,520,22,2,1
3431,520,23,2,1
3431,520,24,2,1
3431,520,25,2,1
3431,520,26,2,1
3431,520,27,2,1
3431,520,28,2,1
3431,520,29,2,1
3431,520,30,2,1
3431,520,31,2,1
3431,520,32,2,1
3431,520,33,2,1
3431,520,34,2,1
3431,520,35,2,1
3431,520,36,2,1
3431,520,37,2,1
3431,520,38,2,1
3431,520,39,2,1
3431,520,40,2,1
3431,520,41,2,1
3431,520,42,2,1
3431,520,43,2,1
3431,520,44,2,1
3431,520,45,2,1
3431,520,46,2,1
3431,520,47,2,1
3431,520,48,2,1
3431,520,49,2,1
3431,520,50,2,1
3431,520,51,2,1
3431,520,52,2,1
3431,520,53,2,1
3431,520,54,2,1
3431,520,55,2,1
3431,520,56,2,1
3431,520,57,2,1
3431,520,58,2,1
3431,520,59,2,1
3431,520,60,2,1
3431,520,61,2,1
3431,520,62,2,1
3431,520,63,2,1
3431,520,64,2,1
3431,520,65,2,1
3431,520,66,2,1
3431,520,67,2,1
3431,520,68,2,1
3431,520,69,2,1
3431,520,70,2,1
3431,520,71,2,1
3431,520,72,2,1
3431,520,73,2,1
3431,520,74,2,1
3431,520,75,2,1
3431,519,1,1,1
3431,519,2,1,1
3431,519,3,1,1
3431,519,4,1,1
3431,519,5,1,1
3431,519,6,1,1
3431,519,7,1,1
3431,519,8,1,1
3431,519,9,1,1
3431,519,10,1,1
3431,519,11,1,1
3431,519,12,1,1
3431,519,13,1,1
3431,519,14,1,1
3431,519,15,1,1
3431,519,16,1,1
3431,519,17,1,1
3431,519,18,1,1
3431,519,19,1,1
3431,519,20,1,1
3431,519,21,1,1
3431,519,22,1,1
3431,519,23,1,1
3431,519,24,1,1
3431,519,25,1,1
3431,519,26,1,1
3431,519,27,1,1
3431,519,28,1,1
3431,519,29,1,1
3431,519,30,1,1
3431,519,31,1,1
3431,519,32,1,1
3431,519,33,1,1
3431,519,34,1,1
3431,519,35,1,1
3431,519,36,1,1
3431,519,37,1,1
3431,519,38,1,1
3431,519,39,1,1
3431,519,40,1,1
3431,519,41,1,1
3431,519,42,1,1
3431,519,43,1,1
3431,519,44,1,1
3431,519,45,1,1
3431,519,46,1,1
3431,519,47,1,1
3431,519,48,1,1
3431,519,49,1,1
3431,519,50,1,1
3431,519,51,1,1
3431,519,52,1,1
3431,519,53,1,1
3431,519,54,1,1
3431,519,55,1,1
3431,519,56,1,1
3431,519,57,1,1
3431,519,58,1,1
3431,519,59,1,1
3431,519,60,1,1
3431,519,61,1,1
3431,519,62,1,1
3431,519,63,1,1
3431,519,64,1,1
3431,519,65,1,1
3431,519,66,1,1
3431,519,67,1,1
3431,519,68,1,1
3431,519,69,1,1
3431,519,70,1,1
3431,519,71,1,1
3431,519,72,1,1
3431,519,73,1,1
3431,519,74,1,1
3431,519,75,1,1
3432,519,1,2,1
3432,519,2,2,1
3432,519,3,2,1
3432,519,4,2,1
3432,519,5,2,1
3432,519,6,2,1
3432,519,7,2,1
3432,519,8,2,1
3432,519,9,2,1
3432,519,10,2,1
3432,519,11,2,1
3432,519,12,2,1
3432,519,13,2,1
3432,519,14,2,1
3432,519,15,2,1
3432,519,16,2,1
3432,519,17,2,1
3432,519,18,2,1
3432,519,19,2,1
3432,519,20,2,1
3432,519,21,2,1
3432,519,22,2,1
3432,519,23,2,1
3432,519,24,2,1
3432,519,25,2,1
3432,519,26,2,1
3432,519,27,2,1
3432,519,28,2,1
3432,519,29,2,1
3432,519,30,2,1
3432,519,31,2,1
3432,519,32,2,1
3432,519,33,2,1
3432,519,34,2,1
3432,519,35,2,1
3432,519,36,2,1
3432,519,37,2,1
3432,519,38,2,1
3432,519,39,2,1
3432,519,40,2,1
3432,519,41,2,1
3432,519,42,2,1
3432,519,43,2,1
3432,519,44,2,1
3432,519,45,2,1
3432,519,46,2,1
3432,519,47,2,1
3432,519,48,2,1
3432,519,49,2,1
3432,519,50,2,1
3432,519,51,2,1
3432,519,52,2,1
3432,519,53,2,1
3432,519,54,2,1
3432,519,55,2,1
3432,519,56,2,1
3432,519,57,2,1
3432,519,58,2,1
3432,519,59,2,1
3432,519,60,2,1
3432,519,61,2,1
3432,519,62,2,1
3432,519,63,2,1
3432,519,64,2,1
3432,519,65,2,1
3432,519,66,2,1
3432,519,67,2,1
3432,519,68,2,1
3432,519,69,2,1
3432,519,70,2,1
3432,519,71,2,1
3432,519,72,2,1
3432,519,73,2,1
3432,519,74,2,1
3432,519,75,2,1
3432,518,1,1,1
3432,518,2,1,1
3432,518,3,1,1
3432,518,4,1,1
3432,518,5,1,1
3432,518,6,1,1
3432,518,7,1,1
3432,518,8,1,1
3432,518,9,1,1
3432,518,10,1,1
3432,518,11,1,1
3432,518,12,1,1
3432,518,13,1,1
3432,518,14,1,1
3432,518,15,1,1
3432,518,16,1,1
3432,518,17,1,1
3432,518,18,1,1
3432,518,19,1,1
3432,518,20,1,1
3432,518,21,1,1
3432,518,22,1,1
3432,518,23,1,1
3432,518,24,1,1
3432,518,25,1,1
3432,518,26,1,1
3432,518,27,1,1
3432,518,28,1,1
3432,518,29,1,1
3432,518,30,1,1
3432,518,31,1,1
3432,518,32,1,1
3432,518,33,1,1
3432,518,34,1,1
3432,518,35,1,1
3432,518,36,1,1
3432,518,37,1,1
3432,518,38,1,1
3432,518,39,1,1
3432,518,40,1,1
3432,518,41,1,1
3432,518,42,1,1
3432,518,43,1,1
3432,518,44,1,1
3432,518,45,1,1
3432,518,46,1,1
3432,518,47,1,1
3432,518,48,1,1
3432,518,49,1,1
3432,518,50,1,1
3432,518,51,1,1
3432,518,52,1,1
3432,518,53,1,1
3432,518,54,1,1
3432,518,55,1,1
3432,518,56,1,1
3432,518,57,1,1
3432,518,58,1,1
3432,518,59,1,1
3432,518,60,1,1
3432,518,61,1,1
3432,518,62,1,1
3432,518,63,1,1
3432,518,64,1,1
3432,518,65,1,1
3432,518,66,1,1
3432,518,67,1,1
3432,518,68,1,1
3432,518,69,1,1
3432,518,70,1,1
3432,518,71,1,1
3432,518,72,1,1
3432,518,73,1,1
3432,518,74,1,1
3432,518,75,1,1
3433,518,1,2,1
3433,518,2,2,1
3433,518,3,2,1
3433,518,4,2,1
3433,518,5,2,1
3433,518,6,2,1
3433,518,7,2,1
3433,518,8,2,1
3433,518,9,2,1
3433,518,10,2,1
3433,518,11,2,1
3433,518,12,2,1
3433,518,13,2,1
3433,518,14,2,1
3433,518,15,2,1
3433,518,16,2,1
3433,518,17,2,1
3433,518,18,2,1
3433,518,19,2,1
3433,518,20,2,1
3433,518,21,2,1
3433,518,22,2,1
3433,518,23,2,1
3433,518,24,2,1
3433,518,25,2,1
3433,518,26,2,1
3433,518,27,2,1
3433,518,28,2,1
3433,518,29,2,1
3433,518,30,2,1
3433,518,31,2,1
3433,518,32,2,1
3433,518,33,2,1
3433,518,34,2,1
3433,518,35,2,1
3433,518,36,2,1
3433,518,37,2,1
3433,518,38,2,1
3433,518,39,2,1
3433,518,40,2,1
3433,518,41,2,1
3433,518,42,2,1
3433,518,43,2,1
3433,518,44,2,1
3433,518,45,2,1
3433,518,46,2,1
3433,518,47,2,1
3433,518,48,2,1
3433,518,49,2,1
3433,518,50,2,1
3433,518,51,2,1
3433,518,52,2,1
3433,518,53,2,1
3433,518,54,2,1
3433,518,55,2,1
3433,518,56,2,1
3433,518,57,2,1
3433,518,58,2,1
3433,518,59,2,1
3433,518,60,2,1
3433,518,61,2,1
3433,518,62,2,1
3433,518,63,2,1
3433,518,64,2,1
3433,518,65,2,1
3433,518,66,2,1
3433,518,67,2,1
3433,518,68,2,1
3433,518,69,2,1
3433,518,70,2,1
3433,518,71,2,1
3433,518,72,2,1
3433,518,73,2,1
3433,518,74,2,1
3433,518,75,2,1
3433,517,1,1,1
3433,517,2,1,1
3433,517,3,1,1
3433,517,4,1,1
3433,517,5,1,1
3433,517,6,1,1
3433,517,7,1,1
3433,517,8,1,1
3433,517,9,1,1
3433,517,10,1,1
3433,517,11,1,1
3433,517,12,1,1
3433,517,13,1,1
3433,517,14,1,1
3433,517,15,1,1
3433,517,16,1,1
3433,517,17,1,1
3433,517,18,1,1
3433,517,19,1,1
3433,517,20,1,1
3433,517,21,1,1
3433,517,22,1,1
3433,517,23,1,1
3433,517,24,1,1
3433,517,25,1,1
3433,517,26,1,1
3433,517,27,1,1
3433,517,28,1,1
3433,517,29,1,1
3433,517,30,1,1
3433,517,31,1,1
3433,517,32,1,1
3433,517,33,1,1
3433,517,34,1,1
3433,517,35,1,1
3433,517,36,1,1
3433,517,37,1,1
3433,517,38,1,1
3433,517,39,1,1
3433,517,40,1,1
3433,517,41,1,1
3433,517,42,1,1
3433,517,43,1,1
3433,517,44,1,1
3433,517,45,1,1
3433,517,46,1,1
3433,517,47,1,1
3433,517,48,1,1
3433,517,49,1,1
3433,517,50,1,1
3433,517,51,1,1
3433,517,52,1,1
3433,517,53,1,1
3433,517,54,1,1
3433,517,55,1,1
3433,517,56,1,1
3433,517,57,1,1
3433,517,58,1,1
3433,517,59,1,1
3433,517,60,1,1
3433,517,61,1,1
3433,517,62,1,1
3433,517,63,1,1
3433,517,64,1,1
3433,517,65,1,1
3433,517,66,1,1
3433,517,67,1,1
3433,517,68,1,1
3433,517,69,1,1
3433,517,70,1,1
3433,517,71,1,1
3433,517,72,1,1
3433,517,73,1,1
3433,517,74,1,1
3433,517,75,1,1
3434,517,1,2,1
3434,517,2,2,1
3434,517,3,2,1
3434,517,4,2,1
3434,517,5,2,1
3434,517,6,2,1
3434,517,7,2,1
3434,517,8,2,1
3434,517,9,2,1
3434,517,10,2,1
3434,517,11,2,1
3434,517,12,2,1
3434,517,13,2,1
3434,517,14,2,1
3434,517,15,2,1
3434,517,16,2,1
3434,517,17,2,1
3434,517,18,2,1
3434,517,19,2,1
3434,517,20,2,1
3434,517,21,2,1
3434,517,22,2,1
3434,517,23,2,1
3434,517,24,2,1
3434,517,25,2,1
3434,517,26,2,1
3434,517,27,2,1
3434,517,28,2,1
3434,517,29,2,1
3434,517,30,2,1
3434,517,31,2,1
3434,517,32,2,1
3434,517,33,2,1
3434,517,34,2,1
3434,517,35,2,1
3434,517,36,2,1
3434,517,37,2,1
3434,517,38,2,1
3434,517,39,2,1
3434,517,40,2,1
3434,517,41,2,1
3434,517,42,2,1
3434,517,43,2,1
3434,517,44,2,1
3434,517,45,2,1
3434,517,46,2,1
3434,517,47,2,1
3434,517,48,2,1
3434,517,49,2,1
3434,517,50,2,1
3434,517,51,2,1
3434,517,52,2,1
3434,517,53,2,1
3434,517,54,2,1
3434,517,55,2,1
3434,517,56,2,1
3434,517,57,2,1
3434,517,58,2,1
3434,517,59,2,1
3434,517,60,2,1
3434,517,61,2,1
3434,517,62,2,1
3434,517,63,2,1
3434,517,64,2,1
3434,517,65,2,1
3434,517,66,2,1
3434,517,67,2,1
3434,517,68,2,1
3434,517,69,2,1
3434,517,70,2,1
3434,517,71,2,1
3434,517,72,2,1
3434,517,73,2,1
3434,517,74,2,1
3434,517,75,2,1
3434,516,1,1,1
3434,516,2,1,1
3434,516,3,1,1
3434,516,4,1,1
3434,516,5,1,1
3434,516,6,1,1
3434,516,7,1,1
3434,516,8,1,1
3434,516,9,1,1
3434,516,10,1,1
3434,516,11,1,1
3434,516,12,1,1
3434,516,13,1,1
3434,516,14,1,1
3434,516,15,1,1
3434,516,16,1,1
3434,516,17,1,1
3434,516,18,1,1
3434,516,19,1,1
3434,516,20,1,1
3434,516,21,1,1
3434,516,22,1,1
3434,516,23,1,1
3434,516,24,1,1
3434,516,25,1,1
3434,516,26,1,1
3434,516,27,1,1
3434,516,28,1,1
3434,516,29,1,1
3434,516,30,1,1
3434,516,31,1,1
3434,516,32,1,1
3434,516,33,1,1
3434,516,34,1,1
3434,516,35,1,1
3434,516,36,1,1
3434,516,37,1,1
3434,516,38,1,1
3434,516,39,1,1
3434,516,40,1,1
3434,516,41,1,1
3434,516,42,1,1
3434,516,43,1,1
3434,516,44,1,1
3434,516,45,1,1
3434,516,46,1,1
3434,516,47,1,1
3434,516,48,1,1
3434,516,49,1,1
3434,516,50,1,1
3434,516,51,1,1
3434,516,52,1,1
3434,516,53,1,1
3434,516,54,1,1
3434,516,55,1,1
3434,516,56,1,1
3434,516,57,1,1
3434,516,58,1,1
3434,516,59,1,1
3434,516,60,1,1
3434,516,61,1,1
3434,516,62,1,1
3434,516,63,1,1
3434,516,64,1,1
3434,516,65,1,1
3434,516,66,1,1
3434,516,67,1,1
3434,516,68,1,1
3434,516,69,1,1
3434,516,70,1,1
3434,516,71,1,1
3434,516,72,1,1
3434,516,73,1,1
3434,516,74,1,1
3434,516,75,1,1
3435,516,1,2,1
3435,516,2,2,1
3435,516,3,2,1
3435,516,4,2,1
3435,516,5,2,1
3435,516,6,2,1
3435,516,7,2,1
3435,516,8,2,1
3435,516,9,2,1
3435,516,10,2,1
3435,516,11,2,1
3435,516,12,2,1
3435,516,13,2,1
3435,516,14,2,1
3435,516,15,2,1
3435,516,16,2,1
3435,516,17,2,1
3435,516,18,2,1
3435,516,19,2,1
3435,516,20,2,1
3435,516,21,2,1
3435,516,22,2,1
3435,516,23,2,1
3435,516,24,2,1
3435,516,25,2,1
3435,516,26,2,1
3435,516,27,2,1
3435,516,28,2,1
3435,516,29,2,1
3435,516,30,2,1
3435,516,31,2,1
3435,516,32,2,1
3435,516,33,2,1
3435,516,34,2,1
3435,516,35,2,1
3435,516,36,2,1
3435,516,37,2,1
3435,516,38,2,1
3435,516,39,2,1
3435,516,40,2,1
3435,516,41,2,1
3435,516,42,2,1
3435,516,43,2,1
3435,516,44,2,1
3435,516,45,2,1
3435,516,46,2,1
3435,516,47,2,1
3435,516,48,2,1
3435,516,49,2,1
3435,516,50,2,1
3435,516,51,2,1
3435,516,52,2,1
3435,516,53,2,1
3435,516,54,2,1
3435,516,55,2,1
3435,516,56,2,1
3435,516,57,2,1
3435,516,58,2,1
3435,516,59,2,1
3435,516,60,2,1
3435,516,61,2,1
3435,516,62,2,1
3435,516,63,2,1
3435,516,64,2,1
3435,516,65,2,1
3435,516,66,2,1
3435,516,67,2,1
3435,516,68,2,1
3435,516,69,2,1
3435,516,70,2,1
3435,516,71,2,1
3435,516,72,2,1
3435,516,73,2,1
3435,516,74,2,1
3435,516,75,2,1
3435,515,1,1,1
3435,515,2,1,1
3435,515,3,1,1
3435,515,4,1,1
3435,515,5,1,1
3435,515,6,1,1
3435,515,7,1,1
3435,515,8,1,1
3435,515,9,1,1
3435,515,10,1,1
3435,515,11,1,1
3435,515,12,1,1
3435,515,13,1,1
3435,515,14,1,1
3435,515,15,1,1
3435,515,16,1,1
3435,515,17,1,1
3435,515,18,1,1
3435,515,19,1,1
3435,515,20,1,1
3435,515,21,1,1
3435,515,22,1,1
3435,515,23,1,1
3435,515,24,1,1
3435,515,25,1,1
3435,515,26,1,1
3435,515,27,1,1
3435,515,28,1,1
3435,515,29,1,1
3435,515,30,1,1
3435,515,31,1,1
3435,515,32,1,1
3435,515,33,1,1
3435,515,34,1,1
3435,515,35,1,1
3435,515,36,1,1
3435,515,37,1,1
3435,515,38,1,1
3435,515,39,1,1
3435,515,40,1,1
3435,515,41,1,1
3435,515,42,1,1
3435,515,43,1,1
3435,515,44,1,1
3435,515,45,1,1
3435,515,46,1,1
3435,515,47,1,1
3435,515,48,1,1
3435,515,49,1,1
3435,515,50,1,1
3435,515,51,1,1
3435,515,52,1,1
3435,515,53,1,1
3435,515,54,1,1
3435,515,55,1,1
3435,515,56,1,1
3435,515,57,1,1
3435,515,58,1,1
3435,515,59,1,1
3435,515,60,1,1
3435,515,61,1,1
3435,515,62,1,1
3435,515,63,1,1
3435,515,64,1,1
3435,515,65,1,1
3435,515,66,1,1
3435,515,67,1,1
3435,515,68,1,1
3435,515,69,1,1
3435,515,70,1,1
3435,515,71,1,1
3435,515,72,1,1
3435,515,73,1,1
3435,515,74,1,1
3435,515,75,1,1
3436,514,1,1,1
3436,514,2,1,1
3436,514,3,1,1
3436,514,4,1,1
3436,514,5,1,1
3436,514,6,1,1
3436,514,7,1,1
3436,514,8,1,1
3436,514,9,1,1
3436,514,10,1,1
3436,514,11,1,1
3436,514,12,1,1
3436,514,13,1,1
3436,514,14,1,1
3436,514,15,1,1
3436,514,16,1,1
3436,514,17,1,1
3436,514,18,1,1
3436,514,19,1,1
3436,514,20,1,1
3436,514,21,1,1
3436,514,22,1,1
3436,514,23,1,1
3436,514,24,1,1
3436,514,25,1,1
3436,514,26,1,1
3436,514,27,1,1
3436,514,28,1,1
3436,514,29,1,1
3436,514,30,1,1
3436,514,31,1,1
3436,514,32,1,1
3436,514,33,1,1
3436,514,34,1,1
3436,514,35,1,1
3436,514,36,1,1
3436,514,37,1,1
3436,514,38,1,1
3436,514,39,1,1
3436,514,40,1,1
3436,514,41,1,1
3436,514,42,1,1
3436,514,43,1,1
3436,514,44,1,1
3436,514,45,1,1
3436,514,46,1,1
3436,514,47,1,1
3436,514,48,1,1
3436,514,49,1,1
3436,514,50,1,1
3436,514,51,1,1
3436,514,52,1,1
3436,514,53,1,1
3436,514,54,1,1
3436,514,55,1,1
3436,514,56,1,1
3436,514,57,1,1
3436,514,58,1,1
3436,514,59,1,1
3436,514,60,1,1
3436,514,61,1,1
3436,514,62,1,1
3436,514,63,1,1
3436,514,64,1,1
3436,514,65,1,1
3436,514,66,1,1
3436,514,67,1,1
3436,514,68,1,1
3436,514,69,1,1
3436,514,70,1,1
3436,514,71,1,1
3436,514,72,1,1
3436,514,73,1,1
3436,514,74,1,1
3436,514,75,1,1
3436,514,1,2,1
3436,514,2,2,1
3436,514,3,2,1
3436,514,4,2,1
3436,514,5,2,1
3436,514,6,2,1
3436,514,7,2,1
3436,514,8,2,1
3436,514,9,2,1
3436,514,10,2,1
3436,514,11,2,1
3436,514,12,2,1
3436,514,13,2,1
3436,514,14,2,1
3436,514,15,2,1
3436,514,16,2,1
3436,514,17,2,1
3436,514,18,2,1
3436,514,19,2,1
3436,514,20,2,1
3436,514,21,2,1
3436,514,22,2,1
3436,514,23,2,1
3436,514,24,2,1
3436,514,25,2,1
3436,514,26,2,1
3436,514,27,2,1
3436,514,28,2,1
3436,514,29,2,1
3436,514,30,2,1
3436,514,31,2,1
3436,514,32,2,1
3436,514,33,2,1
3436,514,34,2,1
3436,514,35,2,1
3436,514,36,2,1
3436,514,37,2,1
3436,514,38,2,1
3436,514,39,2,1
3436,514,40,2,1
3436,514,41,2,1
3436,514,42,2,1
3436,514,43,2,1
3436,514,44,2,1
3436,514,45,2,1
3436,514,46,2,1
3436,514,47,2,1
3436,514,48,2,1
3436,514,49,2,1
3436,514,50,2,1
3436,514,51,2,1
3436,514,52,2,1
3436,514,53,2,1
3436,514,54,2,1
3436,514,55,2,1
3436,514,56,2,1
3436,514,57,2,1
3436,514,58,2,1
3436,514,59,2,1
3436,514,60,2,1
3436,514,61,2,1
3436,514,62,2,1
3436,514,63,2,1
3436,514,64,2,1
3436,514,65,2,1
3436,514,66,2,1
3436,514,67,2,1
3436,514,68,2,1
3436,514,69,2,1
3436,514,70,2,1
3436,514,71,2,1
3436,514,72,2,1
3436,514,73,2,1
3436,514,74,2,1
3436,514,75,2,1
3437,513,1,1,1
3437,513,2,1,1
3437,513,3,1,1
3437,513,4,1,1
3437,513,5,1,1
3437,513,6,1,1
3437,513,7,1,1
3437,513,8,1,1
3437,513,9,1,1
3437,513,10,1,1
3437,513,11,1,1
3437,513,12,1,1
3437,513,13,1,1
3437,513,14,1,1
3437,513,15,1,1
3437,513,16,1,1
3437,513,17,1,1
3437,513,18,1,1
3437,513,19,1,1
3437,513,20,1,1
3437,513,21,1,1
3437,513,22,1,1
3437,513,23,1,1
3437,513,24,1,1
3437,513,25,1,1
3437,513,26,1,1
3437,513,27,1,1
3437,513,28,1,1
3437,513,29,1,1
3437,513,30,1,1
3437,513,31,1,1
3437,513,32,1,1
3437,513,33,1,1
3437,513,34,1,1
3437,513,35,1,1
3437,513,36,1,1
3437,513,37,1,1
3437,513,38,1,1
3437,513,39,1,1
3437,513,40,1,1
3437,513,41,1,1
3437,513,42,1,1
3437,513,43,1,1
3437,513,44,1,1
3437,513,45,1,1
3437,513,46,1,1
3437,513,47,1,1
3437,513,48,1,1
3437,513,49,1,1
3437,513,50,1,1
3437,513,51,1,1
3437,513,52,1,1
3437,513,53,1,1
3437,513,54,1,1
3437,513,55,1,1
3437,513,56,1,1
3437,513,57,1,1
3437,513,58,1,1
3437,513,59,1,1
3437,513,60,1,1
3437,513,61,1,1
3437,513,62,1,1
3437,513,63,1,1
3437,513,64,1,1
3437,513,65,1,1
3437,513,66,1,1
3437,513,67,1,1
3437,513,68,1,1
3437,513,69,1,1
3437,513,70,1,1
3437,513,71,1,1
3437,513,72,1,1
3437,513,73,1,1
3437,513,74,1,1
3437,513,75,1,1
3437,513,1,2,1
3437,513,2,2,1
3437,513,3,2,1
3437,513,4,2,1
3437,513,5,2,1
3437,513,6,2,1
3437,513,7,2,1
3437,513,8,2,1
3437,513,9,2,1
3437,513,10,2,1
3437,513,11,2,1
3437,513,12,2,1
3437,513,13,2,1
3437,513,14,2,1
3437,513,15,2,1
3437,513,16,2,1
3437,513,17,2,1
3437,513,18,2,1
3437,513,19,2,1
3437,513,20,2,1
3437,513,21,2,1
3437,513,22,2,1
3437,513,23,2,1
3437,513,24,2,1
3437,513,25,2,1
3437,513,26,2,1
3437,513,27,2,1
3437,513,28,2,1
3437,513,29,2,1
3437,513,30,2,1
3437,513,31,2,1
3437,513,32,2,1
3437,513,33,2,1
3437,513,34,2,1
3437,513,35,2,1
3437,513,36,2,1
3437,513,37,2,1
3437,513,38,2,1
3437,513,39,2,1
3437,513,40,2,1
3437,513,41,2,1
3437,513,42,2,1
3437,513,43,2,1
3437,513,44,2,1
3437,513,45,2,1
3437,513,46,2,1
3437,513,47,2,1
3437,513,48,2,1
3437,513,49,2,1
3437,513,50,2,1
3437,513,51,2,1
3437,513,52,2,1
3437,513,53,2,1
3437,513,54,2,1
3437,513,55,2,1
3437,513,56,2,1
3437,513,57,2,1
3437,513,58,2,1
3437,513,59,2,1
3437,513,60,2,1
3437,513,61,2,1
3437,513,62,2,1
3437,513,63,2,1
3437,513,64,2,1
3437,513,65,2,1
3437,513,66,2,1
3437,513,67,2,1
3437,513,68,2,1
3437,513,69,2,1
3437,513,70,2,1
3437,513,71,2,1
3437,513,72,2,1
3437,513,73,2,1
3437,513,74,2,1
3437,513,75,2,1
3438,512,1,1,1
3438,512,2,1,1
3438,512,3,1,1
3438,512,4,1,1
3438,512,5,1,1
3438,512,6,1,1
3438,512,7,1,1
3438,512,8,1,1
3438,512,9,1,1
3438,512,10,1,1
3438,512,11,1,1
3438,512,12,1,1
3438,512,13,1,1
3438,512,14,1,1
3438,512,15,1,1
3438,512,16,1,1
3438,512,17,1,1
3438,512,18,1,1
3438,512,19,1,1
3438,512,20,1,1
3438,512,21,1,1
3438,512,22,1,1
3438,512,23,1,1
3438,512,24,1,1
3438,512,25,1,1
3438,512,26,1,1
3438,512,27,1,1
3438,512,28,1,1
3438,512,29,1,1
3438,512,30,1,1
3438,512,31,1,1
3438,512,32,1,1
3438,512,33,1,1
3438,512,34,1,1
3438,512,35,1,1
3438,512,36,1,1
3438,512,37,1,1
3438,512,38,1,1
3438,512,39,1,1
3438,512,40,1,1
3438,512,41,1,1
3438,512,42,1,1
3438,512,43,1,1
3438,512,44,1,1
3438,512,45,1,1
3438,512,46,1,1
3438,512,47,1,1
3438,512,48,1,1
3438,512,49,1,1
3438,512,50,1,1
3438,512,51,1,1
3438,512,52,1,1
3438,512,53,1,1
3438,512,54,1,1
3438,512,55,1,1
3438,512,56,1,1
3438,512,57,1,1
3438,512,58,1,1
3438,512,59,1,1
3438,512,60,1,1
3438,512,61,1,1
3438,512,62,1,1
3438,512,63,1,1
3438,512,64,1,1
3438,512,65,1,1
3438,512,66,1,1
3438,512,67,1,1
3438,512,68,1,1
3438,512,69,1,1
3438,512,70,1,1
3438,512,71,1,1
3438,512,72,1,1
3438,512,73,1,1
3438,512,74,1,1
3438,512,75,1,1
3438,512,1,2,1
3438,512,2,2,1
3438,512,3,2,1
3438,512,4,2,1
3438,512,5,2,1
3438,512,6,2,1
3438,512,7,2,1
3438,512,8,2,1
3438,512,9,2,1
3438,512,10,2,1
3438,512,11,2,1
3438,512,12,2,1
3438,512,13,2,1
3438,512,14,2,1
3438,512,15,2,1
3438,512,16,2,1
3438,512,17,2,1
3438,512,18,2,1
3438,512,19,2,1
3438,512,20,2,1
3438,512,21,2,1
3438,512,22,2,1
3438,512,23,2,1
3438,512,24,2,1
3438,512,25,2,1
3438,512,26,2,1
3438,512,27,2,1
3438,512,28,2,1
3438,512,29,2,1
3438,512,30,2,1
3438,512,31,2,1
3438,512,32,2,1
3438,512,33,2,1
3438,512,34,2,1
3438,512,35,2,1
3438,512,36,2,1
3438,512,37,2,1
3438,512,38,2,1
3438,512,39,2,1
3438,512,40,2,1
3438,512,41,2,1
3438,512,42,2,1
3438,512,43,2,1
3438,512,44,2,1
3438,512,45,2,1
3438,512,46,2,1
3438,512,47,2,1
3438,512,48,2,1
3438,512,49,2,1
3438,512,50,2,1
3438,512,51,2,1
3438,512,52,2,1
3438,512,53,2,1
3438,512,54,2,1
3438,512,55,2,1
3438,512,56,2,1
3438,512,57,2,1
3438,512,58,2,1
3438,512,59,2,1
3438,512,60,2,1
3438,512,61,2,1
3438,512,62,2,1
3438,512,63,2,1
3438,512,64,2,1
3438,512,65,2,1
3438,512,66,2,1
3438,512,67,2,1
3438,512,68,2,1
3438,512,69,2,1
3438,512,70,2,1
3438,512,71,2,1
3438,512,72,2,1
3438,512,73,2,1
3438,512,74,2,1
3438,512,75,2,1
3439,511,1,1,1
3439,511,2,1,1
3439,511,3,1,1
3439,511,4,1,1
3439,511,5,1,1
3439,511,6,1,1
3439,511,7,1,1
3439,511,8,1,1
3439,511,9,1,1
3439,511,10,1,1
3439,511,11,1,1
3439,511,12,1,1
3439,511,13,1,1
3439,511,14,1,1
3439,511,15,1,1
3439,511,16,1,1
3439,511,17,1,1
3439,511,18,1,1
3439,511,19,1,1
3439,511,20,1,1
3439,511,21,1,1
3439,511,22,1,1
3439,511,23,1,1
3439,511,24,1,1
3439,511,25,1,1
3439,511,26,1,1
3439,511,27,1,1
3439,511,28,1,1
3439,511,29,1,1
3439,511,30,1,1
3439,511,31,1,1
3439,511,32,1,1
3439,511,33,1,1
3439,511,34,1,1
3439,511,35,1,1
3439,511,36,1,1
3439,511,37,1,1
3439,511,38,1,1
3439,511,39,1,1
3439,511,40,1,1
3439,511,41,1,1
3439,511,42,1,1
3439,511,43,1,1
3439,511,44,1,1
3439,511,45,1,1
3439,511,46,1,1
3439,511,47,1,1
3439,511,48,1,1
3439,511,49,1,1
3439,511,50,1,1
3439,511,51,1,1
3439,511,52,1,1
3439,511,53,1,1
3439,511,54,1,1
3439,511,55,1,1
3439,511,56,1,1
3439,511,57,1,1
3439,511,58,1,1
3439,511,59,1,1
3439,511,60,1,1
3439,511,61,1,1
3439,511,62,1,1
3439,511,63,1,1
3439,511,64,1,1
3439,511,65,1,1
3439,511,66,1,1
3439,511,67,1,1
3439,511,68,1,1
3439,511,69,1,1
3439,511,70,1,1
3439,511,71,1,1
3439,511,72,1,1
3439,511,73,1,1
3439,511,74,1,1
3439,511,75,1,1
3439,511,1,2,1
3439,511,2,2,1
3439,511,3,2,1
3439,511,4,2,1
3439,511,5,2,1
3439,511,6,2,1
3439,511,7,2,1
3439,511,8,2,1
3439,511,9,2,1
3439,511,10,2,1
3439,511,11,2,1
3439,511,12,2,1
3439,511,13,2,1
3439,511,14,2,1
3439,511,15,2,1
3439,511,16,2,1
3439,511,17,2,1
3439,511,18,2,1
3439,511,19,2,1
3439,511,20,2,1
3439,511,21,2,1
3439,511,22,2,1
3439,511,23,2,1
3439,511,24,2,1
3439,511,25,2,1
3439,511,26,2,1
3439,511,27,2,1
3439,511,28,2,1
3439,511,29,2,1
3439,511,30,2,1
3439,511,31,2,1
3439,511,32,2,1
3439,511,33,2,1
3439,511,34,2,1
3439,511,35,2,1
3439,511,36,2,1
3439,511,37,2,1
3439,511,38,2,1
3439,511,39,2,1
3439,511,40,2,1
3439,511,41,2,1
3439,511,42,2,1
3439,511,43,2,1
3439,511,44,2,1
3439,511,45,2,1
3439,511,46,2,1
3439,511,47,2,1
3439,511,48,2,1
3439,511,49,2,1
3439,511,50,2,1
3439,511,51,2,1
3439,511,52,2,1
3439,511,53,2,1
3439,511,54,2,1
3439,511,55,2,1
3439,511,56,2,1
3439,511,57,2,1
3439,511,58,2,1
3439,511,59,2,1
3439,511,60,2,1
3439,511,61,2,1
3439,511,62,2,1
3439,511,63,2,1
3439,511,64,2,1
3439,511,65,2,1
3439,511,66,2,1
3439,511,67,2,1
3439,511,68,2,1
3439,511,69,2,1
3439,511,70,2,1
3439,511,71,2,1
3439,511,72,2,1
3439,511,73,2,1
3439,511,74,2,1
3439,511,75,2,1
3440,510,1,1,1
3440,510,2,1,1
3440,510,3,1,1
3440,510,4,1,1
3440,510,5,1,1
3440,510,6,1,1
3440,510,7,1,1
3440,510,8,1,1
3440,510,9,1,1
3440,510,10,1,1
3440,510,11,1,1
3440,510,12,1,1
3440,510,13,1,1
3440,510,14,1,1
3440,510,15,1,1
3440,510,16,1,1
3440,510,17,1,1
3440,510,18,1,1
3440,510,19,1,1
3440,510,20,1,1
3440,510,21,1,1
3440,510,22,1,1
3440,510,23,1,1
3440,510,24,1,1
3440,510,25,1,1
3440,510,26,1,1
3440,510,27,1,1
3440,510,28,1,1
3440,510,29,1,1
3440,510,30,1,1
3440,510,31,1,1
3440,510,32,1,1
3440,510,33,1,1
3440,510,34,1,1
3440,510,35,1,1
3440,510,36,1,1
3440,510,37,1,1
3440,510,38,1,1
3440,510,39,1,1
3440,510,40,1,1
3440,510,41,1,1
3440,510,42,1,1
3440,510,43,1,1
3440,510,44,1,1
3440,510,45,1,1
3440,510,46,1,1
3440,510,47,1,1
3440,510,48,1,1
3440,510,49,1,1
3440,510,50,1,1
3440,510,51,1,1
3440,510,52,1,1
3440,510,53,1,1
3440,510,54,1,1
3440,510,55,1,1
3440,510,56,1,1
3440,510,57,1,1
3440,510,58,1,1
3440,510,59,1,1
3440,510,60,1,1
3440,510,61,1,1
3440,510,62,1,1
3440,510,63,1,1
3440,510,64,1,1
3440,510,65,1,1
3440,510,66,1,1
3440,510,67,1,1
3440,510,68,1,1
3440,510,69,1,1
3440,510,70,1,1
3440,510,71,1,1
3440,510,72,1,1
3440,510,73,1,1
3440,510,74,1,1
3440,510,75,1,1
3440,510,1,2,1
3440,510,2,2,1
3440,510,3,2,1
3440,510,4,2,1
3440,510,5,2,1
3440,510,6,2,1
3440,510,7,2,1
3440,510,8,2,1
3440,510,9,2,1
3440,510,10,2,1
3440,510,11,2,1
3440,510,12,2,1
3440,510,13,2,1
3440,510,14,2,1
3440,510,15,2,1
3440,510,16,2,1
3440,510,17,2,1
3440,510,18,2,1
3440,510,19,2,1
3440,510,20,2,1
3440,510,21,2,1
3440,510,22,2,1
3440,510,23,2,1
3440,510,24,2,1
3440,510,25,2,1
3440,510,26,2,1
3440,510,27,2,1
3440,510,28,2,1
3440,510,29,2,1
3440,510,30,2,1
3440,510,31,2,1
3440,510,32,2,1
3440,510,33,2,1
3440,510,34,2,1
3440,510,35,2,1
3440,510,36,2,1
3440,510,37,2,1
3440,510,38,2,1
3440,510,39,2,1
3440,510,40,2,1
3440,510,41,2,1
3440,510,42,2,1
3440,510,43,2,1
3440,510,44,2,1
3440,510,45,2,1
3440,510,46,2,1
3440,510,47,2,1
3440,510,48,2,1
3440,510,49,2,1
3440,510,50,2,1
3440,510,51,2,1
3440,510,52,2,1
3440,510,53,2,1
3440,510,54,2,1
3440,510,55,2,1
3440,510,56,2,1
3440,510,57,2,1
3440,510,58,2,1
3440,510,59,2,1
3440,510,60,2,1
3440,510,61,2,1
3440,510,62,2,1
3440,510,63,2,1
3440,510,64,2,1
3440,510,65,2,1
3440,510,66,2,1
3440,510,67,2,1
3440,510,68,2,1
3440,510,69,2,1
3440,510,70,2,1
3440,510,71,2,1
3440,510,72,2,1
3440,510,73,2,1
3440,510,74,2,1
3440,510,75,2,1
3441,509,1,1,1
3441,509,2,1,1
3441,509,3,1,1
3441,509,4,1,1
3441,509,5,1,1
3441,509,6,1,1
3441,509,7,1,1
3441,509,8,1,1
3441,509,9,1,1
3441,509,10,1,1
3441,509,11,1,1
3441,509,12,1,1
3441,509,13,1,1
3441,509,14,1,1
3441,509,15,1,1
3441,509,16,1,1
3441,509,17,1,1
3441,509,18,1,1
3441,509,19,1,1
3441,509,20,1,1
3441,509,21,1,1
3441,509,22,1,1
3441,509,23,1,1
3441,509,24,1,1
3441,509,25,1,1
3441,509,26,1,1
3441,509,27,1,1
3441,509,28,1,1
3441,509,29,1,1
3441,509,30,1,1
3441,509,31,1,1
3441,509,32,1,1
3441,509,33,1,1
3441,509,34,1,1
3441,509,35,1,1
3441,509,36,1,1
3441,509,37,1,1
3441,509,38,1,1
3441,509,39,1,1
3441,509,40,1,1
3441,509,41,1,1
3441,509,42,1,1
3441,509,43,1,1
3441,509,44,1,1
3441,509,45,1,1
3441,509,46,1,1
3441,509,47,1,1
3441,509,48,1,1
3441,509,49,1,1
3441,509,50,1,1
3441,509,51,1,1
3441,509,52,1,1
3441,509,53,1,1
3441,509,54,1,1
3441,509,55,1,1
3441,509,56,1,1
3441,509,57,1,1
3441,509,58,1,1
3441,509,59,1,1
3441,509,60,1,1
3441,509,61,1,1
3441,509,62,1,1
3441,509,63,1,1
3441,509,64,1,1
3441,509,65,1,1
3441,509,66,1,1
3441,509,67,1,1
3441,509,68,1,1
3441,509,69,1,1
3441,509,70,1,1
3441,509,71,1,1
3441,509,72,1,1
3441,509,73,1,1
3441,509,74,1,1
3441,509,75,1,1
3441,509,1,2,1
3441,509,2,2,1
3441,509,3,2,1
3441,509,4,2,1
3441,509,5,2,1
3441,509,6,2,1
3441,509,7,2,1
3441,509,8,2,1
3441,509,9,2,1
3441,509,10,2,1
3441,509,11,2,1
3441,509,12,2,1
3441,509,13,2,1
3441,509,14,2,1
3441,509,15,2,1
3441,509,16,2,1
3441,509,17,2,1
3441,509,18,2,1
3441,509,19,2,1
3441,509,20,2,1
3441,509,21,2,1
3441,509,22,2,1
3441,509,23,2,1
3441,509,24,2,1
3441,509,25,2,1
3441,509,26,2,1
3441,509,27,2,1
3441,509,28,2,1
3441,509,29,2,1
3441,509,30,2,1
3441,509,31,2,1
3441,509,32,2,1
3441,509,33,2,1
3441,509,34,2,1
3441,509,35,2,1
3441,509,36,2,1
3441,509,37,2,1
3441,509,38,2,1
3441,509,39,2,1
3441,509,40,2,1
3441,509,41,2,1
3441,509,42,2,1
3441,509,43,2,1
3441,509,44,2,1
3441,509,45,2,1
3441,509,46,2,1
3441,509,47,2,1
3441,509,48,2,1
3441,509,49,2,1
3441,509,50,2,1
3441,509,51,2,1
3441,509,52,2,1
3441,509,53,2,1
3441,509,54,2,1
3441,509,55,2,1
3441,509,56,2,1
3441,509,57,2,1
3441,509,58,2,1
3441,509,59,2,1
3441,509,60,2,1
3441,509,61,2,1
3441,509,62,2,1
3441,509,63,2,1
3441,509,64,2,1
3441,509,65,2,1
3441,509,66,2,1
3441,509,67,2,1
3441,509,68,2,1
3441,509,69,2,1
3441,509,70,2,1
3441,509,71,2,1
3441,509,72,2,1
3441,509,73,2,1
3441,509,74,2,1
3441,509,75,2,1
3442,508,1,1,1
3442,508,2,1,1
3442,508,3,1,1
3442,508,4,1,1
3442,508,5,1,1
3442,508,6,1,1
3442,508,7,1,1
3442,508,8,1,1
3442,508,9,1,1
3442,508,10,1,1
3442,508,11,1,1
3442,508,12,1,1
3442,508,13,1,1
3442,508,14,1,1
3442,508,15,1,1
3442,508,16,1,1
3442,508,17,1,1
3442,508,18,1,1
3442,508,19,1,1
3442,508,20,1,1
3442,508,21,1,1
3442,508,22,1,1
3442,508,23,1,1
3442,508,24,1,1
3442,508,25,1,1
3442,508,26,1,1
3442,508,27,1,1
3442,508,28,1,1
3442,508,29,1,1
3442,508,30,1,1
3442,508,31,1,1
3442,508,32,1,1
3442,508,33,1,1
3442,508,34,1,1
3442,508,35,1,1
3442,508,36,1,1
3442,508,37,1,1
3442,508,38,1,1
3442,508,39,1,1
3442,508,40,1,1
3442,508,41,1,1
3442,508,42,1,1
3442,508,43,1,1
3442,508,44,1,1
3442,508,45,1,1
3442,508,46,1,1
3442,508,47,1,1
3442,508,48,1,1
3442,508,49,1,1
3442,508,50,1,1
3442,508,51,1,1
3442,508,52,1,1
3442,508,53,1,1
3442,508,54,1,1
3442,508,55,1,1
3442,508,56,1,1
3442,508,57,1,1
3442,508,58,1,1
3442,508,59,1,1
3442,508,60,1,1
3442,508,61,1,1
3442,508,62,1,1
3442,508,63,1,1
3442,508,64,1,1
3442,508,65,1,1
3442,508,66,1,1
3442,508,67,1,1
3442,508,68,1,1
3442,508,69,1,1
3442,508,70,1,1
3442,508,71,1,1
3442,508,72,1,1
3442,508,73,1,1
3442,508,74,1,1
3442,508,75,1,1
3442,508,1,2,1
3442,508,2,2,1
3442,508,3,2,1
3442,508,4,2,1
3442,508,5,2,1
3442,508,6,2,1
3442,508,7,2,1
3442,508,8,2,1
3442,508,9,2,1
3442,508,10,2,1
3442,508,11,2,1
3442,508,12,2,1
3442,508,13,2,1
3442,508,14,2,1
3442,508,15,2,1
3442,508,16,2,1
3442,508,17,2,1
3442,508,18,2,1
3442,508,19,2,1
3442,508,20,2,1
3442,508,21,2,1
3442,508,22,2,1
3442,508,23,2,1
3442,508,24,2,1
3442,508,25,2,1
3442,508,26,2,1
3442,508,27,2,1
3442,508,28,2,1
3442,508,29,2,1
3442,508,30,2,1
3442,508,31,2,1
3442,508,32,2,1
3442,508,33,2,1
3442,508,34,2,1
3442,508,35,2,1
3442,508,36,2,1
3442,508,37,2,1
3442,508,38,2,1
3442,508,39,2,1
3442,508,40,2,1
3442,508,41,2,1
3442,508,42,2,1
3442,508,43,2,1
3442,508,44,2,1
3442,508,45,2,1
3442,508,46,2,1
3442,508,47,2,1
3442,508,48,2,1
3442,508,49,2,1
3442,508,50,2,1
3442,508,51,2,1
3442,508,52,2,1
3442,508,53,2,1
3442,508,54,2,1
3442,508,55,2,1
3442,508,56,2,1
3442,508,57,2,1
3442,508,58,2,1
3442,508,59,2,1
3442,508,60,2,1
3442,508,61,2,1
3442,508,62,2,1
3442,508,63,2,1
3442,508,64,2,1
3442,508,65,2,1
3442,508,66,2,1
3442,508,67,2,1
3442,508,68,2,1
3442,508,69,2,1
3442,508,70,2,1
3442,508,71,2,1
3442,508,72,2,1
3442,508,73,2,1
3442,508,74,2,1
3442,508,75,2,1
3443,507,1,1,1
3443,507,2,1,1
3443,507,3,1,1
3443,507,4,1,1
3443,507,5,1,1
3443,507,6,1,1
3443,507,7,1,1
3443,507,8,1,1
3443,507,9,1,1
3443,507,10,1,1
3443,507,11,1,1
3443,507,12,1,1
3443,507,13,1,1
3443,507,14,1,1
3443,507,15,1,1
3443,507,16,1,1
3443,507,17,1,1
3443,507,18,1,1
3443,507,19,1,1
3443,507,20,1,1
3443,507,21,1,1
3443,507,22,1,1
3443,507,23,1,1
3443,507,24,1,1
3443,507,25,1,1
3443,507,26,1,1
3443,507,27,1,1
3443,507,28,1,1
3443,507,29,1,1
3443,507,30,1,1
3443,507,31,1,1
3443,507,32,1,1
3443,507,33,1,1
3443,507,34,1,1
3443,507,35,1,1
3443,507,36,1,1
3443,507,37,1,1
3443,507,38,1,1
3443,507,39,1,1
3443,507,40,1,1
3443,507,41,1,1
3443,507,42,1,1
3443,507,43,1,1
3443,507,44,1,1
3443,507,45,1,1
3443,507,46,1,1
3443,507,47,1,1
3443,507,48,1,1
3443,507,49,1,1
3443,507,50,1,1
3443,507,51,1,1
3443,507,52,1,1
3443,507,53,1,1
3443,507,54,1,1
3443,507,55,1,1
3443,507,56,1,1
3443,507,57,1,1
3443,507,58,1,1
3443,507,59,1,1
3443,507,60,1,1
3443,507,61,1,1
3443,507,62,1,1
3443,507,63,1,1
3443,507,64,1,1
3443,507,65,1,1
3443,507,66,1,1
3443,507,67,1,1
3443,507,68,1,1
3443,507,69,1,1
3443,507,70,1,1
3443,507,71,1,1
3443,507,72,1,1
3443,507,73,1,1
3443,507,74,1,1
3443,507,75,1,1
3443,507,1,2,1
3443,507,2,2,1
3443,507,3,2,1
3443,507,4,2,1
3443,507,5,2,1
3443,507,6,2,1
3443,507,7,2,1
3443,507,8,2,1
3443,507,9,2,1
3443,507,10,2,1
3443,507,11,2,1
3443,507,12,2,1
3443,507,13,2,1
3443,507,14,2,1
3443,507,15,2,1
3443,507,16,2,1
3443,507,17,2,1
3443,507,18,2,1
3443,507,19,2,1
3443,507,20,2,1
3443,507,21,2,1
3443,507,22,2,1
3443,507,23,2,1
3443,507,24,2,1
3443,507,25,2,1
3443,507,26,2,1
3443,507,27,2,1
3443,507,28,2,1
3443,507,29,2,1
3443,507,30,2,1
3443,507,31,2,1
3443,507,32,2,1
3443,507,33,2,1
3443,507,34,2,1
3443,507,35,2,1
3443,507,36,2,1
3443,507,37,2,1
3443,507,38,2,1
3443,507,39,2,1
3443,507,40,2,1
3443,507,41,2,1
3443,507,42,2,1
3443,507,43,2,1
3443,507,44,2,1
3443,507,45,2,1
3443,507,46,2,1
3443,507,47,2,1
3443,507,48,2,1
3443,507,49,2,1
3443,507,50,2,1
3443,507,51,2,1
3443,507,52,2,1
3443,507,53,2,1
3443,507,54,2,1
3443,507,55,2,1
3443,507,56,2,1
3443,507,57,2,1
3443,507,58,2,1
3443,507,59,2,1
3443,507,60,2,1
3443,507,61,2,1
3443,507,62,2,1
3443,507,63,2,1
3443,507,64,2,1
3443,507,65,2,1
3443,507,66,2,1
3443,507,67,2,1
3443,507,68,2,1
3443,507,69,2,1
3443,507,70,2,1
3443,507,71,2,1
3443,507,72,2,1
3443,507,73,2,1
3443,507,74,2,1
3443,507,75,2,1
3444,506,1,1,1
3444,506,2,1,1
3444,506,3,1,1
3444,506,4,1,1
3444,506,5,1,1
3444,506,6,1,1
3444,506,7,1,1
3444,506,8,1,1
3444,506,9,1,1
3444,506,10,1,1
3444,506,11,1,1
3444,506,12,1,1
3444,506,13,1,1
3444,506,14,1,1
3444,506,15,1,1
3444,506,16,1,1
3444,506,17,1,1
3444,506,18,1,1
3444,506,19,1,1
3444,506,20,1,1
3444,506,21,1,1
3444,506,22,1,1
3444,506,23,1,1
3444,506,24,1,1
3444,506,25,1,1
3444,506,26,1,1
3444,506,27,1,1
3444,506,28,1,1
3444,506,29,1,1
3444,506,30,1,1
3444,506,31,1,1
3444,506,32,1,1
3444,506,33,1,1
3444,506,34,1,1
3444,506,35,1,1
3444,506,36,1,1
3444,506,37,1,1
3444,506,38,1,1
3444,506,39,1,1
3444,506,40,1,1
3444,506,41,1,1
3444,506,42,1,1
3444,506,43,1,1
3444,506,44,1,1
3444,506,45,1,1
3444,506,46,1,1
3444,506,47,1,1
3444,506,48,1,1
3444,506,49,1,1
3444,506,50,1,1
3444,506,51,1,1
3444,506,52,1,1
3444,506,53,1,1
3444,506,54,1,1
3444,506,55,1,1
3444,506,56,1,1
3444,506,57,1,1
3444,506,58,1,1
3444,506,59,1,1
3444,506,60,1,1
3444,506,61,1,1
3444,506,62,1,1
3444,506,63,1,1
3444,506,64,1,1
3444,506,65,1,1
3444,506,66,1,1
3444,506,67,1,1
3444,506,68,1,1
3444,506,69,1,1
3444,506,70,1,1
3444,506,71,1,1
3444,506,72,1,1
3444,506,73,1,1
3444,506,74,1,1
3444,506,75,1,1
3444,506,1,2,1
3444,506,2,2,1
3444,506,3,2,1
3444,506,4,2,1
3444,506,5,2,1
3444,506,6,2,1
3444,506,7,2,1
3444,506,8,2,1
3444,506,9,2,1
3444,506,10,2,1
3444,506,11,2,1
3444,506,12,2,1
3444,506,13,2,1
3444,506,14,2,1
3444,506,15,2,1
3444,506,16,2,1
3444,506,17,2,1
3444,506,18,2,1
3444,506,19,2,1
3444,506,20,2,1
3444,506,21,2,1
3444,506,22,2,1
3444,506,23,2,1
3444,506,24,2,1
3444,506,25,2,1
3444,506,26,2,1
3444,506,27,2,1
3444,506,28,2,1
3444,506,29,2,1
3444,506,30,2,1
3444,506,31,2,1
3444,506,32,2,1
3444,506,33,2,1
3444,506,34,2,1
3444,506,35,2,1
3444,506,36,2,1
3444,506,37,2,1
3444,506,38,2,1
3444,506,39,2,1
3444,506,40,2,1
3444,506,41,2,1
3444,506,42,2,1
3444,506,43,2,1
3444,506,44,2,1
3444,506,45,2,1
3444,506,46,2,1
3444,506,47,2,1
3444,506,48,2,1
3444,506,49,2,1
3444,506,50,2,1
3444,506,51,2,1
3444,506,52,2,1
3444,506,53,2,1
3444,506,54,2,1
3444,506,55,2,1
3444,506,56,2,1
3444,506,57,2,1
3444,506,58,2,1
3444,506,59,2,1
3444,506,60,2,1
3444,506,61,2,1
3444,506,62,2,1
3444,506,63,2,1
3444,506,64,2,1
3444,506,65,2,1
3444,506,66,2,1
3444,506,67,2,1
3444,506,68,2,1
3444,506,69,2,1
3444,506,70,2,1
3444,506,71,2,1
3444,506,72,2,1
3444,506,73,2,1
3444,506,74,2,1
3444,506,75,2,1
3445,505,1,1,1
3445,505,2,1,1
3445,505,3,1,1
3445,505,4,1,1
3445,505,5,1,1
3445,505,6,1,1
3445,505,7,1,1
3445,505,8,1,1
3445,505,9,1,1
3445,505,10,1,1
3445,505,11,1,1
3445,505,12,1,1
3445,505,13,1,1
3445,505,14,1,1
3445,505,15,1,1
3445,505,16,1,1
3445,505,17,1,1
3445,505,18,1,1
3445,505,19,1,1
3445,505,20,1,1
3445,505,21,1,1
3445,505,22,1,1
3445,505,23,1,1
3445,505,24,1,1
3445,505,25,1,1
3445,505,26,1,1
3445,505,27,1,1
3445,505,28,1,1
3445,505,29,1,1
3445,505,30,1,1
3445,505,31,1,1
3445,505,32,1,1
3445,505,33,1,1
3445,505,34,1,1
3445,505,35,1,1
3445,505,36,1,1
3445,505,37,1,1
3445,505,38,1,1
3445,505,39,1,1
3445,505,40,1,1
3445,505,41,1,1
3445,505,42,1,1
3445,505,43,1,1
3445,505,44,1,1
3445,505,45,1,1
3445,505,46,1,1
3445,505,47,1,1
3445,505,48,1,1
3445,505,49,1,1
3445,505,50,1,1
3445,505,51,1,1
3445,505,52,1,1
3445,505,53,1,1
3445,505,54,1,1
3445,505,55,1,1
3445,505,56,1,1
3445,505,57,1,1
3445,505,58,1,1
3445,505,59,1,1
3445,505,60,1,1
3445,505,61,1,1
3445,505,62,1,1
3445,505,63,1,1
3445,505,64,1,1
3445,505,65,1,1
3445,505,66,1,1
3445,505,67,1,1
3445,505,68,1,1
3445,505,69,1,1
3445,505,70,1,1
3445,505,71,1,1
3445,505,72,1,1
3445,505,73,1,1
3445,505,74,1,1
3445,505,75,1,1
3445,505,1,2,1
3445,505,2,2,1
3445,505,3,2,1
3445,505,4,2,1
3445,505,5,2,1
3445,505,6,2,1
3445,505,7,2,1
3445,505,8,2,1
3445,505,9,2,1
3445,505,10,2,1
3445,505,11,2,1
3445,505,12,2,1
3445,505,13,2,1
3445,505,14,2,1
3445,505,15,2,1
3445,505,16,2,1
3445,505,17,2,1
3445,505,18,2,1
3445,505,19,2,1
3445,505,20,2,1
3445,505,21,2,1
3445,505,22,2,1
3445,505,23,2,1
3445,505,24,2,1
3445,505,25,2,1
3445,505,26,2,1
3445,505,27,2,1
3445,505,28,2,1
3445,505,29,2,1
3445,505,30,2,1
3445,505,31,2,1
3445,505,32,2,1
3445,505,33,2,1
3445,505,34,2,1
3445,505,35,2,1
3445,505,36,2,1
3445,505,37,2,1
3445,505,38,2,1
3445,505,39,2,1
3445,505,40,2,1
3445,505,41,2,1
3445,505,42,2,1
3445,505,43,2,1
3445,505,44,2,1
3445,505,45,2,1
3445,505,46,2,1
3445,505,47,2,1
3445,505,48,2,1
3445,505,49,2,1
3445,505,50,2,1
3445,505,51,2,1
3445,505,52,2,1
3445,505,53,2,1
3445,505,54,2,1
3445,505,55,2,1
3445,505,56,2,1
3445,505,57,2,1
3445,505,58,2,1
3445,505,59,2,1
3445,505,60,2,1
3445,505,61,2,1
3445,505,62,2,1
3445,505,63,2,1
3445,505,64,2,1
3445,505,65,2,1
3445,505,66,2,1
3445,505,67,2,1
3445,505,68,2,1
3445,505,69,2,1
3445,505,70,2,1
3445,505,71,2,1
3445,505,72,2,1
3445,505,73,2,1
3445,505,74,2,1
3445,505,75,2,1
3446,504,1,1,1
3446,504,2,1,1
3446,504,3,1,1
3446,504,4,1,1
3446,504,5,1,1
3446,504,6,1,1
3446,504,7,1,1
3446,504,8,1,1
3446,504,9,1,1
3446,504,10,1,1
3446,504,11,1,1
3446,504,12,1,1
3446,504,13,1,1
3446,504,14,1,1
3446,504,15,1,1
3446,504,16,1,1
3446,504,17,1,1
3446,504,18,1,1
3446,504,19,1,1
3446,504,20,1,1
3446,504,21,1,1
3446,504,22,1,1
3446,504,23,1,1
3446,504,24,1,1
3446,504,25,1,1
3446,504,26,1,1
3446,504,27,1,1
3446,504,28,1,1
3446,504,29,1,1
3446,504,30,1,1
3446,504,31,1,1
3446,504,32,1,1
3446,504,33,1,1
3446,504,34,1,1
3446,504,35,1,1
3446,504,36,1,1
3446,504,37,1,1
3446,504,38,1,1
3446,504,39,1,1
3446,504,40,1,1
3446,504,41,1,1
3446,504,42,1,1
3446,504,43,1,1
3446,504,44,1,1
3446,504,45,1,1
3446,504,46,1,1
3446,504,47,1,1
3446,504,48,1,1
3446,504,49,1,1
3446,504,50,1,1
3446,504,51,1,1
3446,504,52,1,1
3446,504,53,1,1
3446,504,54,1,1
3446,504,55,1,1
3446,504,56,1,1
3446,504,57,1,1
3446,504,58,1,1
3446,504,59,1,1
3446,504,60,1,1
3446,504,61,1,1
3446,504,62,1,1
3446,504,63,1,1
3446,504,64,1,1
3446,504,65,1,1
3446,504,66,1,1
3446,504,67,1,1
3446,504,68,1,1
3446,504,69,1,1
3446,504,70,1,1
3446,504,71,1,1
3446,504,72,1,1
3446,504,73,1,1
3446,504,74,1,1
3446,504,75,1,1
3446,504,1,2,1
3446,504,2,2,1
3446,504,3,2,1
3446,504,4,2,1
3446,504,5,2,1
3446,504,6,2,1
3446,504,7,2,1
3446,504,8,2,1
3446,504,9,2,1
3446,504,10,2,1
3446,504,11,2,1
3446,504,12,2,1
3446,504,13,2,1
3446,504,14,2,1
3446,504,15,2,1
3446,504,16,2,1
3446,504,17,2,1
3446,504,18,2,1
3446,504,19,2,1
3446,504,20,2,1
3446,504,21,2,1
3446,504,22,2,1
3446,504,23,2,1
3446,504,24,2,1
3446,504,25,2,1
3446,504,26,2,1
3446,504,27,2,1
3446,504,28,2,1
3446,504,29,2,1
3446,504,30,2,1
3446,504,31,2,1
3446,504,32,2,1
3446,504,33,2,1
3446,504,34,2,1
3446,504,35,2,1
3446,504,36,2,1
3446,504,37,2,1
3446,504,38,2,1
3446,504,39,2,1
3446,504,40,2,1
3446,504,41,2,1
3446,504,42,2,1
3446,504,43,2,1
3446,504,44,2,1
3446,504,45,2,1
3446,504,46,2,1
3446,504,47,2,1
3446,504,48,2,1
3446,504,49,2,1
3446,504,50,2,1
3446,504,51,2,1
3446,504,52,2,1
3446,504,53,2,1
3446,504,54,2,1
3446,504,55,2,1
3446,504,56,2,1
3446,504,57,2,1
3446,504,58,2,1
3446,504,59,2,1
3446,504,60,2,1
3446,504,61,2,1
3446,504,62,2,1
3446,504,63,2,1
3446,504,64,2,1
3446,504,65,2,1
3446,504,66,2,1
3446,504,67,2,1
3446,504,68,2,1
3446,504,69,2,1
3446,504,70,2,1
3446,504,71,2,1
3446,504,72,2,1
3446,504,73,2,1
3446,504,74,2,1
3446,504,75,2,1
3447,503,1,1,1
3447,503,2,1,1
3447,503,3,1,1
3447,503,4,1,1
3447,503,5,1,1
3447,503,6,1,1
3447,503,7,1,1
3447,503,8,1,1
3447,503,9,1,1
3447,503,10,1,1
3447,503,11,1,1
3447,503,12,1,1
3447,503,13,1,1
3447,503,14,1,1
3447,503,15,1,1
3447,503,16,1,1
3447,503,17,1,1
3447,503,18,1,1
3447,503,19,1,1
3447,503,20,1,1
3447,503,21,1,1
3447,503,22,1,1
3447,503,23,1,1
3447,503,24,1,1
3447,503,25,1,1
3447,503,26,1,1
3447,503,27,1,1
3447,503,28,1,1
3447,503,29,1,1
3447,503,30,1,1
3447,503,31,1,1
3447,503,32,1,1
3447,503,33,1,1
3447,503,34,1,1
3447,503,35,1,1
3447,503,36,1,1
3447,503,37,1,1
3447,503,38,1,1
3447,503,39,1,1
3447,503,40,1,1
3447,503,41,1,1
3447,503,42,1,1
3447,503,43,1,1
3447,503,44,1,1
3447,503,45,1,1
3447,503,46,1,1
3447,503,47,1,1
3447,503,48,1,1
3447,503,49,1,1
3447,503,50,1,1
3447,503,51,1,1
3447,503,52,1,1
3447,503,53,1,1
3447,503,54,1,1
3447,503,55,1,1
3447,503,56,1,1
3447,503,57,1,1
3447,503,58,1,1
3447,503,59,1,1
3447,503,60,1,1
3447,503,61,1,1
3447,503,62,1,1
3447,503,63,1,1
3447,503,64,1,1
3447,503,65,1,1
3447,503,66,1,1
3447,503,67,1,1
3447,503,68,1,1
3447,503,69,1,1
3447,503,70,1,1
3447,503,71,1,1
3447,503,72,1,1
3447,503,73,1,1
3447,503,74,1,1
3447,503,75,1,1
3447,503,1,2,1
3447,503,2,2,1
3447,503,3,2,1
3447,503,4,2,1
3447,503,5,2,1
3447,503,6,2,1
3447,503,7,2,1
3447,503,8,2,1
3447,503,9,2,1
3447,503,10,2,1
3447,503,11,2,1
3447,503,12,2,1
3447,503,13,2,1
3447,503,14,2,1
3447,503,15,2,1
3447,503,16,2,1
3447,503,17,2,1
3447,503,18,2,1
3447,503,19,2,1
3447,503,20,2,1
3447,503,21,2,1
3447,503,22,2,1
3447,503,23,2,1
3447,503,24,2,1
3447,503,25,2,1
3447,503,26,2,1
3447,503,27,2,1
3447,503,28,2,1
3447,503,29,2,1
3447,503,30,2,1
3447,503,31,2,1
3447,503,32,2,1
3447,503,33,2,1
3447,503,34,2,1
3447,503,35,2,1
3447,503,36,2,1
3447,503,37,2,1
3447,503,38,2,1
3447,503,39,2,1
3447,503,40,2,1
3447,503,41,2,1
3447,503,42,2,1
3447,503,43,2,1
3447,503,44,2,1
3447,503,45,2,1
3447,503,46,2,1
3447,503,47,2,1
3447,503,48,2,1
3447,503,49,2,1
3447,503,50,2,1
3447,503,51,2,1
3447,503,52,2,1
3447,503,53,2,1
3447,503,54,2,1
3447,503,55,2,1
3447,503,56,2,1
3447,503,57,2,1
3447,503,58,2,1
3447,503,59,2,1
3447,503,60,2,1
3447,503,61,2,1
3447,503,62,2,1
3447,503,63,2,1
3447,503,64,2,1
3447,503,65,2,1
3447,503,66,2,1
3447,503,67,2,1
3447,503,68,2,1
3447,503,69,2,1
3447,503,70,2,1
3447,503,71,2,1
3447,503,72,2,1
3447,503,73,2,1
3447,503,74,2,1
3447,503,75,2,1
3448,502,1,1,1
3448,502,2,1,1
3448,502,3,1,1
3448,502,4,1,1
3448,502,5,1,1
3448,502,6,1,1
3448,502,7,1,1
3448,502,8,1,1
3448,502,9,1,1
3448,502,10,1,1
3448,502,11,1,1
3448,502,12,1,1
3448,502,13,1,1
3448,502,14,1,1
3448,502,15,1,1
3448,502,16,1,1
3448,502,17,1,1
3448,502,18,1,1
3448,502,19,1,1
3448,502,20,1,1
3448,502,21,1,1
3448,502,22,1,1
3448,502,23,1,1
3448,502,24,1,1
3448,502,25,1,1
3448,502,26,1,1
3448,502,27,1,1
3448,502,28,1,1
3448,502,29,1,1
3448,502,30,1,1
3448,502,31,1,1
3448,502,32,1,1
3448,502,33,1,1
3448,502,34,1,1
3448,502,35,1,1
3448,502,36,1,1
3448,502,37,1,1
3448,502,38,1,1
3448,502,39,1,1
3448,502,40,1,1
3448,502,41,1,1
3448,502,42,1,1
3448,502,43,1,1
3448,502,44,1,1
3448,502,45,1,1
3448,502,46,1,1
3448,502,47,1,1
3448,502,48,1,1
3448,502,49,1,1
3448,502,50,1,1
3448,502,51,1,1
3448,502,52,1,1
3448,502,53,1,1
3448,502,54,1,1
3448,502,55,1,1
3448,502,56,1,1
3448,502,57,1,1
3448,502,58,1,1
3448,502,59,1,1
3448,502,60,1,1
3448,502,61,1,1
3448,502,62,1,1
3448,502,63,1,1
3448,502,64,1,1
3448,502,65,1,1
3448,502,66,1,1
3448,502,67,1,1
3448,502,68,1,1
3448,502,69,1,1
3448,502,70,1,1
3448,502,71,1,1
3448,502,72,1,1
3448,502,73,1,1
3448,502,74,1,1
3448,502,75,1,1
3448,502,1,2,1
3448,502,2,2,1
3448,502,3,2,1
3448,502,4,2,1
3448,502,5,2,1
3448,502,6,2,1
3448,502,7,2,1
3448,502,8,2,1
3448,502,9,2,1
3448,502,10,2,1
3448,502,11,2,1
3448,502,12,2,1
3448,502,13,2,1
3448,502,14,2,1
3448,502,15,2,1
3448,502,16,2,1
3448,502,17,2,1
3448,502,18,2,1
3448,502,19,2,1
3448,502,20,2,1
3448,502,21,2,1
3448,502,22,2,1
3448,502,23,2,1
3448,502,24,2,1
3448,502,25,2,1
3448,502,26,2,1
3448,502,27,2,1
3448,502,28,2,1
3448,502,29,2,1
3448,502,30,2,1
3448,502,31,2,1
3448,502,32,2,1
3448,502,33,2,1
3448,502,34,2,1
3448,502,35,2,1
3448,502,36,2,1
3448,502,37,2,1
3448,502,38,2,1
3448,502,39,2,1
3448,502,40,2,1
3448,502,41,2,1
3448,502,42,2,1
3448,502,43,2,1
3448,502,44,2,1
3448,502,45,2,1
3448,502,46,2,1
3448,502,47,2,1
3448,502,48,2,1
3448,502,49,2,1
3448,502,50,2,1
3448,502,51,2,1
3448,502,52,2,1
3448,502,53,2,1
3448,502,54,2,1
3448,502,55,2,1
3448,502,56,2,1
3448,502,57,2,1
3448,502,58,2,1
3448,502,59,2,1
3448,502,60,2,1
3448,502,61,2,1
3448,502,62,2,1
3448,502,63,2,1
3448,502,64,2,1
3448,502,65,2,1
3448,502,66,2,1
3448,502,67,2,1
3448,502,68,2,1
3448,502,69,2,1
3448,502,70,2,1
3448,502,71,2,1
3448,502,72,2,1
3448,502,73,2,1
3448,502,74,2,1
3448,502,75,2,1
3449,501,1,1,1
3449,501,2,1,1
3449,501,3,1,1
3449,501,4,1,1
3449,501,5,1,1
3449,501,6,1,1
3449,501,7,1,1
3449,501,8,1,1
3449,501,9,1,1
3449,501,10,1,1
3449,501,11,1,1
3449,501,12,1,1
3449,501,13,1,1
3449,501,14,1,1
3449,501,15,1,1
3449,501,16,1,1
3449,501,17,1,1
3449,501,18,1,1
3449,501,19,1,1
3449,501,20,1,1
3449,501,21,1,1
3449,501,22,1,1
3449,501,23,1,1
3449,501,24,1,1
3449,501,25,1,1
3449,501,26,1,1
3449,501,27,1,1
3449,501,28,1,1
3449,501,29,1,1
3449,501,30,1,1
3449,501,31,1,1
3449,501,32,1,1
3449,501,33,1,1
3449,501,34,1,1
3449,501,35,1,1
3449,501,36,1,1
3449,501,37,1,1
3449,501,38,1,1
3449,501,39,1,1
3449,501,40,1,1
3449,501,41,1,1
3449,501,42,1,1
3449,501,43,1,1
3449,501,44,1,1
3449,501,45,1,1
3449,501,46,1,1
3449,501,47,1,1
3449,501,48,1,1
3449,501,49,1,1
3449,501,50,1,1
3449,501,51,1,1
3449,501,52,1,1
3449,501,53,1,1
3449,501,54,1,1
3449,501,55,1,1
3449,501,56,1,1
3449,501,57,1,1
3449,501,58,1,1
3449,501,59,1,1
3449,501,60,1,1
3449,501,61,1,1
3449,501,62,1,1
3449,501,63,1,1
3449,501,64,1,1
3449,501,65,1,1
3449,501,66,1,1
3449,501,67,1,1
3449,501,68,1,1
3449,501,69,1,1
3449,501,70,1,1
3449,501,71,1,1
3449,501,72,1,1
3449,501,73,1,1
3449,501,74,1,1
3449,501,75,1,1
3449,501,1,2,1
3449,501,2,2,1
3449,501,3,2,1
3449,501,4,2,1
3449,501,5,2,1
3449,501,6,2,1
3449,501,7,2,1
3449,501,8,2,1
3449,501,9,2,1
3449,501,10,2,1
3449,501,11,2,1
3449,501,12,2,1
3449,501,13,2,1
3449,501,14,2,1
3449,501,15,2,1
3449,501,16,2,1
3449,501,17,2,1
3449,501,18,2,1
3449,501,19,2,1
3449,501,20,2,1
3449,501,21,2,1
3449,501,22,2,1
3449,501,23,2,1
3449,501,24,2,1
3449,501,25,2,1
3449,501,26,2,1
3449,501,27,2,1
3449,501,28,2,1
3449,501,29,2,1
3449,501,30,2,1
3449,501,31,2,1
3449,501,32,2,1
3449,501,33,2,1
3449,501,34,2,1
3449,501,35,2,1
3449,501,36,2,1
3449,501,37,2,1
3449,501,38,2,1
3449,501,39,2,1
3449,501,40,2,1
3449,501,41,2,1
3449,501,42,2,1
3449,501,43,2,1
3449,501,44,2,1
3449,501,45,2,1
3449,501,46,2,1
3449,501,47,2,1
3449,501,48,2,1
3449,501,49,2,1
3449,501,50,2,1
3449,501,51,2,1
3449,501,52,2,1
3449,501,53,2,1
3449,501,54,2,1
3449,501,55,2,1
3449,501,56,2,1
3449,501,57,2,1
3449,501,58,2,1
3449,501,59,2,1
3449,501,60,2,1
3449,501,61,2,1
3449,501,62,2,1
3449,501,63,2,1
3449,501,64,2,1
3449,501,65,2,1
3449,501,66,2,1
3449,501,67,2,1
3449,501,68,2,1
3449,501,69,2,1
3449,501,70,2,1
3449,501,71,2,1
3449,501,72,2,1
3449,501,73,2,1
3449,501,74,2,1
3449,501,75,2,1
3450,500,1,1,1
3450,500,2,1,1
3450,500,3,1,1
3450,500,4,1,1
3450,500,5,1,1
3450,500,6,1,1
3450,500,7,1,1
3450,500,8,1,1
3450,500,9,1,1
3450,500,10,1,1
3450,500,11,1,1
3450,500,12,1,1
3450,500,13,1,1
3450,500,14,1,1
3450,500,15,1,1
3450,500,16,1,1
3450,500,17,1,1
3450,500,18,1,1
3450,500,19,1,1
3450,500,20,1,1
3450,500,21,1,1
3450,500,22,1,1
3450,500,23,1,1
3450,500,24,1,1
3450,500,25,1,1
3450,500,26,1,1
3450,500,27,1,1
3450,500,28,1,1
3450,500,29,1,1
3450,500,30,1,1
3450,500,31,1,1
3450,500,32,1,1
3450,500,33,1,1
3450,500,34,1,1
3450,500,35,1,1
3450,500,36,1,1
3450,500,37,1,1
3450,500,38,1,1
3450,500,39,1,1
3450,500,40,1,1
3450,500,41,1,1
3450,500,42,1,1
3450,500,43,1,1
3450,500,44,1,1
3450,500,45,1,1
3450,500,46,1,1
3450,500,47,1,1
3450,500,48,1,1
3450,500,49,1,1
3450,500,50,1,1
3450,500,51,1,1
3450,500,52,1,1
3450,500,53,1,1
3450,500,54,1,1
3450,500,55,1,1
3450,500,56,1,1
3450,500,57,1,1
3450,500,58,1,1
3450,500,59,1,1
3450,500,60,1,1
3450,500,61,1,1
3450,500,62,1,1
3450,500,63,1,1
3450,500,64,1,1
3450,500,65,1,1
3450,500,66,1,1
3450,500,67,1,1
3450,500,68,1,1
3450,500,69,1,1
3450,500,70,1,1
3450,500,71,1,1
3450,500,72,1,1
3450,500,73,1,1
3450,500,74,1,1
3450,500,75,1,1
3450,500,1,2,1
3450,500,2,2,1
3450,500,3,2,1
3450,500,4,2,1
3450,500,5,2,1
3450,500,6,2,1
3450,500,7,2,1
3450,500,8,2,1
3450,500,9,2,1
3450,500,10,2,1
3450,500,11,2,1
3450,500,12,2,1
3450,500,13,2,1
3450,500,14,2,1
3450,500,15,2,1
3450,500,16,2,1
3450,500,17,2,1
3450,500,18,2,1
3450,500,19,2,1
3450,500,20,2,1
3450,500,21,2,1
3450,500,22,2,1
3450,500,23,2,1
3450,500,24,2,1
3450,500,25,2,1
3450,500,26,2,1
3450,500,27,2,1
3450,500,28,2,1
3450,500,29,2,1
3450,500,30,2,1
3450,500,31,2,1
3450,500,32,2,1
3450,500,33,2,1
3450,500,34,2,1
3450,500,35,2,1
3450,500,36,2,1
3450,500,37,2,1
3450,500,38,2,1
3450,500,39,2,1
3450,500,40,2,1
3450,500,41,2,1
3450,500,42,2,1
3450,500,43,2,1
3450,500,44,2,1
3450,500,45,2,1
3450,500,46,2,1
3450,500,47,2,1
3450,500,48,2,1
3450,500,49,2,1
3450,500,50,2,1
3450,500,51,2,1
3450,500,52,2,1
3450,500,53,2,1
3450,500,54,2,1
3450,500,55,2,1
3450,500,56,2,1
3450,500,57,2,1
3450,500,58,2,1
3450,500,59,2,1
3450,500,60,2,1
3450,500,61,2,1
3450,500,62,2,1
3450,500,63,2,1
3450,500,64,2,1
3450,500,65,2,1
3450,500,66,2,1
3450,500,67,2,1
3450,500,68,2,1
3450,500,69,2,1
3450,500,70,2,1
3450,500,71,2,1
3450,500,72,2,1
3450,500,73,2,1
3450,500,74,2,1
3450,500,75,2,1
3451,499,1,1,1
3451,499,2,1,1
3451,499,3,1,1
3451,499,4,1,1
3451,499,5,1,1
3451,499,6,1,1
3451,499,7,1,1
3451,499,8,1,1
3451,499,9,1,1
3451,499,10,1,1
3451,499,11,1,1
3451,499,12,1,1
3451,499,13,1,1
3451,499,14,1,1
3451,499,15,1,1
3451,499,16,1,1
3451,499,17,1,1
3451,499,18,1,1
3451,499,19,1,1
3451,499,20,1,1
3451,499,21,1,1
3451,499,22,1,1
3451,499,23,1,1
3451,499,24,1,1
3451,499,25,1,1
3451,499,26,1,1
3451,499,27,1,1
3451,499,28,1,1
3451,499,29,1,1
3451,499,30,1,1
3451,499,31,1,1
3451,499,32,1,1
3451,499,33,1,1
3451,499,34,1,1
3451,499,35,1,1
3451,499,36,1,1
3451,499,37,1,1
3451,499,38,1,1
3451,499,39,1,1
3451,499,40,1,1
3451,499,41,1,1
3451,499,42,1,1
3451,499,43,1,1
3451,499,44,1,1
3451,499,45,1,1
3451,499,46,1,1
3451,499,47,1,1
3451,499,48,1,1
3451,499,49,1,1
3451,499,50,1,1
3451,499,51,1,1
3451,499,52,1,1
3451,499,53,1,1
3451,499,54,1,1
3451,499,55,1,1
3451,499,56,1,1
3451,499,57,1,1
3451,499,58,1,1
3451,499,59,1,1
3451,499,60,1,1
3451,499,61,1,1
3451,499,62,1,1
3451,499,63,1,1
3451,499,64,1,1
3451,499,65,1,1
3451,499,66,1,1
3451,499,67,1,1
3451,499,68,1,1
3451,499,69,1,1
3451,499,70,1,1
3451,499,71,1,1
3451,499,72,1,1
3451,499,73,1,1
3451,499,74,1,1
3451,499,75,1,1
3451,499,1,2,1
3451,499,2,2,1
3451,499,3,2,1
3451,499,4,2,1
3451,499,5,2,1
3451,499,6,2,1
3451,499,7,2,1
3451,499,8,2,1
3451,499,9,2,1
3451,499,10,2,1
3451,499,11,2,1
3451,499,12,2,1
3451,499,13,2,1
3451,499,14,2,1
3451,499,15,2,1
3451,499,16,2,1
3451,499,17,2,1
3451,499,18,2,1
3451,499,19,2,1
3451,499,20,2,1
3451,499,21,2,1
3451,499,22,2,1
3451,499,23,2,1
3451,499,24,2,1
3451,499,25,2,1
3451,499,26,2,1
3451,499,27,2,1
3451,499,28,2,1
3451,499,29,2,1
3451,499,30,2,1
3451,499,31,2,1
3451,499,32,2,1
3451,499,33,2,1
3451,499,34,2,1
3451,499,35,2,1
3451,499,36,2,1
3451,499,37,2,1
3451,499,38,2,1
3451,499,39,2,1
3451,499,40,2,1
3451,499,41,2,1
3451,499,42,2,1
3451,499,43,2,1
3451,499,44,2,1
3451,499,45,2,1
3451,499,46,2,1
3451,499,47,2,1
3451,499,48,2,1
3451,499,49,2,1
3451,499,50,2,1
3451,499,51,2,1
3451,499,52,2,1
3451,499,53,2,1
3451,499,54,2,1
3451,499,55,2,1
3451,499,56,2,1
3451,499,57,2,1
3451,499,58,2,1
3451,499,59,2,1
3451,499,60,2,1
3451,499,61,2,1
3451,499,62,2,1
3451,499,63,2,1
3451,499,64,2,1
3451,499,65,2,1
3451,499,66,2,1
3451,499,67,2,1
3451,499,68,2,1
3451,499,69,2,1
3451,499,70,2,1
3451,499,71,2,1
3451,499,72,2,1
3451,499,73,2,1
3451,499,74,2,1
3451,499,75,2,1
3452,498,1,1,1
3452,498,2,1,1
3452,498,3,1,1
3452,498,4,1,1
3452,498,5,1,1
3452,498,6,1,1
3452,498,7,1,1
3452,498,8,1,1
3452,498,9,1,1
3452,498,10,1,1
3452,498,11,1,1
3452,498,12,1,1
3452,498,13,1,1
3452,498,14,1,1
3452,498,15,1,1
3452,498,16,1,1
3452,498,17,1,1
3452,498,18,1,1
3452,498,19,1,1
3452,498,20,1,1
3452,498,21,1,1
3452,498,22,1,1
3452,498,23,1,1
3452,498,24,1,1
3452,498,25,1,1
3452,498,26,1,1
3452,498,27,1,1
3452,498,28,1,1
3452,498,29,1,1
3452,498,30,1,1
3452,498,31,1,1
3452,498,32,1,1
3452,498,33,1,1
3452,498,34,1,1
3452,498,35,1,1
3452,498,36,1,1
3452,498,37,1,1
3452,498,38,1,1
3452,498,39,1,1
3452,498,40,1,1
3452,498,41,1,1
3452,498,42,1,1
3452,498,43,1,1
3452,498,44,1,1
3452,498,45,1,1
3452,498,46,1,1
3452,498,47,1,1
3452,498,48,1,1
3452,498,49,1,1
3452,498,50,1,1
3452,498,51,1,1
3452,498,52,1,1
3452,498,53,1,1
3452,498,54,1,1
3452,498,55,1,1
3452,498,56,1,1
3452,498,57,1,1
3452,498,58,1,1
3452,498,59,1,1
3452,498,60,1,1
3452,498,61,1,1
3452,498,62,1,1
3452,498,63,1,1
3452,498,64,1,1
3452,498,65,1,1
3452,498,66,1,1
3452,498,67,1,1
3452,498,68,1,1
3452,498,69,1,1
3452,498,70,1,1
3452,498,71,1,1
3452,498,72,1,1
3452,498,73,1,1
3452,498,74,1,1
3452,498,75,1,1
3452,498,1,2,1
3452,498,2,2,1
3452,498,3,2,1
3452,498,4,2,1
3452,498,5,2,1
3452,498,6,2,1
3452,498,7,2,1
3452,498,8,2,1
3452,498,9,2,1
3452,498,10,2,1
3452,498,11,2,1
3452,498,12,2,1
3452,498,13,2,1
3452,498,14,2,1
3452,498,15,2,1
3452,498,16,2,1
3452,498,17,2,1
3452,498,18,2,1
3452,498,19,2,1
3452,498,20,2,1
3452,498,21,2,1
3452,498,22,2,1
3452,498,23,2,1
3452,498,24,2,1
3452,498,25,2,1
3452,498,26,2,1
3452,498,27,2,1
3452,498,28,2,1
3452,498,29,2,1
3452,498,30,2,1
3452,498,31,2,1
3452,498,32,2,1
3452,498,33,2,1
3452,498,34,2,1
3452,498,35,2,1
3452,498,36,2,1
3452,498,37,2,1
3452,498,38,2,1
3452,498,39,2,1
3452,498,40,2,1
3452,498,41,2,1
3452,498,42,2,1
3452,498,43,2,1
3452,498,44,2,1
3452,498,45,2,1
3452,498,46,2,1
3452,498,47,2,1
3452,498,48,2,1
3452,498,49,2,1
3452,498,50,2,1
3452,498,51,2,1
3452,498,52,2,1
3452,498,53,2,1
3452,498,54,2,1
3452,498,55,2,1
3452,498,56,2,1
3452,498,57,2,1
3452,498,58,2,1
3452,498,59,2,1
3452,498,60,2,1
3452,498,61,2,1
3452,498,62,2,1
3452,498,63,2,1
3452,498,64,2,1
3452,498,65,2,1
3452,498,66,2,1
3452,498,67,2,1
3452,498,68,2,1
3452,498,69,2,1
3452,498,70,2,1
3452,498,71,2,1
3452,498,72,2,1
3452,498,73,2,1
3452,498,74,2,1
3452,498,75,2,1
3453,497,1,1,1
3453,497,2,1,1
3453,497,3,1,1
3453,497,4,1,1
3453,497,5,1,1
3453,497,6,1,1
3453,497,7,1,1
3453,497,8,1,1
3453,497,9,1,1
3453,497,10,1,1
3453,497,11,1,1
3453,497,12,1,1
3453,497,13,1,1
3453,497,14,1,1
3453,497,15,1,1
3453,497,16,1,1
3453,497,17,1,1
3453,497,18,1,1
3453,497,19,1,1
3453,497,20,1,1
3453,497,21,1,1
3453,497,22,1,1
3453,497,23,1,1
3453,497,24,1,1
3453,497,25,1,1
3453,497,26,1,1
3453,497,27,1,1
3453,497,28,1,1
3453,497,29,1,1
3453,497,30,1,1
3453,497,31,1,1
3453,497,32,1,1
3453,497,33,1,1
3453,497,34,1,1
3453,497,35,1,1
3453,497,36,1,1
3453,497,37,1,1
3453,497,38,1,1
3453,497,39,1,1
3453,497,40,1,1
3453,497,41,1,1
3453,497,42,1,1
3453,497,43,1,1
3453,497,44,1,1
3453,497,45,1,1
3453,497,46,1,1
3453,497,47,1,1
3453,497,48,1,1
3453,497,49,1,1
3453,497,50,1,1
3453,497,51,1,1
3453,497,52,1,1
3453,497,53,1,1
3453,497,54,1,1
3453,497,55,1,1
3453,497,56,1,1
3453,497,57,1,1
3453,497,58,1,1
3453,497,59,1,1
3453,497,60,1,1
3453,497,61,1,1
3453,497,62,1,1
3453,497,63,1,1
3453,497,64,1,1
3453,497,65,1,1
3453,497,66,1,1
3453,497,67,1,1
3453,497,68,1,1
3453,497,69,1,1
3453,497,70,1,1
3453,497,71,1,1
3453,497,72,1,1
3453,497,73,1,1
3453,497,74,1,1
3453,497,75,1,1
3453,497,1,2,1
3453,497,2,2,1
3453,497,3,2,1
3453,497,4,2,1
3453,497,5,2,1
3453,497,6,2,1
3453,497,7,2,1
3453,497,8,2,1
3453,497,9,2,1
3453,497,10,2,1
3453,497,11,2,1
3453,497,12,2,1
3453,497,13,2,1
3453,497,14,2,1
3453,497,15,2,1
3453,497,16,2,1
3453,497,17,2,1
3453,497,18,2,1
3453,497,19,2,1
3453,497,20,2,1
3453,497,21,2,1
3453,497,22,2,1
3453,497,23,2,1
3453,497,24,2,1
3453,497,25,2,1
3453,497,26,2,1
3453,497,27,2,1
3453,497,28,2,1
3453,497,29,2,1
3453,497,30,2,1
3453,497,31,2,1
3453,497,32,2,1
3453,497,33,2,1
3453,497,34,2,1
3453,497,35,2,1
3453,497,36,2,1
3453,497,37,2,1
3453,497,38,2,1
3453,497,39,2,1
3453,497,40,2,1
3453,497,41,2,1
3453,497,42,2,1
3453,497,43,2,1
3453,497,44,2,1
3453,497,45,2,1
3453,497,46,2,1
3453,497,47,2,1
3453,497,48,2,1
3453,497,49,2,1
3453,497,50,2,1
3453,497,51,2,1
3453,497,52,2,1
3453,497,53,2,1
3453,497,54,2,1
3453,497,55,2,1
3453,497,56,2,1
3453,497,57,2,1
3453,497,58,2,1
3453,497,59,2,1
3453,497,60,2,1
3453,497,61,2,1
3453,497,62,2,1
3453,497,63,2,1
3453,497,64,2,1
3453,497,65,2,1
3453,497,66,2,1
3453,497,67,2,1
3453,497,68,2,1
3453,497,69,2,1
3453,497,70,2,1
3453,497,71,2,1
3453,497,72,2,1
3453,497,73,2,1
3453,497,74,2,1
3453,497,75,2,1
3454,496,1,1,1
3454,496,2,1,1
3454,496,3,1,1
3454,496,4,1,1
3454,496,5,1,1
3454,496,6,1,1
3454,496,7,1,1
3454,496,8,1,1
3454,496,9,1,1
3454,496,10,1,1
3454,496,11,1,1
3454,496,12,1,1
3454,496,13,1,1
3454,496,14,1,1
3454,496,15,1,1
3454,496,16,1,1
3454,496,17,1,1
3454,496,18,1,1
3454,496,19,1,1
3454,496,20,1,1
3454,496,21,1,1
3454,496,22,1,1
3454,496,23,1,1
3454,496,24,1,1
3454,496,25,1,1
3454,496,26,1,1
3454,496,27,1,1
3454,496,28,1,1
3454,496,29,1,1
3454,496,30,1,1
3454,496,31,1,1
3454,496,32,1,1
3454,496,33,1,1
3454,496,34,1,1
3454,496,35,1,1
3454,496,36,1,1
3454,496,37,1,1
3454,496,38,1,1
3454,496,39,1,1
3454,496,40,1,1
3454,496,41,1,1
3454,496,42,1,1
3454,496,43,1,1
3454,496,44,1,1
3454,496,45,1,1
3454,496,46,1,1
3454,496,47,1,1
3454,496,48,1,1
3454,496,49,1,1
3454,496,50,1,1
3454,496,51,1,1
3454,496,52,1,1
3454,496,53,1,1
3454,496,54,1,1
3454,496,55,1,1
3454,496,56,1,1
3454,496,57,1,1
3454,496,58,1,1
3454,496,59,1,1
3454,496,60,1,1
3454,496,61,1,1
3454,496,62,1,1
3454,496,63,1,1
3454,496,64,1,1
3454,496,65,1,1
3454,496,66,1,1
3454,496,67,1,1
3454,496,68,1,1
3454,496,69,1,1
3454,496,70,1,1
3454,496,71,1,1
3454,496,72,1,1
3454,496,73,1,1
3454,496,74,1,1
3454,496,75,1,1
3454,496,1,2,1
3454,496,2,2,1
3454,496,3,2,1
3454,496,4,2,1
3454,496,5,2,1
3454,496,6,2,1
3454,496,7,2,1
3454,496,8,2,1
3454,496,9,2,1
3454,496,10,2,1
3454,496,11,2,1
3454,496,12,2,1
3454,496,13,2,1
3454,496,14,2,1
3454,496,15,2,1
3454,496,16,2,1
3454,496,17,2,1
3454,496,18,2,1
3454,496,19,2,1
3454,496,20,2,1
3454,496,21,2,1
3454,496,22,2,1
3454,496,23,2,1
3454,496,24,2,1
3454,496,25,2,1
3454,496,26,2,1
3454,496,27,2,1
3454,496,28,2,1
3454,496,29,2,1
3454,496,30,2,1
3454,496,31,2,1
3454,496,32,2,1
3454,496,33,2,1
3454,496,34,2,1
3454,496,35,2,1
3454,496,36,2,1
3454,496,37,2,1
3454,496,38,2,1
3454,496,39,2,1
3454,496,40,2,1
3454,496,41,2,1
3454,496,42,2,1
3454,496,43,2,1
3454,496,44,2,1
3454,496,45,2,1
3454,496,46,2,1
3454,496,47,2,1
3454,496,48,2,1
3454,496,49,2,1
3454,496,50,2,1
3454,496,51,2,1
3454,496,52,2,1
3454,496,53,2,1
3454,496,54,2,1
3454,496,55,2,1
3454,496,56,2,1
3454,496,57,2,1
3454,496,58,2,1
3454,496,59,2,1
3454,496,60,2,1
3454,496,61,2,1
3454,496,62,2,1
3454,496,63,2,1
3454,496,64,2,1
3454,496,65,2,1
3454,496,66,2,1
3454,496,67,2,1
3454,496,68,2,1
3454,496,69,2,1
3454,496,70,2,1
3454,496,71,2,1
3454,496,72,2,1
3454,496,73,2,1
3454,496,74,2,1
3454,496,75,2,1
3454,495,1,1,1
3454,495,2,1,1
3454,495,3,1,1
3454,495,4,1,1
3454,495,5,1,1
3454,495,6,1,1
3454,495,7,1,1
3454,495,8,1,1
3454,495,9,1,1
3454,495,10,1,1
3454,495,11,1,1
3454,495,12,1,1
3454,495,13,1,1
3454,495,14,1,1
3454,495,15,1,1
3454,495,16,1,1
3454,495,17,1,1
3454,495,18,1,1
3454,495,19,1,1
3454,495,20,1,1
3454,495,21,1,1
3454,495,22,1,1
3454,495,23,1,1
3454,495,24,1,1
3454,495,25,1,1
3454,495,26,1,1
3454,495,27,1,1
3454,495,28,1,1
3454,495,29,1,1
3454,495,30,1,1
3454,495,31,1,1
3454,495,32,1,1
3454,495,33,1,1
3454,495,34,1,1
3454,495,35,1,1
3454,495,36,1,1
3454,495,37,1,1
3454,495,38,1,1
3454,495,39,1,1
3454,495,40,1,1
3454,495,41,1,1
3454,495,42,1,1
3454,495,43,1,1
3454,495,44,1,1
3454,495,45,1,1
3454,495,46,1,1
3454,495,47,1,1
3454,495,48,1,1
3454,495,49,1,1
3454,495,50,1,1
3454,495,51,1,1
3454,495,52,1,1
3454,495,53,1,1
3454,495,54,1,1
3454,495,55,1,1
3454,495,56,1,1
3454,495,57,1,1
3454,495,58,1,1
3454,495,59,1,1
3454,495,60,1,1
3454,495,61,1,1
3454,495,62,1,1
3454,495,63,1,1
3454,495,64,1,1
3454,495,65,1,1
3454,495,66,1,1
3454,495,67,1,1
3454,495,68,1,1
3454,495,69,1,1
3454,495,70,1,1
3454,495,71,1,1
3454,495,72,1,1
3454,495,73,1,1
3454,495,74,1,1
3454,495,75,1,1
3455,495,1,2,1
3455,495,2,2,1
3455,495,3,2,1
3455,495,4,2,1
3455,495,5,2,1
3455,495,6,2,1
3455,495,7,2,1
3455,495,8,2,1
3455,495,9,2,1
3455,495,10,2,1
3455,495,11,2,1
3455,495,12,2,1
3455,495,13,2,1
3455,495,14,2,1
3455,495,15,2,1
3455,495,16,2,1
3455,495,17,2,1
3455,495,18,2,1
3455,495,19,2,1
3455,495,20,2,1
3455,495,21,2,1
3455,495,22,2,1
3455,495,23,2,1
3455,495,24,2,1
3455,495,25,2,1
3455,495,26,2,1
3455,495,27,2,1
3455,495,28,2,1
3455,495,29,2,1
3455,495,30,2,1
3455,495,31,2,1
3455,495,32,2,1
3455,495,33,2,1
3455,495,34,2,1
3455,495,35,2,1
3455,495,36,2,1
3455,495,37,2,1
3455,495,38,2,1
3455,495,39,2,1
3455,495,40,2,1
3455,495,41,2,1
3455,495,42,2,1
3455,495,43,2,1
3455,495,44,2,1
3455,495,45,2,1
3455,495,46,2,1
3455,495,47,2,1
3455,495,48,2,1
3455,495,49,2,1
3455,495,50,2,1
3455,495,51,2,1
3455,495,52,2,1
3455,495,53,2,1
3455,495,54,2,1
3455,495,55,2,1
3455,495,56,2,1
3455,495,57,2,1
3455,495,58,2,1
3455,495,59,2,1
3455,495,60,2,1
3455,495,61,2,1
3455,495,62,2,1
3455,495,63,2,1
3455,495,64,2,1
3455,495,65,2,1
3455,495,66,2,1
3455,495,67,2,1
3455,495,68,2,1
3455,495,69,2,1
3455,495,70,2,1
3455,495,71,2,1
3455,495,72,2,1
3455,495,73,2,1
3455,495,74,2,1
3455,495,75,2,1
3455,494,1,1,1
3455,494,2,1,1
3455,494,3,1,1
3455,494,4,1,1
3455,494,5,1,1
3455,494,6,1,1
3455,494,7,1,1
3455,494,8,1,1
3455,494,9,1,1
3455,494,10,1,1
3455,494,11,1,1
3455,494,12,1,1
3455,494,13,1,1
3455,494,14,1,1
3455,494,15,1,1
3455,494,16,1,1
3455,494,17,1,1
3455,494,18,1,1
3455,494,19,1,1
3455,494,20,1,1
3455,494,21,1,1
3455,494,22,1,1
3455,494,23,1,1
3455,494,24,1,1
3455,494,25,1,1
3455,494,26,1,1
3455,494,27,1,1
3455,494,28,1,1
3455,494,29,1,1
3455,494,30,1,1
3455,494,31,1,1
3455,494,32,1,1
3455,494,33,1,1
3455,494,34,1,1
3455,494,35,1,1
3455,494,36,1,1
3455,494,37,1,1
3455,494,38,1,1
3455,494,39,1,1
3455,494,40,1,1
3455,494,41,1,1
3455,494,42,1,1
3455,494,43,1,1
3455,494,44,1,1
3455,494,45,1,1
3455,494,46,1,1
3455,494,47,1,1
3455,494,48,1,1
3455,494,49,1,1
3455,494,50,1,1
3455,494,51,1,1
3455,494,52,1,1
3455,494,53,1,1
3455,494,54,1,1
3455,494,55,1,1
3455,494,56,1,1
3455,494,57,1,1
3455,494,58,1,1
3455,494,59,1,1
3455,494,60,1,1
3455,494,61,1,1
3455,494,62,1,1
3455,494,63,1,1
3455,494,64,1,1
3455,494,65,1,1
3455,494,66,1,1
3455,494,67,1,1
3455,494,68,1,1
3455,494,69,1,1
3455,494,70,1,1
3455,494,71,1,1
3455,494,72,1,1
3455,494,73,1,1
3455,494,74,1,1
3455,494,75,1,1
3456,494,1,2,1
3456,494,2,2,1
3456,494,3,2,1
3456,494,4,2,1
3456,494,5,2,1
3456,494,6,2,1
3456,494,7,2,1
3456,494,8,2,1
3456,494,9,2,1
3456,494,10,2,1
3456,494,11,2,1
3456,494,12,2,1
3456,494,13,2,1
3456,494,14,2,1
3456,494,15,2,1
3456,494,16,2,1
3456,494,17,2,1
3456,494,18,2,1
3456,494,19,2,1
3456,494,20,2,1
3456,494,21,2,1
3456,494,22,2,1
3456,494,23,2,1
3456,494,24,2,1
3456,494,25,2,1
3456,494,26,2,1
3456,494,27,2,1
3456,494,28,2,1
3456,494,29,2,1
3456,494,30,2,1
3456,494,31,2,1
3456,494,32,2,1
3456,494,33,2,1
3456,494,34,2,1
3456,494,35,2,1
3456,494,36,2,1
3456,494,37,2,1
3456,494,38,2,1
3456,494,39,2,1
3456,494,40,2,1
3456,494,41,2,1
3456,494,42,2,1
3456,494,43,2,1
3456,494,44,2,1
3456,494,45,2,1
3456,494,46,2,1
3456,494,47,2,1
3456,494,48,2,1
3456,494,49,2,1
3456,494,50,2,1
3456,494,51,2,1
3456,494,52,2,1
3456,494,53,2,1
3456,494,54,2,1
3456,494,55,2,1
3456,494,56,2,1
3456,494,57,2,1
3456,494,58,2,1
3456,494,59,2,1
3456,494,60,2,1
3456,494,61,2,1
3456,494,62,2,1
3456,494,63,2,1
3456,494,64,2,1
3456,494,65,2,1
3456,494,66,2,1
3456,494,67,2,1
3456,494,68,2,1
3456,494,69,2,1
3456,494,70,2,1
3456,494,71,2,1
3456,494,72,2,1
3456,494,73,2,1
3456,494,74,2,1
3456,494,75,2,1
3456,493,1,1,1
3456,493,2,1,1
3456,493,3,1,1
3456,493,4,1,1
3456,493,5,1,1
3456,493,6,1,1
3456,493,7,1,1
3456,493,8,1,1
3456,493,9,1,1
3456,493,10,1,1
3456,493,11,1,1
3456,493,12,1,1
3456,493,13,1,1
3456,493,14,1,1
3456,493,15,1,1
3456,493,16,1,1
3456,493,17,1,1
3456,493,18,1,1
3456,493,19,1,1
3456,493,20,1,1
3456,493,21,1,1
3456,493,22,1,1
3456,493,23,1,1
3456,493,24,1,1
3456,493,25,1,1
3456,493,26,1,1
3456,493,27,1,1
3456,493,28,1,1
3456,493,29,1,1
3456,493,30,1,1
3456,493,31,1,1
3456,493,32,1,1
3456,493,33,1,1
3456,493,34,1,1
3456,493,35,1,1
3456,493,36,1,1
3456,493,37,1,1
3456,493,38,1,1
3456,493,39,1,1
3456,493,40,1,1
3456,493,41,1,1
3456,493,42,1,1
3456,493,43,1,1
3456,493,44,1,1
3456,493,45,1,1
3456,493,46,1,1
3456,493,47,1,1
3456,493,48,1,1
3456,493,49,1,1
3456,493,50,1,1
3456,493,51,1,1
3456,493,52,1,1
3456,493,53,1,1
3456,493,54,1,1
3456,493,55,1,1
3456,493,56,1,1
3456,493,57,1,1
3456,493,58,1,1
3456,493,59,1,1
3456,493,60,1,1
3456,493,61,1,1
3456,493,62,1,1
3456,493,63,1,1
3456,493,64,1,1
3456,493,65,1,1
3456,493,66,1,1
3456,493,67,1,1
3456,493,68,1,1
3456,493,69,1,1
3456,493,70,1,1
3456,493,71,1,1
3456,493,72,1,1
3456,493,73,1,1
3456,493,74,1,1
3456,493,75,1,1
3457,493,1,2,1
3457,493,2,2,1
3457,493,3,2,1
3457,493,4,2,1
3457,493,5,2,1
3457,493,6,2,1
3457,493,7,2,1
3457,493,8,2,1
3457,493,9,2,1
3457,493,10,2,1
3457,493,11,2,1
3457,493,12,2,1
3457,493,13,2,1
3457,493,14,2,1
3457,493,15,2,1
3457,493,16,2,1
3457,493,17,2,1
3457,493,18,2,1
3457,493,19,2,1
3457,493,20,2,1
3457,493,21,2,1
3457,493,22,2,1
3457,493,23,2,1
3457,493,24,2,1
3457,493,25,2,1
3457,493,26,2,1
3457,493,27,2,1
3457,493,28,2,1
3457,493,29,2,1
3457,493,30,2,1
3457,493,31,2,1
3457,493,32,2,1
3457,493,33,2,1
3457,493,34,2,1
3457,493,35,2,1
3457,493,36,2,1
3457,493,37,2,1
3457,493,38,2,1
3457,493,39,2,1
3457,493,40,2,1
3457,493,41,2,1
3457,493,42,2,1
3457,493,43,2,1
3457,493,44,2,1
3457,493,45,2,1
3457,493,46,2,1
3457,493,47,2,1
3457,493,48,2,1
3457,493,49,2,1
3457,493,50,2,1
3457,493,51,2,1
3457,493,52,2,1
3457,493,53,2,1
3457,493,54,2,1
3457,493,55,2,1
3457,493,56,2,1
3457,493,57,2,1
3457,493,58,2,1
3457,493,59,2,1
3457,493,60,2,1
3457,493,61,2,1
3457,493,62,2,1
3457,493,63,2,1
3457,493,64,2,1
3457,493,65,2,1
3457,493,66,2,1
3457,493,67,2,1
3457,493,68,2,1
3457,493,69,2,1
3457,493,70,2,1
3457,493,71,2,1
3457,493,72,2,1
3457,493,73,2,1
3457,493,74,2,1
3457,493,75,2,1
3457,492,1,1,1
3457,492,2,1,1
3457,492,3,1,1
3457,492,4,1,1
3457,492,5,1,1
3457,492,6,1,1
3457,492,7,1,1
3457,492,8,1,1
3457,492,9,1,1
3457,492,10,1,1
3457,492,11,1,1
3457,492,12,1,1
3457,492,13,1,1
3457,492,14,1,1
3457,492,15,1,1
3457,492,16,1,1
3457,492,17,1,1
3457,492,18,1,1
3457,492,19,1,1
3457,492,20,1,1
3457,492,21,1,1
3457,492,22,1,1
3457,492,23,1,1
3457,492,24,1,1
3457,492,25,1,1
3457,492,26,1,1
3457,492,27,1,1
3457,492,28,1,1
3457,492,29,1,1
3457,492,30,1,1
3457,492,31,1,1
3457,492,32,1,1
3457,492,33,1,1
3457,492,34,1,1
3457,492,35,1,1
3457,492,36,1,1
3457,492,37,1,1
3457,492,38,1,1
3457,492,39,1,1
3457,492,40,1,1
3457,492,41,1,1
3457,492,42,1,1
3457,492,43,1,1
3457,492,44,1,1
3457,492,45,1,1
3457,492,46,1,1
3457,492,47,1,1
3457,492,48,1,1
3457,492,49,1,1
3457,492,50,1,1
3457,492,51,1,1
3457,492,52,1,1
3457,492,53,1,1
3457,492,54,1,1
3457,492,55,1,1
3457,492,56,1,1
3457,492,57,1,1
3457,492,58,1,1
3457,492,59,1,1
3457,492,60,1,1
3457,492,61,1,1
3457,492,62,1,1
3457,492,63,1,1
3457,492,64,1,1
3457,492,65,1,1
3457,492,66,1,1
3457,492,67,1,1
3457,492,68,1,1
3457,492,69,1,1
3457,492,70,1,1
3457,492,71,1,1
3457,492,72,1,1
3457,492,73,1,1
3457,492,74,1,1
3457,492,75,1,1
3458,492,1,2,1
3458,492,2,2,1
3458,492,3,2,1
3458,492,4,2,1
3458,492,5,2,1
3458,492,6,2,1
3458,492,7,2,1
3458,492,8,2,1
3458,492,9,2,1
3458,492,10,2,1
3458,492,11,2,1
3458,492,12,2,1
3458,492,13,2,1
3458,492,14,2,1
3458,492,15,2,1
3458,492,16,2,1
3458,492,17,2,1
3458,492,18,2,1
3458,492,19,2,1
3458,492,20,2,1
3458,492,21,2,1
3458,492,22,2,1
3458,492,23,2,1
3458,492,24,2,1
3458,492,25,2,1
3458,492,26,2,1
3458,492,27,2,1
3458,492,28,2,1
3458,492,29,2,1
3458,492,30,2,1
3458,492,31,2,1
3458,492,32,2,1
3458,492,33,2,1
3458,492,34,2,1
3458,492,35,2,1
3458,492,36,2,1
3458,492,37,2,1
3458,492,38,2,1
3458,492,39,2,1
3458,492,40,2,1
3458,492,41,2,1
3458,492,42,2,1
3458,492,43,2,1
3458,492,44,2,1
3458,492,45,2,1
3458,492,46,2,1
3458,492,47,2,1
3458,492,48,2,1
3458,492,49,2,1
3458,492,50,2,1
3458,492,51,2,1
3458,492,52,2,1
3458,492,53,2,1
3458,492,54,2,1
3458,492,55,2,1
3458,492,56,2,1
3458,492,57,2,1
3458,492,58,2,1
3458,492,59,2,1
3458,492,60,2,1
3458,492,61,2,1
3458,492,62,2,1
3458,492,63,2,1
3458,492,64,2,1
3458,492,65,2,1
3458,492,66,2,1
3458,492,67,2,1
3458,492,68,2,1
3458,492,69,2,1
3458,492,70,2,1
3458,492,71,2,1
3458,492,72,2,1
3458,492,73,2,1
3458,492,74,2,1
3458,492,75,2,1
3458,491,1,1,1
3458,491,2,1,1
3458,491,3,1,1
3458,491,4,1,1
3458,491,5,1,1
3458,491,6,1,1
3458,491,7,1,1
3458,491,8,1,1
3458,491,9,1,1
3458,491,10,1,1
3458,491,11,1,1
3458,491,12,1,1
3458,491,13,1,1
3458,491,14,1,1
3458,491,15,1,1
3458,491,16,1,1
3458,491,17,1,1
3458,491,18,1,1
3458,491,19,1,1
3458,491,20,1,1
3458,491,21,1,1
3458,491,22,1,1
3458,491,23,1,1
3458,491,24,1,1
3458,491,25,1,1
3458,491,26,1,1
3458,491,27,1,1
3458,491,28,1,1
3458,491,29,1,1
3458,491,30,1,1
3458,491,31,1,1
3458,491,32,1,1
3458,491,33,1,1
3458,491,34,1,1
3458,491,35,1,1
3458,491,36,1,1
3458,491,37,1,1
3458,491,38,1,1
3458,491,39,1,1
3458,491,40,1,1
3458,491,41,1,1
3458,491,42,1,1
3458,491,43,1,1
3458,491,44,1,1
3458,491,45,1,1
3458,491,46,1,1
3458,491,47,1,1
3458,491,48,1,1
3458,491,49,1,1
3458,491,50,1,1
3458,491,51,1,1
3458,491,52,1,1
3458,491,53,1,1
3458,491,54,1,1
3458,491,55,1,1
3458,491,56,1,1
3458,491,57,1,1
3458,491,58,1,1
3458,491,59,1,1
3458,491,60,1,1
3458,491,61,1,1
3458,491,62,1,1
3458,491,63,1,1
3458,491,64,1,1
3458,491,65,1,1
3458,491,66,1,1
3458,491,67,1,1
3458,491,68,1,1
3458,491,69,1,1
3458,491,70,1,1
3458,491,71,1,1
3458,491,72,1,1
3458,491,73,1,1
3458,491,74,1,1
3458,491,75,1,1
3459,491,1,2,1
3459,491,2,2,1
3459,491,3,2,1
3459,491,4,2,1
3459,491,5,2,1
3459,491,6,2,1
3459,491,7,2,1
3459,491,8,2,1
3459,491,9,2,1
3459,491,10,2,1
3459,491,11,2,1
3459,491,12,2,1
3459,491,13,2,1
3459,491,14,2,1
3459,491,15,2,1
3459,491,16,2,1
3459,491,17,2,1
3459,491,18,2,1
3459,491,19,2,1
3459,491,20,2,1
3459,491,21,2,1
3459,491,22,2,1
3459,491,23,2,1
3459,491,24,2,1
3459,491,25,2,1
3459,491,26,2,1
3459,491,27,2,1
3459,491,28,2,1
3459,491,29,2,1
3459,491,30,2,1
3459,491,31,2,1
3459,491,32,2,1
3459,491,33,2,1
3459,491,34,2,1
3459,491,35,2,1
3459,491,36,2,1
3459,491,37,2,1
3459,491,38,2,1
3459,491,39,2,1
3459,491,40,2,1
3459,491,41,2,1
3459,491,42,2,1
3459,491,43,2,1
3459,491,44,2,1
3459,491,45,2,1
3459,491,46,2,1
3459,491,47,2,1
3459,491,48,2,1
3459,491,49,2,1
3459,491,50,2,1
3459,491,51,2,1
3459,491,52,2,1
3459,491,53,2,1
3459,491,54,2,1
3459,491,55,2,1
3459,491,56,2,1
3459,491,57,2,1
3459,491,58,2,1
3459,491,59,2,1
3459,491,60,2,1
3459,491,61,2,1
3459,491,62,2,1
3459,491,63,2,1
3459,491,64,2,1
3459,491,65,2,1
3459,491,66,2,1
3459,491,67,2,1
3459,491,68,2,1
3459,491,69,2,1
3459,491,70,2,1
3459,491,71,2,1
3459,491,72,2,1
3459,491,73,2,1
3459,491,74,2,1
3459,491,75,2,1
3459,490,1,1,1
3459,490,2,1,1
3459,490,3,1,1
3459,490,4,1,1
3459,490,5,1,1
3459,490,6,1,1
3459,490,7,1,1
3459,490,8,1,1
3459,490,9,1,1
3459,490,10,1,1
3459,490,11,1,1
3459,490,12,1,1
3459,490,13,1,1
3459,490,14,1,1
3459,490,15,1,1
3459,490,16,1,1
3459,490,17,1,1
3459,490,18,1,1
3459,490,19,1,1
3459,490,20,1,1
3459,490,21,1,1
3459,490,22,1,1
3459,490,23,1,1
3459,490,24,1,1
3459,490,25,1,1
3459,490,26,1,1
3459,490,27,1,1
3459,490,28,1,1
3459,490,29,1,1
3459,490,30,1,1
3459,490,31,1,1
3459,490,32,1,1
3459,490,33,1,1
3459,490,34,1,1
3459,490,35,1,1
3459,490,36,1,1
3459,490,37,1,1
3459,490,38,1,1
3459,490,39,1,1
3459,490,40,1,1
3459,490,41,1,1
3459,490,42,1,1
3459,490,43,1,1
3459,490,44,1,1
3459,490,45,1,1
3459,490,46,1,1
3459,490,47,1,1
3459,490,48,1,1
3459,490,49,1,1
3459,490,50,1,1
3459,490,51,1,1
3459,490,52,1,1
3459,490,53,1,1
3459,490,54,1,1
3459,490,55,1,1
3459,490,56,1,1
3459,490,57,1,1
3459,490,58,1,1
3459,490,59,1,1
3459,490,60,1,1
3459,490,61,1,1
3459,490,62,1,1
3459,490,63,1,1
3459,490,64,1,1
3459,490,65,1,1
3459,490,66,1,1
3459,490,67,1,1
3459,490,68,1,1
3459,490,69,1,1
3459,490,70,1,1
3459,490,71,1,1
3459,490,72,1,1
3459,490,73,1,1
3459,490,74,1,1
3459,490,75,1,1
3460,490,1,2,1
3460,490,2,2,1
3460,490,3,2,1
3460,490,4,2,1
3460,490,5,2,1
3460,490,6,2,1
3460,490,7,2,1
3460,490,8,2,1
3460,490,9,2,1
3460,490,10,2,1
3460,490,11,2,1
3460,490,12,2,1
3460,490,13,2,1
3460,490,14,2,1
3460,490,15,2,1
3460,490,16,2,1
3460,490,17,2,1
3460,490,18,2,1
3460,490,19,2,1
3460,490,20,2,1
3460,490,21,2,1
3460,490,22,2,1
3460,490,23,2,1
3460,490,24,2,1
3460,490,25,2,1
3460,490,26,2,1
3460,490,27,2,1
3460,490,28,2,1
3460,490,29,2,1
3460,490,30,2,1
3460,490,31,2,1
3460,490,32,2,1
3460,490,33,2,1
3460,490,34,2,1
3460,490,35,2,1
3460,490,36,2,1
3460,490,37,2,1
3460,490,38,2,1
3460,490,39,2,1
3460,490,40,2,1
3460,490,41,2,1
3460,490,42,2,1
3460,490,43,2,1
3460,490,44,2,1
3460,490,45,2,1
3460,490,46,2,1
3460,490,47,2,1
3460,490,48,2,1
3460,490,49,2,1
3460,490,50,2,1
3460,490,51,2,1
3460,490,52,2,1
3460,490,53,2,1
3460,490,54,2,1
3460,490,55,2,1
3460,490,56,2,1
3460,490,57,2,1
3460,490,58,2,1
3460,490,59,2,1
3460,490,60,2,1
3460,490,61,2,1
3460,490,62,2,1
3460,490,63,2,1
3460,490,64,2,1
3460,490,65,2,1
3460,490,66,2,1
3460,490,67,2,1
3460,490,68,2,1
3460,490,69,2,1
3460,490,70,2,1
3460,490,71,2,1
3460,490,72,2,1
3460,490,73,2,1
3460,490,74,2,1
3460,490,75,2,1
3460,489,1,1,1
3460,489,2,1,1
3460,489,3,1,1
3460,489,4,1,1
3460,489,5,1,1
3460,489,6,1,1
3460,489,7,1,1
3460,489,8,1,1
3460,489,9,1,1
3460,489,10,1,1
3460,489,11,1,1
3460,489,12,1,1
3460,489,13,1,1
3460,489,14,1,1
3460,489,15,1,1
3460,489,16,1,1
3460,489,17,1,1
3460,489,18,1,1
3460,489,19,1,1
3460,489,20,1,1
3460,489,21,1,1
3460,489,22,1,1
3460,489,23,1,1
3460,489,24,1,1
3460,489,25,1,1
3460,489,26,1,1
3460,489,27,1,1
3460,489,28,1,1
3460,489,29,1,1
3460,489,30,1,1
3460,489,31,1,1
3460,489,32,1,1
3460,489,33,1,1
3460,489,34,1,1
3460,489,35,1,1
3460,489,36,1,1
3460,489,37,1,1
3460,489,38,1,1
3460,489,39,1,1
3460,489,40,1,1
3460,489,41,1,1
3460,489,42,1,1
3460,489,43,1,1
3460,489,44,1,1
3460,489,45,1,1
3460,489,46,1,1
3460,489,47,1,1
3460,489,48,1,1
3460,489,49,1,1
3460,489,50,1,1
3460,489,51,1,1
3460,489,52,1,1
3460,489,53,1,1
3460,489,54,1,1
3460,489,55,1,1
3460,489,56,1,1
3460,489,57,1,1
3460,489,58,1,1
3460,489,59,1,1
3460,489,60,1,1
3460,489,61,1,1
3460,489,62,1,1
3460,489,63,1,1
3460,489,64,1,1
3460,489,65,1,1
3460,489,66,1,1
3460,489,67,1,1
3460,489,68,1,1
3460,489,69,1,1
3460,489,70,1,1
3460,489,71,1,1
3460,489,72,1,1
3460,489,73,1,1
3460,489,74,1,1
3460,489,75,1,1
3461,489,1,2,1
3461,489,2,2,1
3461,489,3,2,1
3461,489,4,2,1
3461,489,5,2,1
3461,489,6,2,1
3461,489,7,2,1
3461,489,8,2,1
3461,489,9,2,1
3461,489,10,2,1
3461,489,11,2,1
3461,489,12,2,1
3461,489,13,2,1
3461,489,14,2,1
3461,489,15,2,1
3461,489,16,2,1
3461,489,17,2,1
3461,489,18,2,1
3461,489,19,2,1
3461,489,20,2,1
3461,489,21,2,1
3461,489,22,2,1
3461,489,23,2,1
3461,489,24,2,1
3461,489,25,2,1
3461,489,26,2,1
3461,489,27,2,1
3461,489,28,2,1
3461,489,29,2,1
3461,489,30,2,1
3461,489,31,2,1
3461,489,32,2,1
3461,489,33,2,1
3461,489,34,2,1
3461,489,35,2,1
3461,489,36,2,1
3461,489,37,2,1
3461,489,38,2,1
3461,489,39,2,1
3461,489,40,2,1
3461,489,41,2,1
3461,489,42,2,1
3461,489,43,2,1
3461,489,44,2,1
3461,489,45,2,1
3461,489,46,2,1
3461,489,47,2,1
3461,489,48,2,1
3461,489,49,2,1
3461,489,50,2,1
3461,489,51,2,1
3461,489,52,2,1
3461,489,53,2,1
3461,489,54,2,1
3461,489,55,2,1
3461,489,56,2,1
3461,489,57,2,1
3461,489,58,2,1
3461,489,59,2,1
3461,489,60,2,1
3461,489,61,2,1
3461,489,62,2,1
3461,489,63,2,1
3461,489,64,2,1
3461,489,65,2,1
3461,489,66,2,1
3461,489,67,2,1
3461,489,68,2,1
3461,489,69,2,1
3461,489,70,2,1
3461,489,71,2,1
3461,489,72,2,1
3461,489,73,2,1
3461,489,74,2,1
3461,489,75,2,1
3461,488,1,1,1
3461,488,2,1,1
3461,488,3,1,1
3461,488,4,1,1
3461,488,5,1,1
3461,488,6,1,1
3461,488,7,1,1
3461,488,8,1,1
3461,488,9,1,1
3461,488,10,1,1
3461,488,11,1,1
3461,488,12,1,1
3461,488,13,1,1
3461,488,14,1,1
3461,488,15,1,1
3461,488,16,1,1
3461,488,17,1,1
3461,488,18,1,1
3461,488,19,1,1
3461,488,20,1,1
3461,488,21,1,1
3461,488,22,1,1
3461,488,23,1,1
3461,488,24,1,1
3461,488,25,1,1
3461,488,26,1,1
3461,488,27,1,1
3461,488,28,1,1
3461,488,29,1,1
3461,488,30,1,1
3461,488,31,1,1
3461,488,32,1,1
3461,488,33,1,1
3461,488,34,1,1
3461,488,35,1,1
3461,488,36,1,1
3461,488,37,1,1
3461,488,38,1,1
3461,488,39,1,1
3461,488,40,1,1
3461,488,41,1,1
3461,488,42,1,1
3461,488,43,1,1
3461,488,44,1,1
3461,488,45,1,1
3461,488,46,1,1
3461,488,47,1,1
3461,488,48,1,1
3461,488,49,1,1
3461,488,50,1,1
3461,488,51,1,1
3461,488,52,1,1
3461,488,53,1,1
3461,488,54,1,1
3461,488,55,1,1
3461,488,56,1,1
3461,488,57,1,1
3461,488,58,1,1
3461,488,59,1,1
3461,488,60,1,1
3461,488,61,1,1
3461,488,62,1,1
3461,488,63,1,1
3461,488,64,1,1
3461,488,65,1,1
3461,488,66,1,1
3461,488,67,1,1
3461,488,68,1,1
3461,488,69,1,1
3461,488,70,1,1
3461,488,71,1,1
3461,488,72,1,1
3461,488,73,1,1
3461,488,74,1,1
3461,488,75,1,1
3462,487,1,1,1
3462,487,2,1,1
3462,487,3,1,1
3462,487,4,1,1
3462,487,5,1,1
3462,487,6,1,1
3462,487,7,1,1
3462,487,8,1,1
3462,487,9,1,1
3462,487,10,1,1
3462,487,11,1,1
3462,487,12,1,1
3462,487,13,1,1
3462,487,14,1,1
3462,487,15,1,1
3462,487,16,1,1
3462,487,17,1,1
3462,487,18,1,1
3462,487,19,1,1
3462,487,20,1,1
3462,487,21,1,1
3462,487,22,1,1
3462,487,23,1,1
3462,487,24,1,1
3462,487,25,1,1
3462,487,26,1,1
3462,487,27,1,1
3462,487,28,1,1
3462,487,29,1,1
3462,487,30,1,1
3462,487,31,1,1
3462,487,32,1,1
3462,487,33,1,1
3462,487,34,1,1
3462,487,35,1,1
3462,487,36,1,1
3462,487,37,1,1
3462,487,38,1,1
3462,487,39,1,1
3462,487,40,1,1
3462,487,41,1,1
3462,487,42,1,1
3462,487,43,1,1
3462,487,44,1,1
3462,487,45,1,1
3462,487,46,1,1
3462,487,47,1,1
3462,487,48,1,1
3462,487,49,1,1
3462,487,50,1,1
3462,487,51,1,1
3462,487,52,1,1
3462,487,53,1,1
3462,487,54,1,1
3462,487,55,1,1
3462,487,56,1,1
3462,487,57,1,1
3462,487,58,1,1
3462,487,59,1,1
3462,487,60,1,1
3462,487,61,1,1
3462,487,62,1,1
3462,487,63,1,1
3462,487,64,1,1
3462,487,65,1,1
3462,487,66,1,1
3462,487,67,1,1
3462,487,68,1,1
3462,487,69,1,1
3462,487,70,1,1
3462,487,71,1,1
3462,487,72,1,1
3462,487,73,1,1
3462,487,74,1,1
3462,487,75,1,1
3462,487,1,2,1
3462,487,2,2,1
3462,487,3,2,1
3462,487,4,2,1
3462,487,5,2,1
3462,487,6,2,1
3462,487,7,2,1
3462,487,8,2,1
3462,487,9,2,1
3462,487,10,2,1
3462,487,11,2,1
3462,487,12,2,1
3462,487,13,2,1
3462,487,14,2,1
3462,487,15,2,1
3462,487,16,2,1
3462,487,17,2,1
3462,487,18,2,1
3462,487,19,2,1
3462,487,20,2,1
3462,487,21,2,1
3462,487,22,2,1
3462,487,23,2,1
3462,487,24,2,1
3462,487,25,2,1
3462,487,26,2,1
3462,487,27,2,1
3462,487,28,2,1
3462,487,29,2,1
3462,487,30,2,1
3462,487,31,2,1
3462,487,32,2,1
3462,487,33,2,1
3462,487,34,2,1
3462,487,35,2,1
3462,487,36,2,1
3462,487,37,2,1
3462,487,38,2,1
3462,487,39,2,1
3462,487,40,2,1
3462,487,41,2,1
3462,487,42,2,1
3462,487,43,2,1
3462,487,44,2,1
3462,487,45,2,1
3462,487,46,2,1
3462,487,47,2,1
3462,487,48,2,1
3462,487,49,2,1
3462,487,50,2,1
3462,487,51,2,1
3462,487,52,2,1
3462,487,53,2,1
3462,487,54,2,1
3462,487,55,2,1
3462,487,56,2,1
3462,487,57,2,1
3462,487,58,2,1
3462,487,59,2,1
3462,487,60,2,1
3462,487,61,2,1
3462,487,62,2,1
3462,487,63,2,1
3462,487,64,2,1
3462,487,65,2,1
3462,487,66,2,1
3462,487,67,2,1
3462,487,68,2,1
3462,487,69,2,1
3462,487,70,2,1
3462,487,71,2,1
3462,487,72,2,1
3462,487,73,2,1
3462,487,74,2,1
3462,487,75,2,1
3463,486,1,1,1
3463,486,2,1,1
3463,486,3,1,1
3463,486,4,1,1
3463,486,5,1,1
3463,486,6,1,1
3463,486,7,1,1
3463,486,8,1,1
3463,486,9,1,1
3463,486,10,1,1
3463,486,11,1,1
3463,486,12,1,1
3463,486,13,1,1
3463,486,14,1,1
3463,486,15,1,1
3463,486,16,1,1
3463,486,17,1,1
3463,486,18,1,1
3463,486,19,1,1
3463,486,20,1,1
3463,486,21,1,1
3463,486,22,1,1
3463,486,23,1,1
3463,486,24,1,1
3463,486,25,1,1
3463,486,26,1,1
3463,486,27,1,1
3463,486,28,1,1
3463,486,29,1,1
3463,486,30,1,1
3463,486,31,1,1
3463,486,32,1,1
3463,486,33,1,1
3463,486,34,1,1
3463,486,35,1,1
3463,486,36,1,1
3463,486,37,1,1
3463,486,38,1,1
3463,486,39,1,1
3463,486,40,1,1
3463,486,41,1,1
3463,486,42,1,1
3463,486,43,1,1
3463,486,44,1,1
3463,486,45,1,1
3463,486,46,1,1
3463,486,47,1,1
3463,486,48,1,1
3463,486,49,1,1
3463,486,50,1,1
3463,486,51,1,1
3463,486,52,1,1
3463,486,53,1,1
3463,486,54,1,1
3463,486,55,1,1
3463,486,56,1,1
3463,486,57,1,1
3463,486,58,1,1
3463,486,59,1,1
3463,486,60,1,1
3463,486,61,1,1
3463,486,62,1,1
3463,486,63,1,1
3463,486,64,1,1
3463,486,65,1,1
3463,486,66,1,1
3463,486,67,1,1
3463,486,68,1,1
3463,486,69,1,1
3463,486,70,1,1
3463,486,71,1,1
3463,486,72,1,1
3463,486,73,1,1
3463,486,74,1,1
3463,486,75,1,1
3463,486,1,2,1
3463,486,2,2,1
3463,486,3,2,1
3463,486,4,2,1
3463,486,5,2,1
3463,486,6,2,1
3463,486,7,2,1
3463,486,8,2,1
3463,486,9,2,1
3463,486,10,2,1
3463,486,11,2,1
3463,486,12,2,1
3463,486,13,2,1
3463,486,14,2,1
3463,486,15,2,1
3463,486,16,2,1
3463,486,17,2,1
3463,486,18,2,1
3463,486,19,2,1
3463,486,20,2,1
3463,486,21,2,1
3463,486,22,2,1
3463,486,23,2,1
3463,486,24,2,1
3463,486,25,2,1
3463,486,26,2,1
3463,486,27,2,1
3463,486,28,2,1
3463,486,29,2,1
3463,486,30,2,1
3463,486,31,2,1
3463,486,32,2,1
3463,486,33,2,1
3463,486,34,2,1
3463,486,35,2,1
3463,486,36,2,1
3463,486,37,2,1
3463,486,38,2,1
3463,486,39,2,1
3463,486,40,2,1
3463,486,41,2,1
3463,486,42,2,1
3463,486,43,2,1
3463,486,44,2,1
3463,486,45,2,1
3463,486,46,2,1
3463,486,47,2,1
3463,486,48,2,1
3463,486,49,2,1
3463,486,50,2,1
3463,486,51,2,1
3463,486,52,2,1
3463,486,53,2,1
3463,486,54,2,1
3463,486,55,2,1
3463,486,56,2,1
3463,486,57,2,1
3463,486,58,2,1
3463,486,59,2,1
3463,486,60,2,1
3463,486,61,2,1
3463,486,62,2,1
3463,486,63,2,1
3463,486,64,2,1
3463,486,65,2,1
3463,486,66,2,1
3463,486,67,2,1
3463,486,68,2,1
3463,486,69,2,1
3463,486,70,2,1
3463,486,71,2,1
3463,486,72,2,1
3463,486,73,2,1
3463,486,74,2,1
3463,486,75,2,1
3464,485,1,1,1
3464,485,2,1,1
3464,485,3,1,1
3464,485,4,1,1
3464,485,5,1,1
3464,485,6,1,1
3464,485,7,1,1
3464,485,8,1,1
3464,485,9,1,1
3464,485,10,1,1
3464,485,11,1,1
3464,485,12,1,1
3464,485,13,1,1
3464,485,14,1,1
3464,485,15,1,1
3464,485,16,1,1
3464,485,17,1,1
3464,485,18,1,1
3464,485,19,1,1
3464,485,20,1,1
3464,485,21,1,1
3464,485,22,1,1
3464,485,23,1,1
3464,485,24,1,1
3464,485,25,1,1
3464,485,26,1,1
3464,485,27,1,1
3464,485,28,1,1
3464,485,29,1,1
3464,485,30,1,1
3464,485,31,1,1
3464,485,32,1,1
3464,485,33,1,1
3464,485,34,1,1
3464,485,35,1,1
3464,485,36,1,1
3464,485,37,1,1
3464,485,38,1,1
3464,485,39,1,1
3464,485,40,1,1
3464,485,41,1,1
3464,485,42,1,1
3464,485,43,1,1
3464,485,44,1,1
3464,485,45,1,1
3464,485,46,1,1
3464,485,47,1,1
3464,485,48,1,1
3464,485,49,1,1
3464,485,50,1,1
3464,485,51,1,1
3464,485,52,1,1
3464,485,53,1,1
3464,485,54,1,1
3464,485,55,1,1
3464,485,56,1,1
3464,485,57,1,1
3464,485,58,1,1
3464,485,59,1,1
3464,485,60,1,1
3464,485,61,1,1
3464,485,62,1,1
3464,485,63,1,1
3464,485,64,1,1
3464,485,65,1,1
3464,485,66,1,1
3464,485,67,1,1
3464,485,68,1,1
3464,485,69,1,1
3464,485,70,1,1
3464,485,71,1,1
3464,485,72,1,1
3464,485,73,1,1
3464,485,74,1,1
3464,485,75,1,1
3464,485,1,2,1
3464,485,2,2,1
3464,485,3,2,1
3464,485,4,2,1
3464,485,5,2,1
3464,485,6,2,1
3464,485,7,2,1
3464,485,8,2,1
3464,485,9,2,1
3464,485,10,2,1
3464,485,11,2,1
3464,485,12,2,1
3464,485,13,2,1
3464,485,14,2,1
3464,485,15,2,1
3464,485,16,2,1
3464,485,17,2,1
3464,485,18,2,1
3464,485,19,2,1
3464,485,20,2,1
3464,485,21,2,1
3464,485,22,2,1
3464,485,23,2,1
3464,485,24,2,1
3464,485,25,2,1
3464,485,26,2,1
3464,485,27,2,1
3464,485,28,2,1
3464,485,29,2,1
3464,485,30,2,1
3464,485,31,2,1
3464,485,32,2,1
3464,485,33,2,1
3464,485,34,2,1
3464,485,35,2,1
3464,485,36,2,1
3464,485,37,2,1
3464,485,38,2,1
3464,485,39,2,1
3464,485,40,2,1
3464,485,41,2,1
3464,485,42,2,1
3464,485,43,2,1
3464,485,44,2,1
3464,485,45,2,1
3464,485,46,2,1
3464,485,47,2,1
3464,485,48,2,1
3464,485,49,2,1
3464,485,50,2,1
3464,485,51,2,1
3464,485,52,2,1
3464,485,53,2,1
3464,485,54,2,1
3464,485,55,2,1
3464,485,56,2,1
3464,485,57,2,1
3464,485,58,2,1
3464,485,59,2,1
3464,485,60,2,1
3464,485,61,2,1
3464,485,62,2,1
3464,485,63,2,1
3464,485,64,2,1
3464,485,65,2,1
3464,485,66,2,1
3464,485,67,2,1
3464,485,68,2,1
3464,485,69,2,1
3464,485,70,2,1
3464,485,71,2,1
3464,485,72,2,1
3464,485,73,2,1
3464,485,74,2,1
3464,485,75,2,1
3465,484,1,1,1
3465,484,2,1,1
3465,484,3,1,1
3465,484,4,1,1
3465,484,5,1,1
3465,484,6,1,1
3465,484,7,1,1
3465,484,8,1,1
3465,484,9,1,1
3465,484,10,1,1
3465,484,11,1,1
3465,484,12,1,1
3465,484,13,1,1
3465,484,14,1,1
3465,484,15,1,1
3465,484,16,1,1
3465,484,17,1,1
3465,484,18,1,1
3465,484,19,1,1
3465,484,20,1,1
3465,484,21,1,1
3465,484,22,1,1
3465,484,23,1,1
3465,484,24,1,1
3465,484,25,1,1
3465,484,26,1,1
3465,484,27,1,1
3465,484,28,1,1
3465,484,29,1,1
3465,484,30,1,1
3465,484,31,1,1
3465,484,32,1,1
3465,484,33,1,1
3465,484,34,1,1
3465,484,35,1,1
3465,484,36,1,1
3465,484,37,1,1
3465,484,38,1,1
3465,484,39,1,1
3465,484,40,1,1
3465,484,41,1,1
3465,484,42,1,1
3465,484,43,1,1
3465,484,44,1,1
3465,484,45,1,1
3465,484,46,1,1
3465,484,47,1,1
3465,484,48,1,1
3465,484,49,1,1
3465,484,50,1,1
3465,484,51,1,1
3465,484,52,1,1
3465,484,53,1,1
3465,484,54,1,1
3465,484,55,1,1
3465,484,56,1,1
3465,484,57,1,1
3465,484,58,1,1
3465,484,59,1,1
3465,484,60,1,1
3465,484,61,1,1
3465,484,62,1,1
3465,484,63,1,1
3465,484,64,1,1
3465,484,65,1,1
3465,484,66,1,1
3465,484,67,1,1
3465,484,68,1,1
3465,484,69,1,1
3465,484,70,1,1
3465,484,71,1,1
3465,484,72,1,1
3465,484,73,1,1
3465,484,74,1,1
3465,484,75,1,1
3465,484,1,2,1
3465,484,2,2,1
3465,484,3,2,1
3465,484,4,2,1
3465,484,5,2,1
3465,484,6,2,1
3465,484,7,2,1
3465,484,8,2,1
3465,484,9,2,1
3465,484,10,2,1
3465,484,11,2,1
3465,484,12,2,1
3465,484,13,2,1
3465,484,14,2,1
3465,484,15,2,1
3465,484,16,2,1
3465,484,17,2,1
3465,484,18,2,1
3465,484,19,2,1
3465,484,20,2,1
3465,484,21,2,1
3465,484,22,2,1
3465,484,23,2,1
3465,484,24,2,1
3465,484,25,2,1
3465,484,26,2,1
3465,484,27,2,1
3465,484,28,2,1
3465,484,29,2,1
3465,484,30,2,1
3465,484,31,2,1
3465,484,32,2,1
3465,484,33,2,1
3465,484,34,2,1
3465,484,35,2,1
3465,484,36,2,1
3465,484,37,2,1
3465,484,38,2,1
3465,484,39,2,1
3465,484,40,2,1
3465,484,41,2,1
3465,484,42,2,1
3465,484,43,2,1
3465,484,44,2,1
3465,484,45,2,1
3465,484,46,2,1
3465,484,47,2,1
3465,484,48,2,1
3465,484,49,2,1
3465,484,50,2,1
3465,484,51,2,1
3465,484,52,2,1
3465,484,53,2,1
3465,484,54,2,1
3465,484,55,2,1
3465,484,56,2,1
3465,484,57,2,1
3465,484,58,2,1
3465,484,59,2,1
3465,484,60,2,1
3465,484,61,2,1
3465,484,62,2,1
3465,484,63,2,1
3465,484,64,2,1
3465,484,65,2,1
3465,484,66,2,1
3465,484,67,2,1
3465,484,68,2,1
3465,484,69,2,1
3465,484,70,2,1
3465,484,71,2,1
3465,484,72,2,1
3465,484,73,2,1
3465,484,74,2,1
3465,484,75,2,1
3466,483,1,1,1
3466,483,2,1,1
3466,483,3,1,1
3466,483,4,1,1
3466,483,5,1,1
3466,483,6,1,1
3466,483,7,1,1
3466,483,8,1,1
3466,483,9,1,1
3466,483,10,1,1
3466,483,11,1,1
3466,483,12,1,1
3466,483,13,1,1
3466,483,14,1,1
3466,483,15,1,1
3466,483,16,1,1
3466,483,17,1,1
3466,483,18,1,1
3466,483,19,1,1
3466,483,20,1,1
3466,483,21,1,1
3466,483,22,1,1
3466,483,23,1,1
3466,483,24,1,1
3466,483,25,1,1
3466,483,26,1,1
3466,483,27,1,1
3466,483,28,1,1
3466,483,29,1,1
3466,483,30,1,1
3466,483,31,1,1
3466,483,32,1,1
3466,483,33,1,1
3466,483,34,1,1
3466,483,35,1,1
3466,483,36,1,1
3466,483,37,1,1
3466,483,38,1,1
3466,483,39,1,1
3466,483,40,1,1
3466,483,41,1,1
3466,483,42,1,1
3466,483,43,1,1
3466,483,44,1,1
3466,483,45,1,1
3466,483,46,1,1
3466,483,47,1,1
3466,483,48,1,1
3466,483,49,1,1
3466,483,50,1,1
3466,483,51,1,1
3466,483,52,1,1
3466,483,53,1,1
3466,483,54,1,1
3466,483,55,1,1
3466,483,56,1,1
3466,483,57,1,1
3466,483,58,1,1
3466,483,59,1,1
3466,483,60,1,1
3466,483,61,1,1
3466,483,62,1,1
3466,483,63,1,1
3466,483,64,1,1
3466,483,65,1,1
3466,483,66,1,1
3466,483,67,1,1
3466,483,68,1,1
3466,483,69,1,1
3466,483,70,1,1
3466,483,71,1,1
3466,483,72,1,1
3466,483,73,1,1
3466,483,74,1,1
3466,483,75,1,1
3466,483,1,2,1
3466,483,2,2,1
3466,483,3,2,1
3466,483,4,2,1
3466,483,5,2,1
3466,483,6,2,1
3466,483,7,2,1
3466,483,8,2,1
3466,483,9,2,1
3466,483,10,2,1
3466,483,11,2,1
3466,483,12,2,1
3466,483,13,2,1
3466,483,14,2,1
3466,483,15,2,1
3466,483,16,2,1
3466,483,17,2,1
3466,483,18,2,1
3466,483,19,2,1
3466,483,20,2,1
3466,483,21,2,1
3466,483,22,2,1
3466,483,23,2,1
3466,483,24,2,1
3466,483,25,2,1
3466,483,26,2,1
3466,483,27,2,1
3466,483,28,2,1
3466,483,29,2,1
3466,483,30,2,1
3466,483,31,2,1
3466,483,32,2,1
3466,483,33,2,1
3466,483,34,2,1
3466,483,35,2,1
3466,483,36,2,1
3466,483,37,2,1
3466,483,38,2,1
3466,483,39,2,1
3466,483,40,2,1
3466,483,41,2,1
3466,483,42,2,1
3466,483,43,2,1
3466,483,44,2,1
3466,483,45,2,1
3466,483,46,2,1
3466,483,47,2,1
3466,483,48,2,1
3466,483,49,2,1
3466,483,50,2,1
3466,483,51,2,1
3466,483,52,2,1
3466,483,53,2,1
3466,483,54,2,1
3466,483,55,2,1
3466,483,56,2,1
3466,483,57,2,1
3466,483,58,2,1
3466,483,59,2,1
3466,483,60,2,1
3466,483,61,2,1
3466,483,62,2,1
3466,483,63,2,1
3466,483,64,2,1
3466,483,65,2,1
3466,483,66,2,1
3466,483,67,2,1
3466,483,68,2,1
3466,483,69,2,1
3466,483,70,2,1
3466,483,71,2,1
3466,483,72,2,1
3466,483,73,2,1
3466,483,74,2,1
3466,483,75,2,1
3467,482,1,1,1
3467,482,2,1,1
3467,482,3,1,1
3467,482,4,1,1
3467,482,5,1,1
3467,482,6,1,1
3467,482,7,1,1
3467,482,8,1,1
3467,482,9,1,1
3467,482,10,1,1
3467,482,11,1,1
3467,482,12,1,1
3467,482,13,1,1
3467,482,14,1,1
3467,482,15,1,1
3467,482,16,1,1
3467,482,17,1,1
3467,482,18,1,1
3467,482,19,1,1
3467,482,20,1,1
3467,482,21,1,1
3467,482,22,1,1
3467,482,23,1,1
3467,482,24,1,1
3467,482,25,1,1
3467,482,26,1,1
3467,482,27,1,1
3467,482,28,1,1
3467,482,29,1,1
3467,482,30,1,1
3467,482,31,1,1
3467,482,32,1,1
3467,482,33,1,1
3467,482,34,1,1
3467,482,35,1,1
3467,482,36,1,1
3467,482,37,1,1
3467,482,38,1,1
3467,482,39,1,1
3467,482,40,1,1
3467,482,41,1,1
3467,482,42,1,1
3467,482,43,1,1
3467,482,44,1,1
3467,482,45,1,1
3467,482,46,1,1
3467,482,47,1,1
3467,482,48,1,1
3467,482,49,1,1
3467,482,50,1,1
3467,482,51,1,1
3467,482,52,1,1
3467,482,53,1,1
3467,482,54,1,1
3467,482,55,1,1
3467,482,56,1,1
3467,482,57,1,1
3467,482,58,1,1
3467,482,59,1,1
3467,482,60,1,1
3467,482,61,1,1
3467,482,62,1,1
3467,482,63,1,1
3467,482,64,1,1
3467,482,65,1,1
3467,482,66,1,1
3467,482,67,1,1
3467,482,68,1,1
3467,482,69,1,1
3467,482,70,1,1
3467,482,71,1,1
3467,482,72,1,1
3467,482,73,1,1
3467,482,74,1,1
3467,482,75,1,1
3467,482,1,2,1
3467,482,2,2,1
3467,482,3,2,1
3467,482,4,2,1
3467,482,5,2,1
3467,482,6,2,1
3467,482,7,2,1
3467,482,8,2,1
3467,482,9,2,1
3467,482,10,2,1
3467,482,11,2,1
3467,482,12,2,1
3467,482,13,2,1
3467,482,14,2,1
3467,482,15,2,1
3467,482,16,2,1
3467,482,17,2,1
3467,482,18,2,1
3467,482,19,2,1
3467,482,20,2,1
3467,482,21,2,1
3467,482,22,2,1
3467,482,23,2,1
3467,482,24,2,1
3467,482,25,2,1
3467,482,26,2,1
3467,482,27,2,1
3467,482,28,2,1
3467,482,29,2,1
3467,482,30,2,1
3467,482,31,2,1
3467,482,32,2,1
3467,482,33,2,1
3467,482,34,2,1
3467,482,35,2,1
3467,482,36,2,1
3467,482,37,2,1
3467,482,38,2,1
3467,482,39,2,1
3467,482,40,2,1
3467,482,41,2,1
3467,482,42,2,1
3467,482,43,2,1
3467,482,44,2,1
3467,482,45,2,1
3467,482,46,2,1
3467,482,47,2,1
3467,482,48,2,1
3467,482,49,2,1
3467,482,50,2,1
3467,482,51,2,1
3467,482,52,2,1
3467,482,53,2,1
3467,482,54,2,1
3467,482,55,2,1
3467,482,56,2,1
3467,482,57,2,1
3467,482,58,2,1
3467,482,59,2,1
3467,482,60,2,1
3467,482,61,2,1
3467,482,62,2,1
3467,482,63,2,1
3467,482,64,2,1
3467,482,65,2,1
3467,482,66,2,1
3467,482,67,2,1
3467,482,68,2,1
3467,482,69,2,1
3467,482,70,2,1
3467,482,71,2,1
3467,482,72,2,1
3467,482,73,2,1
3467,482,74,2,1
3467,482,75,2,1
3468,481,1,1,1
3468,481,2,1,1
3468,481,3,1,1
3468,481,4,1,1
3468,481,5,1,1
3468,481,6,1,1
3468,481,7,1,1
3468,481,8,1,1
3468,481,9,1,1
3468,481,10,1,1
3468,481,11,1,1
3468,481,12,1,1
3468,481,13,1,1
3468,481,14,1,1
3468,481,15,1,1
3468,481,16,1,1
3468,481,17,1,1
3468,481,18,1,1
3468,481,19,1,1
3468,481,20,1,1
3468,481,21,1,1
3468,481,22,1,1
3468,481,23,1,1
3468,481,24,1,1
3468,481,25,1,1
3468,481,26,1,1
3468,481,27,1,1
3468,481,28,1,1
3468,481,29,1,1
3468,481,30,1,1
3468,481,31,1,1
3468,481,32,1,1
3468,481,33,1,1
3468,481,34,1,1
3468,481,35,1,1
3468,481,36,1,1
3468,481,37,1,1
3468,481,38,1,1
3468,481,39,1,1
3468,481,40,1,1
3468,481,41,1,1
3468,481,42,1,1
3468,481,43,1,1
3468,481,44,1,1
3468,481,45,1,1
3468,481,46,1,1
3468,481,47,1,1
3468,481,48,1,1
3468,481,49,1,1
3468,481,50,1,1
3468,481,51,1,1
3468,481,52,1,1
3468,481,53,1,1
3468,481,54,1,1
3468,481,55,1,1
3468,481,56,1,1
3468,481,57,1,1
3468,481,58,1,1
3468,481,59,1,1
3468,481,60,1,1
3468,481,61,1,1
3468,481,62,1,1
3468,481,63,1,1
3468,481,64,1,1
3468,481,65,1,1
3468,481,66,1,1
3468,481,67,1,1
3468,481,68,1,1
3468,481,69,1,1
3468,481,70,1,1
3468,481,71,1,1
3468,481,72,1,1
3468,481,73,1,1
3468,481,74,1,1
3468,481,75,1,1
3468,481,1,2,1
3468,481,2,2,1
3468,481,3,2,1
3468,481,4,2,1
3468,481,5,2,1
3468,481,6,2,1
3468,481,7,2,1
3468,481,8,2,1
3468,481,9,2,1
3468,481,10,2,1
3468,481,11,2,1
3468,481,12,2,1
3468,481,13,2,1
3468,481,14,2,1
3468,481,15,2,1
3468,481,16,2,1
3468,481,17,2,1
3468,481,18,2,1
3468,481,19,2,1
3468,481,20,2,1
3468,481,21,2,1
3468,481,22,2,1
3468,481,23,2,1
3468,481,24,2,1
3468,481,25,2,1
3468,481,26,2,1
3468,481,27,2,1
3468,481,28,2,1
3468,481,29,2,1
3468,481,30,2,1
3468,481,31,2,1
3468,481,32,2,1
3468,481,33,2,1
3468,481,34,2,1
3468,481,35,2,1
3468,481,36,2,1
3468,481,37,2,1
3468,481,38,2,1
3468,481,39,2,1
3468,481,40,2,1
3468,481,41,2,1
3468,481,42,2,1
3468,481,43,2,1
3468,481,44,2,1
3468,481,45,2,1
3468,481,46,2,1
3468,481,47,2,1
3468,481,48,2,1
3468,481,49,2,1
3468,481,50,2,1
3468,481,51,2,1
3468,481,52,2,1
3468,481,53,2,1
3468,481,54,2,1
3468,481,55,2,1
3468,481,56,2,1
3468,481,57,2,1
3468,481,58,2,1
3468,481,59,2,1
3468,481,60,2,1
3468,481,61,2,1
3468,481,62,2,1
3468,481,63,2,1
3468,481,64,2,1
3468,481,65,2,1
3468,481,66,2,1
3468,481,67,2,1
3468,481,68,2,1
3468,481,69,2,1
3468,481,70,2,1
3468,481,71,2,1
3468,481,72,2,1
3468,481,73,2,1
3468,481,74,2,1
3468,481,75,2,1
3469,480,1,1,1
3469,480,2,1,1
3469,480,3,1,1
3469,480,4,1,1
3469,480,5,1,1
3469,480,6,1,1
3469,480,7,1,1
3469,480,8,1,1
3469,480,9,1,1
3469,480,10,1,1
3469,480,11,1,1
3469,480,12,1,1
3469,480,13,1,1
3469,480,14,1,1
3469,480,15,1,1
3469,480,16,1,1
3469,480,17,1,1
3469,480,18,1,1
3469,480,19,1,1
3469,480,20,1,1
3469,480,21,1,1
3469,480,22,1,1
3469,480,23,1,1
3469,480,24,1,1
3469,480,25,1,1
3469,480,26,1,1
3469,480,27,1,1
3469,480,28,1,1
3469,480,29,1,1
3469,480,30,1,1
3469,480,31,1,1
3469,480,32,1,1
3469,480,33,1,1
3469,480,34,1,1
3469,480,35,1,1
3469,480,36,1,1
3469,480,37,1,1
3469,480,38,1,1
3469,480,39,1,1
3469,480,40,1,1
3469,480,41,1,1
3469,480,42,1,1
3469,480,43,1,1
3469,480,44,1,1
3469,480,45,1,1
3469,480,46,1,1
3469,480,47,1,1
3469,480,48,1,1
3469,480,49,1,1
3469,480,50,1,1
3469,480,51,1,1
3469,480,52,1,1
3469,480,53,1,1
3469,480,54,1,1
3469,480,55,1,1
3469,480,56,1,1
3469,480,57,1,1
3469,480,58,1,1
3469,480,59,1,1
3469,480,60,1,1
3469,480,61,1,1
3469,480,62,1,1
3469,480,63,1,1
3469,480,64,1,1
3469,480,65,1,1
3469,480,66,1,1
3469,480,67,1,1
3469,480,68,1,1
3469,480,69,1,1
3469,480,70,1,1
3469,480,71,1,1
3469,480,72,1,1
3469,480,73,1,1
3469,480,74,1,1
3469,480,75,1,1
3469,480,1,2,1
3469,480,2,2,1
3469,480,3,2,1
3469,480,4,2,1
3469,480,5,2,1
3469,480,6,2,1
3469,480,7,2,1
3469,480,8,2,1
3469,480,9,2,1
3469,480,10,2,1
3469,480,11,2,1
3469,480,12,2,1
3469,480,13,2,1
3469,480,14,2,1
3469,480,15,2,1
3469,480,16,2,1
3469,480,17,2,1
3469,480,18,2,1
3469,480,19,2,1
3469,480,20,2,1
3469,480,21,2,1
3469,480,22,2,1
3469,480,23,2,1
3469,480,24,2,1
3469,480,25,2,1
3469,480,26,2,1
3469,480,27,2,1
3469,480,28,2,1
3469,480,29,2,1
3469,480,30,2,1
3469,480,31,2,1
3469,480,32,2,1
3469,480,33,2,1
3469,480,34,2,1
3469,480,35,2,1
3469,480,36,2,1
3469,480,37,2,1
3469,480,38,2,1
3469,480,39,2,1
3469,480,40,2,1
3469,480,41,2,1
3469,480,42,2,1
3469,480,43,2,1
3469,480,44,2,1
3469,480,45,2,1
3469,480,46,2,1
3469,480,47,2,1
3469,480,48,2,1
3469,480,49,2,1
3469,480,50,2,1
3469,480,51,2,1
3469,480,52,2,1
3469,480,53,2,1
3469,480,54,2,1
3469,480,55,2,1
3469,480,56,2,1
3469,480,57,2,1
3469,480,58,2,1
3469,480,59,2,1
3469,480,60,2,1
3469,480,61,2,1
3469,480,62,2,1
3469,480,63,2,1
3469,480,64,2,1
3469,480,65,2,1
3469,480,66,2,1
3469,480,67,2,1
3469,480,68,2,1
3469,480,69,2,1
3469,480,70,2,1
3469,480,71,2,1
3469,480,72,2,1
3469,480,73,2,1
3469,480,74,2,1
3469,480,75,2,1
3470,479,1,1,1
3470,479,2,1,1
3470,479,3,1,1
3470,479,4,1,1
3470,479,5,1,1
3470,479,6,1,1
3470,479,7,1,1
3470,479,8,1,1
3470,479,9,1,1
3470,479,10,1,1
3470,479,11,1,1
3470,479,12,1,1
3470,479,13,1,1
3470,479,14,1,1
3470,479,15,1,1
3470,479,16,1,1
3470,479,17,1,1
3470,479,18,1,1
3470,479,19,1,1
3470,479,20,1,1
3470,479,21,1,1
3470,479,22,1,1
3470,479,23,1,1
3470,479,24,1,1
3470,479,25,1,1
3470,479,26,1,1
3470,479,27,1,1
3470,479,28,1,1
3470,479,29,1,1
3470,479,30,1,1
3470,479,31,1,1
3470,479,32,1,1
3470,479,33,1,1
3470,479,34,1,1
3470,479,35,1,1
3470,479,36,1,1
3470,479,37,1,1
3470,479,38,1,1
3470,479,39,1,1
3470,479,40,1,1
3470,479,41,1,1
3470,479,42,1,1
3470,479,43,1,1
3470,479,44,1,1
3470,479,45,1,1
3470,479,46,1,1
3470,479,47,1,1
3470,479,48,1,1
3470,479,49,1,1
3470,479,50,1,1
3470,479,51,1,1
3470,479,52,1,1
3470,479,53,1,1
3470,479,54,1,1
3470,479,55,1,1
3470,479,56,1,1
3470,479,57,1,1
3470,479,58,1,1
3470,479,59,1,1
3470,479,60,1,1
3470,479,61,1,1
3470,479,62,1,1
3470,479,63,1,1
3470,479,64,1,1
3470,479,65,1,1
3470,479,66,1,1
3470,479,67,1,1
3470,479,68,1,1
3470,479,69,1,1
3470,479,70,1,1
3470,479,71,1,1
3470,479,72,1,1
3470,479,73,1,1
3470,479,74,1,1
3470,479,75,1,1
3470,479,1,2,1
3470,479,2,2,1
3470,479,3,2,1
3470,479,4,2,1
3470,479,5,2,1
3470,479,6,2,1
3470,479,7,2,1
3470,479,8,2,1
3470,479,9,2,1
3470,479,10,2,1
3470,479,11,2,1
3470,479,12,2,1
3470,479,13,2,1
3470,479,14,2,1
3470,479,15,2,1
3470,479,16,2,1
3470,479,17,2,1
3470,479,18,2,1
3470,479,19,2,1
3470,479,20,2,1
3470,479,21,2,1
3470,479,22,2,1
3470,479,23,2,1
3470,479,24,2,1
3470,479,25,2,1
3470,479,26,2,1
3470,479,27,2,1
3470,479,28,2,1
3470,479,29,2,1
3470,479,30,2,1
3470,479,31,2,1
3470,479,32,2,1
3470,479,33,2,1
3470,479,34,2,1
3470,479,35,2,1
3470,479,36,2,1
3470,479,37,2,1
3470,479,38,2,1
3470,479,39,2,1
3470,479,40,2,1
3470,479,41,2,1
3470,479,42,2,1
3470,479,43,2,1
3470,479,44,2,1
3470,479,45,2,1
3470,479,46,2,1
3470,479,47,2,1
3470,479,48,2,1
3470,479,49,2,1
3470,479,50,2,1
3470,479,51,2,1
3470,479,52,2,1
3470,479,53,2,1
3470,479,54,2,1
3470,479,55,2,1
3470,479,56,2,1
3470,479,57,2,1
3470,479,58,2,1
3470,479,59,2,1
3470,479,60,2,1
3470,479,61,2,1
3470,479,62,2,1
3470,479,63,2,1
3470,479,64,2,1
3470,479,65,2,1
3470,479,66,2,1
3470,479,67,2,1
3470,479,68,2,1
3470,479,69,2,1
3470,479,70,2,1
3470,479,71,2,1
3470,479,72,2,1
3470,479,73,2,1
3470,479,74,2,1
3470,479,75,2,1
3471,478,1,1,1
3471,478,2,1,1
3471,478,3,1,1
3471,478,4,1,1
3471,478,5,1,1
3471,478,6,1,1
3471,478,7,1,1
3471,478,8,1,1
3471,478,9,1,1
3471,478,10,1,1
3471,478,11,1,1
3471,478,12,1,1
3471,478,13,1,1
3471,478,14,1,1
3471,478,15,1,1
3471,478,16,1,1
3471,478,17,1,1
3471,478,18,1,1
3471,478,19,1,1
3471,478,20,1,1
3471,478,21,1,1
3471,478,22,1,1
3471,478,23,1,1
3471,478,24,1,1
3471,478,25,1,1
3471,478,26,1,1
3471,478,27,1,1
3471,478,28,1,1
3471,478,29,1,1
3471,478,30,1,1
3471,478,31,1,1
3471,478,32,1,1
3471,478,33,1,1
3471,478,34,1,1
3471,478,35,1,1
3471,478,36,1,1
3471,478,37,1,1
3471,478,38,1,1
3471,478,39,1,1
3471,478,40,1,1
3471,478,41,1,1
3471,478,42,1,1
3471,478,43,1,1
3471,478,44,1,1
3471,478,45,1,1
3471,478,46,1,1
3471,478,47,1,1
3471,478,48,1,1
3471,478,49,1,1
3471,478,50,1,1
3471,478,51,1,1
3471,478,52,1,1
3471,478,53,1,1
3471,478,54,1,1
3471,478,55,1,1
3471,478,56,1,1
3471,478,57,1,1
3471,478,58,1,1
3471,478,59,1,1
3471,478,60,1,1
3471,478,61,1,1
3471,478,62,1,1
3471,478,63,1,1
3471,478,64,1,1
3471,478,65,1,1
3471,478,66,1,1
3471,478,67,1,1
3471,478,68,1,1
3471,478,69,1,1
3471,478,70,1,1
3471,478,71,1,1
3471,478,72,1,1
3471,478,73,1,1
3471,478,74,1,1
3471,478,75,1,1
3471,478,1,2,1
3471,478,2,2,1
3471,478,3,2,1
3471,478,4,2,1
3471,478,5,2,1
3471,478,6,2,1
3471,478,7,2,1
3471,478,8,2,1
3471,478,9,2,1
3471,478,10,2,1
3471,478,11,2,1
3471,478,12,2,1
3471,478,13,2,1
3471,478,14,2,1
3471,478,15,2,1
3471,478,16,2,1
3471,478,17,2,1
3471,478,18,2,1
3471,478,19,2,1
3471,478,20,2,1
3471,478,21,2,1
3471,478,22,2,1
3471,478,23,2,1
3471,478,24,2,1
3471,478,25,2,1
3471,478,26,2,1
3471,478,27,2,1
3471,478,28,2,1
3471,478,29,2,1
3471,478,30,2,1
3471,478,31,2,1
3471,478,32,2,1
3471,478,33,2,1
3471,478,34,2,1
3471,478,35,2,1
3471,478,36,2,1
3471,478,37,2,1
3471,478,38,2,1
3471,478,39,2,1
3471,478,40,2,1
3471,478,41,2,1
3471,478,42,2,1
3471,478,43,2,1
3471,478,44,2,1
3471,478,45,2,1
3471,478,46,2,1
3471,478,47,2,1
3471,478,48,2,1
3471,478,49,2,1
3471,478,50,2,1
3471,478,51,2,1
3471,478,52,2,1
3471,478,53,2,1
3471,478,54,2,1
3471,478,55,2,1
3471,478,56,2,1
3471,478,57,2,1
3471,478,58,2,1
3471,478,59,2,1
3471,478,60,2,1
3471,478,61,2,1
3471,478,62,2,1
3471,478,63,2,1
3471,478,64,2,1
3471,478,65,2,1
3471,478,66,2,1
3471,478,67,2,1
3471,478,68,2,1
3471,478,69,2,1
3471,478,70,2,1
3471,478,71,2,1
3471,478,72,2,1
3471,478,73,2,1
3471,478,74,2,1
3471,478,75,2,1
3472,477,1,1,1
3472,477,2,1,1
3472,477,3,1,1
3472,477,4,1,1
3472,477,5,1,1
3472,477,6,1,1
3472,477,7,1,1
3472,477,8,1,1
3472,477,9,1,1
3472,477,10,1,1
3472,477,11,1,1
3472,477,12,1,1
3472,477,13,1,1
3472,477,14,1,1
3472,477,15,1,1
3472,477,16,1,1
3472,477,17,1,1
3472,477,18,1,1
3472,477,19,1,1
3472,477,20,1,1
3472,477,21,1,1
3472,477,22,1,1
3472,477,23,1,1
3472,477,24,1,1
3472,477,25,1,1
3472,477,26,1,1
3472,477,27,1,1
3472,477,28,1,1
3472,477,29,1,1
3472,477,30,1,1
3472,477,31,1,1
3472,477,32,1,1
3472,477,33,1,1
3472,477,34,1,1
3472,477,35,1,1
3472,477,36,1,1
3472,477,37,1,1
3472,477,38,1,1
3472,477,39,1,1
3472,477,40,1,1
3472,477,41,1,1
3472,477,42,1,1
3472,477,43,1,1
3472,477,44,1,1
3472,477,45,1,1
3472,477,46,1,1
3472,477,47,1,1
3472,477,48,1,1
3472,477,49,1,1
3472,477,50,1,1
3472,477,51,1,1
3472,477,52,1,1
3472,477,53,1,1
3472,477,54,1,1
3472,477,55,1,1
3472,477,56,1,1
3472,477,57,1,1
3472,477,58,1,1
3472,477,59,1,1
3472,477,60,1,1
3472,477,61,1,1
3472,477,62,1,1
3472,477,63,1,1
3472,477,64,1,1
3472,477,65,1,1
3472,477,66,1,1
3472,477,67,1,1
3472,477,68,1,1
3472,477,69,1,1
3472,477,70,1,1
3472,477,71,1,1
3472,477,72,1,1
3472,477,73,1,1
3472,477,74,1,1
3472,477,75,1,1
3472,477,1,2,1
3472,477,2,2,1
3472,477,3,2,1
3472,477,4,2,1
3472,477,5,2,1
3472,477,6,2,1
3472,477,7,2,1
3472,477,8,2,1
3472,477,9,2,1
3472,477,10,2,1
3472,477,11,2,1
3472,477,12,2,1
3472,477,13,2,1
3472,477,14,2,1
3472,477,15,2,1
3472,477,16,2,1
3472,477,17,2,1
3472,477,18,2,1
3472,477,19,2,1
3472,477,20,2,1
3472,477,21,2,1
3472,477,22,2,1
3472,477,23,2,1
3472,477,24,2,1
3472,477,25,2,1
3472,477,26,2,1
3472,477,27,2,1
3472,477,28,2,1
3472,477,29,2,1
3472,477,30,2,1
3472,477,31,2,1
3472,477,32,2,1
3472,477,33,2,1
3472,477,34,2,1
3472,477,35,2,1
3472,477,36,2,1
3472,477,37,2,1
3472,477,38,2,1
3472,477,39,2,1
3472,477,40,2,1
3472,477,41,2,1
3472,477,42,2,1
3472,477,43,2,1
3472,477,44,2,1
3472,477,45,2,1
3472,477,46,2,1
3472,477,47,2,1
3472,477,48,2,1
3472,477,49,2,1
3472,477,50,2,1
3472,477,51,2,1
3472,477,52,2,1
3472,477,53,2,1
3472,477,54,2,1
3472,477,55,2,1
3472,477,56,2,1
3472,477,57,2,1
3472,477,58,2,1
3472,477,59,2,1
3472,477,60,2,1
3472,477,61,2,1
3472,477,62,2,1
3472,477,63,2,1
3472,477,64,2,1
3472,477,65,2,1
3472,477,66,2,1
3472,477,67,2,1
3472,477,68,2,1
3472,477,69,2,1
3472,477,70,2,1
3472,477,71,2,1
3472,477,72,2,1
3472,477,73,2,1
3472,477,74,2,1
3472,477,75,2,1
3473,476,1,1,1
3473,476,2,1,1
3473,476,3,1,1
3473,476,4,1,1
3473,476,5,1,1
3473,476,6,1,1
3473,476,7,1,1
3473,476,8,1,1
3473,476,9,1,1
3473,476,10,1,1
3473,476,11,1,1
3473,476,12,1,1
3473,476,13,1,1
3473,476,14,1,1
3473,476,15,1,1
3473,476,16,1,1
3473,476,17,1,1
3473,476,18,1,1
3473,476,19,1,1
3473,476,20,1,1
3473,476,21,1,1
3473,476,22,1,1
3473,476,23,1,1
3473,476,24,1,1
3473,476,25,1,1
3473,476,26,1,1
3473,476,27,1,1
3473,476,28,1,1
3473,476,29,1,1
3473,476,30,1,1
3473,476,31,1,1
3473,476,32,1,1
3473,476,33,1,1
3473,476,34,1,1
3473,476,35,1,1
3473,476,36,1,1
3473,476,37,1,1
3473,476,38,1,1
3473,476,39,1,1
3473,476,40,1,1
3473,476,41,1,1
3473,476,42,1,1
3473,476,43,1,1
3473,476,44,1,1
3473,476,45,1,1
3473,476,46,1,1
3473,476,47,1,1
3473,476,48,1,1
3473,476,49,1,1
3473,476,50,1,1
3473,476,51,1,1
3473,476,52,1,1
3473,476,53,1,1
3473,476,54,1,1
3473,476,55,1,1
3473,476,56,1,1
3473,476,57,1,1
3473,476,58,1,1
3473,476,59,1,1
3473,476,60,1,1
3473,476,61,1,1
3473,476,62,1,1
3473,476,63,1,1
3473,476,64,1,1
3473,476,65,1,1
3473,476,66,1,1
3473,476,67,1,1
3473,476,68,1,1
3473,476,69,1,1
3473,476,70,1,1
3473,476,71,1,1
3473,476,72,1,1
3473,476,73,1,1
3473,476,74,1,1
3473,476,75,1,1
3473,476,1,2,1
3473,476,2,2,1
3473,476,3,2,1
3473,476,4,2,1
3473,476,5,2,1
3473,476,6,2,1
3473,476,7,2,1
3473,476,8,2,1
3473,476,9,2,1
3473,476,10,2,1
3473,476,11,2,1
3473,476,12,2,1
3473,476,13,2,1
3473,476,14,2,1
3473,476,15,2,1
3473,476,16,2,1
3473,476,17,2,1
3473,476,18,2,1
3473,476,19,2,1
3473,476,20,2,1
3473,476,21,2,1
3473,476,22,2,1
3473,476,23,2,1
3473,476,24,2,1
3473,476,25,2,1
3473,476,26,2,1
3473,476,27,2,1
3473,476,28,2,1
3473,476,29,2,1
3473,476,30,2,1
3473,476,31,2,1
3473,476,32,2,1
3473,476,33,2,1
3473,476,34,2,1
3473,476,35,2,1
3473,476,36,2,1
3473,476,37,2,1
3473,476,38,2,1
3473,476,39,2,1
3473,476,40,2,1
3473,476,41,2,1
3473,476,42,2,1
3473,476,43,2,1
3473,476,44,2,1
3473,476,45,2,1
3473,476,46,2,1
3473,476,47,2,1
3473,476,48,2,1
3473,476,49,2,1
3473,476,50,2,1
3473,476,51,2,1
3473,476,52,2,1
3473,476,53,2,1
3473,476,54,2,1
3473,476,55,2,1
3473,476,56,2,1
3473,476,57,2,1
3473,476,58,2,1
3473,476,59,2,1
3473,476,60,2,1
3473,476,61,2,1
3473,476,62,2,1
3473,476,63,2,1
3473,476,64,2,1
3473,476,65,2,1
3473,476,66,2,1
3473,476,67,2,1
3473,476,68,2,1
3473,476,69,2,1
3473,476,70,2,1
3473,476,71,2,1
3473,476,72,2,1
3473,476,73,2,1
3473,476,74,2,1
3473,476,75,2,1
3474,475,1,1,1
3474,475,2,1,1
3474,475,3,1,1
3474,475,4,1,1
3474,475,5,1,1
3474,475,6,1,1
3474,475,7,1,1
3474,475,8,1,1
3474,475,9,1,1
3474,475,10,1,1
3474,475,11,1,1
3474,475,12,1,1
3474,475,13,1,1
3474,475,14,1,1
3474,475,15,1,1
3474,475,16,1,1
3474,475,17,1,1
3474,475,18,1,1
3474,475,19,1,1
3474,475,20,1,1
3474,475,21,1,1
3474,475,22,1,1
3474,475,23,1,1
3474,475,24,1,1
3474,475,25,1,1
3474,475,26,1,1
3474,475,27,1,1
3474,475,28,1,1
3474,475,29,1,1
3474,475,30,1,1
3474,475,31,1,1
3474,475,32,1,1
3474,475,33,1,1
3474,475,34,1,1
3474,475,35,1,1
3474,475,36,1,1
3474,475,37,1,1
3474,475,38,1,1
3474,475,39,1,1
3474,475,40,1,1
3474,475,41,1,1
3474,475,42,1,1
3474,475,43,1,1
3474,475,44,1,1
3474,475,45,1,1
3474,475,46,1,1
3474,475,47,1,1
3474,475,48,1,1
3474,475,49,1,1
3474,475,50,1,1
3474,475,51,1,1
3474,475,52,1,1
3474,475,53,1,1
3474,475,54,1,1
3474,475,55,1,1
3474,475,56,1,1
3474,475,57,1,1
3474,475,58,1,1
3474,475,59,1,1
3474,475,60,1,1
3474,475,61,1,1
3474,475,62,1,1
3474,475,63,1,1
3474,475,64,1,1
3474,475,65,1,1
3474,475,66,1,1
3474,475,67,1,1
3474,475,68,1,1
3474,475,69,1,1
3474,475,70,1,1
3474,475,71,1,1
3474,475,72,1,1
3474,475,73,1,1
3474,475,74,1,1
3474,475,75,1,1
3474,475,1,2,1
3474,475,2,2,1
3474,475,3,2,1
3474,475,4,2,1
3474,475,5,2,1
3474,475,6,2,1
3474,475,7,2,1
3474,475,8,2,1
3474,475,9,2,1
3474,475,10,2,1
3474,475,11,2,1
3474,475,12,2,1
3474,475,13,2,1
3474,475,14,2,1
3474,475,15,2,1
3474,475,16,2,1
3474,475,17,2,1
3474,475,18,2,1
3474,475,19,2,1
3474,475,20,2,1
3474,475,21,2,1
3474,475,22,2,1
3474,475,23,2,1
3474,475,24,2,1
3474,475,25,2,1
3474,475,26,2,1
3474,475,27,2,1
3474,475,28,2,1
3474,475,29,2,1
3474,475,30,2,1
3474,475,31,2,1
3474,475,32,2,1
3474,475,33,2,1
3474,475,34,2,1
3474,475,35,2,1
3474,475,36,2,1
3474,475,37,2,1
3474,475,38,2,1
3474,475,39,2,1
3474,475,40,2,1
3474,475,41,2,1
3474,475,42,2,1
3474,475,43,2,1
3474,475,44,2,1
3474,475,45,2,1
3474,475,46,2,1
3474,475,47,2,1
3474,475,48,2,1
3474,475,49,2,1
3474,475,50,2,1
3474,475,51,2,1
3474,475,52,2,1
3474,475,53,2,1
3474,475,54,2,1
3474,475,55,2,1
3474,475,56,2,1
3474,475,57,2,1
3474,475,58,2,1
3474,475,59,2,1
3474,475,60,2,1
3474,475,61,2,1
3474,475,62,2,1
3474,475,63,2,1
3474,475,64,2,1
3474,475,65,2,1
3474,475,66,2,1
3474,475,67,2,1
3474,475,68,2,1
3474,475,69,2,1
3474,475,70,2,1
3474,475,71,2,1
3474,475,72,2,1
3474,475,73,2,1
3474,475,74,2,1
3474,475,75,2,1
3475,474,1,1,1
3475,474,2,1,1
3475,474,3,1,1
3475,474,4,1,1
3475,474,5,1,1
3475,474,6,1,1
3475,474,7,1,1
3475,474,8,1,1
3475,474,9,1,1
3475,474,10,1,1
3475,474,11,1,1
3475,474,12,1,1
3475,474,13,1,1
3475,474,14,1,1
3475,474,15,1,1
3475,474,16,1,1
3475,474,17,1,1
3475,474,18,1,1
3475,474,19,1,1
3475,474,20,1,1
3475,474,21,1,1
3475,474,22,1,1
3475,474,23,1,1
3475,474,24,1,1
3475,474,25,1,1
3475,474,26,1,1
3475,474,27,1,1
3475,474,28,1,1
3475,474,29,1,1
3475,474,30,1,1
3475,474,31,1,1
3475,474,32,1,1
3475,474,33,1,1
3475,474,34,1,1
3475,474,35,1,1
3475,474,36,1,1
3475,474,37,1,1
3475,474,38,1,1
3475,474,39,1,1
3475,474,40,1,1
3475,474,41,1,1
3475,474,42,1,1
3475,474,43,1,1
3475,474,44,1,1
3475,474,45,1,1
3475,474,46,1,1
3475,474,47,1,1
3475,474,48,1,1
3475,474,49,1,1
3475,474,50,1,1
3475,474,51,1,1
3475,474,52,1,1
3475,474,53,1,1
3475,474,54,1,1
3475,474,55,1,1
3475,474,56,1,1
3475,474,57,1,1
3475,474,58,1,1
3475,474,59,1,1
3475,474,60,1,1
3475,474,61,1,1
3475,474,62,1,1
3475,474,63,1,1
3475,474,64,1,1
3475,474,65,1,1
3475,474,66,1,1
3475,474,67,1,1
3475,474,68,1,1
3475,474,69,1,1
3475,474,70,1,1
3475,474,71,1,1
3475,474,72,1,1
3475,474,73,1,1
3475,474,74,1,1
3475,474,75,1,1
3475,474,1,2,1
3475,474,2,2,1
3475,474,3,2,1
3475,474,4,2,1
3475,474,5,2,1
3475,474,6,2,1
3475,474,7,2,1
3475,474,8,2,1
3475,474,9,2,1
3475,474,10,2,1
3475,474,11,2,1
3475,474,12,2,1
3475,474,13,2,1
3475,474,14,2,1
3475,474,15,2,1
3475,474,16,2,1
3475,474,17,2,1
3475,474,18,2,1
3475,474,19,2,1
3475,474,20,2,1
3475,474,21,2,1
3475,474,22,2,1
3475,474,23,2,1
3475,474,24,2,1
3475,474,25,2,1
3475,474,26,2,1
3475,474,27,2,1
3475,474,28,2,1
3475,474,29,2,1
3475,474,30,2,1
3475,474,31,2,1
3475,474,32,2,1
3475,474,33,2,1
3475,474,34,2,1
3475,474,35,2,1
3475,474,36,2,1
3475,474,37,2,1
3475,474,38,2,1
3475,474,39,2,1
3475,474,40,2,1
3475,474,41,2,1
3475,474,42,2,1
3475,474,43,2,1
3475,474,44,2,1
3475,474,45,2,1
3475,474,46,2,1
3475,474,47,2,1
3475,474,48,2,1
3475,474,49,2,1
3475,474,50,2,1
3475,474,51,2,1
3475,474,52,2,1
3475,474,53,2,1
3475,474,54,2,1
3475,474,55,2,1
3475,474,56,2,1
3475,474,57,2,1
3475,474,58,2,1
3475,474,59,2,1
3475,474,60,2,1
3475,474,61,2,1
3475,474,62,2,1
3475,474,63,2,1
3475,474,64,2,1
3475,474,65,2,1
3475,474,66,2,1
3475,474,67,2,1
3475,474,68,2,1
3475,474,69,2,1
3475,474,70,2,1
3475,474,71,2,1
3475,474,72,2,1
3475,474,73,2,1
3475,474,74,2,1
3475,474,75,2,1
3476,473,1,1,1
3476,473,2,1,1
3476,473,3,1,1
3476,473,4,1,1
3476,473,5,1,1
3476,473,6,1,1
3476,473,7,1,1
3476,473,8,1,1
3476,473,9,1,1
3476,473,10,1,1
3476,473,11,1,1
3476,473,12,1,1
3476,473,13,1,1
3476,473,14,1,1
3476,473,15,1,1
3476,473,16,1,1
3476,473,17,1,1
3476,473,18,1,1
3476,473,19,1,1
3476,473,20,1,1
3476,473,21,1,1
3476,473,22,1,1
3476,473,23,1,1
3476,473,24,1,1
3476,473,25,1,1
3476,473,26,1,1
3476,473,27,1,1
3476,473,28,1,1
3476,473,29,1,1
3476,473,30,1,1
3476,473,31,1,1
3476,473,32,1,1
3476,473,33,1,1
3476,473,34,1,1
3476,473,35,1,1
3476,473,36,1,1
3476,473,37,1,1
3476,473,38,1,1
3476,473,39,1,1
3476,473,40,1,1
3476,473,41,1,1
3476,473,42,1,1
3476,473,43,1,1
3476,473,44,1,1
3476,473,45,1,1
3476,473,46,1,1
3476,473,47,1,1
3476,473,48,1,1
3476,473,49,1,1
3476,473,50,1,1
3476,473,51,1,1
3476,473,52,1,1
3476,473,53,1,1
3476,473,54,1,1
3476,473,55,1,1
3476,473,56,1,1
3476,473,57,1,1
3476,473,58,1,1
3476,473,59,1,1
3476,473,60,1,1
3476,473,61,1,1
3476,473,62,1,1
3476,473,63,1,1
3476,473,64,1,1
3476,473,65,1,1
3476,473,66,1,1
3476,473,67,1,1
3476,473,68,1,1
3476,473,69,1,1
3476,473,70,1,1
3476,473,71,1,1
3476,473,72,1,1
3476,473,73,1,1
3476,473,74,1,1
3476,473,75,1,1
3476,473,1,2,1
3476,473,2,2,1
3476,473,3,2,1
3476,473,4,2,1
3476,473,5,2,1
3476,473,6,2,1
3476,473,7,2,1
3476,473,8,2,1
3476,473,9,2,1
3476,473,10,2,1
3476,473,11,2,1
3476,473,12,2,1
3476,473,13,2,1
3476,473,14,2,1
3476,473,15,2,1
3476,473,16,2,1
3476,473,17,2,1
3476,473,18,2,1
3476,473,19,2,1
3476,473,20,2,1
3476,473,21,2,1
3476,473,22,2,1
3476,473,23,2,1
3476,473,24,2,1
3476,473,25,2,1
3476,473,26,2,1
3476,473,27,2,1
3476,473,28,2,1
3476,473,29,2,1
3476,473,30,2,1
3476,473,31,2,1
3476,473,32,2,1
3476,473,33,2,1
3476,473,34,2,1
3476,473,35,2,1
3476,473,36,2,1
3476,473,37,2,1
3476,473,38,2,1
3476,473,39,2,1
3476,473,40,2,1
3476,473,41,2,1
3476,473,42,2,1
3476,473,43,2,1
3476,473,44,2,1
3476,473,45,2,1
3476,473,46,2,1
3476,473,47,2,1
3476,473,48,2,1
3476,473,49,2,1
3476,473,50,2,1
3476,473,51,2,1
3476,473,52,2,1
3476,473,53,2,1
3476,473,54,2,1
3476,473,55,2,1
3476,473,56,2,1
3476,473,57,2,1
3476,473,58,2,1
3476,473,59,2,1
3476,473,60,2,1
3476,473,61,2,1
3476,473,62,2,1
3476,473,63,2,1
3476,473,64,2,1
3476,473,65,2,1
3476,473,66,2,1
3476,473,67,2,1
3476,473,68,2,1
3476,473,69,2,1
3476,473,70,2,1
3476,473,71,2,1
3476,473,72,2,1
3476,473,73,2,1
3476,473,74,2,1
3476,473,75,2,1
3477,472,1,1,1
3477,472,2,1,1
3477,472,3,1,1
3477,472,4,1,1
3477,472,5,1,1
3477,472,6,1,1
3477,472,7,1,1
3477,472,8,1,1
3477,472,9,1,1
3477,472,10,1,1
3477,472,11,1,1
3477,472,12,1,1
3477,472,13,1,1
3477,472,14,1,1
3477,472,15,1,1
3477,472,16,1,1
3477,472,17,1,1
3477,472,18,1,1
3477,472,19,1,1
3477,472,20,1,1
3477,472,21,1,1
3477,472,22,1,1
3477,472,23,1,1
3477,472,24,1,1
3477,472,25,1,1
3477,472,26,1,1
3477,472,27,1,1
3477,472,28,1,1
3477,472,29,1,1
3477,472,30,1,1
3477,472,31,1,1
3477,472,32,1,1
3477,472,33,1,1
3477,472,34,1,1
3477,472,35,1,1
3477,472,36,1,1
3477,472,37,1,1
3477,472,38,1,1
3477,472,39,1,1
3477,472,40,1,1
3477,472,41,1,1
3477,472,42,1,1
3477,472,43,1,1
3477,472,44,1,1
3477,472,45,1,1
3477,472,46,1,1
3477,472,47,1,1
3477,472,48,1,1
3477,472,49,1,1
3477,472,50,1,1
3477,472,51,1,1
3477,472,52,1,1
3477,472,53,1,1
3477,472,54,1,1
3477,472,55,1,1
3477,472,56,1,1
3477,472,57,1,1
3477,472,58,1,1
3477,472,59,1,1
3477,472,60,1,1
3477,472,61,1,1
3477,472,62,1,1
3477,472,63,1,1
3477,472,64,1,1
3477,472,65,1,1
3477,472,66,1,1
3477,472,67,1,1
3477,472,68,1,1
3477,472,69,1,1
3477,472,70,1,1
3477,472,71,1,1
3477,472,72,1,1
3477,472,73,1,1
3477,472,74,1,1
3477,472,75,1,1
3477,472,1,2,1
3477,472,2,2,1
3477,472,3,2,1
3477,472,4,2,1
3477,472,5,2,1
3477,472,6,2,1
3477,472,7,2,1
3477,472,8,2,1
3477,472,9,2,1
3477,472,10,2,1
3477,472,11,2,1
3477,472,12,2,1
3477,472,13,2,1
3477,472,14,2,1
3477,472,15,2,1
3477,472,16,2,1
3477,472,17,2,1
3477,472,18,2,1
3477,472,19,2,1
3477,472,20,2,1
3477,472,21,2,1
3477,472,22,2,1
3477,472,23,2,1
3477,472,24,2,1
3477,472,25,2,1
3477,472,26,2,1
3477,472,27,2,1
3477,472,28,2,1
3477,472,29,2,1
3477,472,30,2,1
3477,472,31,2,1
3477,472,32,2,1
3477,472,33,2,1
3477,472,34,2,1
3477,472,35,2,1
3477,472,36,2,1
3477,472,37,2,1
3477,472,38,2,1
3477,472,39,2,1
3477,472,40,2,1
3477,472,41,2,1
3477,472,42,2,1
3477,472,43,2,1
3477,472,44,2,1
3477,472,45,2,1
3477,472,46,2,1
3477,472,47,2,1
3477,472,48,2,1
3477,472,49,2,1
3477,472,50,2,1
3477,472,51,2,1
3477,472,52,2,1
3477,472,53,2,1
3477,472,54,2,1
3477,472,55,2,1
3477,472,56,2,1
3477,472,57,2,1
3477,472,58,2,1
3477,472,59,2,1
3477,472,60,2,1
3477,472,61,2,1
3477,472,62,2,1
3477,472,63,2,1
3477,472,64,2,1
3477,472,65,2,1
3477,472,66,2,1
3477,472,67,2,1
3477,472,68,2,1
3477,472,69,2,1
3477,472,70,2,1
3477,472,71,2,1
3477,472,72,2,1
3477,472,73,2,1
3477,472,74,2,1
3477,472,75,2,1
3478,471,1,1,1
3478,471,2,1,1
3478,471,3,1,1
3478,471,4,1,1
3478,471,5,1,1
3478,471,6,1,1
3478,471,7,1,1
3478,471,8,1,1
3478,471,9,1,1
3478,471,10,1,1
3478,471,11,1,1
3478,471,12,1,1
3478,471,13,1,1
3478,471,14,1,1
3478,471,15,1,1
3478,471,16,1,1
3478,471,17,1,1
3478,471,18,1,1
3478,471,19,1,1
3478,471,20,1,1
3478,471,21,1,1
3478,471,22,1,1
3478,471,23,1,1
3478,471,24,1,1
3478,471,25,1,1
3478,471,26,1,1
3478,471,27,1,1
3478,471,28,1,1
3478,471,29,1,1
3478,471,30,1,1
3478,471,31,1,1
3478,471,32,1,1
3478,471,33,1,1
3478,471,34,1,1
3478,471,35,1,1
3478,471,36,1,1
3478,471,37,1,1
3478,471,38,1,1
3478,471,39,1,1
3478,471,40,1,1
3478,471,41,1,1
3478,471,42,1,1
3478,471,43,1,1
3478,471,44,1,1
3478,471,45,1,1
3478,471,46,1,1
3478,471,47,1,1
3478,471,48,1,1
3478,471,49,1,1
3478,471,50,1,1
3478,471,51,1,1
3478,471,52,1,1
3478,471,53,1,1
3478,471,54,1,1
3478,471,55,1,1
3478,471,56,1,1
3478,471,57,1,1
3478,471,58,1,1
3478,471,59,1,1
3478,471,60,1,1
3478,471,61,1,1
3478,471,62,1,1
3478,471,63,1,1
3478,471,64,1,1
3478,471,65,1,1
3478,471,66,1,1
3478,471,67,1,1
3478,471,68,1,1
3478,471,69,1,1
3478,471,70,1,1
3478,471,71,1,1
3478,471,72,1,1
3478,471,73,1,1
3478,471,74,1,1
3478,471,75,1,1
3478,471,1,2,1
3478,471,2,2,1
3478,471,3,2,1
3478,471,4,2,1
3478,471,5,2,1
3478,471,6,2,1
3478,471,7,2,1
3478,471,8,2,1
3478,471,9,2,1
3478,471,10,2,1
3478,471,11,2,1
3478,471,12,2,1
3478,471,13,2,1
3478,471,14,2,1
3478,471,15,2,1
3478,471,16,2,1
3478,471,17,2,1
3478,471,18,2,1
3478,471,19,2,1
3478,471,20,2,1
3478,471,21,2,1
3478,471,22,2,1
3478,471,23,2,1
3478,471,24,2,1
3478,471,25,2,1
3478,471,26,2,1
3478,471,27,2,1
3478,471,28,2,1
3478,471,29,2,1
3478,471,30,2,1
3478,471,31,2,1
3478,471,32,2,1
3478,471,33,2,1
3478,471,34,2,1
3478,471,35,2,1
3478,471,36,2,1
3478,471,37,2,1
3478,471,38,2,1
3478,471,39,2,1
3478,471,40,2,1
3478,471,41,2,1
3478,471,42,2,1
3478,471,43,2,1
3478,471,44,2,1
3478,471,45,2,1
3478,471,46,2,1
3478,471,47,2,1
3478,471,48,2,1
3478,471,49,2,1
3478,471,50,2,1
3478,471,51,2,1
3478,471,52,2,1
3478,471,53,2,1
3478,471,54,2,1
3478,471,55,2,1
3478,471,56,2,1
3478,471,57,2,1
3478,471,58,2,1
3478,471,59,2,1
3478,471,60,2,1
3478,471,61,2,1
3478,471,62,2,1
3478,471,63,2,1
3478,471,64,2,1
3478,471,65,2,1
3478,471,66,2,1
3478,471,67,2,1
3478,471,68,2,1
3478,471,69,2,1
3478,471,70,2,1
3478,471,71,2,1
3478,471,72,2,1
3478,471,73,2,1
3478,471,74,2,1
3478,471,75,2,1
3479,470,1,1,1
3479,470,2,1,1
3479,470,3,1,1
3479,470,4,1,1
3479,470,5,1,1
3479,470,6,1,1
3479,470,7,1,1
3479,470,8,1,1
3479,470,9,1,1
3479,470,10,1,1
3479,470,11,1,1
3479,470,12,1,1
3479,470,13,1,1
3479,470,14,1,1
3479,470,15,1,1
3479,470,16,1,1
3479,470,17,1,1
3479,470,18,1,1
3479,470,19,1,1
3479,470,20,1,1
3479,470,21,1,1
3479,470,22,1,1
3479,470,23,1,1
3479,470,24,1,1
3479,470,25,1,1
3479,470,26,1,1
3479,470,27,1,1
3479,470,28,1,1
3479,470,29,1,1
3479,470,30,1,1
3479,470,31,1,1
3479,470,32,1,1
3479,470,33,1,1
3479,470,34,1,1
3479,470,35,1,1
3479,470,36,1,1
3479,470,37,1,1
3479,470,38,1,1
3479,470,39,1,1
3479,470,40,1,1
3479,470,41,1,1
3479,470,42,1,1
3479,470,43,1,1
3479,470,44,1,1
3479,470,45,1,1
3479,470,46,1,1
3479,470,47,1,1
3479,470,48,1,1
3479,470,49,1,1
3479,470,50,1,1
3479,470,51,1,1
3479,470,52,1,1
3479,470,53,1,1
3479,470,54,1,1
3479,470,55,1,1
3479,470,56,1,1
3479,470,57,1,1
3479,470,58,1,1
3479,470,59,1,1
3479,470,60,1,1
3479,470,61,1,1
3479,470,62,1,1
3479,470,63,1,1
3479,470,64,1,1
3479,470,65,1,1
3479,470,66,1,1
3479,470,67,1,1
3479,470,68,1,1
3479,470,69,1,1
3479,470,70,1,1
3479,470,71,1,1
3479,470,72,1,1
3479,470,73,1,1
3479,470,74,1,1
3479,470,75,1,1
3479,470,1,2,1
3479,470,2,2,1
3479,470,3,2,1
3479,470,4,2,1
3479,470,5,2,1
3479,470,6,2,1
3479,470,7,2,1
3479,470,8,2,1
3479,470,9,2,1
3479,470,10,2,1
3479,470,11,2,1
3479,470,12,2,1
3479,470,13,2,1
3479,470,14,2,1
3479,470,15,2,1
3479,470,16,2,1
3479,470,17,2,1
3479,470,18,2,1
3479,470,19,2,1
3479,470,20,2,1
3479,470,21,2,1
3479,470,22,2,1
3479,470,23,2,1
3479,470,24,2,1
3479,470,25,2,1
3479,470,26,2,1
3479,470,27,2,1
3479,470,28,2,1
3479,470,29,2,1
3479,470,30,2,1
3479,470,31,2,1
3479,470,32,2,1
3479,470,33,2,1
3479,470,34,2,1
3479,470,35,2,1
3479,470,36,2,1
3479,470,37,2,1
3479,470,38,2,1
3479,470,39,2,1
3479,470,40,2,1
3479,470,41,2,1
3479,470,42,2,1
3479,470,43,2,1
3479,470,44,2,1
3479,470,45,2,1
3479,470,46,2,1
3479,470,47,2,1
3479,470,48,2,1
3479,470,49,2,1
3479,470,50,2,1
3479,470,51,2,1
3479,470,52,2,1
3479,470,53,2,1
3479,470,54,2,1
3479,470,55,2,1
3479,470,56,2,1
3479,470,57,2,1
3479,470,58,2,1
3479,470,59,2,1
3479,470,60,2,1
3479,470,61,2,1
3479,470,62,2,1
3479,470,63,2,1
3479,470,64,2,1
3479,470,65,2,1
3479,470,66,2,1
3479,470,67,2,1
3479,470,68,2,1
3479,470,69,2,1
3479,470,70,2,1
3479,470,71,2,1
3479,470,72,2,1
3479,470,73,2,1
3479,470,74,2,1
3479,470,75,2,1
3480,469,1,1,1
3480,469,2,1,1
3480,469,3,1,1
3480,469,4,1,1
3480,469,5,1,1
3480,469,6,1,1
3480,469,7,1,1
3480,469,8,1,1
3480,469,9,1,1
3480,469,10,1,1
3480,469,11,1,1
3480,469,12,1,1
3480,469,13,1,1
3480,469,14,1,1
3480,469,15,1,1
3480,469,16,1,1
3480,469,17,1,1
3480,469,18,1,1
3480,469,19,1,1
3480,469,20,1,1
3480,469,21,1,1
3480,469,22,1,1
3480,469,23,1,1
3480,469,24,1,1
3480,469,25,1,1
3480,469,26,1,1
3480,469,27,1,1
3480,469,28,1,1
3480,469,29,1,1
3480,469,30,1,1
3480,469,31,1,1
3480,469,32,1,1
3480,469,33,1,1
3480,469,34,1,1
3480,469,35,1,1
3480,469,36,1,1
3480,469,37,1,1
3480,469,38,1,1
3480,469,39,1,1
3480,469,40,1,1
3480,469,41,1,1
3480,469,42,1,1
3480,469,43,1,1
3480,469,44,1,1
3480,469,45,1,1
3480,469,46,1,1
3480,469,47,1,1
3480,469,48,1,1
3480,469,49,1,1
3480,469,50,1,1
3480,469,51,1,1
3480,469,52,1,1
3480,469,53,1,1
3480,469,54,1,1
3480,469,55,1,1
3480,469,56,1,1
3480,469,57,1,1
3480,469,58,1,1
3480,469,59,1,1
3480,469,60,1,1
3480,469,61,1,1
3480,469,62,1,1
3480,469,63,1,1
3480,469,64,1,1
3480,469,65,1,1
3480,469,66,1,1
3480,469,67,1,1
3480,469,68,1,1
3480,469,69,1,1
3480,469,70,1,1
3480,469,71,1,1
3480,469,72,1,1
3480,469,73,1,1
3480,469,74,1,1
3480,469,75,1,1
3480,469,1,2,1
3480,469,2,2,1
3480,469,3,2,1
3480,469,4,2,1
3480,469,5,2,1
3480,469,6,2,1
3480,469,7,2,1
3480,469,8,2,1
3480,469,9,2,1
3480,469,10,2,1
3480,469,11,2,1
3480,469,12,2,1
3480,469,13,2,1
3480,469,14,2,1
3480,469,15,2,1
3480,469,16,2,1
3480,469,17,2,1
3480,469,18,2,1
3480,469,19,2,1
3480,469,20,2,1
3480,469,21,2,1
3480,469,22,2,1
3480,469,23,2,1
3480,469,24,2,1
3480,469,25,2,1
3480,469,26,2,1
3480,469,27,2,1
3480,469,28,2,1
3480,469,29,2,1
3480,469,30,2,1
3480,469,31,2,1
3480,469,32,2,1
3480,469,33,2,1
3480,469,34,2,1
3480,469,35,2,1
3480,469,36,2,1
3480,469,37,2,1
3480,469,38,2,1
3480,469,39,2,1
3480,469,40,2,1
3480,469,41,2,1
3480,469,42,2,1
3480,469,43,2,1
3480,469,44,2,1
3480,469,45,2,1
3480,469,46,2,1
3480,469,47,2,1
3480,469,48,2,1
3480,469,49,2,1
3480,469,50,2,1
3480,469,51,2,1
3480,469,52,2,1
3480,469,53,2,1
3480,469,54,2,1
3480,469,55,2,1
3480,469,56,2,1
3480,469,57,2,1
3480,469,58,2,1
3480,469,59,2,1
3480,469,60,2,1
3480,469,61,2,1
3480,469,62,2,1
3480,469,63,2,1
3480,469,64,2,1
3480,469,65,2,1
3480,469,66,2,1
3480,469,67,2,1
3480,469,68,2,1
3480,469,69,2,1
3480,469,70,2,1
3480,469,71,2,1
3480,469,72,2,1
3480,469,73,2,1
3480,469,74,2,1
3480,469,75,2,1
3480,468,1,1,1
3480,468,2,1,1
3480,468,3,1,1
3480,468,4,1,1
3480,468,5,1,1
3480,468,6,1,1
3480,468,7,1,1
3480,468,8,1,1
3480,468,9,1,1
3480,468,10,1,1
3480,468,11,1,1
3480,468,12,1,1
3480,468,13,1,1
3480,468,14,1,1
3480,468,15,1,1
3480,468,16,1,1
3480,468,17,1,1
3480,468,18,1,1
3480,468,19,1,1
3480,468,20,1,1
3480,468,21,1,1
3480,468,22,1,1
3480,468,23,1,1
3480,468,24,1,1
3480,468,25,1,1
3480,468,26,1,1
3480,468,27,1,1
3480,468,28,1,1
3480,468,29,1,1
3480,468,30,1,1
3480,468,31,1,1
3480,468,32,1,1
3480,468,33,1,1
3480,468,34,1,1
3480,468,35,1,1
3480,468,36,1,1
3480,468,37,1,1
3480,468,38,1,1
3480,468,39,1,1
3480,468,40,1,1
3480,468,41,1,1
3480,468,42,1,1
3480,468,43,1,1
3480,468,44,1,1
3480,468,45,1,1
3480,468,46,1,1
3480,468,47,1,1
3480,468,48,1,1
3480,468,49,1,1
3480,468,50,1,1
3480,468,51,1,1
3480,468,52,1,1
3480,468,53,1,1
3480,468,54,1,1
3480,468,55,1,1
3480,468,56,1,1
3480,468,57,1,1
3480,468,58,1,1
3480,468,59,1,1
3480,468,60,1,1
3480,468,61,1,1
3480,468,62,1,1
3480,468,63,1,1
3480,468,64,1,1
3480,468,65,1,1
3480,468,66,1,1
3480,468,67,1,1
3480,468,68,1,1
3480,468,69,1,1
3480,468,70,1,1
3480,468,71,1,1
3480,468,72,1,1
3480,468,73,1,1
3480,468,74,1,1
3480,468,75,1,1
3481,468,1,2,1
3481,468,2,2,1
3481,468,3,2,1
3481,468,4,2,1
3481,468,5,2,1
3481,468,6,2,1
3481,468,7,2,1
3481,468,8,2,1
3481,468,9,2,1
3481,468,10,2,1
3481,468,11,2,1
3481,468,12,2,1
3481,468,13,2,1
3481,468,14,2,1
3481,468,15,2,1
3481,468,16,2,1
3481,468,17,2,1
3481,468,18,2,1
3481,468,19,2,1
3481,468,20,2,1
3481,468,21,2,1
3481,468,22,2,1
3481,468,23,2,1
3481,468,24,2,1
3481,468,25,2,1
3481,468,26,2,1
3481,468,27,2,1
3481,468,28,2,1
3481,468,29,2,1
3481,468,30,2,1
3481,468,31,2,1
3481,468,32,2,1
3481,468,33,2,1
3481,468,34,2,1
3481,468,35,2,1
3481,468,36,2,1
3481,468,37,2,1
3481,468,38,2,1
3481,468,39,2,1
3481,468,40,2,1
3481,468,41,2,1
3481,468,42,2,1
3481,468,43,2,1
3481,468,44,2,1
3481,468,45,2,1
3481,468,46,2,1
3481,468,47,2,1
3481,468,48,2,1
3481,468,49,2,1
3481,468,50,2,1
3481,468,51,2,1
3481,468,52,2,1
3481,468,53,2,1
3481,468,54,2,1
3481,468,55,2,1
3481,468,56,2,1
3481,468,57,2,1
3481,468,58,2,1
3481,468,59,2,1
3481,468,60,2,1
3481,468,61,2,1
3481,468,62,2,1
3481,468,63,2,1
3481,468,64,2,1
3481,468,65,2,1
3481,468,66,2,1
3481,468,67,2,1
3481,468,68,2,1
3481,468,69,2,1
3481,468,70,2,1
3481,468,71,2,1
3481,468,72,2,1
3481,468,73,2,1
3481,468,74,2,1
3481,468,75,2,1
3481,467,1,1,1
3481,467,2,1,1
3481,467,3,1,1
3481,467,4,1,1
3481,467,5,1,1
3481,467,6,1,1
3481,467,7,1,1
3481,467,8,1,1
3481,467,9,1,1
3481,467,10,1,1
3481,467,11,1,1
3481,467,12,1,1
3481,467,13,1,1
3481,467,14,1,1
3481,467,15,1,1
3481,467,16,1,1
3481,467,17,1,1
3481,467,18,1,1
3481,467,19,1,1
3481,467,20,1,1
3481,467,21,1,1
3481,467,22,1,1
3481,467,23,1,1
3481,467,24,1,1
3481,467,25,1,1
3481,467,26,1,1
3481,467,27,1,1
3481,467,28,1,1
3481,467,29,1,1
3481,467,30,1,1
3481,467,31,1,1
3481,467,32,1,1
3481,467,33,1,1
3481,467,34,1,1
3481,467,35,1,1
3481,467,36,1,1
3481,467,37,1,1
3481,467,38,1,1
3481,467,39,1,1
3481,467,40,1,1
3481,467,41,1,1
3481,467,42,1,1
3481,467,43,1,1
3481,467,44,1,1
3481,467,45,1,1
3481,467,46,1,1
3481,467,47,1,1
3481,467,48,1,1
3481,467,49,1,1
3481,467,50,1,1
3481,467,51,1,1
3481,467,52,1,1
3481,467,53,1,1
3481,467,54,1,1
3481,467,55,1,1
3481,467,56,1,1
3481,467,57,1,1
3481,467,58,1,1
3481,467,59,1,1
3481,467,60,1,1
3481,467,61,1,1
3481,467,62,1,1
3481,467,63,1,1
3481,467,64,1,1
3481,467,65,1,1
3481,467,66,1,1
3481,467,67,1,1
3481,467,68,1,1
3481,467,69,1,1
3481,467,70,1,1
3481,467,71,1,1
3481,467,72,1,1
3481,467,73,1,1
3481,467,74,1,1
3481,467,75,1,1
3482,467,1,2,1
3482,467,2,2,1
3482,467,3,2,1
3482,467,4,2,1
3482,467,5,2,1
3482,467,6,2,1
3482,467,7,2,1
3482,467,8,2,1
3482,467,9,2,1
3482,467,10,2,1
3482,467,11,2,1
3482,467,12,2,1
3482,467,13,2,1
3482,467,14,2,1
3482,467,15,2,1
3482,467,16,2,1
3482,467,17,2,1
3482,467,18,2,1
3482,467,19,2,1
3482,467,20,2,1
3482,467,21,2,1
3482,467,22,2,1
3482,467,23,2,1
3482,467,24,2,1
3482,467,25,2,1
3482,467,26,2,1
3482,467,27,2,1
3482,467,28,2,1
3482,467,29,2,1
3482,467,30,2,1
3482,467,31,2,1
3482,467,32,2,1
3482,467,33,2,1
3482,467,34,2,1
3482,467,35,2,1
3482,467,36,2,1
3482,467,37,2,1
3482,467,38,2,1
3482,467,39,2,1
3482,467,40,2,1
3482,467,41,2,1
3482,467,42,2,1
3482,467,43,2,1
3482,467,44,2,1
3482,467,45,2,1
3482,467,46,2,1
3482,467,47,2,1
3482,467,48,2,1
3482,467,49,2,1
3482,467,50,2,1
3482,467,51,2,1
3482,467,52,2,1
3482,467,53,2,1
3482,467,54,2,1
3482,467,55,2,1
3482,467,56,2,1
3482,467,57,2,1
3482,467,58,2,1
3482,467,59,2,1
3482,467,60,2,1
3482,467,61,2,1
3482,467,62,2,1
3482,467,63,2,1
3482,467,64,2,1
3482,467,65,2,1
3482,467,66,2,1
3482,467,67,2,1
3482,467,68,2,1
3482,467,69,2,1
3482,467,70,2,1
3482,467,71,2,1
3482,467,72,2,1
3482,467,73,2,1
3482,467,74,2,1
3482,467,75,2,1
3482,466,1,1,1
3482,466,2,1,1
3482,466,3,1,1
3482,466,4,1,1
3482,466,5,1,1
3482,466,6,1,1
3482,466,7,1,1
3482,466,8,1,1
3482,466,9,1,1
3482,466,10,1,1
3482,466,11,1,1
3482,466,12,1,1
3482,466,13,1,1
3482,466,14,1,1
3482,466,15,1,1
3482,466,16,1,1
3482,466,17,1,1
3482,466,18,1,1
3482,466,19,1,1
3482,466,20,1,1
3482,466,21,1,1
3482,466,22,1,1
3482,466,23,1,1
3482,466,24,1,1
3482,466,25,1,1
3482,466,26,1,1
3482,466,27,1,1
3482,466,28,1,1
3482,466,29,1,1
3482,466,30,1,1
3482,466,31,1,1
3482,466,32,1,1
3482,466,33,1,1
3482,466,34,1,1
3482,466,35,1,1
3482,466,36,1,1
3482,466,37,1,1
3482,466,38,1,1
3482,466,39,1,1
3482,466,40,1,1
3482,466,41,1,1
3482,466,42,1,1
3482,466,43,1,1
3482,466,44,1,1
3482,466,45,1,1
3482,466,46,1,1
3482,466,47,1,1
3482,466,48,1,1
3482,466,49,1,1
3482,466,50,1,1
3482,466,51,1,1
3482,466,52,1,1
3482,466,53,1,1
3482,466,54,1,1
3482,466,55,1,1
3482,466,56,1,1
3482,466,57,1,1
3482,466,58,1,1
3482,466,59,1,1
3482,466,60,1,1
3482,466,61,1,1
3482,466,62,1,1
3482,466,63,1,1
3482,466,64,1,1
3482,466,65,1,1
3482,466,66,1,1
3482,466,67,1,1
3482,466,68,1,1
3482,466,69,1,1
3482,466,70,1,1
3482,466,71,1,1
3482,466,72,1,1
3482,466,73,1,1
3482,466,74,1,1
3482,466,75,1,1
3483,466,1,2,1
3483,466,2,2,1
3483,466,3,2,1
3483,466,4,2,1
3483,466,5,2,1
3483,466,6,2,1
3483,466,7,2,1
3483,466,8,2,1
3483,466,9,2,1
3483,466,10,2,1
3483,466,11,2,1
3483,466,12,2,1
3483,466,13,2,1
3483,466,14,2,1
3483,466,15,2,1
3483,466,16,2,1
3483,466,17,2,1
3483,466,18,2,1
3483,466,19,2,1
3483,466,20,2,1
3483,466,21,2,1
3483,466,22,2,1
3483,466,23,2,1
3483,466,24,2,1
3483,466,25,2,1
3483,466,26,2,1
3483,466,27,2,1
3483,466,28,2,1
3483,466,29,2,1
3483,466,30,2,1
3483,466,31,2,1
3483,466,32,2,1
3483,466,33,2,1
3483,466,34,2,1
3483,466,35,2,1
3483,466,36,2,1
3483,466,37,2,1
3483,466,38,2,1
3483,466,39,2,1
3483,466,40,2,1
3483,466,41,2,1
3483,466,42,2,1
3483,466,43,2,1
3483,466,44,2,1
3483,466,45,2,1
3483,466,46,2,1
3483,466,47,2,1
3483,466,48,2,1
3483,466,49,2,1
3483,466,50,2,1
3483,466,51,2,1
3483,466,52,2,1
3483,466,53,2,1
3483,466,54,2,1
3483,466,55,2,1
3483,466,56,2,1
3483,466,57,2,1
3483,466,58,2,1
3483,466,59,2,1
3483,466,60,2,1
3483,466,61,2,1
3483,466,62,2,1
3483,466,63,2,1
3483,466,64,2,1
3483,466,65,2,1
3483,466,66,2,1
3483,466,67,2,1
3483,466,68,2,1
3483,466,69,2,1
3483,466,70,2,1
3483,466,71,2,1
3483,466,72,2,1
3483,466,73,2,1
3483,466,74,2,1
3483,466,75,2,1
3483,465,1,1,1
3483,465,2,1,1
3483,465,3,1,1
3483,465,4,1,1
3483,465,5,1,1
3483,465,6,1,1
3483,465,7,1,1
3483,465,8,1,1
3483,465,9,1,1
3483,465,10,1,1
3483,465,11,1,1
3483,465,12,1,1
3483,465,13,1,1
3483,465,14,1,1
3483,465,15,1,1
3483,465,16,1,1
3483,465,17,1,1
3483,465,18,1,1
3483,465,19,1,1
3483,465,20,1,1
3483,465,21,1,1
3483,465,22,1,1
3483,465,23,1,1
3483,465,24,1,1
3483,465,25,1,1
3483,465,26,1,1
3483,465,27,1,1
3483,465,28,1,1
3483,465,29,1,1
3483,465,30,1,1
3483,465,31,1,1
3483,465,32,1,1
3483,465,33,1,1
3483,465,34,1,1
3483,465,35,1,1
3483,465,36,1,1
3483,465,37,1,1
3483,465,38,1,1
3483,465,39,1,1
3483,465,40,1,1
3483,465,41,1,1
3483,465,42,1,1
3483,465,43,1,1
3483,465,44,1,1
3483,465,45,1,1
3483,465,46,1,1
3483,465,47,1,1
3483,465,48,1,1
3483,465,49,1,1
3483,465,50,1,1
3483,465,51,1,1
3483,465,52,1,1
3483,465,53,1,1
3483,465,54,1,1
3483,465,55,1,1
3483,465,56,1,1
3483,465,57,1,1
3483,465,58,1,1
3483,465,59,1,1
3483,465,60,1,1
3483,465,61,1,1
3483,465,62,1,1
3483,465,63,1,1
3483,465,64,1,1
3483,465,65,1,1
3483,465,66,1,1
3483,465,67,1,1
3483,465,68,1,1
3483,465,69,1,1
3483,465,70,1,1
3483,465,71,1,1
3483,465,72,1,1
3483,465,73,1,1
3483,465,74,1,1
3483,465,75,1,1
3484,465,1,2,1
3484,465,2,2,1
3484,465,3,2,1
3484,465,4,2,1
3484,465,5,2,1
3484,465,6,2,1
3484,465,7,2,1
3484,465,8,2,1
3484,465,9,2,1
3484,465,10,2,1
3484,465,11,2,1
3484,465,12,2,1
3484,465,13,2,1
3484,465,14,2,1
3484,465,15,2,1
3484,465,16,2,1
3484,465,17,2,1
3484,465,18,2,1
3484,465,19,2,1
3484,465,20,2,1
3484,465,21,2,1
3484,465,22,2,1
3484,465,23,2,1
3484,465,24,2,1
3484,465,25,2,1
3484,465,26,2,1
3484,465,27,2,1
3484,465,28,2,1
3484,465,29,2,1
3484,465,30,2,1
3484,465,31,2,1
3484,465,32,2,1
3484,465,33,2,1
3484,465,34,2,1
3484,465,35,2,1
3484,465,36,2,1
3484,465,37,2,1
3484,465,38,2,1
3484,465,39,2,1
3484,465,40,2,1
3484,465,41,2,1
3484,465,42,2,1
3484,465,43,2,1
3484,465,44,2,1
3484,465,45,2,1
3484,465,46,2,1
3484,465,47,2,1
3484,465,48,2,1
3484,465,49,2,1
3484,465,50,2,1
3484,465,51,2,1
3484,465,52,2,1
3484,465,53,2,1
3484,465,54,2,1
3484,465,55,2,1
3484,465,56,2,1
3484,465,57,2,1
3484,465,58,2,1
3484,465,59,2,1
3484,465,60,2,1
3484,465,61,2,1
3484,465,62,2,1
3484,465,63,2,1
3484,465,64,2,1
3484,465,65,2,1
3484,465,66,2,1
3484,465,67,2,1
3484,465,68,2,1
3484,465,69,2,1
3484,465,70,2,1
3484,465,71,2,1
3484,465,72,2,1
3484,465,73,2,1
3484,465,74,2,1
3484,465,75,2,1
3484,464,1,1,1
3484,464,2,1,1
3484,464,3,1,1
3484,464,4,1,1
3484,464,5,1,1
3484,464,6,1,1
3484,464,7,1,1
3484,464,8,1,1
3484,464,9,1,1
3484,464,10,1,1
3484,464,11,1,1
3484,464,12,1,1
3484,464,13,1,1
3484,464,14,1,1
3484,464,15,1,1
3484,464,16,1,1
3484,464,17,1,1
3484,464,18,1,1
3484,464,19,1,1
3484,464,20,1,1
3484,464,21,1,1
3484,464,22,1,1
3484,464,23,1,1
3484,464,24,1,1
3484,464,25,1,1
3484,464,26,1,1
3484,464,27,1,1
3484,464,28,1,1
3484,464,29,1,1
3484,464,30,1,1
3484,464,31,1,1
3484,464,32,1,1
3484,464,33,1,1
3484,464,34,1,1
3484,464,35,1,1
3484,464,36,1,1
3484,464,37,1,1
3484,464,38,1,1
3484,464,39,1,1
3484,464,40,1,1
3484,464,41,1,1
3484,464,42,1,1
3484,464,43,1,1
3484,464,44,1,1
3484,464,45,1,1
3484,464,46,1,1
3484,464,47,1,1
3484,464,48,1,1
3484,464,49,1,1
3484,464,50,1,1
3484,464,51,1,1
3484,464,52,1,1
3484,464,53,1,1
3484,464,54,1,1
3484,464,55,1,1
3484,464,56,1,1
3484,464,57,1,1
3484,464,58,1,1
3484,464,59,1,1
3484,464,60,1,1
3484,464,61,1,1
3484,464,62,1,1
3484,464,63,1,1
3484,464,64,1,1
3484,464,65,1,1
3484,464,66,1,1
3484,464,67,1,1
3484,464,68,1,1
3484,464,69,1,1
3484,464,70,1,1
3484,464,71,1,1
3484,464,72,1,1
3484,464,73,1,1
3484,464,74,1,1
3484,464,75,1,1
3485,464,1,2,1
3485,464,2,2,1
3485,464,3,2,1
3485,464,4,2,1
3485,464,5,2,1
3485,464,6,2,1
3485,464,7,2,1
3485,464,8,2,1
3485,464,9,2,1
3485,464,10,2,1
3485,464,11,2,1
3485,464,12,2,1
3485,464,13,2,1
3485,464,14,2,1
3485,464,15,2,1
3485,464,16,2,1
3485,464,17,2,1
3485,464,18,2,1
3485,464,19,2,1
3485,464,20,2,1
3485,464,21,2,1
3485,464,22,2,1
3485,464,23,2,1
3485,464,24,2,1
3485,464,25,2,1
3485,464,26,2,1
3485,464,27,2,1
3485,464,28,2,1
3485,464,29,2,1
3485,464,30,2,1
3485,464,31,2,1
3485,464,32,2,1
3485,464,33,2,1
3485,464,34,2,1
3485,464,35,2,1
3485,464,36,2,1
3485,464,37,2,1
3485,464,38,2,1
3485,464,39,2,1
3485,464,40,2,1
3485,464,41,2,1
3485,464,42,2,1
3485,464,43,2,1
3485,464,44,2,1
3485,464,45,2,1
3485,464,46,2,1
3485,464,47,2,1
3485,464,48,2,1
3485,464,49,2,1
3485,464,50,2,1
3485,464,51,2,1
3485,464,52,2,1
3485,464,53,2,1
3485,464,54,2,1
3485,464,55,2,1
3485,464,56,2,1
3485,464,57,2,1
3485,464,58,2,1
3485,464,59,2,1
3485,464,60,2,1
3485,464,61,2,1
3485,464,62,2,1
3485,464,63,2,1
3485,464,64,2,1
3485,464,65,2,1
3485,464,66,2,1
3485,464,67,2,1
3485,464,68,2,1
3485,464,69,2,1
3485,464,70,2,1
3485,464,71,2,1
3485,464,72,2,1
3485,464,73,2,1
3485,464,74,2,1
3485,464,75,2,1
3485,463,1,1,1
3485,463,2,1,1
3485,463,3,1,1
3485,463,4,1,1
3485,463,5,1,1
3485,463,6,1,1
3485,463,7,1,1
3485,463,8,1,1
3485,463,9,1,1
3485,463,10,1,1
3485,463,11,1,1
3485,463,12,1,1
3485,463,13,1,1
3485,463,14,1,1
3485,463,15,1,1
3485,463,16,1,1
3485,463,17,1,1
3485,463,18,1,1
3485,463,19,1,1
3485,463,20,1,1
3485,463,21,1,1
3485,463,22,1,1
3485,463,23,1,1
3485,463,24,1,1
3485,463,25,1,1
3485,463,26,1,1
3485,463,27,1,1
3485,463,28,1,1
3485,463,29,1,1
3485,463,30,1,1
3485,463,31,1,1
3485,463,32,1,1
3485,463,33,1,1
3485,463,34,1,1
3485,463,35,1,1
3485,463,36,1,1
3485,463,37,1,1
3485,463,38,1,1
3485,463,39,1,1
3485,463,40,1,1
3485,463,41,1,1
3485,463,42,1,1
3485,463,43,1,1
3485,463,44,1,1
3485,463,45,1,1
3485,463,46,1,1
3485,463,47,1,1
3485,463,48,1,1
3485,463,49,1,1
3485,463,50,1,1
3485,463,51,1,1
3485,463,52,1,1
3485,463,53,1,1
3485,463,54,1,1
3485,463,55,1,1
3485,463,56,1,1
3485,463,57,1,1
3485,463,58,1,1
3485,463,59,1,1
3485,463,60,1,1
3485,463,61,1,1
3485,463,62,1,1
3485,463,63,1,1
3485,463,64,1,1
3485,463,65,1,1
3485,463,66,1,1
3485,463,67,1,1
3485,463,68,1,1
3485,463,69,1,1
3485,463,70,1,1
3485,463,71,1,1
3485,463,72,1,1
3485,463,73,1,1
3485,463,74,1,1
3485,463,75,1,1
3486,463,1,2,1
3486,463,2,2,1
3486,463,3,2,1
3486,463,4,2,1
3486,463,5,2,1
3486,463,6,2,1
3486,463,7,2,1
3486,463,8,2,1
3486,463,9,2,1
3486,463,10,2,1
3486,463,11,2,1
3486,463,12,2,1
3486,463,13,2,1
3486,463,14,2,1
3486,463,15,2,1
3486,463,16,2,1
3486,463,17,2,1
3486,463,18,2,1
3486,463,19,2,1
3486,463,20,2,1
3486,463,21,2,1
3486,463,22,2,1
3486,463,23,2,1
3486,463,24,2,1
3486,463,25,2,1
3486,463,26,2,1
3486,463,27,2,1
3486,463,28,2,1
3486,463,29,2,1
3486,463,30,2,1
3486,463,31,2,1
3486,463,32,2,1
3486,463,33,2,1
3486,463,34,2,1
3486,463,35,2,1
3486,463,36,2,1
3486,463,37,2,1
3486,463,38,2,1
3486,463,39,2,1
3486,463,40,2,1
3486,463,41,2,1
3486,463,42,2,1
3486,463,43,2,1
3486,463,44,2,1
3486,463,45,2,1
3486,463,46,2,1
3486,463,47,2,1
3486,463,48,2,1
3486,463,49,2,1
3486,463,50,2,1
3486,463,51,2,1
3486,463,52,2,1
3486,463,53,2,1
3486,463,54,2,1
3486,463,55,2,1
3486,463,56,2,1
3486,463,57,2,1
3486,463,58,2,1
3486,463,59,2,1
3486,463,60,2,1
3486,463,61,2,1
3486,463,62,2,1
3486,463,63,2,1
3486,463,64,2,1
3486,463,65,2,1
3486,463,66,2,1
3486,463,67,2,1
3486,463,68,2,1
3486,463,69,2,1
3486,463,70,2,1
3486,463,71,2,1
3486,463,72,2,1
3486,463,73,2,1
3486,463,74,2,1
3486,463,75,2,1
3486,462,1,1,1
3486,462,2,1,1
3486,462,3,1,1
3486,462,4,1,1
3486,462,5,1,1
3486,462,6,1,1
3486,462,7,1,1
3486,462,8,1,1
3486,462,9,1,1
3486,462,10,1,1
3486,462,11,1,1
3486,462,12,1,1
3486,462,13,1,1
3486,462,14,1,1
3486,462,15,1,1
3486,462,16,1,1
3486,462,17,1,1
3486,462,18,1,1
3486,462,19,1,1
3486,462,20,1,1
3486,462,21,1,1
3486,462,22,1,1
3486,462,23,1,1
3486,462,24,1,1
3486,462,25,1,1
3486,462,26,1,1
3486,462,27,1,1
3486,462,28,1,1
3486,462,29,1,1
3486,462,30,1,1
3486,462,31,1,1
3486,462,32,1,1
3486,462,33,1,1
3486,462,34,1,1
3486,462,35,1,1
3486,462,36,1,1
3486,462,37,1,1
3486,462,38,1,1
3486,462,39,1,1
3486,462,40,1,1
3486,462,41,1,1
3486,462,42,1,1
3486,462,43,1,1
3486,462,44,1,1
3486,462,45,1,1
3486,462,46,1,1
3486,462,47,1,1
3486,462,48,1,1
3486,462,49,1,1
3486,462,50,1,1
3486,462,51,1,1
3486,462,52,1,1
3486,462,53,1,1
3486,462,54,1,1
3486,462,55,1,1
3486,462,56,1,1
3486,462,57,1,1
3486,462,58,1,1
3486,462,59,1,1
3486,462,60,1,1
3486,462,61,1,1
3486,462,62,1,1
3486,462,63,1,1
3486,462,64,1,1
3486,462,65,1,1
3486,462,66,1,1
3486,462,67,1,1
3486,462,68,1,1
3486,462,69,1,1
3486,462,70,1,1
3486,462,71,1,1
3486,462,72,1,1
3486,462,73,1,1
3486,462,74,1,1
3486,462,75,1,1
3487,461,1,1,1
3487,461,2,1,1
3487,461,3,1,1
3487,461,4,1,1
3487,461,5,1,1
3487,461,6,1,1
3487,461,7,1,1
3487,461,8,1,1
3487,461,9,1,1
3487,461,10,1,1
3487,461,11,1,1
3487,461,12,1,1
3487,461,13,1,1
3487,461,14,1,1
3487,461,15,1,1
3487,461,16,1,1
3487,461,17,1,1
3487,461,18,1,1
3487,461,19,1,1
3487,461,20,1,1
3487,461,21,1,1
3487,461,22,1,1
3487,461,23,1,1
3487,461,24,1,1
3487,461,25,1,1
3487,461,26,1,1
3487,461,27,1,1
3487,461,28,1,1
3487,461,29,1,1
3487,461,30,1,1
3487,461,31,1,1
3487,461,32,1,1
3487,461,33,1,1
3487,461,34,1,1
3487,461,35,1,1
3487,461,36,1,1
3487,461,37,1,1
3487,461,38,1,1
3487,461,39,1,1
3487,461,40,1,1
3487,461,41,1,1
3487,461,42,1,1
3487,461,43,1,1
3487,461,44,1,1
3487,461,45,1,1
3487,461,46,1,1
3487,461,47,1,1
3487,461,48,1,1
3487,461,49,1,1
3487,461,50,1,1
3487,461,51,1,1
3487,461,52,1,1
3487,461,53,1,1
3487,461,54,1,1
3487,461,55,1,1
3487,461,56,1,1
3487,461,57,1,1
3487,461,58,1,1
3487,461,59,1,1
3487,461,60,1,1
3487,461,61,1,1
3487,461,62,1,1
3487,461,63,1,1
3487,461,64,1,1
3487,461,65,1,1
3487,461,66,1,1
3487,461,67,1,1
3487,461,68,1,1
3487,461,69,1,1
3487,461,70,1,1
3487,461,71,1,1
3487,461,72,1,1
3487,461,73,1,1
3487,461,74,1,1
3487,461,75,1,1
3487,461,1,2,1
3487,461,2,2,1
3487,461,3,2,1
3487,461,4,2,1
3487,461,5,2,1
3487,461,6,2,1
3487,461,7,2,1
3487,461,8,2,1
3487,461,9,2,1
3487,461,10,2,1
3487,461,11,2,1
3487,461,12,2,1
3487,461,13,2,1
3487,461,14,2,1
3487,461,15,2,1
3487,461,16,2,1
3487,461,17,2,1
3487,461,18,2,1
3487,461,19,2,1
3487,461,20,2,1
3487,461,21,2,1
3487,461,22,2,1
3487,461,23,2,1
3487,461,24,2,1
3487,461,25,2,1
3487,461,26,2,1
3487,461,27,2,1
3487,461,28,2,1
3487,461,29,2,1
3487,461,30,2,1
3487,461,31,2,1
3487,461,32,2,1
3487,461,33,2,1
3487,461,34,2,1
3487,461,35,2,1
3487,461,36,2,1
3487,461,37,2,1
3487,461,38,2,1
3487,461,39,2,1
3487,461,40,2,1
3487,461,41,2,1
3487,461,42,2,1
3487,461,43,2,1
3487,461,44,2,1
3487,461,45,2,1
3487,461,46,2,1
3487,461,47,2,1
3487,461,48,2,1
3487,461,49,2,1
3487,461,50,2,1
3487,461,51,2,1
3487,461,52,2,1
3487,461,53,2,1
3487,461,54,2,1
3487,461,55,2,1
3487,461,56,2,1
3487,461,57,2,1
3487,461,58,2,1
3487,461,59,2,1
3487,461,60,2,1
3487,461,61,2,1
3487,461,62,2,1
3487,461,63,2,1
3487,461,64,2,1
3487,461,65,2,1
3487,461,66,2,1
3487,461,67,2,1
3487,461,68,2,1
3487,461,69,2,1
3487,461,70,2,1
3487,461,71,2,1
3487,461,72,2,1
3487,461,73,2,1
3487,461,74,2,1
3487,461,75,2,1
3488,460,1,1,1
3488,460,2,1,1
3488,460,3,1,1
3488,460,4,1,1
3488,460,5,1,1
3488,460,6,1,1
3488,460,7,1,1
3488,460,8,1,1
3488,460,9,1,1
3488,460,10,1,1
3488,460,11,1,1
3488,460,12,1,1
3488,460,13,1,1
3488,460,14,1,1
3488,460,15,1,1
3488,460,16,1,1
3488,460,17,1,1
3488,460,18,1,1
3488,460,19,1,1
3488,460,20,1,1
3488,460,21,1,1
3488,460,22,1,1
3488,460,23,1,1
3488,460,24,1,1
3488,460,25,1,1
3488,460,26,1,1
3488,460,27,1,1
3488,460,28,1,1
3488,460,29,1,1
3488,460,30,1,1
3488,460,31,1,1
3488,460,32,1,1
3488,460,33,1,1
3488,460,34,1,1
3488,460,35,1,1
3488,460,36,1,1
3488,460,37,1,1
3488,460,38,1,1
3488,460,39,1,1
3488,460,40,1,1
3488,460,41,1,1
3488,460,42,1,1
3488,460,43,1,1
3488,460,44,1,1
3488,460,45,1,1
3488,460,46,1,1
3488,460,47,1,1
3488,460,48,1,1
3488,460,49,1,1
3488,460,50,1,1
3488,460,51,1,1
3488,460,52,1,1
3488,460,53,1,1
3488,460,54,1,1
3488,460,55,1,1
3488,460,56,1,1
3488,460,57,1,1
3488,460,58,1,1
3488,460,59,1,1
3488,460,60,1,1
3488,460,61,1,1
3488,460,62,1,1
3488,460,63,1,1
3488,460,64,1,1
3488,460,65,1,1
3488,460,66,1,1
3488,460,67,1,1
3488,460,68,1,1
3488,460,69,1,1
3488,460,70,1,1
3488,460,71,1,1
3488,460,72,1,1
3488,460,73,1,1
3488,460,74,1,1
3488,460,75,1,1
3488,460,1,2,1
3488,460,2,2,1
3488,460,3,2,1
3488,460,4,2,1
3488,460,5,2,1
3488,460,6,2,1
3488,460,7,2,1
3488,460,8,2,1
3488,460,9,2,1
3488,460,10,2,1
3488,460,11,2,1
3488,460,12,2,1
3488,460,13,2,1
3488,460,14,2,1
3488,460,15,2,1
3488,460,16,2,1
3488,460,17,2,1
3488,460,18,2,1
3488,460,19,2,1
3488,460,20,2,1
3488,460,21,2,1
3488,460,22,2,1
3488,460,23,2,1
3488,460,24,2,1
3488,460,25,2,1
3488,460,26,2,1
3488,460,27,2,1
3488,460,28,2,1
3488,460,29,2,1
3488,460,30,2,1
3488,460,31,2,1
3488,460,32,2,1
3488,460,33,2,1
3488,460,34,2,1
3488,460,35,2,1
3488,460,36,2,1
3488,460,37,2,1
3488,460,38,2,1
3488,460,39,2,1
3488,460,40,2,1
3488,460,41,2,1
3488,460,42,2,1
3488,460,43,2,1
3488,460,44,2,1
3488,460,45,2,1
3488,460,46,2,1
3488,460,47,2,1
3488,460,48,2,1
3488,460,49,2,1
3488,460,50,2,1
3488,460,51,2,1
3488,460,52,2,1
3488,460,53,2,1
3488,460,54,2,1
3488,460,55,2,1
3488,460,56,2,1
3488,460,57,2,1
3488,460,58,2,1
3488,460,59,2,1
3488,460,60,2,1
3488,460,61,2,1
3488,460,62,2,1
3488,460,63,2,1
3488,460,64,2,1
3488,460,65,2,1
3488,460,66,2,1
3488,460,67,2,1
3488,460,68,2,1
3488,460,69,2,1
3488,460,70,2,1
3488,460,71,2,1
3488,460,72,2,1
3488,460,73,2,1
3488,460,74,2,1
3488,460,75,2,1
3489,459,1,1,1
3489,459,2,1,1
3489,459,3,1,1
3489,459,4,1,1
3489,459,5,1,1
3489,459,6,1,1
3489,459,7,1,1
3489,459,8,1,1
3489,459,9,1,1
3489,459,10,1,1
3489,459,11,1,1
3489,459,12,1,1
3489,459,13,1,1
3489,459,14,1,1
3489,459,15,1,1
3489,459,16,1,1
3489,459,17,1,1
3489,459,18,1,1
3489,459,19,1,1
3489,459,20,1,1
3489,459,21,1,1
3489,459,22,1,1
3489,459,23,1,1
3489,459,24,1,1
3489,459,25,1,1
3489,459,26,1,1
3489,459,27,1,1
3489,459,28,1,1
3489,459,29,1,1
3489,459,30,1,1
3489,459,31,1,1
3489,459,32,1,1
3489,459,33,1,1
3489,459,34,1,1
3489,459,35,1,1
3489,459,36,1,1
3489,459,37,1,1
3489,459,38,1,1
3489,459,39,1,1
3489,459,40,1,1
3489,459,41,1,1
3489,459,42,1,1
3489,459,43,1,1
3489,459,44,1,1
3489,459,45,1,1
3489,459,46,1,1
3489,459,47,1,1
3489,459,48,1,1
3489,459,49,1,1
3489,459,50,1,1
3489,459,51,1,1
3489,459,52,1,1
3489,459,53,1,1
3489,459,54,1,1
3489,459,55,1,1
3489,459,56,1,1
3489,459,57,1,1
3489,459,58,1,1
3489,459,59,1,1
3489,459,60,1,1
3489,459,61,1,1
3489,459,62,1,1
3489,459,63,1,1
3489,459,64,1,1
3489,459,65,1,1
3489,459,66,1,1
3489,459,67,1,1
3489,459,68,1,1
3489,459,69,1,1
3489,459,70,1,1
3489,459,71,1,1
3489,459,72,1,1
3489,459,73,1,1
3489,459,74,1,1
3489,459,75,1,1
3489,459,1,2,1
3489,459,2,2,1
3489,459,3,2,1
3489,459,4,2,1
3489,459,5,2,1
3489,459,6,2,1
3489,459,7,2,1
3489,459,8,2,1
3489,459,9,2,1
3489,459,10,2,1
3489,459,11,2,1
3489,459,12,2,1
3489,459,13,2,1
3489,459,14,2,1
3489,459,15,2,1
3489,459,16,2,1
3489,459,17,2,1
3489,459,18,2,1
3489,459,19,2,1
3489,459,20,2,1
3489,459,21,2,1
3489,459,22,2,1
3489,459,23,2,1
3489,459,24,2,1
3489,459,25,2,1
3489,459,26,2,1
3489,459,27,2,1
3489,459,28,2,1
3489,459,29,2,1
3489,459,30,2,1
3489,459,31,2,1
3489,459,32,2,1
3489,459,33,2,1
3489,459,34,2,1
3489,459,35,2,1
3489,459,36,2,1
3489,459,37,2,1
3489,459,38,2,1
3489,459,39,2,1
3489,459,40,2,1
3489,459,41,2,1
3489,459,42,2,1
3489,459,43,2,1
3489,459,44,2,1
3489,459,45,2,1
3489,459,46,2,1
3489,459,47,2,1
3489,459,48,2,1
3489,459,49,2,1
3489,459,50,2,1
3489,459,51,2,1
3489,459,52,2,1
3489,459,53,2,1
3489,459,54,2,1
3489,459,55,2,1
3489,459,56,2,1
3489,459,57,2,1
3489,459,58,2,1
3489,459,59,2,1
3489,459,60,2,1
3489,459,61,2,1
3489,459,62,2,1
3489,459,63,2,1
3489,459,64,2,1
3489,459,65,2,1
3489,459,66,2,1
3489,459,67,2,1
3489,459,68,2,1
3489,459,69,2,1
3489,459,70,2,1
3489,459,71,2,1
3489,459,72,2,1
3489,459,73,2,1
3489,459,74,2,1
3489,459,75,2,1
3490,458,1,1,1
3490,458,2,1,1
3490,458,3,1,1
3490,458,4,1,1
3490,458,5,1,1
3490,458,6,1,1
3490,458,7,1,1
3490,458,8,1,1
3490,458,9,1,1
3490,458,10,1,1
3490,458,11,1,1
3490,458,12,1,1
3490,458,13,1,1
3490,458,14,1,1
3490,458,15,1,1
3490,458,16,1,1
3490,458,17,1,1
3490,458,18,1,1
3490,458,19,1,1
3490,458,20,1,1
3490,458,21,1,1
3490,458,22,1,1
3490,458,23,1,1
3490,458,24,1,1
3490,458,25,1,1
3490,458,26,1,1
3490,458,27,1,1
3490,458,28,1,1
3490,458,29,1,1
3490,458,30,1,1
3490,458,31,1,1
3490,458,32,1,1
3490,458,33,1,1
3490,458,34,1,1
3490,458,35,1,1
3490,458,36,1,1
3490,458,37,1,1
3490,458,38,1,1
3490,458,39,1,1
3490,458,40,1,1
3490,458,41,1,1
3490,458,42,1,1
3490,458,43,1,1
3490,458,44,1,1
3490,458,45,1,1
3490,458,46,1,1
3490,458,47,1,1
3490,458,48,1,1
3490,458,49,1,1
3490,458,50,1,1
3490,458,51,1,1
3490,458,52,1,1
3490,458,53,1,1
3490,458,54,1,1
3490,458,55,1,1
3490,458,56,1,1
3490,458,57,1,1
3490,458,58,1,1
3490,458,59,1,1
3490,458,60,1,1
3490,458,61,1,1
3490,458,62,1,1
3490,458,63,1,1
3490,458,64,1,1
3490,458,65,1,1
3490,458,66,1,1
3490,458,67,1,1
3490,458,68,1,1
3490,458,69,1,1
3490,458,70,1,1
3490,458,71,1,1
3490,458,72,1,1
3490,458,73,1,1
3490,458,74,1,1
3490,458,75,1,1
3490,458,1,2,1
3490,458,2,2,1
3490,458,3,2,1
3490,458,4,2,1
3490,458,5,2,1
3490,458,6,2,1
3490,458,7,2,1
3490,458,8,2,1
3490,458,9,2,1
3490,458,10,2,1
3490,458,11,2,1
3490,458,12,2,1
3490,458,13,2,1
3490,458,14,2,1
3490,458,15,2,1
3490,458,16,2,1
3490,458,17,2,1
3490,458,18,2,1
3490,458,19,2,1
3490,458,20,2,1
3490,458,21,2,1
3490,458,22,2,1
3490,458,23,2,1
3490,458,24,2,1
3490,458,25,2,1
3490,458,26,2,1
3490,458,27,2,1
3490,458,28,2,1
3490,458,29,2,1
3490,458,30,2,1
3490,458,31,2,1
3490,458,32,2,1
3490,458,33,2,1
3490,458,34,2,1
3490,458,35,2,1
3490,458,36,2,1
3490,458,37,2,1
3490,458,38,2,1
3490,458,39,2,1
3490,458,40,2,1
3490,458,41,2,1
3490,458,42,2,1
3490,458,43,2,1
3490,458,44,2,1
3490,458,45,2,1
3490,458,46,2,1
3490,458,47,2,1
3490,458,48,2,1
3490,458,49,2,1
3490,458,50,2,1
3490,458,51,2,1
3490,458,52,2,1
3490,458,53,2,1
3490,458,54,2,1
3490,458,55,2,1
3490,458,56,2,1
3490,458,57,2,1
3490,458,58,2,1
3490,458,59,2,1
3490,458,60,2,1
3490,458,61,2,1
3490,458,62,2,1
3490,458,63,2,1
3490,458,64,2,1
3490,458,65,2,1
3490,458,66,2,1
3490,458,67,2,1
3490,458,68,2,1
3490,458,69,2,1
3490,458,70,2,1
3490,458,71,2,1
3490,458,72,2,1
3490,458,73,2,1
3490,458,74,2,1
3490,458,75,2,1
3491,457,1,1,1
3491,457,2,1,1
3491,457,3,1,1
3491,457,4,1,1
3491,457,5,1,1
3491,457,6,1,1
3491,457,7,1,1
3491,457,8,1,1
3491,457,9,1,1
3491,457,10,1,1
3491,457,11,1,1
3491,457,12,1,1
3491,457,13,1,1
3491,457,14,1,1
3491,457,15,1,1
3491,457,16,1,1
3491,457,17,1,1
3491,457,18,1,1
3491,457,19,1,1
3491,457,20,1,1
3491,457,21,1,1
3491,457,22,1,1
3491,457,23,1,1
3491,457,24,1,1
3491,457,25,1,1
3491,457,26,1,1
3491,457,27,1,1
3491,457,28,1,1
3491,457,29,1,1
3491,457,30,1,1
3491,457,31,1,1
3491,457,32,1,1
3491,457,33,1,1
3491,457,34,1,1
3491,457,35,1,1
3491,457,36,1,1
3491,457,37,1,1
3491,457,38,1,1
3491,457,39,1,1
3491,457,40,1,1
3491,457,41,1,1
3491,457,42,1,1
3491,457,43,1,1
3491,457,44,1,1
3491,457,45,1,1
3491,457,46,1,1
3491,457,47,1,1
3491,457,48,1,1
3491,457,49,1,1
3491,457,50,1,1
3491,457,51,1,1
3491,457,52,1,1
3491,457,53,1,1
3491,457,54,1,1
3491,457,55,1,1
3491,457,56,1,1
3491,457,57,1,1
3491,457,58,1,1
3491,457,59,1,1
3491,457,60,1,1
3491,457,61,1,1
3491,457,62,1,1
3491,457,63,1,1
3491,457,64,1,1
3491,457,65,1,1
3491,457,66,1,1
3491,457,67,1,1
3491,457,68,1,1
3491,457,69,1,1
3491,457,70,1,1
3491,457,71,1,1
3491,457,72,1,1
3491,457,73,1,1
3491,457,74,1,1
3491,457,75,1,1
3491,457,1,2,1
3491,457,2,2,1
3491,457,3,2,1
3491,457,4,2,1
3491,457,5,2,1
3491,457,6,2,1
3491,457,7,2,1
3491,457,8,2,1
3491,457,9,2,1
3491,457,10,2,1
3491,457,11,2,1
3491,457,12,2,1
3491,457,13,2,1
3491,457,14,2,1
3491,457,15,2,1
3491,457,16,2,1
3491,457,17,2,1
3491,457,18,2,1
3491,457,19,2,1
3491,457,20,2,1
3491,457,21,2,1
3491,457,22,2,1
3491,457,23,2,1
3491,457,24,2,1
3491,457,25,2,1
3491,457,26,2,1
3491,457,27,2,1
3491,457,28,2,1
3491,457,29,2,1
3491,457,30,2,1
3491,457,31,2,1
3491,457,32,2,1
3491,457,33,2,1
3491,457,34,2,1
3491,457,35,2,1
3491,457,36,2,1
3491,457,37,2,1
3491,457,38,2,1
3491,457,39,2,1
3491,457,40,2,1
3491,457,41,2,1
3491,457,42,2,1
3491,457,43,2,1
3491,457,44,2,1
3491,457,45,2,1
3491,457,46,2,1
3491,457,47,2,1
3491,457,48,2,1
3491,457,49,2,1
3491,457,50,2,1
3491,457,51,2,1
3491,457,52,2,1
3491,457,53,2,1
3491,457,54,2,1
3491,457,55,2,1
3491,457,56,2,1
3491,457,57,2,1
3491,457,58,2,1
3491,457,59,2,1
3491,457,60,2,1
3491,457,61,2,1
3491,457,62,2,1
3491,457,63,2,1
3491,457,64,2,1
3491,457,65,2,1
3491,457,66,2,1
3491,457,67,2,1
3491,457,68,2,1
3491,457,69,2,1
3491,457,70,2,1
3491,457,71,2,1
3491,457,72,2,1
3491,457,73,2,1
3491,457,74,2,1
3491,457,75,2,1
3492,456,1,1,1
3492,456,2,1,1
3492,456,3,1,1
3492,456,4,1,1
3492,456,5,1,1
3492,456,6,1,1
3492,456,7,1,1
3492,456,8,1,1
3492,456,9,1,1
3492,456,10,1,1
3492,456,11,1,1
3492,456,12,1,1
3492,456,13,1,1
3492,456,14,1,1
3492,456,15,1,1
3492,456,16,1,1
3492,456,17,1,1
3492,456,18,1,1
3492,456,19,1,1
3492,456,20,1,1
3492,456,21,1,1
3492,456,22,1,1
3492,456,23,1,1
3492,456,24,1,1
3492,456,25,1,1
3492,456,26,1,1
3492,456,27,1,1
3492,456,28,1,1
3492,456,29,1,1
3492,456,30,1,1
3492,456,31,1,1
3492,456,32,1,1
3492,456,33,1,1
3492,456,34,1,1
3492,456,35,1,1
3492,456,36,1,1
3492,456,37,1,1
3492,456,38,1,1
3492,456,39,1,1
3492,456,40,1,1
3492,456,41,1,1
3492,456,42,1,1
3492,456,43,1,1
3492,456,44,1,1
3492,456,45,1,1
3492,456,46,1,1
3492,456,47,1,1
3492,456,48,1,1
3492,456,49,1,1
3492,456,50,1,1
3492,456,51,1,1
3492,456,52,1,1
3492,456,53,1,1
3492,456,54,1,1
3492,456,55,1,1
3492,456,56,1,1
3492,456,57,1,1
3492,456,58,1,1
3492,456,59,1,1
3492,456,60,1,1
3492,456,61,1,1
3492,456,62,1,1
3492,456,63,1,1
3492,456,64,1,1
3492,456,65,1,1
3492,456,66,1,1
3492,456,67,1,1
3492,456,68,1,1
3492,456,69,1,1
3492,456,70,1,1
3492,456,71,1,1
3492,456,72,1,1
3492,456,73,1,1
3492,456,74,1,1
3492,456,75,1,1
3492,456,1,2,1
3492,456,2,2,1
3492,456,3,2,1
3492,456,4,2,1
3492,456,5,2,1
3492,456,6,2,1
3492,456,7,2,1
3492,456,8,2,1
3492,456,9,2,1
3492,456,10,2,1
3492,456,11,2,1
3492,456,12,2,1
3492,456,13,2,1
3492,456,14,2,1
3492,456,15,2,1
3492,456,16,2,1
3492,456,17,2,1
3492,456,18,2,1
3492,456,19,2,1
3492,456,20,2,1
3492,456,21,2,1
3492,456,22,2,1
3492,456,23,2,1
3492,456,24,2,1
3492,456,25,2,1
3492,456,26,2,1
3492,456,27,2,1
3492,456,28,2,1
3492,456,29,2,1
3492,456,30,2,1
3492,456,31,2,1
3492,456,32,2,1
3492,456,33,2,1
3492,456,34,2,1
3492,456,35,2,1
3492,456,36,2,1
3492,456,37,2,1
3492,456,38,2,1
3492,456,39,2,1
3492,456,40,2,1
3492,456,41,2,1
3492,456,42,2,1
3492,456,43,2,1
3492,456,44,2,1
3492,456,45,2,1
3492,456,46,2,1
3492,456,47,2,1
3492,456,48,2,1
3492,456,49,2,1
3492,456,50,2,1
3492,456,51,2,1
3492,456,52,2,1
3492,456,53,2,1
3492,456,54,2,1
3492,456,55,2,1
3492,456,56,2,1
3492,456,57,2,1
3492,456,58,2,1
3492,456,59,2,1
3492,456,60,2,1
3492,456,61,2,1
3492,456,62,2,1
3492,456,63,2,1
3492,456,64,2,1
3492,456,65,2,1
3492,456,66,2,1
3492,456,67,2,1
3492,456,68,2,1
3492,456,69,2,1
3492,456,70,2,1
3492,456,71,2,1
3492,456,72,2,1
3492,456,73,2,1
3492,456,74,2,1
3492,456,75,2,1
3493,455,1,1,1
3493,455,2,1,1
3493,455,3,1,1
3493,455,4,1,1
3493,455,5,1,1
3493,455,6,1,1
3493,455,7,1,1
3493,455,8,1,1
3493,455,9,1,1
3493,455,10,1,1
3493,455,11,1,1
3493,455,12,1,1
3493,455,13,1,1
3493,455,14,1,1
3493,455,15,1,1
3493,455,16,1,1
3493,455,17,1,1
3493,455,18,1,1
3493,455,19,1,1
3493,455,20,1,1
3493,455,21,1,1
3493,455,22,1,1
3493,455,23,1,1
3493,455,24,1,1
3493,455,25,1,1
3493,455,26,1,1
3493,455,27,1,1
3493,455,28,1,1
3493,455,29,1,1
3493,455,30,1,1
3493,455,31,1,1
3493,455,32,1,1
3493,455,33,1,1
3493,455,34,1,1
3493,455,35,1,1
3493,455,36,1,1
3493,455,37,1,1
3493,455,38,1,1
3493,455,39,1,1
3493,455,40,1,1
3493,455,41,1,1
3493,455,42,1,1
3493,455,43,1,1
3493,455,44,1,1
3493,455,45,1,1
3493,455,46,1,1
3493,455,47,1,1
3493,455,48,1,1
3493,455,49,1,1
3493,455,50,1,1
3493,455,51,1,1
3493,455,52,1,1
3493,455,53,1,1
3493,455,54,1,1
3493,455,55,1,1
3493,455,56,1,1
3493,455,57,1,1
3493,455,58,1,1
3493,455,59,1,1
3493,455,60,1,1
3493,455,61,1,1
3493,455,62,1,1
3493,455,63,1,1
3493,455,64,1,1
3493,455,65,1,1
3493,455,66,1,1
3493,455,67,1,1
3493,455,68,1,1
3493,455,69,1,1
3493,455,70,1,1
3493,455,71,1,1
3493,455,72,1,1
3493,455,73,1,1
3493,455,74,1,1
3493,455,75,1,1
3493,455,1,2,1
3493,455,2,2,1
3493,455,3,2,1
3493,455,4,2,1
3493,455,5,2,1
3493,455,6,2,1
3493,455,7,2,1
3493,455,8,2,1
3493,455,9,2,1
3493,455,10,2,1
3493,455,11,2,1
3493,455,12,2,1
3493,455,13,2,1
3493,455,14,2,1
3493,455,15,2,1
3493,455,16,2,1
3493,455,17,2,1
3493,455,18,2,1
3493,455,19,2,1
3493,455,20,2,1
3493,455,21,2,1
3493,455,22,2,1
3493,455,23,2,1
3493,455,24,2,1
3493,455,25,2,1
3493,455,26,2,1
3493,455,27,2,1
3493,455,28,2,1
3493,455,29,2,1
3493,455,30,2,1
3493,455,31,2,1
3493,455,32,2,1
3493,455,33,2,1
3493,455,34,2,1
3493,455,35,2,1
3493,455,36,2,1
3493,455,37,2,1
3493,455,38,2,1
3493,455,39,2,1
3493,455,40,2,1
3493,455,41,2,1
3493,455,42,2,1
3493,455,43,2,1
3493,455,44,2,1
3493,455,45,2,1
3493,455,46,2,1
3493,455,47,2,1
3493,455,48,2,1
3493,455,49,2,1
3493,455,50,2,1
3493,455,51,2,1
3493,455,52,2,1
3493,455,53,2,1
3493,455,54,2,1
3493,455,55,2,1
3493,455,56,2,1
3493,455,57,2,1
3493,455,58,2,1
3493,455,59,2,1
3493,455,60,2,1
3493,455,61,2,1
3493,455,62,2,1
3493,455,63,2,1
3493,455,64,2,1
3493,455,65,2,1
3493,455,66,2,1
3493,455,67,2,1
3493,455,68,2,1
3493,455,69,2,1
3493,455,70,2,1
3493,455,71,2,1
3493,455,72,2,1
3493,455,73,2,1
3493,455,74,2,1
3493,455,75,2,1
3494,454,1,1,1
3494,454,2,1,1
3494,454,3,1,1
3494,454,4,1,1
3494,454,5,1,1
3494,454,6,1,1
3494,454,7,1,1
3494,454,8,1,1
3494,454,9,1,1
3494,454,10,1,1
3494,454,11,1,1
3494,454,12,1,1
3494,454,13,1,1
3494,454,14,1,1
3494,454,15,1,1
3494,454,16,1,1
3494,454,17,1,1
3494,454,18,1,1
3494,454,19,1,1
3494,454,20,1,1
3494,454,21,1,1
3494,454,22,1,1
3494,454,23,1,1
3494,454,24,1,1
3494,454,25,1,1
3494,454,26,1,1
3494,454,27,1,1
3494,454,28,1,1
3494,454,29,1,1
3494,454,30,1,1
3494,454,31,1,1
3494,454,32,1,1
3494,454,33,1,1
3494,454,34,1,1
3494,454,35,1,1
3494,454,36,1,1
3494,454,37,1,1
3494,454,38,1,1
3494,454,39,1,1
3494,454,40,1,1
3494,454,41,1,1
3494,454,42,1,1
3494,454,43,1,1
3494,454,44,1,1
3494,454,45,1,1
3494,454,46,1,1
3494,454,47,1,1
3494,454,48,1,1
3494,454,49,1,1
3494,454,50,1,1
3494,454,51,1,1
3494,454,52,1,1
3494,454,53,1,1
3494,454,54,1,1
3494,454,55,1,1
3494,454,56,1,1
3494,454,57,1,1
3494,454,58,1,1
3494,454,59,1,1
3494,454,60,1,1
3494,454,61,1,1
3494,454,62,1,1
3494,454,63,1,1
3494,454,64,1,1
3494,454,65,1,1
3494,454,66,1,1
3494,454,67,1,1
3494,454,68,1,1
3494,454,69,1,1
3494,454,70,1,1
3494,454,71,1,1
3494,454,72,1,1
3494,454,73,1,1
3494,454,74,1,1
3494,454,75,1,1
3494,454,1,2,1
3494,454,2,2,1
3494,454,3,2,1
3494,454,4,2,1
3494,454,5,2,1
3494,454,6,2,1
3494,454,7,2,1
3494,454,8,2,1
3494,454,9,2,1
3494,454,10,2,1
3494,454,11,2,1
3494,454,12,2,1
3494,454,13,2,1
3494,454,14,2,1
3494,454,15,2,1
3494,454,16,2,1
3494,454,17,2,1
3494,454,18,2,1
3494,454,19,2,1
3494,454,20,2,1
3494,454,21,2,1
3494,454,22,2,1
3494,454,23,2,1
3494,454,24,2,1
3494,454,25,2,1
3494,454,26,2,1
3494,454,27,2,1
3494,454,28,2,1
3494,454,29,2,1
3494,454,30,2,1
3494,454,31,2,1
3494,454,32,2,1
3494,454,33,2,1
3494,454,34,2,1
3494,454,35,2,1
3494,454,36,2,1
3494,454,37,2,1
3494,454,38,2,1
3494,454,39,2,1
3494,454,40,2,1
3494,454,41,2,1
3494,454,42,2,1
3494,454,43,2,1
3494,454,44,2,1
3494,454,45,2,1
3494,454,46,2,1
3494,454,47,2,1
3494,454,48,2,1
3494,454,49,2,1
3494,454,50,2,1
3494,454,51,2,1
3494,454,52,2,1
3494,454,53,2,1
3494,454,54,2,1
3494,454,55,2,1
3494,454,56,2,1
3494,454,57,2,1
3494,454,58,2,1
3494,454,59,2,1
3494,454,60,2,1
3494,454,61,2,1
3494,454,62,2,1
3494,454,63,2,1
3494,454,64,2,1
3494,454,65,2,1
3494,454,66,2,1
3494,454,67,2,1
3494,454,68,2,1
3494,454,69,2,1
3494,454,70,2,1
3494,454,71,2,1
3494,454,72,2,1
3494,454,73,2,1
3494,454,74,2,1
3494,454,75,2,1
3495,453,1,1,1
3495,453,2,1,1
3495,453,3,1,1
3495,453,4,1,1
3495,453,5,1,1
3495,453,6,1,1
3495,453,7,1,1
3495,453,8,1,1
3495,453,9,1,1
3495,453,10,1,1
3495,453,11,1,1
3495,453,12,1,1
3495,453,13,1,1
3495,453,14,1,1
3495,453,15,1,1
3495,453,16,1,1
3495,453,17,1,1
3495,453,18,1,1
3495,453,19,1,1
3495,453,20,1,1
3495,453,21,1,1
3495,453,22,1,1
3495,453,23,1,1
3495,453,24,1,1
3495,453,25,1,1
3495,453,26,1,1
3495,453,27,1,1
3495,453,28,1,1
3495,453,29,1,1
3495,453,30,1,1
3495,453,31,1,1
3495,453,32,1,1
3495,453,33,1,1
3495,453,34,1,1
3495,453,35,1,1
3495,453,36,1,1
3495,453,37,1,1
3495,453,38,1,1
3495,453,39,1,1
3495,453,40,1,1
3495,453,41,1,1
3495,453,42,1,1
3495,453,43,1,1
3495,453,44,1,1
3495,453,45,1,1
3495,453,46,1,1
3495,453,47,1,1
3495,453,48,1,1
3495,453,49,1,1
3495,453,50,1,1
3495,453,51,1,1
3495,453,52,1,1
3495,453,53,1,1
3495,453,54,1,1
3495,453,55,1,1
3495,453,56,1,1
3495,453,57,1,1
3495,453,58,1,1
3495,453,59,1,1
3495,453,60,1,1
3495,453,61,1,1
3495,453,62,1,1
3495,453,63,1,1
3495,453,64,1,1
3495,453,65,1,1
3495,453,66,1,1
3495,453,67,1,1
3495,453,68,1,1
3495,453,69,1,1
3495,453,70,1,1
3495,453,71,1,1
3495,453,72,1,1
3495,453,73,1,1
3495,453,74,1,1
3495,453,75,1,1
3495,453,1,2,1
3495,453,2,2,1
3495,453,3,2,1
3495,453,4,2,1
3495,453,5,2,1
3495,453,6,2,1
3495,453,7,2,1
3495,453,8,2,1
3495,453,9,2,1
3495,453,10,2,1
3495,453,11,2,1
3495,453,12,2,1
3495,453,13,2,1
3495,453,14,2,1
3495,453,15,2,1
3495,453,16,2,1
3495,453,17,2,1
3495,453,18,2,1
3495,453,19,2,1
3495,453,20,2,1
3495,453,21,2,1
3495,453,22,2,1
3495,453,23,2,1
3495,453,24,2,1
3495,453,25,2,1
3495,453,26,2,1
3495,453,27,2,1
3495,453,28,2,1
3495,453,29,2,1
3495,453,30,2,1
3495,453,31,2,1
3495,453,32,2,1
3495,453,33,2,1
3495,453,34,2,1
3495,453,35,2,1
3495,453,36,2,1
3495,453,37,2,1
3495,453,38,2,1
3495,453,39,2,1
3495,453,40,2,1
3495,453,41,2,1
3495,453,42,2,1
3495,453,43,2,1
3495,453,44,2,1
3495,453,45,2,1
3495,453,46,2,1
3495,453,47,2,1
3495,453,48,2,1
3495,453,49,2,1
3495,453,50,2,1
3495,453,51,2,1
3495,453,52,2,1
3495,453,53,2,1
3495,453,54,2,1
3495,453,55,2,1
3495,453,56,2,1
3495,453,57,2,1
3495,453,58,2,1
3495,453,59,2,1
3495,453,60,2,1
3495,453,61,2,1
3495,453,62,2,1
3495,453,63,2,1
3495,453,64,2,1
3495,453,65,2,1
3495,453,66,2,1
3495,453,67,2,1
3495,453,68,2,1
3495,453,69,2,1
3495,453,70,2,1
3495,453,71,2,1
3495,453,72,2,1
3495,453,73,2,1
3495,453,74,2,1
3495,453,75,2,1
3496,452,1,1,1
3496,452,2,1,1
3496,452,3,1,1
3496,452,4,1,1
3496,452,5,1,1
3496,452,6,1,1
3496,452,7,1,1
3496,452,8,1,1
3496,452,9,1,1
3496,452,10,1,1
3496,452,11,1,1
3496,452,12,1,1
3496,452,13,1,1
3496,452,14,1,1
3496,452,15,1,1
3496,452,16,1,1
3496,452,17,1,1
3496,452,18,1,1
3496,452,19,1,1
3496,452,20,1,1
3496,452,21,1,1
3496,452,22,1,1
3496,452,23,1,1
3496,452,24,1,1
3496,452,25,1,1
3496,452,26,1,1
3496,452,27,1,1
3496,452,28,1,1
3496,452,29,1,1
3496,452,30,1,1
3496,452,31,1,1
3496,452,32,1,1
3496,452,33,1,1
3496,452,34,1,1
3496,452,35,1,1
3496,452,36,1,1
3496,452,37,1,1
3496,452,38,1,1
3496,452,39,1,1
3496,452,40,1,1
3496,452,41,1,1
3496,452,42,1,1
3496,452,43,1,1
3496,452,44,1,1
3496,452,45,1,1
3496,452,46,1,1
3496,452,47,1,1
3496,452,48,1,1
3496,452,49,1,1
3496,452,50,1,1
3496,452,51,1,1
3496,452,52,1,1
3496,452,53,1,1
3496,452,54,1,1
3496,452,55,1,1
3496,452,56,1,1
3496,452,57,1,1
3496,452,58,1,1
3496,452,59,1,1
3496,452,60,1,1
3496,452,61,1,1
3496,452,62,1,1
3496,452,63,1,1
3496,452,64,1,1
3496,452,65,1,1
3496,452,66,1,1
3496,452,67,1,1
3496,452,68,1,1
3496,452,69,1,1
3496,452,70,1,1
3496,452,71,1,1
3496,452,72,1,1
3496,452,73,1,1
3496,452,74,1,1
3496,452,75,1,1
3496,452,1,2,1
3496,452,2,2,1
3496,452,3,2,1
3496,452,4,2,1
3496,452,5,2,1
3496,452,6,2,1
3496,452,7,2,1
3496,452,8,2,1
3496,452,9,2,1
3496,452,10,2,1
3496,452,11,2,1
3496,452,12,2,1
3496,452,13,2,1
3496,452,14,2,1
3496,452,15,2,1
3496,452,16,2,1
3496,452,17,2,1
3496,452,18,2,1
3496,452,19,2,1
3496,452,20,2,1
3496,452,21,2,1
3496,452,22,2,1
3496,452,23,2,1
3496,452,24,2,1
3496,452,25,2,1
3496,452,26,2,1
3496,452,27,2,1
3496,452,28,2,1
3496,452,29,2,1
3496,452,30,2,1
3496,452,31,2,1
3496,452,32,2,1
3496,452,33,2,1
3496,452,34,2,1
3496,452,35,2,1
3496,452,36,2,1
3496,452,37,2,1
3496,452,38,2,1
3496,452,39,2,1
3496,452,40,2,1
3496,452,41,2,1
3496,452,42,2,1
3496,452,43,2,1
3496,452,44,2,1
3496,452,45,2,1
3496,452,46,2,1
3496,452,47,2,1
3496,452,48,2,1
3496,452,49,2,1
3496,452,50,2,1
3496,452,51,2,1
3496,452,52,2,1
3496,452,53,2,1
3496,452,54,2,1
3496,452,55,2,1
3496,452,56,2,1
3496,452,57,2,1
3496,452,58,2,1
3496,452,59,2,1
3496,452,60,2,1
3496,452,61,2,1
3496,452,62,2,1
3496,452,63,2,1
3496,452,64,2,1
3496,452,65,2,1
3496,452,66,2,1
3496,452,67,2,1
3496,452,68,2,1
3496,452,69,2,1
3496,452,70,2,1
3496,452,71,2,1
3496,452,72,2,1
3496,452,73,2,1
3496,452,74,2,1
3496,452,75,2,1
3497,451,1,1,1
3497,451,2,1,1
3497,451,3,1,1
3497,451,4,1,1
3497,451,5,1,1
3497,451,6,1,1
3497,451,7,1,1
3497,451,8,1,1
3497,451,9,1,1
3497,451,10,1,1
3497,451,11,1,1
3497,451,12,1,1
3497,451,13,1,1
3497,451,14,1,1
3497,451,15,1,1
3497,451,16,1,1
3497,451,17,1,1
3497,451,18,1,1
3497,451,19,1,1
3497,451,20,1,1
3497,451,21,1,1
3497,451,22,1,1
3497,451,23,1,1
3497,451,24,1,1
3497,451,25,1,1
3497,451,26,1,1
3497,451,27,1,1
3497,451,28,1,1
3497,451,29,1,1
3497,451,30,1,1
3497,451,31,1,1
3497,451,32,1,1
3497,451,33,1,1
3497,451,34,1,1
3497,451,35,1,1
3497,451,36,1,1
3497,451,37,1,1
3497,451,38,1,1
3497,451,39,1,1
3497,451,40,1,1
3497,451,41,1,1
3497,451,42,1,1
3497,451,43,1,1
3497,451,44,1,1
3497,451,45,1,1
3497,451,46,1,1
3497,451,47,1,1
3497,451,48,1,1
3497,451,49,1,1
3497,451,50,1,1
3497,451,51,1,1
3497,451,52,1,1
3497,451,53,1,1
3497,451,54,1,1
3497,451,55,1,1
3497,451,56,1,1
3497,451,57,1,1
3497,451,58,1,1
3497,451,59,1,1
3497,451,60,1,1
3497,451,61,1,1
3497,451,62,1,1
3497,451,63,1,1
3497,451,64,1,1
3497,451,65,1,1
3497,451,66,1,1
3497,451,67,1,1
3497,451,68,1,1
3497,451,69,1,1
3497,451,70,1,1
3497,451,71,1,1
3497,451,72,1,1
3497,451,73,1,1
3497,451,74,1,1
3497,451,75,1,1
3497,451,1,2,1
3497,451,2,2,1
3497,451,3,2,1
3497,451,4,2,1
3497,451,5,2,1
3497,451,6,2,1
3497,451,7,2,1
3497,451,8,2,1
3497,451,9,2,1
3497,451,10,2,1
3497,451,11,2,1
3497,451,12,2,1
3497,451,13,2,1
3497,451,14,2,1
3497,451,15,2,1
3497,451,16,2,1
3497,451,17,2,1
3497,451,18,2,1
3497,451,19,2,1
3497,451,20,2,1
3497,451,21,2,1
3497,451,22,2,1
3497,451,23,2,1
3497,451,24,2,1
3497,451,25,2,1
3497,451,26,2,1
3497,451,27,2,1
3497,451,28,2,1
3497,451,29,2,1
3497,451,30,2,1
3497,451,31,2,1
3497,451,32,2,1
3497,451,33,2,1
3497,451,34,2,1
3497,451,35,2,1
3497,451,36,2,1
3497,451,37,2,1
3497,451,38,2,1
3497,451,39,2,1
3497,451,40,2,1
3497,451,41,2,1
3497,451,42,2,1
3497,451,43,2,1
3497,451,44,2,1
3497,451,45,2,1
3497,451,46,2,1
3497,451,47,2,1
3497,451,48,2,1
3497,451,49,2,1
3497,451,50,2,1
3497,451,51,2,1
3497,451,52,2,1
3497,451,53,2,1
3497,451,54,2,1
3497,451,55,2,1
3497,451,56,2,1
3497,451,57,2,1
3497,451,58,2,1
3497,451,59,2,1
3497,451,60,2,1
3497,451,61,2,1
3497,451,62,2,1
3497,451,63,2,1
3497,451,64,2,1
3497,451,65,2,1
3497,451,66,2,1
3497,451,67,2,1
3497,451,68,2,1
3497,451,69,2,1
3497,451,70,2,1
3497,451,71,2,1
3497,451,72,2,1
3497,451,73,2,1
3497,451,74,2,1
3497,451,75,2,1
3498,450,1,1,1
3498,450,2,1,1
3498,450,3,1,1
3498,450,4,1,1
3498,450,5,1,1
3498,450,6,1,1
3498,450,7,1,1
3498,450,8,1,1
3498,450,9,1,1
3498,450,10,1,1
3498,450,11,1,1
3498,450,12,1,1
3498,450,13,1,1
3498,450,14,1,1
3498,450,15,1,1
3498,450,16,1,1
3498,450,17,1,1
3498,450,18,1,1
3498,450,19,1,1
3498,450,20,1,1
3498,450,21,1,1
3498,450,22,1,1
3498,450,23,1,1
3498,450,24,1,1
3498,450,25,1,1
3498,450,26,1,1
3498,450,27,1,1
3498,450,28,1,1
3498,450,29,1,1
3498,450,30,1,1
3498,450,31,1,1
3498,450,32,1,1
3498,450,33,1,1
3498,450,34,1,1
3498,450,35,1,1
3498,450,36,1,1
3498,450,37,1,1
3498,450,38,1,1
3498,450,39,1,1
3498,450,40,1,1
3498,450,41,1,1
3498,450,42,1,1
3498,450,43,1,1
3498,450,44,1,1
3498,450,45,1,1
3498,450,46,1,1
3498,450,47,1,1
3498,450,48,1,1
3498,450,49,1,1
3498,450,50,1,1
3498,450,51,1,1
3498,450,52,1,1
3498,450,53,1,1
3498,450,54,1,1
3498,450,55,1,1
3498,450,56,1,1
3498,450,57,1,1
3498,450,58,1,1
3498,450,59,1,1
3498,450,60,1,1
3498,450,61,1,1
3498,450,62,1,1
3498,450,63,1,1
3498,450,64,1,1
3498,450,65,1,1
3498,450,66,1,1
3498,450,67,1,1
3498,450,68,1,1
3498,450,69,1,1
3498,450,70,1,1
3498,450,71,1,1
3498,450,72,1,1
3498,450,73,1,1
3498,450,74,1,1
3498,450,75,1,1
3498,450,1,2,1
3498,450,2,2,1
3498,450,3,2,1
3498,450,4,2,1
3498,450,5,2,1
3498,450,6,2,1
3498,450,7,2,1
3498,450,8,2,1
3498,450,9,2,1
3498,450,10,2,1
3498,450,11,2,1
3498,450,12,2,1
3498,450,13,2,1
3498,450,14,2,1
3498,450,15,2,1
3498,450,16,2,1
3498,450,17,2,1
3498,450,18,2,1
3498,450,19,2,1
3498,450,20,2,1
3498,450,21,2,1
3498,450,22,2,1
3498,450,23,2,1
3498,450,24,2,1
3498,450,25,2,1
3498,450,26,2,1
3498,450,27,2,1
3498,450,28,2,1
3498,450,29,2,1
3498,450,30,2,1
3498,450,31,2,1
3498,450,32,2,1
3498,450,33,2,1
3498,450,34,2,1
3498,450,35,2,1
3498,450,36,2,1
3498,450,37,2,1
3498,450,38,2,1
3498,450,39,2,1
3498,450,40,2,1
3498,450,41,2,1
3498,450,42,2,1
3498,450,43,2,1
3498,450,44,2,1
3498,450,45,2,1
3498,450,46,2,1
3498,450,47,2,1
3498,450,48,2,1
3498,450,49,2,1
3498,450,50,2,1
3498,450,51,2,1
3498,450,52,2,1
3498,450,53,2,1
3498,450,54,2,1
3498,450,55,2,1
3498,450,56,2,1
3498,450,57,2,1
3498,450,58,2,1
3498,450,59,2,1
3498,450,60,2,1
3498,450,61,2,1
3498,450,62,2,1
3498,450,63,2,1
3498,450,64,2,1
3498,450,65,2,1
3498,450,66,2,1
3498,450,67,2,1
3498,450,68,2,1
3498,450,69,2,1
3498,450,70,2,1
3498,450,71,2,1
3498,450,72,2,1
3498,450,73,2,1
3498,450,74,2,1
3498,450,75,2,1
3499,449,1,1,1
3499,449,2,1,1
3499,449,3,1,1
3499,449,4,1,1
3499,449,5,1,1
3499,449,6,1,1
3499,449,7,1,1
3499,449,8,1,1
3499,449,9,1,1
3499,449,10,1,1
3499,449,11,1,1
3499,449,12,1,1
3499,449,13,1,1
3499,449,14,1,1
3499,449,15,1,1
3499,449,16,1,1
3499,449,17,1,1
3499,449,18,1,1
3499,449,19,1,1
3499,449,20,1,1
3499,449,21,1,1
3499,449,22,1,1
3499,449,23,1,1
3499,449,24,1,1
3499,449,25,1,1
3499,449,26,1,1
3499,449,27,1,1
3499,449,28,1,1
3499,449,29,1,1
3499,449,30,1,1
3499,449,31,1,1
3499,449,32,1,1
3499,449,33,1,1
3499,449,34,1,1
3499,449,35,1,1
3499,449,36,1,1
3499,449,37,1,1
3499,449,38,1,1
3499,449,39,1,1
3499,449,40,1,1
3499,449,41,1,1
3499,449,42,1,1
3499,449,43,1,1
3499,449,44,1,1
3499,449,45,1,1
3499,449,46,1,1
3499,449,47,1,1
3499,449,48,1,1
3499,449,49,1,1
3499,449,50,1,1
3499,449,51,1,1
3499,449,52,1,1
3499,449,53,1,1
3499,449,54,1,1
3499,449,55,1,1
3499,449,56,1,1
3499,449,57,1,1
3499,449,58,1,1
3499,449,59,1,1
3499,449,60,1,1
3499,449,61,1,1
3499,449,62,1,1
3499,449,63,1,1
3499,449,64,1,1
3499,449,65,1,1
3499,449,66,1,1
3499,449,67,1,1
3499,449,68,1,1
3499,449,69,1,1
3499,449,70,1,1
3499,449,71,1,1
3499,449,72,1,1
3499,449,73,1,1
3499,449,74,1,1
3499,449,75,1,1
3499,449,1,2,1
3499,449,2,2,1
3499,449,3,2,1
3499,449,4,2,1
3499,449,5,2,1
3499,449,6,2,1
3499,449,7,2,1
3499,449,8,2,1
3499,449,9,2,1
3499,449,10,2,1
3499,449,11,2,1
3499,449,12,2,1
3499,449,13,2,1
3499,449,14,2,1
3499,449,15,2,1
3499,449,16,2,1
3499,449,17,2,1
3499,449,18,2,1
3499,449,19,2,1
3499,449,20,2,1
3499,449,21,2,1
3499,449,22,2,1
3499,449,23,2,1
3499,449,24,2,1
3499,449,25,2,1
3499,449,26,2,1
3499,449,27,2,1
3499,449,28,2,1
3499,449,29,2,1
3499,449,30,2,1
3499,449,31,2,1
3499,449,32,2,1
3499,449,33,2,1
3499,449,34,2,1
3499,449,35,2,1
3499,449,36,2,1
3499,449,37,2,1
3499,449,38,2,1
3499,449,39,2,1
3499,449,40,2,1
3499,449,41,2,1
3499,449,42,2,1
3499,449,43,2,1
3499,449,44,2,1
3499,449,45,2,1
3499,449,46,2,1
3499,449,47,2,1
3499,449,48,2,1
3499,449,49,2,1
3499,449,50,2,1
3499,449,51,2,1
3499,449,52,2,1
3499,449,53,2,1
3499,449,54,2,1
3499,449,55,2,1
3499,449,56,2,1
3499,449,57,2,1
3499,449,58,2,1
3499,449,59,2,1
3499,449,60,2,1
3499,449,61,2,1
3499,449,62,2,1
3499,449,63,2,1
3499,449,64,2,1
3499,449,65,2,1
3499,449,66,2,1
3499,449,67,2,1
3499,449,68,2,1
3499,449,69,2,1
3499,449,70,2,1
3499,449,71,2,1
3499,449,72,2,1
3499,449,73,2,1
3499,449,74,2,1
3499,449,75,2,1
3500,448,1,1,1
3500,448,2,1,1
3500,448,3,1,1
3500,448,4,1,1
3500,448,5,1,1
3500,448,6,1,1
3500,448,7,1,1
3500,448,8,1,1
3500,448,9,1,1
3500,448,10,1,1
3500,448,11,1,1
3500,448,12,1,1
3500,448,13,1,1
3500,448,14,1,1
3500,448,15,1,1
3500,448,16,1,1
3500,448,17,1,1
3500,448,18,1,1
3500,448,19,1,1
3500,448,20,1,1
3500,448,21,1,1
3500,448,22,1,1
3500,448,23,1,1
3500,448,24,1,1
3500,448,25,1,1
3500,448,26,1,1
3500,448,27,1,1
3500,448,28,1,1
3500,448,29,1,1
3500,448,30,1,1
3500,448,31,1,1
3500,448,32,1,1
3500,448,33,1,1
3500,448,34,1,1
3500,448,35,1,1
3500,448,36,1,1
3500,448,37,1,1
3500,448,38,1,1
3500,448,39,1,1
3500,448,40,1,1
3500,448,41,1,1
3500,448,42,1,1
3500,448,43,1,1
3500,448,44,1,1
3500,448,45,1,1
3500,448,46,1,1
3500,448,47,1,1
3500,448,48,1,1
3500,448,49,1,1
3500,448,50,1,1
3500,448,51,1,1
3500,448,52,1,1
3500,448,53,1,1
3500,448,54,1,1
3500,448,55,1,1
3500,448,56,1,1
3500,448,57,1,1
3500,448,58,1,1
3500,448,59,1,1
3500,448,60,1,1
3500,448,61,1,1
3500,448,62,1,1
3500,448,63,1,1
3500,448,64,1,1
3500,448,65,1,1
3500,448,66,1,1
3500,448,67,1,1
3500,448,68,1,1
3500,448,69,1,1
3500,448,70,1,1
3500,448,71,1,1
3500,448,72,1,1
3500,448,73,1,1
3500,448,74,1,1
3500,448,75,1,1
3500,448,1,2,1
3500,448,2,2,1
3500,448,3,2,1
3500,448,4,2,1
3500,448,5,2,1
3500,448,6,2,1
3500,448,7,2,1
3500,448,8,2,1
3500,448,9,2,1
3500,448,10,2,1
3500,448,11,2,1
3500,448,12,2,1
3500,448,13,2,1
3500,448,14,2,1
3500,448,15,2,1
3500,448,16,2,1
3500,448,17,2,1
3500,448,18,2,1
3500,448,19,2,1
3500,448,20,2,1
3500,448,21,2,1
3500,448,22,2,1
3500,448,23,2,1
3500,448,24,2,1
3500,448,25,2,1
3500,448,26,2,1
3500,448,27,2,1
3500,448,28,2,1
3500,448,29,2,1
3500,448,30,2,1
3500,448,31,2,1
3500,448,32,2,1
3500,448,33,2,1
3500,448,34,2,1
3500,448,35,2,1
3500,448,36,2,1
3500,448,37,2,1
3500,448,38,2,1
3500,448,39,2,1
3500,448,40,2,1
3500,448,41,2,1
3500,448,42,2,1
3500,448,43,2,1
3500,448,44,2,1
3500,448,45,2,1
3500,448,46,2,1
3500,448,47,2,1
3500,448,48,2,1
3500,448,49,2,1
3500,448,50,2,1
3500,448,51,2,1
3500,448,52,2,1
3500,448,53,2,1
3500,448,54,2,1
3500,448,55,2,1
3500,448,56,2,1
3500,448,57,2,1
3500,448,58,2,1
3500,448,59,2,1
3500,448,60,2,1
3500,448,61,2,1
3500,448,62,2,1
3500,448,63,2,1
3500,448,64,2,1
3500,448,65,2,1
3500,448,66,2,1
3500,448,67,2,1
3500,448,68,2,1
3500,448,69,2,1
3500,448,70,2,1
3500,448,71,2,1
3500,448,72,2,1
3500,448,73,2,1
3500,448,74,2,1
3500,448,75,2,1
3501,447,1,1,1
3501,447,2,1,1
3501,447,3,1,1
3501,447,4,1,1
3501,447,5,1,1
3501,447,6,1,1
3501,447,7,1,1
3501,447,8,1,1
3501,447,9,1,1
3501,447,10,1,1
3501,447,11,1,1
3501,447,12,1,1
3501,447,13,1,1
3501,447,14,1,1
3501,447,15,1,1
3501,447,16,1,1
3501,447,17,1,1
3501,447,18,1,1
3501,447,19,1,1
3501,447,20,1,1
3501,447,21,1,1
3501,447,22,1,1
3501,447,23,1,1
3501,447,24,1,1
3501,447,25,1,1
3501,447,26,1,1
3501,447,27,1,1
3501,447,28,1,1
3501,447,29,1,1
3501,447,30,1,1
3501,447,31,1,1
3501,447,32,1,1
3501,447,33,1,1
3501,447,34,1,1
3501,447,35,1,1
3501,447,36,1,1
3501,447,37,1,1
3501,447,38,1,1
3501,447,39,1,1
3501,447,40,1,1
3501,447,41,1,1
3501,447,42,1,1
3501,447,43,1,1
3501,447,44,1,1
3501,447,45,1,1
3501,447,46,1,1
3501,447,47,1,1
3501,447,48,1,1
3501,447,49,1,1
3501,447,50,1,1
3501,447,51,1,1
3501,447,52,1,1
3501,447,53,1,1
3501,447,54,1,1
3501,447,55,1,1
3501,447,56,1,1
3501,447,57,1,1
3501,447,58,1,1
3501,447,59,1,1
3501,447,60,1,1
3501,447,61,1,1
3501,447,62,1,1
3501,447,63,1,1
3501,447,64,1,1
3501,447,65,1,1
3501,447,66,1,1
3501,447,67,1,1
3501,447,68,1,1
3501,447,69,1,1
3501,447,70,1,1
3501,447,71,1,1
3501,447,72,1,1
3501,447,73,1,1
3501,447,74,1,1
3501,447,75,1,1
3501,447,1,2,1
3501,447,2,2,1
3501,447,3,2,1
3501,447,4,2,1
3501,447,5,2,1
3501,447,6,2,1
3501,447,7,2,1
3501,447,8,2,1
3501,447,9,2,1
3501,447,10,2,1
3501,447,11,2,1
3501,447,12,2,1
3501,447,13,2,1
3501,447,14,2,1
3501,447,15,2,1
3501,447,16,2,1
3501,447,17,2,1
3501,447,18,2,1
3501,447,19,2,1
3501,447,20,2,1
3501,447,21,2,1
3501,447,22,2,1
3501,447,23,2,1
3501,447,24,2,1
3501,447,25,2,1
3501,447,26,2,1
3501,447,27,2,1
3501,447,28,2,1
3501,447,29,2,1
3501,447,30,2,1
3501,447,31,2,1
3501,447,32,2,1
3501,447,33,2,1
3501,447,34,2,1
3501,447,35,2,1
3501,447,36,2,1
3501,447,37,2,1
3501,447,38,2,1
3501,447,39,2,1
3501,447,40,2,1
3501,447,41,2,1
3501,447,42,2,1
3501,447,43,2,1
3501,447,44,2,1
3501,447,45,2,1
3501,447,46,2,1
3501,447,47,2,1
3501,447,48,2,1
3501,447,49,2,1
3501,447,50,2,1
3501,447,51,2,1
3501,447,52,2,1
3501,447,53,2,1
3501,447,54,2,1
3501,447,55,2,1
3501,447,56,2,1
3501,447,57,2,1
3501,447,58,2,1
3501,447,59,2,1
3501,447,60,2,1
3501,447,61,2,1
3501,447,62,2,1
3501,447,63,2,1
3501,447,64,2,1
3501,447,65,2,1
3501,447,66,2,1
3501,447,67,2,1
3501,447,68,2,1
3501,447,69,2,1
3501,447,70,2,1
3501,447,71,2,1
3501,447,72,2,1
3501,447,73,2,1
3501,447,74,2,1
3501,447,75,2,1
3502,446,1,1,1
3502,446,2,1,1
3502,446,3,1,1
3502,446,4,1,1
3502,446,5,1,1
3502,446,6,1,1
3502,446,7,1,1
3502,446,8,1,1
3502,446,9,1,1
3502,446,10,1,1
3502,446,11,1,1
3502,446,12,1,1
3502,446,13,1,1
3502,446,14,1,1
3502,446,15,1,1
3502,446,16,1,1
3502,446,17,1,1
3502,446,18,1,1
3502,446,19,1,1
3502,446,20,1,1
3502,446,21,1,1
3502,446,22,1,1
3502,446,23,1,1
3502,446,24,1,1
3502,446,25,1,1
3502,446,26,1,1
3502,446,27,1,1
3502,446,28,1,1
3502,446,29,1,1
3502,446,30,1,1
3502,446,31,1,1
3502,446,32,1,1
3502,446,33,1,1
3502,446,34,1,1
3502,446,35,1,1
3502,446,36,1,1
3502,446,37,1,1
3502,446,38,1,1
3502,446,39,1,1
3502,446,40,1,1
3502,446,41,1,1
3502,446,42,1,1
3502,446,43,1,1
3502,446,44,1,1
3502,446,45,1,1
3502,446,46,1,1
3502,446,47,1,1
3502,446,48,1,1
3502,446,49,1,1
3502,446,50,1,1
3502,446,51,1,1
3502,446,52,1,1
3502,446,53,1,1
3502,446,54,1,1
3502,446,55,1,1
3502,446,56,1,1
3502,446,57,1,1
3502,446,58,1,1
3502,446,59,1,1
3502,446,60,1,1
3502,446,61,1,1
3502,446,62,1,1
3502,446,63,1,1
3502,446,64,1,1
3502,446,65,1,1
3502,446,66,1,1
3502,446,67,1,1
3502,446,68,1,1
3502,446,69,1,1
3502,446,70,1,1
3502,446,71,1,1
3502,446,72,1,1
3502,446,73,1,1
3502,446,74,1,1
3502,446,75,1,1
3502,446,1,2,1
3502,446,2,2,1
3502,446,3,2,1
3502,446,4,2,1
3502,446,5,2,1
3502,446,6,2,1
3502,446,7,2,1
3502,446,8,2,1
3502,446,9,2,1
3502,446,10,2,1
3502,446,11,2,1
3502,446,12,2,1
3502,446,13,2,1
3502,446,14,2,1
3502,446,15,2,1
3502,446,16,2,1
3502,446,17,2,1
3502,446,18,2,1
3502,446,19,2,1
3502,446,20,2,1
3502,446,21,2,1
3502,446,22,2,1
3502,446,23,2,1
3502,446,24,2,1
3502,446,25,2,1
3502,446,26,2,1
3502,446,27,2,1
3502,446,28,2,1
3502,446,29,2,1
3502,446,30,2,1
3502,446,31,2,1
3502,446,32,2,1
3502,446,33,2,1
3502,446,34,2,1
3502,446,35,2,1
3502,446,36,2,1
3502,446,37,2,1
3502,446,38,2,1
3502,446,39,2,1
3502,446,40,2,1
3502,446,41,2,1
3502,446,42,2,1
3502,446,43,2,1
3502,446,44,2,1
3502,446,45,2,1
3502,446,46,2,1
3502,446,47,2,1
3502,446,48,2,1
3502,446,49,2,1
3502,446,50,2,1
3502,446,51,2,1
3502,446,52,2,1
3502,446,53,2,1
3502,446,54,2,1
3502,446,55,2,1
3502,446,56,2,1
3502,446,57,2,1
3502,446,58,2,1
3502,446,59,2,1
3502,446,60,2,1
3502,446,61,2,1
3502,446,62,2,1
3502,446,63,2,1
3502,446,64,2,1
3502,446,65,2,1
3502,446,66,2,1
3502,446,67,2,1
3502,446,68,2,1
3502,446,69,2,1
3502,446,70,2,1
3502,446,71,2,1
3502,446,72,2,1
3502,446,73,2,1
3502,446,74,2,1
3502,446,75,2,1
3503,445,1,1,1
3503,445,2,1,1
3503,445,3,1,1
3503,445,4,1,1
3503,445,5,1,1
3503,445,6,1,1
3503,445,7,1,1
3503,445,8,1,1
3503,445,9,1,1
3503,445,10,1,1
3503,445,11,1,1
3503,445,12,1,1
3503,445,13,1,1
3503,445,14,1,1
3503,445,15,1,1
3503,445,16,1,1
3503,445,17,1,1
3503,445,18,1,1
3503,445,19,1,1
3503,445,20,1,1
3503,445,21,1,1
3503,445,22,1,1
3503,445,23,1,1
3503,445,24,1,1
3503,445,25,1,1
3503,445,26,1,1
3503,445,27,1,1
3503,445,28,1,1
3503,445,29,1,1
3503,445,30,1,1
3503,445,31,1,1
3503,445,32,1,1
3503,445,33,1,1
3503,445,34,1,1
3503,445,35,1,1
3503,445,36,1,1
3503,445,37,1,1
3503,445,38,1,1
3503,445,39,1,1
3503,445,40,1,1
3503,445,41,1,1
3503,445,42,1,1
3503,445,43,1,1
3503,445,44,1,1
3503,445,45,1,1
3503,445,46,1,1
3503,445,47,1,1
3503,445,48,1,1
3503,445,49,1,1
3503,445,50,1,1
3503,445,51,1,1
3503,445,52,1,1
3503,445,53,1,1
3503,445,54,1,1
3503,445,55,1,1
3503,445,56,1,1
3503,445,57,1,1
3503,445,58,1,1
3503,445,59,1,1
3503,445,60,1,1
3503,445,61,1,1
3503,445,62,1,1
3503,445,63,1,1
3503,445,64,1,1
3503,445,65,1,1
3503,445,66,1,1
3503,445,67,1,1
3503,445,68,1,1
3503,445,69,1,1
3503,445,70,1,1
3503,445,71,1,1
3503,445,72,1,1
3503,445,73,1,1
3503,445,74,1,1
3503,445,75,1,1
3503,445,1,2,1
3503,445,2,2,1
3503,445,3,2,1
3503,445,4,2,1
3503,445,5,2,1
3503,445,6,2,1
3503,445,7,2,1
3503,445,8,2,1
3503,445,9,2,1
3503,445,10,2,1
3503,445,11,2,1
3503,445,12,2,1
3503,445,13,2,1
3503,445,14,2,1
3503,445,15,2,1
3503,445,16,2,1
3503,445,17,2,1
3503,445,18,2,1
3503,445,19,2,1
3503,445,20,2,1
3503,445,21,2,1
3503,445,22,2,1
3503,445,23,2,1
3503,445,24,2,1
3503,445,25,2,1
3503,445,26,2,1
3503,445,27,2,1
3503,445,28,2,1
3503,445,29,2,1
3503,445,30,2,1
3503,445,31,2,1
3503,445,32,2,1
3503,445,33,2,1
3503,445,34,2,1
3503,445,35,2,1
3503,445,36,2,1
3503,445,37,2,1
3503,445,38,2,1
3503,445,39,2,1
3503,445,40,2,1
3503,445,41,2,1
3503,445,42,2,1
3503,445,43,2,1
3503,445,44,2,1
3503,445,45,2,1
3503,445,46,2,1
3503,445,47,2,1
3503,445,48,2,1
3503,445,49,2,1
3503,445,50,2,1
3503,445,51,2,1
3503,445,52,2,1
3503,445,53,2,1
3503,445,54,2,1
3503,445,55,2,1
3503,445,56,2,1
3503,445,57,2,1
3503,445,58,2,1
3503,445,59,2,1
3503,445,60,2,1
3503,445,61,2,1
3503,445,62,2,1
3503,445,63,2,1
3503,445,64,2,1
3503,445,65,2,1
3503,445,66,2,1
3503,445,67,2,1
3503,445,68,2,1
3503,445,69,2,1
3503,445,70,2,1
3503,445,71,2,1
3503,445,72,2,1
3503,445,73,2,1
3503,445,74,2,1
3503,445,75,2,1
3503,444,1,1,1
3503,444,2,1,1
3503,444,3,1,1
3503,444,4,1,1
3503,444,5,1,1
3503,444,6,1,1
3503,444,7,1,1
3503,444,8,1,1
3503,444,9,1,1
3503,444,10,1,1
3503,444,11,1,1
3503,444,12,1,1
3503,444,13,1,1
3503,444,14,1,1
3503,444,15,1,1
3503,444,16,1,1
3503,444,17,1,1
3503,444,18,1,1
3503,444,19,1,1
3503,444,20,1,1
3503,444,21,1,1
3503,444,22,1,1
3503,444,23,1,1
3503,444,24,1,1
3503,444,25,1,1
3503,444,26,1,1
3503,444,27,1,1
3503,444,28,1,1
3503,444,29,1,1
3503,444,30,1,1
3503,444,31,1,1
3503,444,32,1,1
3503,444,33,1,1
3503,444,34,1,1
3503,444,35,1,1
3503,444,36,1,1
3503,444,37,1,1
3503,444,38,1,1
3503,444,39,1,1
3503,444,40,1,1
3503,444,41,1,1
3503,444,42,1,1
3503,444,43,1,1
3503,444,44,1,1
3503,444,45,1,1
3503,444,46,1,1
3503,444,47,1,1
3503,444,48,1,1
3503,444,49,1,1
3503,444,50,1,1
3503,444,51,1,1
3503,444,52,1,1
3503,444,53,1,1
3503,444,54,1,1
3503,444,55,1,1
3503,444,56,1,1
3503,444,57,1,1
3503,444,58,1,1
3503,444,59,1,1
3503,444,60,1,1
3503,444,61,1,1
3503,444,62,1,1
3503,444,63,1,1
3503,444,64,1,1
3503,444,65,1,1
3503,444,66,1,1
3503,444,67,1,1
3503,444,68,1,1
3503,444,69,1,1
3503,444,70,1,1
3503,444,71,1,1
3503,444,72,1,1
3503,444,73,1,1
3503,444,74,1,1
3503,444,75,1,1
3504,444,1,2,1
3504,444,2,2,1
3504,444,3,2,1
3504,444,4,2,1
3504,444,5,2,1
3504,444,6,2,1
3504,444,7,2,1
3504,444,8,2,1
3504,444,9,2,1
3504,444,10,2,1
3504,444,11,2,1
3504,444,12,2,1
3504,444,13,2,1
3504,444,14,2,1
3504,444,15,2,1
3504,444,16,2,1
3504,444,17,2,1
3504,444,18,2,1
3504,444,19,2,1
3504,444,20,2,1
3504,444,21,2,1
3504,444,22,2,1
3504,444,23,2,1
3504,444,24,2,1
3504,444,25,2,1
3504,444,26,2,1
3504,444,27,2,1
3504,444,28,2,1
3504,444,29,2,1
3504,444,30,2,1
3504,444,31,2,1
3504,444,32,2,1
3504,444,33,2,1
3504,444,34,2,1
3504,444,35,2,1
3504,444,36,2,1
3504,444,37,2,1
3504,444,38,2,1
3504,444,39,2,1
3504,444,40,2,1
3504,444,41,2,1
3504,444,42,2,1
3504,444,43,2,1
3504,444,44,2,1
3504,444,45,2,1
3504,444,46,2,1
3504,444,47,2,1
3504,444,48,2,1
3504,444,49,2,1
3504,444,50,2,1
3504,444,51,2,1
3504,444,52,2,1
3504,444,53,2,1
3504,444,54,2,1
3504,444,55,2,1
3504,444,56,2,1
3504,444,57,2,1
3504,444,58,2,1
3504,444,59,2,1
3504,444,60,2,1
3504,444,61,2,1
3504,444,62,2,1
3504,444,63,2,1
3504,444,64,2,1
3504,444,65,2,1
3504,444,66,2,1
3504,444,67,2,1
3504,444,68,2,1
3504,444,69,2,1
3504,444,70,2,1
3504,444,71,2,1
3504,444,72,2,1
3504,444,73,2,1
3504,444,74,2,1
3504,444,75,2,1
3504,443,1,1,1
3504,443,2,1,1
3504,443,3,1,1
3504,443,4,1,1
3504,443,5,1,1
3504,443,6,1,1
3504,443,7,1,1
3504,443,8,1,1
3504,443,9,1,1
3504,443,10,1,1
3504,443,11,1,1
3504,443,12,1,1
3504,443,13,1,1
3504,443,14,1,1
3504,443,15,1,1
3504,443,16,1,1
3504,443,17,1,1
3504,443,18,1,1
3504,443,19,1,1
3504,443,20,1,1
3504,443,21,1,1
3504,443,22,1,1
3504,443,23,1,1
3504,443,24,1,1
3504,443,25,1,1
3504,443,26,1,1
3504,443,27,1,1
3504,443,28,1,1
3504,443,29,1,1
3504,443,30,1,1
3504,443,31,1,1
3504,443,32,1,1
3504,443,33,1,1
3504,443,34,1,1
3504,443,35,1,1
3504,443,36,1,1
3504,443,37,1,1
3504,443,38,1,1
3504,443,39,1,1
3504,443,40,1,1
3504,443,41,1,1
3504,443,42,1,1
3504,443,43,1,1
3504,443,44,1,1
3504,443,45,1,1
3504,443,46,1,1
3504,443,47,1,1
3504,443,48,1,1
3504,443,49,1,1
3504,443,50,1,1
3504,443,51,1,1
3504,443,52,1,1
3504,443,53,1,1
3504,443,54,1,1
3504,443,55,1,1
3504,443,56,1,1
3504,443,57,1,1
3504,443,58,1,1
3504,443,59,1,1
3504,443,60,1,1
3504,443,61,1,1
3504,443,62,1,1
3504,443,63,1,1
3504,443,64,1,1
3504,443,65,1,1
3504,443,66,1,1
3504,443,67,1,1
3504,443,68,1,1
3504,443,69,1,1
3504,443,70,1,1
3504,443,71,1,1
3504,443,72,1,1
3504,443,73,1,1
3504,443,74,1,1
3504,443,75,1,1
3505,443,1,2,1
3505,443,2,2,1
3505,443,3,2,1
3505,443,4,2,1
3505,443,5,2,1
3505,443,6,2,1
3505,443,7,2,1
3505,443,8,2,1
3505,443,9,2,1
3505,443,10,2,1
3505,443,11,2,1
3505,443,12,2,1
3505,443,13,2,1
3505,443,14,2,1
3505,443,15,2,1
3505,443,16,2,1
3505,443,17,2,1
3505,443,18,2,1
3505,443,19,2,1
3505,443,20,2,1
3505,443,21,2,1
3505,443,22,2,1
3505,443,23,2,1
3505,443,24,2,1
3505,443,25,2,1
3505,443,26,2,1
3505,443,27,2,1
3505,443,28,2,1
3505,443,29,2,1
3505,443,30,2,1
3505,443,31,2,1
3505,443,32,2,1
3505,443,33,2,1
3505,443,34,2,1
3505,443,35,2,1
3505,443,36,2,1
3505,443,37,2,1
3505,443,38,2,1
3505,443,39,2,1
3505,443,40,2,1
3505,443,41,2,1
3505,443,42,2,1
3505,443,43,2,1
3505,443,44,2,1
3505,443,45,2,1
3505,443,46,2,1
3505,443,47,2,1
3505,443,48,2,1
3505,443,49,2,1
3505,443,50,2,1
3505,443,51,2,1
3505,443,52,2,1
3505,443,53,2,1
3505,443,54,2,1
3505,443,55,2,1
3505,443,56,2,1
3505,443,57,2,1
3505,443,58,2,1
3505,443,59,2,1
3505,443,60,2,1
3505,443,61,2,1
3505,443,62,2,1
3505,443,63,2,1
3505,443,64,2,1
3505,443,65,2,1
3505,443,66,2,1
3505,443,67,2,1
3505,443,68,2,1
3505,443,69,2,1
3505,443,70,2,1
3505,443,71,2,1
3505,443,72,2,1
3505,443,73,2,1
3505,443,74,2,1
3505,443,75,2,1
3505,442,1,1,1
3505,442,2,1,1
3505,442,3,1,1
3505,442,4,1,1
3505,442,5,1,1
3505,442,6,1,1
3505,442,7,1,1
3505,442,8,1,1
3505,442,9,1,1
3505,442,10,1,1
3505,442,11,1,1
3505,442,12,1,1
3505,442,13,1,1
3505,442,14,1,1
3505,442,15,1,1
3505,442,16,1,1
3505,442,17,1,1
3505,442,18,1,1
3505,442,19,1,1
3505,442,20,1,1
3505,442,21,1,1
3505,442,22,1,1
3505,442,23,1,1
3505,442,24,1,1
3505,442,25,1,1
3505,442,26,1,1
3505,442,27,1,1
3505,442,28,1,1
3505,442,29,1,1
3505,442,30,1,1
3505,442,31,1,1
3505,442,32,1,1
3505,442,33,1,1
3505,442,34,1,1
3505,442,35,1,1
3505,442,36,1,1
3505,442,37,1,1
3505,442,38,1,1
3505,442,39,1,1
3505,442,40,1,1
3505,442,41,1,1
3505,442,42,1,1
3505,442,43,1,1
3505,442,44,1,1
3505,442,45,1,1
3505,442,46,1,1
3505,442,47,1,1
3505,442,48,1,1
3505,442,49,1,1
3505,442,50,1,1
3505,442,51,1,1
3505,442,52,1,1
3505,442,53,1,1
3505,442,54,1,1
3505,442,55,1,1
3505,442,56,1,1
3505,442,57,1,1
3505,442,58,1,1
3505,442,59,1,1
3505,442,60,1,1
3505,442,61,1,1
3505,442,62,1,1
3505,442,63,1,1
3505,442,64,1,1
3505,442,65,1,1
3505,442,66,1,1
3505,442,67,1,1
3505,442,68,1,1
3505,442,69,1,1
3505,442,70,1,1
3505,442,71,1,1
3505,442,72,1,1
3505,442,73,1,1
3505,442,74,1,1
3505,442,75,1,1
3166,574,1,1,-1
3166,574,2,1,-1
3166,574,3,1,-1
3166,574,4,1,-1
3166,574,5,1,-1
3166,574,6,1,-1
3166,574,7,1,-1
3166,574,8,1,-1
3166,574,9,1,-1
3166,574,10,1,-1
3166,574,11,1,-1
3166,574,12,1,-1
3166,574,13,1,-1
3166,574,14,1,-1
3166,574,15,1,-1
3166,574,16,1,-1
3166,574,17,1,-1
3166,574,18,1,-1
3166,574,19,1,-1
3166,574,20,1,-1
3166,574,21,1,-1
3166,574,22,1,-1
3166,574,23,1,-1
3166,574,24,1,-1
3166,574,25,1,-1
3166,574,26,1,-1
3166,574,27,1,-1
3166,574,28,1,-1
3166,574,29,1,-1
3166,574,30,1,-1
3166,574,31,1,-1
3166,574,32,1,-1
3166,574,33,1,-1
3166,574,34,1,-1
3166,574,35,1,-1
3166,574,36,1,-1
3166,574,37,1,-1
3166,574,38,1,-1
3166,574,39,1,-1
3166,574,40,1,-1
3166,574,41,1,-1
3166,574,42,1,-1
3166,574,43,1,-1
3166,574,44,1,-1
3166,574,45,1,-1
3166,574,46,1,-1
3166,574,47,1,-1
3166,574,48,1,-1
3166,574,49,1,-1
3166,574,50,1,-1
3166,574,51,1,-1
3166,574,52,1,-1
3166,574,53,1,-1
3166,574,54,1,-1
3166,574,55,1,-1
3166,574,56,1,-1
3166,574,57,1,-1
3166,574,58,1,-1
3166,574,59,1,-1
3166,574,60,1,-1
3166,574,61,1,-1
3166,574,62,1,-1
3166,574,63,1,-1
3166,574,64,1,-1
3166,574,65,1,-1
3166,574,66,1,-1
3166,574,67,1,-1
3166,574,68,1,-1
3166,574,69,1,-1
3166,574,70,1,-1
3166,574,71,1,-1
3166,574,72,1,-1
3166,574,73,1,-1
3166,574,74,1,-1
3166,574,75,1,-1
3166,574,1,2,1
3166,574,2,2,1
3166,574,3,2,1
3166,574,4,2,1
3166,574,5,2,1
3166,574,6,2,1
3166,574,7,2,1
3166,574,8,2,1
3166,574,9,2,1
3166,574,10,2,1
3166,574,11,2,1
3166,574,12,2,1
3166,574,13,2,1
3166,574,14,2,1
3166,574,15,2,1
3166,574,16,2,1
3166,574,17,2,1
3166,574,18,2,1
3166,574,19,2,1
3166,574,20,2,1
3166,574,21,2,1
3166,574,22,2,1
3166,574,23,2,1
3166,574,24,2,1
3166,574,25,2,1
3166,574,26,2,1
3166,574,27,2,1
3166,574,28,2,1
3166,574,29,2,1
3166,574,30,2,1
3166,574,31,2,1
3166,574,32,2,1
3166,574,33,2,1
3166,574,34,2,1
3166,574,35,2,1
3166,574,36,2,1
3166,574,37,2,1
3166,574,38,2,1
3166,574,39,2,1
3166,574,40,2,1
3166,574,41,2,1
3166,574,42,2,1
3166,574,43,2,1
3166,574,44,2,1
3166,574,45,2,1
3166,574,46,2,1
3166,574,47,2,1
3166,574,48,2,1
3166,574,49,2,1
3166,574,50,2,1
3166,574,51,2,1
3166,574,52,2,1
3166,574,53,2,1
3166,574,54,2,1
3166,574,55,2,1
3166,574,56,2,1
3166,574,57,2,1
3166,574,58,2,1
3166,574,59,2,1
3166,574,60,2,1
3166,574,61,2,1
3166,574,62,2,1
3166,574,63,2,1
3166,574,64,2,1
3166,574,65,2,1
3166,574,66,2,1
3166,574,67,2,1
3166,574,68,2,1
3166,574,69,2,1
3166,574,70,2,1
3166,574,71,2,1
3166,574,72,2,1
3166,574,73,2,1
3166,574,74,2,1
3166,574,75,2,1
3167,574,1,2,1
3167,574,2,2,1
3167,574,3,2,1
3167,574,4,2,1
3167,574,5,2,1
3167,574,6,2,1
3167,574,7,2,1
3167,574,8,2,1
3167,574,9,2,1
3167,574,10,2,1
3167,574,11,2,1
3167,574,12,2,1
3167,574,13,2,1
3167,574,14,2,1
3167,574,15,2,1
3167,574,16,2,1
3167,574,17,2,1
3167,574,18,2,1
3167,574,19,2,1
3167,574,20,2,1
3167,574,21,2,1
3167,574,22,2,1
3167,574,23,2,1
3167,574,24,2,1
3167,574,25,2,1
3167,574,26,2,1
3167,574,27,2,1
3167,574,28,2,1
3167,574,29,2,1
3167,574,30,2,1
3167,574,31,2,1
3167,574,32,2,1
3167,574,33,2,1
3167,574,34,2,1
3167,574,35,2,1
3167,574,36,2,1
3167,574,37,2,1
3167,574,38,2,1
3167,574,39,2,1
3167,574,40,2,1
3167,574,41,2,1
3167,574,42,2,1
3167,574,43,2,1
3167,574,44,2,1
3167,574,45,2,1
3167,574,46,2,1
3167,574,47,2,1
3167,574,48,2,1
3167,574,49,2,1
3167,574,50,2,1
3167,574,51,2,1
3167,574,52,2,1
3167,574,53,2,1
3167,574,54,2,1
3167,574,55,2,1
3167,574,56,2,1
3167,574,57,2,1
3167,574,58,2,1
3167,574,59,2,1
3167,574,60,2,1
3167,574,61,2,1
3167,574,62,2,1
3167,574,63,2,1
3167,574,64,2,1
3167,574,65,2,1
3167,574,66,2,1
3167,574,67,2,1
3167,574,68,2,1
3167,574,69,2,1
3167,574,70,2,1
3167,574,71,2,1
3167,574,72,2,1
3167,574,73,2,1
3167,574,74,2,1
3167,574,75,2,1
3168,574,1,2,1
3168,574,2,2,1
3168,574,3,2,1
3168,574,4,2,1
3168,574,5,2,1
3168,574,6,2,1
3168,574,7,2,1
3168,574,8,2,1
3168,574,9,2,1
3168,574,10,2,1
3168,574,11,2,1
3168,574,12,2,1
3168,574,13,2,1
3168,574,14,2,1
3168,574,15,2,1
3168,574,16,2,1
3168,574,17,2,1
3168,574,18,2,1
3168,574,19,2,1
3168,574,20,2,1
3168,574,21,2,1
3168,574,22,2,1
3168,574,23,2,1
3168,574,24,2,1
3168,574,25,2,1
3168,574,26,2,1
3168,574,27,2,1
3168,574,28,2,1
3168,574,29,2,1
3168,574,30,2,1
3168,574,31,2,1
3168,574,32,2,1
3168,574,33,2,1
3168,574,34,2,1
3168,574,35,2,1
3168,574,36,2,1
3168,574,37,2,1
3168,574,38,2,1
3168,574,39,2,1
3168,574,40,2,1
3168,574,41,2,1
3168,574,42,2,1
3168,574,43,2,1
3168,574,44,2,1
3168,574,45,2,1
3168,574,46,2,1
3168,574,47,2,1
3168,574,48,2,1
3168,574,49,2,1
3168,574,50,2,1
3168,574,51,2,1
3168,574,52,2,1
3168,574,53,2,1
3168,574,54,2,1
3168,574,55,2,1
3168,574,56,2,1
3168,574,57,2,1
3168,574,58,2,1
3168,574,59,2,1
3168,574,60,2,1
3168,574,61,2,1
3168,574,62,2,1
3168,574,63,2,1
3168,574,64,2,1
3168,574,65,2,1
3168,574,66,2,1
3168,574,67,2,1
3168,574,68,2,1
3168,574,69,2,1
3168,574,70,2,1
3168,574,71,2,1
3168,574,72,2,1
3168,574,73,2,1
3168,574,74,2,1
3168,574,75,2,1
3169,574,1,2,1
3169,574,2,2,1
3169,574,3,2,1
3169,574,4,2,1
3169,574,5,2,1
3169,574,6,2,1
3169,574,7,2,1
3169,574,8,2,1
3169,574,9,2,1
3169,574,10,2,1
3169,574,11,2,1
3169,574,12,2,1
3169,574,13,2,1
3169,574,14,2,1
3169,574,15,2,1
3169,574,16,2,1
3169,574,17,2,1
3169,574,18,2,1
3169,574,19,2,1
3169,574,20,2,1
3169,574,21,2,1
3169,574,22,2,1
3169,574,23,2,1
3169,574,24,2,1
3169,574,25,2,1
3169,574,26,2,1
3169,574,27,2,1
3169,574,28,2,1
3169,574,29,2,1
3169,574,30,2,1
3169,574,31,2,1
3169,574,32,2,1
3169,574,33,2,1
3169,574,34,2,1
3169,574,35,2,1
3169,574,36,2,1
3169,574,37,2,1
3169,574,38,2,1
3169,574,39,2,1
3169,574,40,2,1
3169,574,41,2,1
3169,574,42,2,1
3169,574,43,2,1
3169,574,44,2,1
3169,574,45,2,1
3169,574,46,2,1
3169,574,47,2,1
3169,574,48,2,1
3169,574,49,2,1
3169,574,50,2,1
3169,574,51,2,1
3169,574,52,2,1
3169,574,53,2,1
3169,574,54,2,1
3169,574,55,2,1
3169,574,56,2,1
3169,574,57,2,1
3169,574,58,2,1
3169,574,59,2,1
3169,574,60,2,1
3169,574,61,2,1
3169,574,62,2,1
3169,574,63,2,1
3169,574,64,2,1
3169,574,65,2,1
3169,574,66,2,1
3169,574,67,2,1
3169,574,68,2,1
3169,574,69,2,1
3169,574,70,2,1
3169,574,71,2,1
3169,574,72,2,1
3169,574,73,2,1
3169,574,74,2,1
3169,574,75,2,1
3170,574,1,2,1
3170,574,2,2,1
3170,574,3,2,1
3170,574,4,2,1
3170,574,5,2,1
3170,574,6,2,1
3170,574,7,2,1
3170,574,8,2,1
3170,574,9,2,1
3170,574,10,2,1
3170,574,11,2,1
3170,574,12,2,1
3170,574,13,2,1
3170,574,14,2,1
3170,574,15,2,1
3170,574,16,2,1
3170,574,17,2,1
3170,574,18,2,1
3170,574,19,2,1
3170,574,20,2,1
3170,574,21,2,1
3170,574,22,2,1
3170,574,23,2,1
3170,574,24,2,1
3170,574,25,2,1
3170,574,26,2,1
3170,574,27,2,1
3170,574,28,2,1
3170,574,29,2,1
3170,574,30,2,1
3170,574,31,2,1
3170,574,32,2,1
3170,574,33,2,1
3170,574,34,2,1
3170,574,35,2,1
3170,574,36,2,1
3170,574,37,2,1
3170,574,38,2,1
3170,574,39,2,1
3170,574,40,2,1
3170,574,41,2,1
3170,574,42,2,1
3170,574,43,2,1
3170,574,44,2,1
3170,574,45,2,1
3170,574,46,2,1
3170,574,47,2,1
3170,574,48,2,1
3170,574,49,2,1
3170,574,50,2,1
3170,574,51,2,1
3170,574,52,2,1
3170,574,53,2,1
3170,574,54,2,1
3170,574,55,2,1
3170,574,56,2,1
3170,574,57,2,1
3170,574,58,2,1
3170,574,59,2,1
3170,574,60,2,1
3170,574,61,2,1
3170,574,62,2,1
3170,574,63,2,1
3170,574,64,2,1
3170,574,65,2,1
3170,574,66,2,1
3170,574,67,2,1
3170,574,68,2,1
3170,574,69,2,1
3170,574,70,2,1
3170,574,71,2,1
3170,574,72,2,1
3170,574,73,2,1
3170,574,74,2,1
3170,574,75,2,1
3171,574,1,2,1
3171,574,2,2,1
3171,574,3,2,1
3171,574,4,2,1
3171,574,5,2,1
3171,574,6,2,1
3171,574,7,2,1
3171,574,8,2,1
3171,574,9,2,1
3171,574,10,2,1
3171,574,11,2,1
3171,574,12,2,1
3171,574,13,2,1
3171,574,14,2,1
3171,574,15,2,1
3171,574,16,2,1
3171,574,17,2,1
3171,574,18,2,1
3171,574,19,2,1
3171,574,20,2,1
3171,574,21,2,1
3171,574,22,2,1
3171,574,23,2,1
3171,574,24,2,1
3171,574,25,2,1
3171,574,26,2,1
3171,574,27,2,1
3171,574,28,2,1
3171,574,29,2,1
3171,574,30,2,1
3171,574,31,2,1
3171,574,32,2,1
3171,574,33,2,1
3171,574,34,2,1
3171,574,35,2,1
3171,574,36,2,1
3171,574,37,2,1
3171,574,38,2,1
3171,574,39,2,1
3171,574,40,2,1
3171,574,41,2,1
3171,574,42,2,1
3171,574,43,2,1
3171,574,44,2,1
3171,574,45,2,1
3171,574,46,2,1
3171,574,47,2,1
3171,574,48,2,1
3171,574,49,2,1
3171,574,50,2,1
3171,574,51,2,1
3171,574,52,2,1
3171,574,53,2,1
3171,574,54,2,1
3171,574,55,2,1
3171,574,56,2,1
3171,574,57,2,1
3171,574,58,2,1
3171,574,59,2,1
3171,574,60,2,1
3171,574,61,2,1
3171,574,62,2,1
3171,574,63,2,1
3171,574,64,2,1
3171,574,65,2,1
3171,574,66,2,1
3171,574,67,2,1
3171,574,68,2,1
3171,574,69,2,1
3171,574,70,2,1
3171,574,71,2,1
3171,574,72,2,1
3171,574,73,2,1
3171,574,74,2,1
3171,574,75,2,1
3172,574,1,2,1
3172,574,2,2,1
3172,574,3,2,1
3172,574,4,2,1
3172,574,5,2,1
3172,574,6,2,1
3172,574,7,2,1
3172,574,8,2,1
3172,574,9,2,1
3172,574,10,2,1
3172,574,11,2,1
3172,574,12,2,1
3172,574,13,2,1
3172,574,14,2,1
3172,574,15,2,1
3172,574,16,2,1
3172,574,17,2,1
3172,574,18,2,1
3172,574,19,2,1
3172,574,20,2,1
3172,574,21,2,1
3172,574,22,2,1
3172,574,23,2,1
3172,574,24,2,1
3172,574,25,2,1
3172,574,26,2,1
3172,574,27,2,1
3172,574,28,2,1
3172,574,29,2,1
3172,574,30,2,1
3172,574,31,2,1
3172,574,32,2,1
3172,574,33,2,1
3172,574,34,2,1
3172,574,35,2,1
3172,574,36,2,1
3172,574,37,2,1
3172,574,38,2,1
3172,574,39,2,1
3172,574,40,2,1
3172,574,41,2,1
3172,574,42,2,1
3172,574,43,2,1
3172,574,44,2,1
3172,574,45,2,1
3172,574,46,2,1
3172,574,47,2,1
3172,574,48,2,1
3172,574,49,2,1
3172,574,50,2,1
3172,574,51,2,1
3172,574,52,2,1
3172,574,53,2,1
3172,574,54,2,1
3172,574,55,2,1
3172,574,56,2,1
3172,574,57,2,1
3172,574,58,2,1
3172,574,59,2,1
3172,574,60,2,1
3172,574,61,2,1
3172,574,62,2,1
3172,574,63,2,1
3172,574,64,2,1
3172,574,65,2,1
3172,574,66,2,1
3172,574,67,2,1
3172,574,68,2,1
3172,574,69,2,1
3172,574,70,2,1
3172,574,71,2,1
3172,574,72,2,1
3172,574,73,2,1
3172,574,74,2,1
3172,574,75,2,1
3173,574,1,2,1
3173,574,2,2,1
3173,574,3,2,1
3173,574,4,2,1
3173,574,5,2,1
3173,574,6,2,1
3173,574,7,2,1
3173,574,8,2,1
3173,574,9,2,1
3173,574,10,2,1
3173,574,11,2,1
3173,574,12,2,1
3173,574,13,2,1
3173,574,14,2,1
3173,574,15,2,1
3173,574,16,2,1
3173,574,17,2,1
3173,574,18,2,1
3173,574,19,2,1
3173,574,20,2,1
3173,574,21,2,1
3173,574,22,2,1
3173,574,23,2,1
3173,574,24,2,1
3173,574,25,2,1
3173,574,26,2,1
3173,574,27,2,1
3173,574,28,2,1
3173,574,29,2,1
3173,574,30,2,1
3173,574,31,2,1
3173,574,32,2,1
3173,574,33,2,1
3173,574,34,2,1
3173,574,35,2,1
3173,574,36,2,1
3173,574,37,2,1
3173,574,38,2,1
3173,574,39,2,1
3173,574,40,2,1
3173,574,41,2,1
3173,574,42,2,1
3173,574,43,2,1
3173,574,44,2,1
3173,574,45,2,1
3173,574,46,2,1
3173,574,47,2,1
3173,574,48,2,1
3173,574,49,2,1
3173,574,50,2,1
3173,574,51,2,1
3173,574,52,2,1
3173,574,53,2,1
3173,574,54,2,1
3173,574,55,2,1
3173,574,56,2,1
3173,574,57,2,1
3173,574,58,2,1
3173,574,59,2,1
3173,574,60,2,1
3173,574,61,2,1
3173,574,62,2,1
3173,574,63,2,1
3173,574,64,2,1
3173,574,65,2,1
3173,574,66,2,1
3173,574,67,2,1
3173,574,68,2,1
3173,574,69,2,1
3173,574,70,2,1
3173,574,71,2,1
3173,574,72,2,1
3173,574,73,2,1
3173,574,74,2,1
3173,574,75,2,1
3174,574,1,2,1
3174,574,2,2,1
3174,574,3,2,1
3174,574,4,2,1
3174,574,5,2,1
3174,574,6,2,1
3174,574,7,2,1
3174,574,8,2,1
3174,574,9,2,1
3174,574,10,2,1
3174,574,11,2,1
3174,574,12,2,1
3174,574,13,2,1
3174,574,14,2,1
3174,574,15,2,1
3174,574,16,2,1
3174,574,17,2,1
3174,574,18,2,1
3174,574,19,2,1
3174,574,20,2,1
3174,574,21,2,1
3174,574,22,2,1
3174,574,23,2,1
3174,574,24,2,1
3174,574,25,2,1
3174,574,26,2,1
3174,574,27,2,1
3174,574,28,2,1
3174,574,29,2,1
3174,574,30,2,1
3174,574,31,2,1
3174,574,32,2,1
3174,574,33,2,1
3174,574,34,2,1
3174,574,35,2,1
3174,574,36,2,1
3174,574,37,2,1
3174,574,38,2,1
3174,574,39,2,1
3174,574,40,2,1
3174,574,41,2,1
3174,574,42,2,1
3174,574,43,2,1
3174,574,44,2,1
3174,574,45,2,1
3174,574,46,2,1
3174,574,47,2,1
3174,574,48,2,1
3174,574,49,2,1
3174,574,50,2,1
3174,574,51,2,1
3174,574,52,2,1
3174,574,53,2,1
3174,574,54,2,1
3174,574,55,2,1
3174,574,56,2,1
3174,574,57,2,1
3174,574,58,2,1
3174,574,59,2,1
3174,574,60,2,1
3174,574,61,2,1
3174,574,62,2,1
3174,574,63,2,1
3174,574,64,2,1
3174,574,65,2,1
3174,574,66,2,1
3174,574,67,2,1
3174,574,68,2,1
3174,574,69,2,1
3174,574,70,2,1
3174,574,71,2,1
3174,574,72,2,1
3174,574,73,2,1
3174,574,74,2,1
3174,574,75,2,1
3175,574,1,2,1
3175,574,2,2,1
3175,574,3,2,1
3175,574,4,2,1
3175,574,5,2,1
3175,574,6,2,1
3175,574,7,2,1
3175,574,8,2,1
3175,574,9,2,1
3175,574,10,2,1
3175,574,11,2,1
3175,574,12,2,1
3175,574,13,2,1
3175,574,14,2,1
3175,574,15,2,1
3175,574,16,2,1
3175,574,17,2,1
3175,574,18,2,1
3175,574,19,2,1
3175,574,20,2,1
3175,574,21,2,1
3175,574,22,2,1
3175,574,23,2,1
3175,574,24,2,1
3175,574,25,2,1
3175,574,26,2,1
3175,574,27,2,1
3175,574,28,2,1
3175,574,29,2,1
3175,574,30,2,1
3175,574,31,2,1
3175,574,32,2,1
3175,574,33,2,1
3175,574,34,2,1
3175,574,35,2,1
3175,574,36,2,1
3175,574,37,2,1
3175,574,38,2,1
3175,574,39,2,1
3175,574,40,2,1
3175,574,41,2,1
3175,574,42,2,1
3175,574,43,2,1
3175,574,44,2,1
3175,574,45,2,1
3175,574,46,2,1
3175,574,47,2,1
3175,574,48,2,1
3175,574,49,2,1
3175,574,50,2,1
3175,574,51,2,1
3175,574,52,2,1
3175,574,53,2,1
3175,574,54,2,1
3175,574,55,2,1
3175,574,56,2,1
3175,574,57,2,1
3175,574,58,2,1
3175,574,59,2,1
3175,574,60,2,1
3175,574,61,2,1
3175,574,62,2,1
3175,574,63,2,1
3175,574,64,2,1
3175,574,65,2,1
3175,574,66,2,1
3175,574,67,2,1
3175,574,68,2,1
3175,574,69,2,1
3175,574,70,2,1
3175,574,71,2,1
3175,574,72,2,1
3175,574,73,2,1
3175,574,74,2,1
3175,574,75,2,1
3176,574,1,2,1
3176,574,2,2,1
3176,574,3,2,1
3176,574,4,2,1
3176,574,5,2,1
3176,574,6,2,1
3176,574,7,2,1
3176,574,8,2,1
3176,574,9,2,1
3176,574,10,2,1
3176,574,11,2,1
3176,574,12,2,1
3176,574,13,2,1
3176,574,14,2,1
3176,574,15,2,1
3176,574,16,2,1
3176,574,17,2,1
3176,574,18,2,1
3176,574,19,2,1
3176,574,20,2,1
3176,574,21,2,1
3176,574,22,2,1
3176,574,23,2,1
3176,574,24,2,1
3176,574,25,2,1
3176,574,26,2,1
3176,574,27,2,1
3176,574,28,2,1
3176,574,29,2,1
3176,574,30,2,1
3176,574,31,2,1
3176,574,32,2,1
3176,574,33,2,1
3176,574,34,2,1
3176,574,35,2,1
3176,574,36,2,1
3176,574,37,2,1
3176,574,38,2,1
3176,574,39,2,1
3176,574,40,2,1
3176,574,41,2,1
3176,574,42,2,1
3176,574,43,2,1
3176,574,44,2,1
3176,574,45,2,1
3176,574,46,2,1
3176,574,47,2,1
3176,574,48,2,1
3176,574,49,2,1
3176,574,50,2,1
3176,574,51,2,1
3176,574,52,2,1
3176,574,53,2,1
3176,574,54,2,1
3176,574,55,2,1
3176,574,56,2,1
3176,574,57,2,1
3176,574,58,2,1
3176,574,59,2,1
3176,574,60,2,1
3176,574,61,2,1
3176,574,62,2,1
3176,574,63,2,1
3176,574,64,2,1
3176,574,65,2,1
3176,574,66,2,1
3176,574,67,2,1
3176,574,68,2,1
3176,574,69,2,1
3176,574,70,2,1
3176,574,71,2,1
3176,574,72,2,1
3176,574,73,2,1
3176,574,74,2,1
3176,574,75,2,1
3177,574,1,2,1
3177,574,2,2,1
3177,574,3,2,1
3177,574,4,2,1
3177,574,5,2,1
3177,574,6,2,1
3177,574,7,2,1
3177,574,8,2,1
3177,574,9,2,1
3177,574,10,2,1
3177,574,11,2,1
3177,574,12,2,1
3177,574,13,2,1
3177,574,14,2,1
3177,574,15,2,1
3177,574,16,2,1
3177,574,17,2,1
3177,574,18,2,1
3177,574,19,2,1
3177,574,20,2,1
3177,574,21,2,1
3177,574,22,2,1
3177,574,23,2,1
3177,574,24,2,1
3177,574,25,2,1
3177,574,26,2,1
3177,574,27,2,1
3177,574,28,2,1
3177,574,29,2,1
3177,574,30,2,1
3177,574,31,2,1
3177,574,32,2,1
3177,574,33,2,1
3177,574,34,2,1
3177,574,35,2,1
3177,574,36,2,1
3177,574,37,2,1
3177,574,38,2,1
3177,574,39,2,1
3177,574,40,2,1
3177,574,41,2,1
3177,574,42,2,1
3177,574,43,2,1
3177,574,44,2,1
3177,574,45,2,1
3177,574,46,2,1
3177,574,47,2,1
3177,574,48,2,1
3177,574,49,2,1
3177,574,50,2,1
3177,574,51,2,1
3177,574,52,2,1
3177,574,53,2,1
3177,574,54,2,1
3177,574,55,2,1
3177,574,56,2,1
3177,574,57,2,1
3177,574,58,2,1
3177,574,59,2,1
3177,574,60,2,1
3177,574,61,2,1
3177,574,62,2,1
3177,574,63,2,1
3177,574,64,2,1
3177,574,65,2,1
3177,574,66,2,1
3177,574,67,2,1
3177,574,68,2,1
3177,574,69,2,1
3177,574,70,2,1
3177,574,71,2,1
3177,574,72,2,1
3177,574,73,2,1
3177,574,74,2,1
3177,574,75,2,1
3178,574,1,2,1
3178,574,2,2,1
3178,574,3,2,1
3178,574,4,2,1
3178,574,5,2,1
3178,574,6,2,1
3178,574,7,2,1
3178,574,8,2,1
3178,574,9,2,1
3178,574,10,2,1
3178,574,11,2,1
3178,574,12,2,1
3178,574,13,2,1
3178,574,14,2,1
3178,574,15,2,1
3178,574,16,2,1
3178,574,17,2,1
3178,574,18,2,1
3178,574,19,2,1
3178,574,20,2,1
3178,574,21,2,1
3178,574,22,2,1
3178,574,23,2,1
3178,574,24,2,1
3178,574,25,2,1
3178,574,26,2,1
3178,574,27,2,1
3178,574,28,2,1
3178,574,29,2,1
3178,574,30,2,1
3178,574,31,2,1
3178,574,32,2,1
3178,574,33,2,1
3178,574,34,2,1
3178,574,35,2,1
3178,574,36,2,1
3178,574,37,2,1
3178,574,38,2,1
3178,574,39,2,1
3178,574,40,2,1
3178,574,41,2,1
3178,574,42,2,1
3178,574,43,2,1
3178,574,44,2,1
3178,574,45,2,1
3178,574,46,2,1
3178,574,47,2,1
3178,574,48,2,1
3178,574,49,2,1
3178,574,50,2,1
3178,574,51,2,1
3178,574,52,2,1
3178,574,53,2,1
3178,574,54,2,1
3178,574,55,2,1
3178,574,56,2,1
3178,574,57,2,1
3178,574,58,2,1
3178,574,59,2,1
3178,574,60,2,1
3178,574,61,2,1
3178,574,62,2,1
3178,574,63,2,1
3178,574,64,2,1
3178,574,65,2,1
3178,574,66,2,1
3178,574,67,2,1
3178,574,68,2,1
3178,574,69,2,1
3178,574,70,2,1
3178,574,71,2,1
3178,574,72,2,1
3178,574,73,2,1
3178,574,74,2,1
3178,574,75,2,1
3179,574,1,2,1
3179,574,2,2,1
3179,574,3,2,1
3179,574,4,2,1
3179,574,5,2,1
3179,574,6,2,1
3179,574,7,2,1
3179,574,8,2,1
3179,574,9,2,1
3179,574,10,2,1
3179,574,11,2,1
3179,574,12,2,1
3179,574,13,2,1
3179,574,14,2,1
3179,574,15,2,1
3179,574,16,2,1
3179,574,17,2,1
3179,574,18,2,1
3179,574,19,2,1
3179,574,20,2,1
3179,574,21,2,1
3179,574,22,2,1
3179,574,23,2,1
3179,574,24,2,1
3179,574,25,2,1
3179,574,26,2,1
3179,574,27,2,1
3179,574,28,2,1
3179,574,29,2,1
3179,574,30,2,1
3179,574,31,2,1
3179,574,32,2,1
3179,574,33,2,1
3179,574,34,2,1
3179,574,35,2,1
3179,574,36,2,1
3179,574,37,2,1
3179,574,38,2,1
3179,574,39,2,1
3179,574,40,2,1
3179,574,41,2,1
3179,574,42,2,1
3179,574,43,2,1
3179,574,44,2,1
3179,574,45,2,1
3179,574,46,2,1
3179,574,47,2,1
3179,574,48,2,1
3179,574,49,2,1
3179,574,50,2,1
3179,574,51,2,1
3179,574,52,2,1
3179,574,53,2,1
3179,574,54,2,1
3179,574,55,2,1
3179,574,56,2,1
3179,574,57,2,1
3179,574,58,2,1
3179,574,59,2,1
3179,574,60,2,1
3179,574,61,2,1
3179,574,62,2,1
3179,574,63,2,1
3179,574,64,2,1
3179,574,65,2,1
3179,574,66,2,1
3179,574,67,2,1
3179,574,68,2,1
3179,574,69,2,1
3179,574,70,2,1
3179,574,71,2,1
3179,574,72,2,1
3179,574,73,2,1
3179,574,74,2,1
3179,574,75,2,1
3180,574,1,2,1
3180,574,2,2,1
3180,574,3,2,1
3180,574,4,2,1
3180,574,5,2,1
3180,574,6,2,1
3180,574,7,2,1
3180,574,8,2,1
3180,574,9,2,1
3180,574,10,2,1
3180,574,11,2,1
3180,574,12,2,1
3180,574,13,2,1
3180,574,14,2,1
3180,574,15,2,1
3180,574,16,2,1
3180,574,17,2,1
3180,574,18,2,1
3180,574,19,2,1
3180,574,20,2,1
3180,574,21,2,1
3180,574,22,2,1
3180,574,23,2,1
3180,574,24,2,1
3180,574,25,2,1
3180,574,26,2,1
3180,574,27,2,1
3180,574,28,2,1
3180,574,29,2,1
3180,574,30,2,1
3180,574,31,2,1
3180,574,32,2,1
3180,574,33,2,1
3180,574,34,2,1
3180,574,35,2,1
3180,574,36,2,1
3180,574,37,2,1
3180,574,38,2,1
3180,574,39,2,1
3180,574,40,2,1
3180,574,41,2,1
3180,574,42,2,1
3180,574,43,2,1
3180,574,44,2,1
3180,574,45,2,1
3180,574,46,2,1
3180,574,47,2,1
3180,574,48,2,1
3180,574,49,2,1
3180,574,50,2,1
3180,574,51,2,1
3180,574,52,2,1
3180,574,53,2,1
3180,574,54,2,1
3180,574,55,2,1
3180,574,56,2,1
3180,574,57,2,1
3180,574,58,2,1
3180,574,59,2,1
3180,574,60,2,1
3180,574,61,2,1
3180,574,62,2,1
3180,574,63,2,1
3180,574,64,2,1
3180,574,65,2,1
3180,574,66,2,1
3180,574,67,2,1
3180,574,68,2,1
3180,574,69,2,1
3180,574,70,2,1
3180,574,71,2,1
3180,574,72,2,1
3180,574,73,2,1
3180,574,74,2,1
3180,574,75,2,1
3181,574,1,2,1
3181,574,2,2,1
3181,574,3,2,1
3181,574,4,2,1
3181,574,5,2,1
3181,574,6,2,1
3181,574,7,2,1
3181,574,8,2,1
3181,574,9,2,1
3181,574,10,2,1
3181,574,11,2,1
3181,574,12,2,1
3181,574,13,2,1
3181,574,14,2,1
3181,574,15,2,1
3181,574,16,2,1
3181,574,17,2,1
3181,574,18,2,1
3181,574,19,2,1
3181,574,20,2,1
3181,574,21,2,1
3181,574,22,2,1
3181,574,23,2,1
3181,574,24,2,1
3181,574,25,2,1
3181,574,26,2,1
3181,574,27,2,1
3181,574,28,2,1
3181,574,29,2,1
3181,574,30,2,1
3181,574,31,2,1
3181,574,32,2,1
3181,574,33,2,1
3181,574,34,2,1
3181,574,35,2,1
3181,574,36,2,1
3181,574,37,2,1
3181,574,38,2,1
3181,574,39,2,1
3181,574,40,2,1
3181,574,41,2,1
3181,574,42,2,1
3181,574,43,2,1
3181,574,44,2,1
3181,574,45,2,1
3181,574,46,2,1
3181,574,47,2,1
3181,574,48,2,1
3181,574,49,2,1
3181,574,50,2,1
3181,574,51,2,1
3181,574,52,2,1
3181,574,53,2,1
3181,574,54,2,1
3181,574,55,2,1
3181,574,56,2,1
3181,574,57,2,1
3181,574,58,2,1
3181,574,59,2,1
3181,574,60,2,1
3181,574,61,2,1
3181,574,62,2,1
3181,574,63,2,1
3181,574,64,2,1
3181,574,65,2,1
3181,574,66,2,1
3181,574,67,2,1
3181,574,68,2,1
3181,574,69,2,1
3181,574,70,2,1
3181,574,71,2,1
3181,574,72,2,1
3181,574,73,2,1
3181,574,74,2,1
3181,574,75,2,1
3182,574,1,2,1
3182,574,2,2,1
3182,574,3,2,1
3182,574,4,2,1
3182,574,5,2,1
3182,574,6,2,1
3182,574,7,2,1
3182,574,8,2,1
3182,574,9,2,1
3182,574,10,2,1
3182,574,11,2,1
3182,574,12,2,1
3182,574,13,2,1
3182,574,14,2,1
3182,574,15,2,1
3182,574,16,2,1
3182,574,17,2,1
3182,574,18,2,1
3182,574,19,2,1
3182,574,20,2,1
3182,574,21,2,1
3182,574,22,2,1
3182,574,23,2,1
3182,574,24,2,1
3182,574,25,2,1
3182,574,26,2,1
3182,574,27,2,1
3182,574,28,2,1
3182,574,29,2,1
3182,574,30,2,1
3182,574,31,2,1
3182,574,32,2,1
3182,574,33,2,1
3182,574,34,2,1
3182,574,35,2,1
3182,574,36,2,1
3182,574,37,2,1
3182,574,38,2,1
3182,574,39,2,1
3182,574,40,2,1
3182,574,41,2,1
3182,574,42,2,1
3182,574,43,2,1
3182,574,44,2,1
3182,574,45,2,1
3182,574,46,2,1
3182,574,47,2,1
3182,574,48,2,1
3182,574,49,2,1
3182,574,50,2,1
3182,574,51,2,1
3182,574,52,2,1
3182,574,53,2,1
3182,574,54,2,1
3182,574,55,2,1
3182,574,56,2,1
3182,574,57,2,1
3182,574,58,2,1
3182,574,59,2,1
3182,574,60,2,1
3182,574,61,2,1
3182,574,62,2,1
3182,574,63,2,1
3182,574,64,2,1
3182,574,65,2,1
3182,574,66,2,1
3182,574,67,2,1
3182,574,68,2,1
3182,574,69,2,1
3182,574,70,2,1
3182,574,71,2,1
3182,574,72,2,1
3182,574,73,2,1
3182,574,74,2,1
3182,574,75,2,1
3183,574,1,2,1
3183,574,2,2,1
3183,574,3,2,1
3183,574,4,2,1
3183,574,5,2,1
3183,574,6,2,1
3183,574,7,2,1
3183,574,8,2,1
3183,574,9,2,1
3183,574,10,2,1
3183,574,11,2,1
3183,574,12,2,1
3183,574,13,2,1
3183,574,14,2,1
3183,574,15,2,1
3183,574,16,2,1
3183,574,17,2,1
3183,574,18,2,1
3183,574,19,2,1
3183,574,20,2,1
3183,574,21,2,1
3183,574,22,2,1
3183,574,23,2,1
3183,574,24,2,1
3183,574,25,2,1
3183,574,26,2,1
3183,574,27,2,1
3183,574,28,2,1
3183,574,29,2,1
3183,574,30,2,1
3183,574,31,2,1
3183,574,32,2,1
3183,574,33,2,1
3183,574,34,2,1
3183,574,35,2,1
3183,574,36,2,1
3183,574,37,2,1
3183,574,38,2,1
3183,574,39,2,1
3183,574,40,2,1
3183,574,41,2,1
3183,574,42,2,1
3183,574,43,2,1
3183,574,44,2,1
3183,574,45,2,1
3183,574,46,2,1
3183,574,47,2,1
3183,574,48,2,1
3183,574,49,2,1
3183,574,50,2,1
3183,574,51,2,1
3183,574,52,2,1
3183,574,53,2,1
3183,574,54,2,1
3183,574,55,2,1
3183,574,56,2,1
3183,574,57,2,1
3183,574,58,2,1
3183,574,59,2,1
3183,574,60,2,1
3183,574,61,2,1
3183,574,62,2,1
3183,574,63,2,1
3183,574,64,2,1
3183,574,65,2,1
3183,574,66,2,1
3183,574,67,2,1
3183,574,68,2,1
3183,574,69,2,1
3183,574,70,2,1
3183,574,71,2,1
3183,574,72,2,1
3183,574,73,2,1
3183,574,74,2,1
3183,574,75,2,1
3184,574,1,2,1
3184,574,2,2,1
3184,574,3,2,1
3184,574,4,2,1
3184,574,5,2,1
3184,574,6,2,1
3184,574,7,2,1
3184,574,8,2,1
3184,574,9,2,1
3184,574,10,2,1
3184,574,11,2,1
3184,574,12,2,1
3184,574,13,2,1
3184,574,14,2,1
3184,574,15,2,1
3184,574,16,2,1
3184,574,17,2,1
3184,574,18,2,1
3184,574,19,2,1
3184,574,20,2,1
3184,574,21,2,1
3184,574,22,2,1
3184,574,23,2,1
3184,574,24,2,1
3184,574,25,2,1
3184,574,26,2,1
3184,574,27,2,1
3184,574,28,2,1
3184,574,29,2,1
3184,574,30,2,1
3184,574,31,2,1
3184,574,32,2,1
3184,574,33,2,1
3184,574,34,2,1
3184,574,35,2,1
3184,574,36,2,1
3184,574,37,2,1
3184,574,38,2,1
3184,574,39,2,1
3184,574,40,2,1
3184,574,41,2,1
3184,574,42,2,1
3184,574,43,2,1
3184,574,44,2,1
3184,574,45,2,1
3184,574,46,2,1
3184,574,47,2,1
3184,574,48,2,1
3184,574,49,2,1
3184,574,50,2,1
3184,574,51,2,1
3184,574,52,2,1
3184,574,53,2,1
3184,574,54,2,1
3184,574,55,2,1
3184,574,56,2,1
3184,574,57,2,1
3184,574,58,2,1
3184,574,59,2,1
3184,574,60,2,1
3184,574,61,2,1
3184,574,62,2,1
3184,574,63,2,1
3184,574,64,2,1
3184,574,65,2,1
3184,574,66,2,1
3184,574,67,2,1
3184,574,68,2,1
3184,574,69,2,1
3184,574,70,2,1
3184,574,71,2,1
3184,574,72,2,1
3184,574,73,2,1
3184,574,74,2,1
3184,574,75,2,1
3185,574,1,2,1
3185,574,2,2,1
3185,574,3,2,1
3185,574,4,2,1
3185,574,5,2,1
3185,574,6,2,1
3185,574,7,2,1
3185,574,8,2,1
3185,574,9,2,1
3185,574,10,2,1
3185,574,11,2,1
3185,574,12,2,1
3185,574,13,2,1
3185,574,14,2,1
3185,574,15,2,1
3185,574,16,2,1
3185,574,17,2,1
3185,574,18,2,1
3185,574,19,2,1
3185,574,20,2,1
3185,574,21,2,1
3185,574,22,2,1
3185,574,23,2,1
3185,574,24,2,1
3185,574,25,2,1
3185,574,26,2,1
3185,574,27,2,1
3185,574,28,2,1
3185,574,29,2,1
3185,574,30,2,1
3185,574,31,2,1
3185,574,32,2,1
3185,574,33,2,1
3185,574,34,2,1
3185,574,35,2,1
3185,574,36,2,1
3185,574,37,2,1
3185,574,38,2,1
3185,574,39,2,1
3185,574,40,2,1
3185,574,41,2,1
3185,574,42,2,1
3185,574,43,2,1
3185,574,44,2,1
3185,574,45,2,1
3185,574,46,2,1
3185,574,47,2,1
3185,574,48,2,1
3185,574,49,2,1
3185,574,50,2,1
3185,574,51,2,1
3185,574,52,2,1
3185,574,53,2,1
3185,574,54,2,1
3185,574,55,2,1
3185,574,56,2,1
3185,574,57,2,1
3185,574,58,2,1
3185,574,59,2,1
3185,574,60,2,1
3185,574,61,2,1
3185,574,62,2,1
3185,574,63,2,1
3185,574,64,2,1
3185,574,65,2,1
3185,574,66,2,1
3185,574,67,2,1
3185,574,68,2,1
3185,574,69,2,1
3185,574,70,2,1
3185,574,71,2,1
3185,574,72,2,1
3185,574,73,2,1
3185,574,74,2,1
3185,574,75,2,1
3186,574,1,2,1
3186,574,2,2,1
3186,574,3,2,1
3186,574,4,2,1
3186,574,5,2,1
3186,574,6,2,1
3186,574,7,2,1
3186,574,8,2,1
3186,574,9,2,1
3186,574,10,2,1
3186,574,11,2,1
3186,574,12,2,1
3186,574,13,2,1
3186,574,14,2,1
3186,574,15,2,1
3186,574,16,2,1
3186,574,17,2,1
3186,574,18,2,1
3186,574,19,2,1
3186,574,20,2,1
3186,574,21,2,1
3186,574,22,2,1
3186,574,23,2,1
3186,574,24,2,1
3186,574,25,2,1
3186,574,26,2,1
3186,574,27,2,1
3186,574,28,2,1
3186,574,29,2,1
3186,574,30,2,1
3186,574,31,2,1
3186,574,32,2,1
3186,574,33,2,1
3186,574,34,2,1
3186,574,35,2,1
3186,574,36,2,1
3186,574,37,2,1
3186,574,38,2,1
3186,574,39,2,1
3186,574,40,2,1
3186,574,41,2,1
3186,574,42,2,1
3186,574,43,2,1
3186,574,44,2,1
3186,574,45,2,1
3186,574,46,2,1
3186,574,47,2,1
3186,574,48,2,1
3186,574,49,2,1
3186,574,50,2,1
3186,574,51,2,1
3186,574,52,2,1
3186,574,53,2,1
3186,574,54,2,1
3186,574,55,2,1
3186,574,56,2,1
3186,574,57,2,1
3186,574,58,2,1
3186,574,59,2,1
3186,574,60,2,1
3186,574,61,2,1
3186,574,62,2,1
3186,574,63,2,1
3186,574,64,2,1
3186,574,65,2,1
3186,574,66,2,1
3186,574,67,2,1
3186,574,68,2,1
3186,574,69,2,1
3186,574,70,2,1
3186,574,71,2,1
3186,574,72,2,1
3186,574,73,2,1
3186,574,74,2,1
3186,574,75,2,1
3187,574,1,2,1
3187,574,2,2,1
3187,574,3,2,1
3187,574,4,2,1
3187,574,5,2,1
3187,574,6,2,1
3187,574,7,2,1
3187,574,8,2,1
3187,574,9,2,1
3187,574,10,2,1
3187,574,11,2,1
3187,574,12,2,1
3187,574,13,2,1
3187,574,14,2,1
3187,574,15,2,1
3187,574,16,2,1
3187,574,17,2,1
3187,574,18,2,1
3187,574,19,2,1
3187,574,20,2,1
3187,574,21,2,1
3187,574,22,2,1
3187,574,23,2,1
3187,574,24,2,1
3187,574,25,2,1
3187,574,26,2,1
3187,574,27,2,1
3187,574,28,2,1
3187,574,29,2,1
3187,574,30,2,1
3187,574,31,2,1
3187,574,32,2,1
3187,574,33,2,1
3187,574,34,2,1
3187,574,35,2,1
3187,574,36,2,1
3187,574,37,2,1
3187,574,38,2,1
3187,574,39,2,1
3187,574,40,2,1
3187,574,41,2,1
3187,574,42,2,1
3187,574,43,2,1
3187,574,44,2,1
3187,574,45,2,1
3187,574,46,2,1
3187,574,47,2,1
3187,574,48,2,1
3187,574,49,2,1
3187,574,50,2,1
3187,574,51,2,1
3187,574,52,2,1
3187,574,53,2,1
3187,574,54,2,1
3187,574,55,2,1
3187,574,56,2,1
3187,574,57,2,1
3187,574,58,2,1
3187,574,59,2,1
3187,574,60,2,1
3187,574,61,2,1
3187,574,62,2,1
3187,574,63,2,1
3187,574,64,2,1
3187,574,65,2,1
3187,574,66,2,1
3187,574,67,2,1
3187,574,68,2,1
3187,574,69,2,1
3187,574,70,2,1
3187,574,71,2,1
3187,574,72,2,1
3187,574,73,2,1
3187,574,74,2,1
3187,574,75,2,1
3188,574,1,2,1
3188,574,2,2,1
3188,574,3,2,1
3188,574,4,2,1
3188,574,5,2,1
3188,574,6,2,1
3188,574,7,2,1
3188,574,8,2,1
3188,574,9,2,1
3188,574,10,2,1
3188,574,11,2,1
3188,574,12,2,1
3188,574,13,2,1
3188,574,14,2,1
3188,574,15,2,1
3188,574,16,2,1
3188,574,17,2,1
3188,574,18,2,1
3188,574,19,2,1
3188,574,20,2,1
3188,574,21,2,1
3188,574,22,2,1
3188,574,23,2,1
3188,574,24,2,1
3188,574,25,2,1
3188,574,26,2,1
3188,574,27,2,1
3188,574,28,2,1
3188,574,29,2,1
3188,574,30,2,1
3188,574,31,2,1
3188,574,32,2,1
3188,574,33,2,1
3188,574,34,2,1
3188,574,35,2,1
3188,574,36,2,1
3188,574,37,2,1
3188,574,38,2,1
3188,574,39,2,1
3188,574,40,2,1
3188,574,41,2,1
3188,574,42,2,1
3188,574,43,2,1
3188,574,44,2,1
3188,574,45,2,1
3188,574,46,2,1
3188,574,47,2,1
3188,574,48,2,1
3188,574,49,2,1
3188,574,50,2,1
3188,574,51,2,1
3188,574,52,2,1
3188,574,53,2,1
3188,574,54,2,1
3188,574,55,2,1
3188,574,56,2,1
3188,574,57,2,1
3188,574,58,2,1
3188,574,59,2,1
3188,574,60,2,1
3188,574,61,2,1
3188,574,62,2,1
3188,574,63,2,1
3188,574,64,2,1
3188,574,65,2,1
3188,574,66,2,1
3188,574,67,2,1
3188,574,68,2,1
3188,574,69,2,1
3188,574,70,2,1
3188,574,71,2,1
3188,574,72,2,1
3188,574,73,2,1
3188,574,74,2,1
3188,574,75,2,1
3189,574,1,2,1
3189,574,2,2,1
3189,574,3,2,1
3189,574,4,2,1
3189,574,5,2,1
3189,574,6,2,1
3189,574,7,2,1
3189,574,8,2,1
3189,574,9,2,1
3189,574,10,2,1
3189,574,11,2,1
3189,574,12,2,1
3189,574,13,2,1
3189,574,14,2,1
3189,574,15,2,1
3189,574,16,2,1
3189,574,17,2,1
3189,574,18,2,1
3189,574,19,2,1
3189,574,20,2,1
3189,574,21,2,1
3189,574,22,2,1
3189,574,23,2,1
3189,574,24,2,1
3189,574,25,2,1
3189,574,26,2,1
3189,574,27,2,1
3189,574,28,2,1
3189,574,29,2,1
3189,574,30,2,1
3189,574,31,2,1
3189,574,32,2,1
3189,574,33,2,1
3189,574,34,2,1
3189,574,35,2,1
3189,574,36,2,1
3189,574,37,2,1
3189,574,38,2,1
3189,574,39,2,1
3189,574,40,2,1
3189,574,41,2,1
3189,574,42,2,1
3189,574,43,2,1
3189,574,44,2,1
3189,574,45,2,1
3189,574,46,2,1
3189,574,47,2,1
3189,574,48,2,1
3189,574,49,2,1
3189,574,50,2,1
3189,574,51,2,1
3189,574,52,2,1
3189,574,53,2,1
3189,574,54,2,1
3189,574,55,2,1
3189,574,56,2,1
3189,574,57,2,1
3189,574,58,2,1
3189,574,59,2,1
3189,574,60,2,1
3189,574,61,2,1
3189,574,62,2,1
3189,574,63,2,1
3189,574,64,2,1
3189,574,65,2,1
3189,574,66,2,1
3189,574,67,2,1
3189,574,68,2,1
3189,574,69,2,1
3189,574,70,2,1
3189,574,71,2,1
3189,574,72,2,1
3189,574,73,2,1
3189,574,74,2,1
3189,574,75,2,1
3190,574,1,2,1
3190,574,2,2,1
3190,574,3,2,1
3190,574,4,2,1
3190,574,5,2,1
3190,574,6,2,1
3190,574,7,2,1
3190,574,8,2,1
3190,574,9,2,1
3190,574,10,2,1
3190,574,11,2,1
3190,574,12,2,1
3190,574,13,2,1
3190,574,14,2,1
3190,574,15,2,1
3190,574,16,2,1
3190,574,17,2,1
3190,574,18,2,1
3190,574,19,2,1
3190,574,20,2,1
3190,574,21,2,1
3190,574,22,2,1
3190,574,23,2,1
3190,574,24,2,1
3190,574,25,2,1
3190,574,26,2,1
3190,574,27,2,1
3190,574,28,2,1
3190,574,29,2,1
3190,574,30,2,1
3190,574,31,2,1
3190,574,32,2,1
3190,574,33,2,1
3190,574,34,2,1
3190,574,35,2,1
3190,574,36,2,1
3190,574,37,2,1
3190,574,38,2,1
3190,574,39,2,1
3190,574,40,2,1
3190,574,41,2,1
3190,574,42,2,1
3190,574,43,2,1
3190,574,44,2,1
3190,574,45,2,1
3190,574,46,2,1
3190,574,47,2,1
3190,574,48,2,1
3190,574,49,2,1
3190,574,50,2,1
3190,574,51,2,1
3190,574,52,2,1
3190,574,53,2,1
3190,574,54,2,1
3190,574,55,2,1
3190,574,56,2,1
3190,574,57,2,1
3190,574,58,2,1
3190,574,59,2,1
3190,574,60,2,1
3190,574,61,2,1
3190,574,62,2,1
3190,574,63,2,1
3190,574,64,2,1
3190,574,65,2,1
3190,574,66,2,1
3190,574,67,2,1
3190,574,68,2,1
3190,574,69,2,1
3190,574,70,2,1
3190,574,71,2,1
3190,574,72,2,1
3190,574,73,2,1
3190,574,74,2,1
3190,574,75,2,1
3191,575,1,1,-1
3191,575,2,1,-1
3191,575,3,1,-1
3191,575,4,1,-1
3191,575,5,1,-1
3191,575,6,1,-1
3191,575,7,1,-1
3191,575,8,1,-1
3191,575,9,1,-1
3191,575,10,1,-1
3191,575,11,1,-1
3191,575,12,1,-1
3191,575,13,1,-1
3191,575,14,1,-1
3191,575,15,1,-1
3191,575,16,1,-1
3191,575,17,1,-1
3191,575,18,1,-1
3191,575,19,1,-1
3191,575,20,1,-1
3191,575,21,1,-1
3191,575,22,1,-1
3191,575,23,1,-1
3191,575,24,1,-1
3191,575,25,1,-1
3191,575,26,1,-1
3191,575,27,1,-1
3191,575,28,1,-1
3191,575,29,1,-1
3191,575,30,1,-1
3191,575,31,1,-1
3191,575,32,1,-1
3191,575,33,1,-1
3191,575,34,1,-1
3191,575,35,1,-1
3191,575,36,1,-1
3191,575,37,1,-1
3191,575,38,1,-1
3191,575,39,1,-1
3191,575,40,1,-1
3191,575,41,1,-1
3191,575,42,1,-1
3191,575,43,1,-1
3191,575,44,1,-1
3191,575,45,1,-1
3191,575,46,1,-1
3191,575,47,1,-1
3191,575,48,1,-1
3191,575,49,1,-1
3191,575,50,1,-1
3191,575,51,1,-1
3191,575,52,1,-1
3191,575,53,1,-1
3191,575,54,1,-1
3191,575,55,1,-1
3191,575,56,1,-1
3191,575,57,1,-1
3191,575,58,1,-1
3191,575,59,1,-1
3191,575,60,1,-1
3191,575,61,1,-1
3191,575,62,1,-1
3191,575,63,1,-1
3191,575,64,1,-1
3191,575,65,1,-1
3191,575,66,1,-1
3191,575,67,1,-1
3191,575,68,1,-1
3191,575,69,1,-1
3191,575,70,1,-1
3191,575,71,1,-1
3191,575,72,1,-1
3191,575,73,1,-1
3191,575,74,1,-1
3191,575,75,1,-1
3191,575,1,2,1
3191,575,2,2,1
3191,575,3,2,1
3191,575,4,2,1
3191,575,5,2,1
3191,575,6,2,1
3191,575,7,2,1
3191,575,8,2,1
3191,575,9,2,1
3191,575,10,2,1
3191,575,11,2,1
3191,575,12,2,1
3191,575,13,2,1
3191,575,14,2,1
3191,575,15,2,1
3191,575,16,2,1
3191,575,17,2,1
3191,575,18,2,1
3191,575,19,2,1
3191,575,20,2,1
3191,575,21,2,1
3191,575,22,2,1
3191,575,23,2,1
3191,575,24,2,1
3191,575,25,2,1
3191,575,26,2,1
3191,575,27,2,1
3191,575,28,2,1
3191,575,29,2,1
3191,575,30,2,1
3191,575,31,2,1
3191,575,32,2,1
3191,575,33,2,1
3191,575,34,2,1
3191,575,35,2,1
3191,575,36,2,1
3191,575,37,2,1
3191,575,38,2,1
3191,575,39,2,1
3191,575,40,2,1
3191,575,41,2,1
3191,575,42,2,1
3191,575,43,2,1
3191,575,44,2,1
3191,575,45,2,1
3191,575,46,2,1
3191,575,47,2,1
3191,575,48,2,1
3191,575,49,2,1
3191,575,50,2,1
3191,575,51,2,1
3191,575,52,2,1
3191,575,53,2,1
3191,575,54,2,1
3191,575,55,2,1
3191,575,56,2,1
3191,575,57,2,1
3191,575,58,2,1
3191,575,59,2,1
3191,575,60,2,1
3191,575,61,2,1
3191,575,62,2,1
3191,575,63,2,1
3191,575,64,2,1
3191,575,65,2,1
3191,575,66,2,1
3191,575,67,2,1
3191,575,68,2,1
3191,575,69,2,1
3191,575,70,2,1
3191,575,71,2,1
3191,575,72,2,1
3191,575,73,2,1
3191,575,74,2,1
3191,575,75,2,1
3192,575,1,2,1
3192,575,2,2,1
3192,575,3,2,1
3192,575,4,2,1
3192,575,5,2,1
3192,575,6,2,1
3192,575,7,2,1
3192,575,8,2,1
3192,575,9,2,1
3192,575,10,2,1
3192,575,11,2,1
3192,575,12,2,1
3192,575,13,2,1
3192,575,14,2,1
3192,575,15,2,1
3192,575,16,2,1
3192,575,17,2,1
3192,575,18,2,1
3192,575,19,2,1
3192,575,20,2,1
3192,575,21,2,1
3192,575,22,2,1
3192,575,23,2,1
3192,575,24,2,1
3192,575,25,2,1
3192,575,26,2,1
3192,575,27,2,1
3192,575,28,2,1
3192,575,29,2,1
3192,575,30,2,1
3192,575,31,2,1
3192,575,32,2,1
3192,575,33,2,1
3192,575,34,2,1
3192,575,35,2,1
3192,575,36,2,1
3192,575,37,2,1
3192,575,38,2,1
3192,575,39,2,1
3192,575,40,2,1
3192,575,41,2,1
3192,575,42,2,1
3192,575,43,2,1
3192,575,44,2,1
3192,575,45,2,1
3192,575,46,2,1
3192,575,47,2,1
3192,575,48,2,1
3192,575,49,2,1
3192,575,50,2,1
3192,575,51,2,1
3192,575,52,2,1
3192,575,53,2,1
3192,575,54,2,1
3192,575,55,2,1
3192,575,56,2,1
3192,575,57,2,1
3192,575,58,2,1
3192,575,59,2,1
3192,575,60,2,1
3192,575,61,2,1
3192,575,62,2,1
3192,575,63,2,1
3192,575,64,2,1
3192,575,65,2,1
3192,575,66,2,1
3192,575,67,2,1
3192,575,68,2,1
3192,575,69,2,1
3192,575,70,2,1
3192,575,71,2,1
3192,575,72,2,1
3192,575,73,2,1
3192,575,74,2,1
3192,575,75,2,1
3193,575,1,2,1
3193,575,2,2,1
3193,575,3,2,1
3193,575,4,2,1
3193,575,5,2,1
3193,575,6,2,1
3193,575,7,2,1
3193,575,8,2,1
3193,575,9,2,1
3193,575,10,2,1
3193,575,11,2,1
3193,575,12,2,1
3193,575,13,2,1
3193,575,14,2,1
3193,575,15,2,1
3193,575,16,2,1
3193,575,17,2,1
3193,575,18,2,1
3193,575,19,2,1
3193,575,20,2,1
3193,575,21,2,1
3193,575,22,2,1
3193,575,23,2,1
3193,575,24,2,1
3193,575,25,2,1
3193,575,26,2,1
3193,575,27,2,1
3193,575,28,2,1
3193,575,29,2,1
3193,575,30,2,1
3193,575,31,2,1
3193,575,32,2,1
3193,575,33,2,1
3193,575,34,2,1
3193,575,35,2,1
3193,575,36,2,1
3193,575,37,2,1
3193,575,38,2,1
3193,575,39,2,1
3193,575,40,2,1
3193,575,41,2,1
3193,575,42,2,1
3193,575,43,2,1
3193,575,44,2,1
3193,575,45,2,1
3193,575,46,2,1
3193,575,47,2,1
3193,575,48,2,1
3193,575,49,2,1
3193,575,50,2,1
3193,575,51,2,1
3193,575,52,2,1
3193,575,53,2,1
3193,575,54,2,1
3193,575,55,2,1
3193,575,56,2,1
3193,575,57,2,1
3193,575,58,2,1
3193,575,59,2,1
3193,575,60,2,1
3193,575,61,2,1
3193,575,62,2,1
3193,575,63,2,1
3193,575,64,2,1
3193,575,65,2,1
3193,575,66,2,1
3193,575,67,2,1
3193,575,68,2,1
3193,575,69,2,1
3193,575,70,2,1
3193,575,71,2,1
3193,575,72,2,1
3193,575,73,2,1
3193,575,74,2,1
3193,575,75,2,1
3194,575,1,2,1
3194,575,2,2,1
3194,575,3,2,1
3194,575,4,2,1
3194,575,5,2,1
3194,575,6,2,1
3194,575,7,2,1
3194,575,8,2,1
3194,575,9,2,1
3194,575,10,2,1
3194,575,11,2,1
3194,575,12,2,1
3194,575,13,2,1
3194,575,14,2,1
3194,575,15,2,1
3194,575,16,2,1
3194,575,17,2,1
3194,575,18,2,1
3194,575,19,2,1
3194,575,20,2,1
3194,575,21,2,1
3194,575,22,2,1
3194,575,23,2,1
3194,575,24,2,1
3194,575,25,2,1
3194,575,26,2,1
3194,575,27,2,1
3194,575,28,2,1
3194,575,29,2,1
3194,575,30,2,1
3194,575,31,2,1
3194,575,32,2,1
3194,575,33,2,1
3194,575,34,2,1
3194,575,35,2,1
3194,575,36,2,1
3194,575,37,2,1
3194,575,38,2,1
3194,575,39,2,1
3194,575,40,2,1
3194,575,41,2,1
3194,575,42,2,1
3194,575,43,2,1
3194,575,44,2,1
3194,575,45,2,1
3194,575,46,2,1
3194,575,47,2,1
3194,575,48,2,1
3194,575,49,2,1
3194,575,50,2,1
3194,575,51,2,1
3194,575,52,2,1
3194,575,53,2,1
3194,575,54,2,1
3194,575,55,2,1
3194,575,56,2,1
3194,575,57,2,1
3194,575,58,2,1
3194,575,59,2,1
3194,575,60,2,1
3194,575,61,2,1
3194,575,62,2,1
3194,575,63,2,1
3194,575,64,2,1
3194,575,65,2,1
3194,575,66,2,1
3194,575,67,2,1
3194,575,68,2,1
3194,575,69,2,1
3194,575,70,2,1
3194,575,71,2,1
3194,575,72,2,1
3194,575,73,2,1
3194,575,74,2,1
3194,575,75,2,1
3195,575,1,2,1
3195,575,2,2,1
3195,575,3,2,1
3195,575,4,2,1
3195,575,5,2,1
3195,575,6,2,1
3195,575,7,2,1
3195,575,8,2,1
3195,575,9,2,1
3195,575,10,2,1
3195,575,11,2,1
3195,575,12,2,1
3195,575,13,2,1
3195,575,14,2,1
3195,575,15,2,1
3195,575,16,2,1
3195,575,17,2,1
3195,575,18,2,1
3195,575,19,2,1
3195,575,20,2,1
3195,575,21,2,1
3195,575,22,2,1
3195,575,23,2,1
3195,575,24,2,1
3195,575,25,2,1
3195,575,26,2,1
3195,575,27,2,1
3195,575,28,2,1
3195,575,29,2,1
3195,575,30,2,1
3195,575,31,2,1
3195,575,32,2,1
3195,575,33,2,1
3195,575,34,2,1
3195,575,35,2,1
3195,575,36,2,1
3195,575,37,2,1
3195,575,38,2,1
3195,575,39,2,1
3195,575,40,2,1
3195,575,41,2,1
3195,575,42,2,1
3195,575,43,2,1
3195,575,44,2,1
3195,575,45,2,1
3195,575,46,2,1
3195,575,47,2,1
3195,575,48,2,1
3195,575,49,2,1
3195,575,50,2,1
3195,575,51,2,1
3195,575,52,2,1
3195,575,53,2,1
3195,575,54,2,1
3195,575,55,2,1
3195,575,56,2,1
3195,575,57,2,1
3195,575,58,2,1
3195,575,59,2,1
3195,575,60,2,1
3195,575,61,2,1
3195,575,62,2,1
3195,575,63,2,1
3195,575,64,2,1
3195,575,65,2,1
3195,575,66,2,1
3195,575,67,2,1
3195,575,68,2,1
3195,575,69,2,1
3195,575,70,2,1
3195,575,71,2,1
3195,575,72,2,1
3195,575,73,2,1
3195,575,74,2,1
3195,575,75,2,1
3196,575,1,2,1
3196,575,2,2,1
3196,575,3,2,1
3196,575,4,2,1
3196,575,5,2,1
3196,575,6,2,1
3196,575,7,2,1
3196,575,8,2,1
3196,575,9,2,1
3196,575,10,2,1
3196,575,11,2,1
3196,575,12,2,1
3196,575,13,2,1
3196,575,14,2,1
3196,575,15,2,1
3196,575,16,2,1
3196,575,17,2,1
3196,575,18,2,1
3196,575,19,2,1
3196,575,20,2,1
3196,575,21,2,1
3196,575,22,2,1
3196,575,23,2,1
3196,575,24,2,1
3196,575,25,2,1
3196,575,26,2,1
3196,575,27,2,1
3196,575,28,2,1
3196,575,29,2,1
3196,575,30,2,1
3196,575,31,2,1
3196,575,32,2,1
3196,575,33,2,1
3196,575,34,2,1
3196,575,35,2,1
3196,575,36,2,1
3196,575,37,2,1
3196,575,38,2,1
3196,575,39,2,1
3196,575,40,2,1
3196,575,41,2,1
3196,575,42,2,1
3196,575,43,2,1
3196,575,44,2,1
3196,575,45,2,1
3196,575,46,2,1
3196,575,47,2,1
3196,575,48,2,1
3196,575,49,2,1
3196,575,50,2,1
3196,575,51,2,1
3196,575,52,2,1
3196,575,53,2,1
3196,575,54,2,1
3196,575,55,2,1
3196,575,56,2,1
3196,575,57,2,1
3196,575,58,2,1
3196,575,59,2,1
3196,575,60,2,1
3196,575,61,2,1
3196,575,62,2,1
3196,575,63,2,1
3196,575,64,2,1
3196,575,65,2,1
3196,575,66,2,1
3196,575,67,2,1
3196,575,68,2,1
3196,575,69,2,1
3196,575,70,2,1
3196,575,71,2,1
3196,575,72,2,1
3196,575,73,2,1
3196,575,74,2,1
3196,575,75,2,1
3197,575,1,2,1
3197,575,2,2,1
3197,575,3,2,1
3197,575,4,2,1
3197,575,5,2,1
3197,575,6,2,1
3197,575,7,2,1
3197,575,8,2,1
3197,575,9,2,1
3197,575,10,2,1
3197,575,11,2,1
3197,575,12,2,1
3197,575,13,2,1
3197,575,14,2,1
3197,575,15,2,1
3197,575,16,2,1
3197,575,17,2,1
3197,575,18,2,1
3197,575,19,2,1
3197,575,20,2,1
3197,575,21,2,1
3197,575,22,2,1
3197,575,23,2,1
3197,575,24,2,1
3197,575,25,2,1
3197,575,26,2,1
3197,575,27,2,1
3197,575,28,2,1
3197,575,29,2,1
3197,575,30,2,1
3197,575,31,2,1
3197,575,32,2,1
3197,575,33,2,1
3197,575,34,2,1
3197,575,35,2,1
3197,575,36,2,1
3197,575,37,2,1
3197,575,38,2,1
3197,575,39,2,1
3197,575,40,2,1
3197,575,41,2,1
3197,575,42,2,1
3197,575,43,2,1
3197,575,44,2,1
3197,575,45,2,1
3197,575,46,2,1
3197,575,47,2,1
3197,575,48,2,1
3197,575,49,2,1
3197,575,50,2,1
3197,575,51,2,1
3197,575,52,2,1
3197,575,53,2,1
3197,575,54,2,1
3197,575,55,2,1
3197,575,56,2,1
3197,575,57,2,1
3197,575,58,2,1
3197,575,59,2,1
3197,575,60,2,1
3197,575,61,2,1
3197,575,62,2,1
3197,575,63,2,1
3197,575,64,2,1
3197,575,65,2,1
3197,575,66,2,1
3197,575,67,2,1
3197,575,68,2,1
3197,575,69,2,1
3197,575,70,2,1
3197,575,71,2,1
3197,575,72,2,1
3197,575,73,2,1
3197,575,74,2,1
3197,575,75,2,1
3198,575,1,2,1
3198,575,2,2,1
3198,575,3,2,1
3198,575,4,2,1
3198,575,5,2,1
3198,575,6,2,1
3198,575,7,2,1
3198,575,8,2,1
3198,575,9,2,1
3198,575,10,2,1
3198,575,11,2,1
3198,575,12,2,1
3198,575,13,2,1
3198,575,14,2,1
3198,575,15,2,1
3198,575,16,2,1
3198,575,17,2,1
3198,575,18,2,1
3198,575,19,2,1
3198,575,20,2,1
3198,575,21,2,1
3198,575,22,2,1
3198,575,23,2,1
3198,575,24,2,1
3198,575,25,2,1
3198,575,26,2,1
3198,575,27,2,1
3198,575,28,2,1
3198,575,29,2,1
3198,575,30,2,1
3198,575,31,2,1
3198,575,32,2,1
3198,575,33,2,1
3198,575,34,2,1
3198,575,35,2,1
3198,575,36,2,1
3198,575,37,2,1
3198,575,38,2,1
3198,575,39,2,1
3198,575,40,2,1
3198,575,41,2,1
3198,575,42,2,1
3198,575,43,2,1
3198,575,44,2,1
3198,575,45,2,1
3198,575,46,2,1
3198,575,47,2,1
3198,575,48,2,1
3198,575,49,2,1
3198,575,50,2,1
3198,575,51,2,1
3198,575,52,2,1
3198,575,53,2,1
3198,575,54,2,1
3198,575,55,2,1
3198,575,56,2,1
3198,575,57,2,1
3198,575,58,2,1
3198,575,59,2,1
3198,575,60,2,1
3198,575,61,2,1
3198,575,62,2,1
3198,575,63,2,1
3198,575,64,2,1
3198,575,65,2,1
3198,575,66,2,1
3198,575,67,2,1
3198,575,68,2,1
3198,575,69,2,1
3198,575,70,2,1
3198,575,71,2,1
3198,575,72,2,1
3198,575,73,2,1
3198,575,74,2,1
3198,575,75,2,1
3199,575,1,2,1
3199,575,2,2,1
3199,575,3,2,1
3199,575,4,2,1
3199,575,5,2,1
3199,575,6,2,1
3199,575,7,2,1
3199,575,8,2,1
3199,575,9,2,1
3199,575,10,2,1
3199,575,11,2,1
3199,575,12,2,1
3199,575,13,2,1
3199,575,14,2,1
3199,575,15,2,1
3199,575,16,2,1
3199,575,17,2,1
3199,575,18,2,1
3199,575,19,2,1
3199,575,20,2,1
3199,575,21,2,1
3199,575,22,2,1
3199,575,23,2,1
3199,575,24,2,1
3199,575,25,2,1
3199,575,26,2,1
3199,575,27,2,1
3199,575,28,2,1
3199,575,29,2,1
3199,575,30,2,1
3199,575,31,2,1
3199,575,32,2,1
3199,575,33,2,1
3199,575,34,2,1
3199,575,35,2,1
3199,575,36,2,1
3199,575,37,2,1
3199,575,38,2,1
3199,575,39,2,1
3199,575,40,2,1
3199,575,41,2,1
3199,575,42,2,1
3199,575,43,2,1
3199,575,44,2,1
3199,575,45,2,1
3199,575,46,2,1
3199,575,47,2,1
3199,575,48,2,1
3199,575,49,2,1
3199,575,50,2,1
3199,575,51,2,1
3199,575,52,2,1
3199,575,53,2,1
3199,575,54,2,1
3199,575,55,2,1
3199,575,56,2,1
3199,575,57,2,1
3199,575,58,2,1
3199,575,59,2,1
3199,575,60,2,1
3199,575,61,2,1
3199,575,62,2,1
3199,575,63,2,1
3199,575,64,2,1
3199,575,65,2,1
3199,575,66,2,1
3199,575,67,2,1
3199,575,68,2,1
3199,575,69,2,1
3199,575,70,2,1
3199,575,71,2,1
3199,575,72,2,1
3199,575,73,2,1
3199,575,74,2,1
3199,575,75,2,1
3200,575,1,2,1
3200,575,2,2,1
3200,575,3,2,1
3200,575,4,2,1
3200,575,5,2,1
3200,575,6,2,1
3200,575,7,2,1
3200,575,8,2,1
3200,575,9,2,1
3200,575,10,2,1
3200,575,11,2,1
3200,575,12,2,1
3200,575,13,2,1
3200,575,14,2,1
3200,575,15,2,1
3200,575,16,2,1
3200,575,17,2,1
3200,575,18,2,1
3200,575,19,2,1
3200,575,20,2,1
3200,575,21,2,1
3200,575,22,2,1
3200,575,23,2,1
3200,575,24,2,1
3200,575,25,2,1
3200,575,26,2,1
3200,575,27,2,1
3200,575,28,2,1
3200,575,29,2,1
3200,575,30,2,1
3200,575,31,2,1
3200,575,32,2,1
3200,575,33,2,1
3200,575,34,2,1
3200,575,35,2,1
3200,575,36,2,1
3200,575,37,2,1
3200,575,38,2,1
3200,575,39,2,1
3200,575,40,2,1
3200,575,41,2,1
3200,575,42,2,1
3200,575,43,2,1
3200,575,44,2,1
3200,575,45,2,1
3200,575,46,2,1
3200,575,47,2,1
3200,575,48,2,1
3200,575,49,2,1
3200,575,50,2,1
3200,575,51,2,1
3200,575,52,2,1
3200,575,53,2,1
3200,575,54,2,1
3200,575,55,2,1
3200,575,56,2,1
3200,575,57,2,1
3200,575,58,2,1
3200,575,59,2,1
3200,575,60,2,1
3200,575,61,2,1
3200,575,62,2,1
3200,575,63,2,1
3200,575,64,2,1
3200,575,65,2,1
3200,575,66,2,1
3200,575,67,2,1
3200,575,68,2,1
3200,575,69,2,1
3200,575,70,2,1
3200,575,71,2,1
3200,575,72,2,1
3200,575,73,2,1
3200,575,74,2,1
3200,575,75,2,1
3201,575,1,2,1
3201,575,2,2,1
3201,575,3,2,1
3201,575,4,2,1
3201,575,5,2,1
3201,575,6,2,1
3201,575,7,2,1
3201,575,8,2,1
3201,575,9,2,1
3201,575,10,2,1
3201,575,11,2,1
3201,575,12,2,1
3201,575,13,2,1
3201,575,14,2,1
3201,575,15,2,1
3201,575,16,2,1
3201,575,17,2,1
3201,575,18,2,1
3201,575,19,2,1
3201,575,20,2,1
3201,575,21,2,1
3201,575,22,2,1
3201,575,23,2,1
3201,575,24,2,1
3201,575,25,2,1
3201,575,26,2,1
3201,575,27,2,1
3201,575,28,2,1
3201,575,29,2,1
3201,575,30,2,1
3201,575,31,2,1
3201,575,32,2,1
3201,575,33,2,1
3201,575,34,2,1
3201,575,35,2,1
3201,575,36,2,1
3201,575,37,2,1
3201,575,38,2,1
3201,575,39,2,1
3201,575,40,2,1
3201,575,41,2,1
3201,575,42,2,1
3201,575,43,2,1
3201,575,44,2,1
3201,575,45,2,1
3201,575,46,2,1
3201,575,47,2,1
3201,575,48,2,1
3201,575,49,2,1
3201,575,50,2,1
3201,575,51,2,1
3201,575,52,2,1
3201,575,53,2,1
3201,575,54,2,1
3201,575,55,2,1
3201,575,56,2,1
3201,575,57,2,1
3201,575,58,2,1
3201,575,59,2,1
3201,575,60,2,1
3201,575,61,2,1
3201,575,62,2,1
3201,575,63,2,1
3201,575,64,2,1
3201,575,65,2,1
3201,575,66,2,1
3201,575,67,2,1
3201,575,68,2,1
3201,575,69,2,1
3201,575,70,2,1
3201,575,71,2,1
3201,575,72,2,1
3201,575,73,2,1
3201,575,74,2,1
3201,575,75,2,1
3202,575,1,2,1
3202,575,2,2,1
3202,575,3,2,1
3202,575,4,2,1
3202,575,5,2,1
3202,575,6,2,1
3202,575,7,2,1
3202,575,8,2,1
3202,575,9,2,1
3202,575,10,2,1
3202,575,11,2,1
3202,575,12,2,1
3202,575,13,2,1
3202,575,14,2,1
3202,575,15,2,1
3202,575,16,2,1
3202,575,17,2,1
3202,575,18,2,1
3202,575,19,2,1
3202,575,20,2,1
3202,575,21,2,1
3202,575,22,2,1
3202,575,23,2,1
3202,575,24,2,1
3202,575,25,2,1
3202,575,26,2,1
3202,575,27,2,1
3202,575,28,2,1
3202,575,29,2,1
3202,575,30,2,1
3202,575,31,2,1
3202,575,32,2,1
3202,575,33,2,1
3202,575,34,2,1
3202,575,35,2,1
3202,575,36,2,1
3202,575,37,2,1
3202,575,38,2,1
3202,575,39,2,1
3202,575,40,2,1
3202,575,41,2,1
3202,575,42,2,1
3202,575,43,2,1
3202,575,44,2,1
3202,575,45,2,1
3202,575,46,2,1
3202,575,47,2,1
3202,575,48,2,1
3202,575,49,2,1
3202,575,50,2,1
3202,575,51,2,1
3202,575,52,2,1
3202,575,53,2,1
3202,575,54,2,1
3202,575,55,2,1
3202,575,56,2,1
3202,575,57,2,1
3202,575,58,2,1
3202,575,59,2,1
3202,575,60,2,1
3202,575,61,2,1
3202,575,62,2,1
3202,575,63,2,1
3202,575,64,2,1
3202,575,65,2,1
3202,575,66,2,1
3202,575,67,2,1
3202,575,68,2,1
3202,575,69,2,1
3202,575,70,2,1
3202,575,71,2,1
3202,575,72,2,1
3202,575,73,2,1
3202,575,74,2,1
3202,575,75,2,1
3203,575,1,2,1
3203,575,2,2,1
3203,575,3,2,1
3203,575,4,2,1
3203,575,5,2,1
3203,575,6,2,1
3203,575,7,2,1
3203,575,8,2,1
3203,575,9,2,1
3203,575,10,2,1
3203,575,11,2,1
3203,575,12,2,1
3203,575,13,2,1
3203,575,14,2,1
3203,575,15,2,1
3203,575,16,2,1
3203,575,17,2,1
3203,575,18,2,1
3203,575,19,2,1
3203,575,20,2,1
3203,575,21,2,1
3203,575,22,2,1
3203,575,23,2,1
3203,575,24,2,1
3203,575,25,2,1
3203,575,26,2,1
3203,575,27,2,1
3203,575,28,2,1
3203,575,29,2,1
3203,575,30,2,1
3203,575,31,2,1
3203,575,32,2,1
3203,575,33,2,1
3203,575,34,2,1
3203,575,35,2,1
3203,575,36,2,1
3203,575,37,2,1
3203,575,38,2,1
3203,575,39,2,1
3203,575,40,2,1
3203,575,41,2,1
3203,575,42,2,1
3203,575,43,2,1
3203,575,44,2,1
3203,575,45,2,1
3203,575,46,2,1
3203,575,47,2,1
3203,575,48,2,1
3203,575,49,2,1
3203,575,50,2,1
3203,575,51,2,1
3203,575,52,2,1
3203,575,53,2,1
3203,575,54,2,1
3203,575,55,2,1
3203,575,56,2,1
3203,575,57,2,1
3203,575,58,2,1
3203,575,59,2,1
3203,575,60,2,1
3203,575,61,2,1
3203,575,62,2,1
3203,575,63,2,1
3203,575,64,2,1
3203,575,65,2,1
3203,575,66,2,1
3203,575,67,2,1
3203,575,68,2,1
3203,575,69,2,1
3203,575,70,2,1
3203,575,71,2,1
3203,575,72,2,1
3203,575,73,2,1
3203,575,74,2,1
3203,575,75,2,1
3204,576,1,1,-1
3204,576,2,1,-1
3204,576,3,1,-1
3204,576,4,1,-1
3204,576,5,1,-1
3204,576,6,1,-1
3204,576,7,1,-1
3204,576,8,1,-1
3204,576,9,1,-1
3204,576,10,1,-1
3204,576,11,1,-1
3204,576,12,1,-1
3204,576,13,1,-1
3204,576,14,1,-1
3204,576,15,1,-1
3204,576,16,1,-1
3204,576,17,1,-1
3204,576,18,1,-1
3204,576,19,1,-1
3204,576,20,1,-1
3204,576,21,1,-1
3204,576,22,1,-1
3204,576,23,1,-1
3204,576,24,1,-1
3204,576,25,1,-1
3204,576,26,1,-1
3204,576,27,1,-1
3204,576,28,1,-1
3204,576,29,1,-1
3204,576,30,1,-1
3204,576,31,1,-1
3204,576,32,1,-1
3204,576,33,1,-1
3204,576,34,1,-1
3204,576,35,1,-1
3204,576,36,1,-1
3204,576,37,1,-1
3204,576,38,1,-1
3204,576,39,1,-1
3204,576,40,1,-1
3204,576,41,1,-1
3204,576,42,1,-1
3204,576,43,1,-1
3204,576,44,1,-1
3204,576,45,1,-1
3204,576,46,1,-1
3204,576,47,1,-1
3204,576,48,1,-1
3204,576,49,1,-1
3204,576,50,1,-1
3204,576,51,1,-1
3204,576,52,1,-1
3204,576,53,1,-1
3204,576,54,1,-1
3204,576,55,1,-1
3204,576,56,1,-1
3204,576,57,1,-1
3204,576,58,1,-1
3204,576,59,1,-1
3204,576,60,1,-1
3204,576,61,1,-1
3204,576,62,1,-1
3204,576,63,1,-1
3204,576,64,1,-1
3204,576,65,1,-1
3204,576,66,1,-1
3204,576,67,1,-1
3204,576,68,1,-1
3204,576,69,1,-1
3204,576,70,1,-1
3204,576,71,1,-1
3204,576,72,1,-1
3204,576,73,1,-1
3204,576,74,1,-1
3204,576,75,1,-1
3204,576,1,2,1
3204,576,2,2,1
3204,576,3,2,1
3204,576,4,2,1
3204,576,5,2,1
3204,576,6,2,1
3204,576,7,2,1
3204,576,8,2,1
3204,576,9,2,1
3204,576,10,2,1
3204,576,11,2,1
3204,576,12,2,1
3204,576,13,2,1
3204,576,14,2,1
3204,576,15,2,1
3204,576,16,2,1
3204,576,17,2,1
3204,576,18,2,1
3204,576,19,2,1
3204,576,20,2,1
3204,576,21,2,1
3204,576,22,2,1
3204,576,23,2,1
3204,576,24,2,1
3204,576,25,2,1
3204,576,26,2,1
3204,576,27,2,1
3204,576,28,2,1
3204,576,29,2,1
3204,576,30,2,1
3204,576,31,2,1
3204,576,32,2,1
3204,576,33,2,1
3204,576,34,2,1
3204,576,35,2,1
3204,576,36,2,1
3204,576,37,2,1
3204,576,38,2,1
3204,576,39,2,1
3204,576,40,2,1
3204,576,41,2,1
3204,576,42,2,1
3204,576,43,2,1
3204,576,44,2,1
3204,576,45,2,1
3204,576,46,2,1
3204,576,47,2,1
3204,576,48,2,1
3204,576,49,2,1
3204,576,50,2,1
3204,576,51,2,1
3204,576,52,2,1
3204,576,53,2,1
3204,576,54,2,1
3204,576,55,2,1
3204,576,56,2,1
3204,576,57,2,1
3204,576,58,2,1
3204,576,59,2,1
3204,576,60,2,1
3204,576,61,2,1
3204,576,62,2,1
3204,576,63,2,1
3204,576,64,2,1
3204,576,65,2,1
3204,576,66,2,1
3204,576,67,2,1
3204,576,68,2,1
3204,576,69,2,1
3204,576,70,2,1
3204,576,71,2,1
3204,576,72,2,1
3204,576,73,2,1
3204,576,74,2,1
3204,576,75,2,1
3205,576,1,2,1
3205,576,2,2,1
3205,576,3,2,1
3205,576,4,2,1
3205,576,5,2,1
3205,576,6,2,1
3205,576,7,2,1
3205,576,8,2,1
3205,576,9,2,1
3205,576,10,2,1
3205,576,11,2,1
3205,576,12,2,1
3205,576,13,2,1
3205,576,14,2,1
3205,576,15,2,1
3205,576,16,2,1
3205,576,17,2,1
3205,576,18,2,1
3205,576,19,2,1
3205,576,20,2,1
3205,576,21,2,1
3205,576,22,2,1
3205,576,23,2,1
3205,576,24,2,1
3205,576,25,2,1
3205,576,26,2,1
3205,576,27,2,1
3205,576,28,2,1
3205,576,29,2,1
3205,576,30,2,1
3205,576,31,2,1
3205,576,32,2,1
3205,576,33,2,1
3205,576,34,2,1
3205,576,35,2,1
3205,576,36,2,1
3205,576,37,2,1
3205,576,38,2,1
3205,576,39,2,1
3205,576,40,2,1
3205,576,41,2,1
3205,576,42,2,1
3205,576,43,2,1
3205,576,44,2,1
3205,576,45,2,1
3205,576,46,2,1
3205,576,47,2,1
3205,576,48,2,1
3205,576,49,2,1
3205,576,50,2,1
3205,576,51,2,1
3205,576,52,2,1
3205,576,53,2,1
3205,576,54,2,1
3205,576,55,2,1
3205,576,56,2,1
3205,576,57,2,1
3205,576,58,2,1
3205,576,59,2,1
3205,576,60,2,1
3205,576,61,2,1
3205,576,62,2,1
3205,576,63,2,1
3205,576,64,2,1
3205,576,65,2,1
3205,576,66,2,1
3205,576,67,2,1
3205,576,68,2,1
3205,576,69,2,1
3205,576,70,2,1
3205,576,71,2,1
3205,576,72,2,1
3205,576,73,2,1
3205,576,74,2,1
3205,576,75,2,1
3206,576,1,2,1
3206,576,2,2,1
3206,576,3,2,1
3206,576,4,2,1
3206,576,5,2,1
3206,576,6,2,1
3206,576,7,2,1
3206,576,8,2,1
3206,576,9,2,1
3206,576,10,2,1
3206,576,11,2,1
3206,576,12,2,1
3206,576,13,2,1
3206,576,14,2,1
3206,576,15,2,1
3206,576,16,2,1
3206,576,17,2,1
3206,576,18,2,1
3206,576,19,2,1
3206,576,20,2,1
3206,576,21,2,1
3206,576,22,2,1
3206,576,23,2,1
3206,576,24,2,1
3206,576,25,2,1
3206,576,26,2,1
3206,576,27,2,1
3206,576,28,2,1
3206,576,29,2,1
3206,576,30,2,1
3206,576,31,2,1
3206,576,32,2,1
3206,576,33,2,1
3206,576,34,2,1
3206,576,35,2,1
3206,576,36,2,1
3206,576,37,2,1
3206,576,38,2,1
3206,576,39,2,1
3206,576,40,2,1
3206,576,41,2,1
3206,576,42,2,1
3206,576,43,2,1
3206,576,44,2,1
3206,576,45,2,1
3206,576,46,2,1
3206,576,47,2,1
3206,576,48,2,1
3206,576,49,2,1
3206,576,50,2,1
3206,576,51,2,1
3206,576,52,2,1
3206,576,53,2,1
3206,576,54,2,1
3206,576,55,2,1
3206,576,56,2,1
3206,576,57,2,1
3206,576,58,2,1
3206,576,59,2,1
3206,576,60,2,1
3206,576,61,2,1
3206,576,62,2,1
3206,576,63,2,1
3206,576,64,2,1
3206,576,65,2,1
3206,576,66,2,1
3206,576,67,2,1
3206,576,68,2,1
3206,576,69,2,1
3206,576,70,2,1
3206,576,71,2,1
3206,576,72,2,1
3206,576,73,2,1
3206,576,74,2,1
3206,576,75,2,1
3207,576,1,2,1
3207,576,2,2,1
3207,576,3,2,1
3207,576,4,2,1
3207,576,5,2,1
3207,576,6,2,1
3207,576,7,2,1
3207,576,8,2,1
3207,576,9,2,1
3207,576,10,2,1
3207,576,11,2,1
3207,576,12,2,1
3207,576,13,2,1
3207,576,14,2,1
3207,576,15,2,1
3207,576,16,2,1
3207,576,17,2,1
3207,576,18,2,1
3207,576,19,2,1
3207,576,20,2,1
3207,576,21,2,1
3207,576,22,2,1
3207,576,23,2,1
3207,576,24,2,1
3207,576,25,2,1
3207,576,26,2,1
3207,576,27,2,1
3207,576,28,2,1
3207,576,29,2,1
3207,576,30,2,1
3207,576,31,2,1
3207,576,32,2,1
3207,576,33,2,1
3207,576,34,2,1
3207,576,35,2,1
3207,576,36,2,1
3207,576,37,2,1
3207,576,38,2,1
3207,576,39,2,1
3207,576,40,2,1
3207,576,41,2,1
3207,576,42,2,1
3207,576,43,2,1
3207,576,44,2,1
3207,576,45,2,1
3207,576,46,2,1
3207,576,47,2,1
3207,576,48,2,1
3207,576,49,2,1
3207,576,50,2,1
3207,576,51,2,1
3207,576,52,2,1
3207,576,53,2,1
3207,576,54,2,1
3207,576,55,2,1
3207,576,56,2,1
3207,576,57,2,1
3207,576,58,2,1
3207,576,59,2,1
3207,576,60,2,1
3207,576,61,2,1
3207,576,62,2,1
3207,576,63,2,1
3207,576,64,2,1
3207,576,65,2,1
3207,576,66,2,1
3207,576,67,2,1
3207,576,68,2,1
3207,576,69,2,1
3207,576,70,2,1
3207,576,71,2,1
3207,576,72,2,1
3207,576,73,2,1
3207,576,74,2,1
3207,576,75,2,1
3208,576,1,2,1
3208,576,2,2,1
3208,576,3,2,1
3208,576,4,2,1
3208,576,5,2,1
3208,576,6,2,1
3208,576,7,2,1
3208,576,8,2,1
3208,576,9,2,1
3208,576,10,2,1
3208,576,11,2,1
3208,576,12,2,1
3208,576,13,2,1
3208,576,14,2,1
3208,576,15,2,1
3208,576,16,2,1
3208,576,17,2,1
3208,576,18,2,1
3208,576,19,2,1
3208,576,20,2,1
3208,576,21,2,1
3208,576,22,2,1
3208,576,23,2,1
3208,576,24,2,1
3208,576,25,2,1
3208,576,26,2,1
3208,576,27,2,1
3208,576,28,2,1
3208,576,29,2,1
3208,576,30,2,1
3208,576,31,2,1
3208,576,32,2,1
3208,576,33,2,1
3208,576,34,2,1
3208,576,35,2,1
3208,576,36,2,1
3208,576,37,2,1
3208,576,38,2,1
3208,576,39,2,1
3208,576,40,2,1
3208,576,41,2,1
3208,576,42,2,1
3208,576,43,2,1
3208,576,44,2,1
3208,576,45,2,1
3208,576,46,2,1
3208,576,47,2,1
3208,576,48,2,1
3208,576,49,2,1
3208,576,50,2,1
3208,576,51,2,1
3208,576,52,2,1
3208,576,53,2,1
3208,576,54,2,1
3208,576,55,2,1
3208,576,56,2,1
3208,576,57,2,1
3208,576,58,2,1
3208,576,59,2,1
3208,576,60,2,1
3208,576,61,2,1
3208,576,62,2,1
3208,576,63,2,1
3208,576,64,2,1
3208,576,65,2,1
3208,576,66,2,1
3208,576,67,2,1
3208,576,68,2,1
3208,576,69,2,1
3208,576,70,2,1
3208,576,71,2,1
3208,576,72,2,1
3208,576,73,2,1
3208,576,74,2,1
3208,576,75,2,1
3209,576,1,2,1
3209,576,2,2,1
3209,576,3,2,1
3209,576,4,2,1
3209,576,5,2,1
3209,576,6,2,1
3209,576,7,2,1
3209,576,8,2,1
3209,576,9,2,1
3209,576,10,2,1
3209,576,11,2,1
3209,576,12,2,1
3209,576,13,2,1
3209,576,14,2,1
3209,576,15,2,1
3209,576,16,2,1
3209,576,17,2,1
3209,576,18,2,1
3209,576,19,2,1
3209,576,20,2,1
3209,576,21,2,1
3209,576,22,2,1
3209,576,23,2,1
3209,576,24,2,1
3209,576,25,2,1
3209,576,26,2,1
3209,576,27,2,1
3209,576,28,2,1
3209,576,29,2,1
3209,576,30,2,1
3209,576,31,2,1
3209,576,32,2,1
3209,576,33,2,1
3209,576,34,2,1
3209,576,35,2,1
3209,576,36,2,1
3209,576,37,2,1
3209,576,38,2,1
3209,576,39,2,1
3209,576,40,2,1
3209,576,41,2,1
3209,576,42,2,1
3209,576,43,2,1
3209,576,44,2,1
3209,576,45,2,1
3209,576,46,2,1
3209,576,47,2,1
3209,576,48,2,1
3209,576,49,2,1
3209,576,50,2,1
3209,576,51,2,1
3209,576,52,2,1
3209,576,53,2,1
3209,576,54,2,1
3209,576,55,2,1
3209,576,56,2,1
3209,576,57,2,1
3209,576,58,2,1
3209,576,59,2,1
3209,576,60,2,1
3209,576,61,2,1
3209,576,62,2,1
3209,576,63,2,1
3209,576,64,2,1
3209,576,65,2,1
3209,576,66,2,1
3209,576,67,2,1
3209,576,68,2,1
3209,576,69,2,1
3209,576,70,2,1
3209,576,71,2,1
3209,576,72,2,1
3209,576,73,2,1
3209,576,74,2,1
3209,576,75,2,1
3210,576,1,2,1
3210,576,2,2,1
3210,576,3,2,1
3210,576,4,2,1
3210,576,5,2,1
3210,576,6,2,1
3210,576,7,2,1
3210,576,8,2,1
3210,576,9,2,1
3210,576,10,2,1
3210,576,11,2,1
3210,576,12,2,1
3210,576,13,2,1
3210,576,14,2,1
3210,576,15,2,1
3210,576,16,2,1
3210,576,17,2,1
3210,576,18,2,1
3210,576,19,2,1
3210,576,20,2,1
3210,576,21,2,1
3210,576,22,2,1
3210,576,23,2,1
3210,576,24,2,1
3210,576,25,2,1
3210,576,26,2,1
3210,576,27,2,1
3210,576,28,2,1
3210,576,29,2,1
3210,576,30,2,1
3210,576,31,2,1
3210,576,32,2,1
3210,576,33,2,1
3210,576,34,2,1
3210,576,35,2,1
3210,576,36,2,1
3210,576,37,2,1
3210,576,38,2,1
3210,576,39,2,1
3210,576,40,2,1
3210,576,41,2,1
3210,576,42,2,1
3210,576,43,2,1
3210,576,44,2,1
3210,576,45,2,1
3210,576,46,2,1
3210,576,47,2,1
3210,576,48,2,1
3210,576,49,2,1
3210,576,50,2,1
3210,576,51,2,1
3210,576,52,2,1
3210,576,53,2,1
3210,576,54,2,1
3210,576,55,2,1
3210,576,56,2,1
3210,576,57,2,1
3210,576,58,2,1
3210,576,59,2,1
3210,576,60,2,1
3210,576,61,2,1
3210,576,62,2,1
3210,576,63,2,1
3210,576,64,2,1
3210,576,65,2,1
3210,576,66,2,1
3210,576,67,2,1
3210,576,68,2,1
3210,576,69,2,1
3210,576,70,2,1
3210,576,71,2,1
3210,576,72,2,1
3210,576,73,2,1
3210,576,74,2,1
3210,576,75,2,1
3211,576,1,2,1
3211,576,2,2,1
3211,576,3,2,1
3211,576,4,2,1
3211,576,5,2,1
3211,576,6,2,1
3211,576,7,2,1
3211,576,8,2,1
3211,576,9,2,1
3211,576,10,2,1
3211,576,11,2,1
3211,576,12,2,1
3211,576,13,2,1
3211,576,14,2,1
3211,576,15,2,1
3211,576,16,2,1
3211,576,17,2,1
3211,576,18,2,1
3211,576,19,2,1
3211,576,20,2,1
3211,576,21,2,1
3211,576,22,2,1
3211,576,23,2,1
3211,576,24,2,1
3211,576,25,2,1
3211,576,26,2,1
3211,576,27,2,1
3211,576,28,2,1
3211,576,29,2,1
3211,576,30,2,1
3211,576,31,2,1
3211,576,32,2,1
3211,576,33,2,1
3211,576,34,2,1
3211,576,35,2,1
3211,576,36,2,1
3211,576,37,2,1
3211,576,38,2,1
3211,576,39,2,1
3211,576,40,2,1
3211,576,41,2,1
3211,576,42,2,1
3211,576,43,2,1
3211,576,44,2,1
3211,576,45,2,1
3211,576,46,2,1
3211,576,47,2,1
3211,576,48,2,1
3211,576,49,2,1
3211,576,50,2,1
3211,576,51,2,1
3211,576,52,2,1
3211,576,53,2,1
3211,576,54,2,1
3211,576,55,2,1
3211,576,56,2,1
3211,576,57,2,1
3211,576,58,2,1
3211,576,59,2,1
3211,576,60,2,1
3211,576,61,2,1
3211,576,62,2,1
3211,576,63,2,1
3211,576,64,2,1
3211,576,65,2,1
3211,576,66,2,1
3211,576,67,2,1
3211,576,68,2,1
3211,576,69,2,1
3211,576,70,2,1
3211,576,71,2,1
3211,576,72,2,1
3211,576,73,2,1
3211,576,74,2,1
3211,576,75,2,1
3212,576,1,2,1
3212,576,2,2,1
3212,576,3,2,1
3212,576,4,2,1
3212,576,5,2,1
3212,576,6,2,1
3212,576,7,2,1
3212,576,8,2,1
3212,576,9,2,1
3212,576,10,2,1
3212,576,11,2,1
3212,576,12,2,1
3212,576,13,2,1
3212,576,14,2,1
3212,576,15,2,1
3212,576,16,2,1
3212,576,17,2,1
3212,576,18,2,1
3212,576,19,2,1
3212,576,20,2,1
3212,576,21,2,1
3212,576,22,2,1
3212,576,23,2,1
3212,576,24,2,1
3212,576,25,2,1
3212,576,26,2,1
3212,576,27,2,1
3212,576,28,2,1
3212,576,29,2,1
3212,576,30,2,1
3212,576,31,2,1
3212,576,32,2,1
3212,576,33,2,1
3212,576,34,2,1
3212,576,35,2,1
3212,576,36,2,1
3212,576,37,2,1
3212,576,38,2,1
3212,576,39,2,1
3212,576,40,2,1
3212,576,41,2,1
3212,576,42,2,1
3212,576,43,2,1
3212,576,44,2,1
3212,576,45,2,1
3212,576,46,2,1
3212,576,47,2,1
3212,576,48,2,1
3212,576,49,2,1
3212,576,50,2,1
3212,576,51,2,1
3212,576,52,2,1
3212,576,53,2,1
3212,576,54,2,1
3212,576,55,2,1
3212,576,56,2,1
3212,576,57,2,1
3212,576,58,2,1
3212,576,59,2,1
3212,576,60,2,1
3212,576,61,2,1
3212,576,62,2,1
3212,576,63,2,1
3212,576,64,2,1
3212,576,65,2,1
3212,576,66,2,1
3212,576,67,2,1
3212,576,68,2,1
3212,576,69,2,1
3212,576,70,2,1
3212,576,71,2,1
3212,576,72,2,1
3212,576,73,2,1
3212,576,74,2,1
3212,576,75,2,1
3213,577,1,1,-1
3213,577,2,1,-1
3213,577,3,1,-1
3213,577,4,1,-1
3213,577,5,1,-1
3213,577,6,1,-1
3213,577,7,1,-1
3213,577,8,1,-1
3213,577,9,1,-1
3213,577,10,1,-1
3213,577,11,1,-1
3213,577,12,1,-1
3213,577,13,1,-1
3213,577,14,1,-1
3213,577,15,1,-1
3213,577,16,1,-1
3213,577,17,1,-1
3213,577,18,1,-1
3213,577,19,1,-1
3213,577,20,1,-1
3213,577,21,1,-1
3213,577,22,1,-1
3213,577,23,1,-1
3213,577,24,1,-1
3213,577,25,1,-1
3213,577,26,1,-1
3213,577,27,1,-1
3213,577,28,1,-1
3213,577,29,1,-1
3213,577,30,1,-1
3213,577,31,1,-1
3213,577,32,1,-1
3213,577,33,1,-1
3213,577,34,1,-1
3213,577,35,1,-1
3213,577,36,1,-1
3213,577,37,1,-1
3213,577,38,1,-1
3213,577,39,1,-1
3213,577,40,1,-1
3213,577,41,1,-1
3213,577,42,1,-1
3213,577,43,1,-1
3213,577,44,1,-1
3213,577,45,1,-1
3213,577,46,1,-1
3213,577,47,1,-1
3213,577,48,1,-1
3213,577,49,1,-1
3213,577,50,1,-1
3213,577,51,1,-1
3213,577,52,1,-1
3213,577,53,1,-1
3213,577,54,1,-1
3213,577,55,1,-1
3213,577,56,1,-1
3213,577,57,1,-1
3213,577,58,1,-1
3213,577,59,1,-1
3213,577,60,1,-1
3213,577,61,1,-1
3213,577,62,1,-1
3213,577,63,1,-1
3213,577,64,1,-1
3213,577,65,1,-1
3213,577,66,1,-1
3213,577,67,1,-1
3213,577,68,1,-1
3213,577,69,1,-1
3213,577,70,1,-1
3213,577,71,1,-1
3213,577,72,1,-1
3213,577,73,1,-1
3213,577,74,1,-1
3213,577,75,1,-1
3213,577,1,2,1
3213,577,2,2,1
3213,577,3,2,1
3213,577,4,2,1
3213,577,5,2,1
3213,577,6,2,1
3213,577,7,2,1
3213,577,8,2,1
3213,577,9,2,1
3213,577,10,2,1
3213,577,11,2,1
3213,577,12,2,1
3213,577,13,2,1
3213,577,14,2,1
3213,577,15,2,1
3213,577,16,2,1
3213,577,17,2,1
3213,577,18,2,1
3213,577,19,2,1
3213,577,20,2,1
3213,577,21,2,1
3213,577,22,2,1
3213,577,23,2,1
3213,577,24,2,1
3213,577,25,2,1
3213,577,26,2,1
3213,577,27,2,1
3213,577,28,2,1
3213,577,29,2,1
3213,577,30,2,1
3213,577,31,2,1
3213,577,32,2,1
3213,577,33,2,1
3213,577,34,2,1
3213,577,35,2,1
3213,577,36,2,1
3213,577,37,2,1
3213,577,38,2,1
3213,577,39,2,1
3213,577,40,2,1
3213,577,41,2,1
3213,577,42,2,1
3213,577,43,2,1
3213,577,44,2,1
3213,577,45,2,1
3213,577,46,2,1
3213,577,47,2,1
3213,577,48,2,1
3213,577,49,2,1
3213,577,50,2,1
3213,577,51,2,1
3213,577,52,2,1
3213,577,53,2,1
3213,577,54,2,1
3213,577,55,2,1
3213,577,56,2,1
3213,577,57,2,1
3213,577,58,2,1
3213,577,59,2,1
3213,577,60,2,1
3213,577,61,2,1
3213,577,62,2,1
3213,577,63,2,1
3213,577,64,2,1
3213,577,65,2,1
3213,577,66,2,1
3213,577,67,2,1
3213,577,68,2,1
3213,577,69,2,1
3213,577,70,2,1
3213,577,71,2,1
3213,577,72,2,1
3213,577,73,2,1
3213,577,74,2,1
3213,577,75,2,1
3214,577,1,2,1
3214,577,2,2,1
3214,577,3,2,1
3214,577,4,2,1
3214,577,5,2,1
3214,577,6,2,1
3214,577,7,2,1
3214,577,8,2,1
3214,577,9,2,1
3214,577,10,2,1
3214,577,11,2,1
3214,577,12,2,1
3214,577,13,2,1
3214,577,14,2,1
3214,577,15,2,1
3214,577,16,2,1
3214,577,17,2,1
3214,577,18,2,1
3214,577,19,2,1
3214,577,20,2,1
3214,577,21,2,1
3214,577,22,2,1
3214,577,23,2,1
3214,577,24,2,1
3214,577,25,2,1
3214,577,26,2,1
3214,577,27,2,1
3214,577,28,2,1
3214,577,29,2,1
3214,577,30,2,1
3214,577,31,2,1
3214,577,32,2,1
3214,577,33,2,1
3214,577,34,2,1
3214,577,35,2,1
3214,577,36,2,1
3214,577,37,2,1
3214,577,38,2,1
3214,577,39,2,1
3214,577,40,2,1
3214,577,41,2,1
3214,577,42,2,1
3214,577,43,2,1
3214,577,44,2,1
3214,577,45,2,1
3214,577,46,2,1
3214,577,47,2,1
3214,577,48,2,1
3214,577,49,2,1
3214,577,50,2,1
3214,577,51,2,1
3214,577,52,2,1
3214,577,53,2,1
3214,577,54,2,1
3214,577,55,2,1
3214,577,56,2,1
3214,577,57,2,1
3214,577,58,2,1
3214,577,59,2,1
3214,577,60,2,1
3214,577,61,2,1
3214,577,62,2,1
3214,577,63,2,1
3214,577,64,2,1
3214,577,65,2,1
3214,577,66,2,1
3214,577,67,2,1
3214,577,68,2,1
3214,577,69,2,1
3214,577,70,2,1
3214,577,71,2,1
3214,577,72,2,1
3214,577,73,2,1
3214,577,74,2,1
3214,577,75,2,1
3215,577,1,2,1
3215,577,2,2,1
3215,577,3,2,1
3215,577,4,2,1
3215,577,5,2,1
3215,577,6,2,1
3215,577,7,2,1
3215,577,8,2,1
3215,577,9,2,1
3215,577,10,2,1
3215,577,11,2,1
3215,577,12,2,1
3215,577,13,2,1
3215,577,14,2,1
3215,577,15,2,1
3215,577,16,2,1
3215,577,17,2,1
3215,577,18,2,1
3215,577,19,2,1
3215,577,20,2,1
3215,577,21,2,1
3215,577,22,2,1
3215,577,23,2,1
3215,577,24,2,1
3215,577,25,2,1
3215,577,26,2,1
3215,577,27,2,1
3215,577,28,2,1
3215,577,29,2,1
3215,577,30,2,1
3215,577,31,2,1
3215,577,32,2,1
3215,577,33,2,1
3215,577,34,2,1
3215,577,35,2,1
3215,577,36,2,1
3215,577,37,2,1
3215,577,38,2,1
3215,577,39,2,1
3215,577,40,2,1
3215,577,41,2,1
3215,577,42,2,1
3215,577,43,2,1
3215,577,44,2,1
3215,577,45,2,1
3215,577,46,2,1
3215,577,47,2,1
3215,577,48,2,1
3215,577,49,2,1
3215,577,50,2,1
3215,577,51,2,1
3215,577,52,2,1
3215,577,53,2,1
3215,577,54,2,1
3215,577,55,2,1
3215,577,56,2,1
3215,577,57,2,1
3215,577,58,2,1
3215,577,59,2,1
3215,577,60,2,1
3215,577,61,2,1
3215,577,62,2,1
3215,577,63,2,1
3215,577,64,2,1
3215,577,65,2,1
3215,577,66,2,1
3215,577,67,2,1
3215,577,68,2,1
3215,577,69,2,1
3215,577,70,2,1
3215,577,71,2,1
3215,577,72,2,1
3215,577,73,2,1
3215,577,74,2,1
3215,577,75,2,1
3216,577,1,2,1
3216,577,2,2,1
3216,577,3,2,1
3216,577,4,2,1
3216,577,5,2,1
3216,577,6,2,1
3216,577,7,2,1
3216,577,8,2,1
3216,577,9,2,1
3216,577,10,2,1
3216,577,11,2,1
3216,577,12,2,1
3216,577,13,2,1
3216,577,14,2,1
3216,577,15,2,1
3216,577,16,2,1
3216,577,17,2,1
3216,577,18,2,1
3216,577,19,2,1
3216,577,20,2,1
3216,577,21,2,1
3216,577,22,2,1
3216,577,23,2,1
3216,577,24,2,1
3216,577,25,2,1
3216,577,26,2,1
3216,577,27,2,1
3216,577,28,2,1
3216,577,29,2,1
3216,577,30,2,1
3216,577,31,2,1
3216,577,32,2,1
3216,577,33,2,1
3216,577,34,2,1
3216,577,35,2,1
3216,577,36,2,1
3216,577,37,2,1
3216,577,38,2,1
3216,577,39,2,1
3216,577,40,2,1
3216,577,41,2,1
3216,577,42,2,1
3216,577,43,2,1
3216,577,44,2,1
3216,577,45,2,1
3216,577,46,2,1
3216,577,47,2,1
3216,577,48,2,1
3216,577,49,2,1
3216,577,50,2,1
3216,577,51,2,1
3216,577,52,2,1
3216,577,53,2,1
3216,577,54,2,1
3216,577,55,2,1
3216,577,56,2,1
3216,577,57,2,1
3216,577,58,2,1
3216,577,59,2,1
3216,577,60,2,1
3216,577,61,2,1
3216,577,62,2,1
3216,577,63,2,1
3216,577,64,2,1
3216,577,65,2,1
3216,577,66,2,1
3216,577,67,2,1
3216,577,68,2,1
3216,577,69,2,1
3216,577,70,2,1
3216,577,71,2,1
3216,577,72,2,1
3216,577,73,2,1
3216,577,74,2,1
3216,577,75,2,1
3217,577,1,2,1
3217,577,2,2,1
3217,577,3,2,1
3217,577,4,2,1
3217,577,5,2,1
3217,577,6,2,1
3217,577,7,2,1
3217,577,8,2,1
3217,577,9,2,1
3217,577,10,2,1
3217,577,11,2,1
3217,577,12,2,1
3217,577,13,2,1
3217,577,14,2,1
3217,577,15,2,1
3217,577,16,2,1
3217,577,17,2,1
3217,577,18,2,1
3217,577,19,2,1
3217,577,20,2,1
3217,577,21,2,1
3217,577,22,2,1
3217,577,23,2,1
3217,577,24,2,1
3217,577,25,2,1
3217,577,26,2,1
3217,577,27,2,1
3217,577,28,2,1
3217,577,29,2,1
3217,577,30,2,1
3217,577,31,2,1
3217,577,32,2,1
3217,577,33,2,1
3217,577,34,2,1
3217,577,35,2,1
3217,577,36,2,1
3217,577,37,2,1
3217,577,38,2,1
3217,577,39,2,1
3217,577,40,2,1
3217,577,41,2,1
3217,577,42,2,1
3217,577,43,2,1
3217,577,44,2,1
3217,577,45,2,1
3217,577,46,2,1
3217,577,47,2,1
3217,577,48,2,1
3217,577,49,2,1
3217,577,50,2,1
3217,577,51,2,1
3217,577,52,2,1
3217,577,53,2,1
3217,577,54,2,1
3217,577,55,2,1
3217,577,56,2,1
3217,577,57,2,1
3217,577,58,2,1
3217,577,59,2,1
3217,577,60,2,1
3217,577,61,2,1
3217,577,62,2,1
3217,577,63,2,1
3217,577,64,2,1
3217,577,65,2,1
3217,577,66,2,1
3217,577,67,2,1
3217,577,68,2,1
3217,577,69,2,1
3217,577,70,2,1
3217,577,71,2,1
3217,577,72,2,1
3217,577,73,2,1
3217,577,74,2,1
3217,577,75,2,1
3218,577,1,2,1
3218,577,2,2,1
3218,577,3,2,1
3218,577,4,2,1
3218,577,5,2,1
3218,577,6,2,1
3218,577,7,2,1
3218,577,8,2,1
3218,577,9,2,1
3218,577,10,2,1
3218,577,11,2,1
3218,577,12,2,1
3218,577,13,2,1
3218,577,14,2,1
3218,577,15,2,1
3218,577,16,2,1
3218,577,17,2,1
3218,577,18,2,1
3218,577,19,2,1
3218,577,20,2,1
3218,577,21,2,1
3218,577,22,2,1
3218,577,23,2,1
3218,577,24,2,1
3218,577,25,2,1
3218,577,26,2,1
3218,577,27,2,1
3218,577,28,2,1
3218,577,29,2,1
3218,577,30,2,1
3218,577,31,2,1
3218,577,32,2,1
3218,577,33,2,1
3218,577,34,2,1
3218,577,35,2,1
3218,577,36,2,1
3218,577,37,2,1
3218,577,38,2,1
3218,577,39,2,1
3218,577,40,2,1
3218,577,41,2,1
3218,577,42,2,1
3218,577,43,2,1
3218,577,44,2,1
3218,577,45,2,1
3218,577,46,2,1
3218,577,47,2,1
3218,577,48,2,1
3218,577,49,2,1
3218,577,50,2,1
3218,577,51,2,1
3218,577,52,2,1
3218,577,53,2,1
3218,577,54,2,1
3218,577,55,2,1
3218,577,56,2,1
3218,577,57,2,1
3218,577,58,2,1
3218,577,59,2,1
3218,577,60,2,1
3218,577,61,2,1
3218,577,62,2,1
3218,577,63,2,1
3218,577,64,2,1
3218,577,65,2,1
3218,577,66,2,1
3218,577,67,2,1
3218,577,68,2,1
3218,577,69,2,1
3218,577,70,2,1
3218,577,71,2,1
3218,577,72,2,1
3218,577,73,2,1
3218,577,74,2,1
3218,577,75,2,1
3219,577,1,2,1
3219,577,2,2,1
3219,577,3,2,1
3219,577,4,2,1
3219,577,5,2,1
3219,577,6,2,1
3219,577,7,2,1
3219,577,8,2,1
3219,577,9,2,1
3219,577,10,2,1
3219,577,11,2,1
3219,577,12,2,1
3219,577,13,2,1
3219,577,14,2,1
3219,577,15,2,1
3219,577,16,2,1
3219,577,17,2,1
3219,577,18,2,1
3219,577,19,2,1
3219,577,20,2,1
3219,577,21,2,1
3219,577,22,2,1
3219,577,23,2,1
3219,577,24,2,1
3219,577,25,2,1
3219,577,26,2,1
3219,577,27,2,1
3219,577,28,2,1
3219,577,29,2,1
3219,577,30,2,1
3219,577,31,2,1
3219,577,32,2,1
3219,577,33,2,1
3219,577,34,2,1
3219,577,35,2,1
3219,577,36,2,1
3219,577,37,2,1
3219,577,38,2,1
3219,577,39,2,1
3219,577,40,2,1
3219,577,41,2,1
3219,577,42,2,1
3219,577,43,2,1
3219,577,44,2,1
3219,577,45,2,1
3219,577,46,2,1
3219,577,47,2,1
3219,577,48,2,1
3219,577,49,2,1
3219,577,50,2,1
3219,577,51,2,1
3219,577,52,2,1
3219,577,53,2,1
3219,577,54,2,1
3219,577,55,2,1
3219,577,56,2,1
3219,577,57,2,1
3219,577,58,2,1
3219,577,59,2,1
3219,577,60,2,1
3219,577,61,2,1
3219,577,62,2,1
3219,577,63,2,1
3219,577,64,2,1
3219,577,65,2,1
3219,577,66,2,1
3219,577,67,2,1
3219,577,68,2,1
3219,577,69,2,1
3219,577,70,2,1
3219,577,71,2,1
3219,577,72,2,1
3219,577,73,2,1
3219,577,74,2,1
3219,577,75,2,1
3220,577,1,2,1
3220,577,2,2,1
3220,577,3,2,1
3220,577,4,2,1
3220,577,5,2,1
3220,577,6,2,1
3220,577,7,2,1
3220,577,8,2,1
3220,577,9,2,1
3220,577,10,2,1
3220,577,11,2,1
3220,577,12,2,1
3220,577,13,2,1
3220,577,14,2,1
3220,577,15,2,1
3220,577,16,2,1
3220,577,17,2,1
3220,577,18,2,1
3220,577,19,2,1
3220,577,20,2,1
3220,577,21,2,1
3220,577,22,2,1
3220,577,23,2,1
3220,577,24,2,1
3220,577,25,2,1
3220,577,26,2,1
3220,577,27,2,1
3220,577,28,2,1
3220,577,29,2,1
3220,577,30,2,1
3220,577,31,2,1
3220,577,32,2,1
3220,577,33,2,1
3220,577,34,2,1
3220,577,35,2,1
3220,577,36,2,1
3220,577,37,2,1
3220,577,38,2,1
3220,577,39,2,1
3220,577,40,2,1
3220,577,41,2,1
3220,577,42,2,1
3220,577,43,2,1
3220,577,44,2,1
3220,577,45,2,1
3220,577,46,2,1
3220,577,47,2,1
3220,577,48,2,1
3220,577,49,2,1
3220,577,50,2,1
3220,577,51,2,1
3220,577,52,2,1
3220,577,53,2,1
3220,577,54,2,1
3220,577,55,2,1
3220,577,56,2,1
3220,577,57,2,1
3220,577,58,2,1
3220,577,59,2,1
3220,577,60,2,1
3220,577,61,2,1
3220,577,62,2,1
3220,577,63,2,1
3220,577,64,2,1
3220,577,65,2,1
3220,577,66,2,1
3220,577,67,2,1
3220,577,68,2,1
3220,577,69,2,1
3220,577,70,2,1
3220,577,71,2,1
3220,577,72,2,1
3220,577,73,2,1
3220,577,74,2,1
3220,577,75,2,1
3221,578,1,1,-1
3221,578,2,1,-1
3221,578,3,1,-1
3221,578,4,1,-1
3221,578,5,1,-1
3221,578,6,1,-1
3221,578,7,1,-1
3221,578,8,1,-1
3221,578,9,1,-1
3221,578,10,1,-1
3221,578,11,1,-1
3221,578,12,1,-1
3221,578,13,1,-1
3221,578,14,1,-1
3221,578,15,1,-1
3221,578,16,1,-1
3221,578,17,1,-1
3221,578,18,1,-1
3221,578,19,1,-1
3221,578,20,1,-1
3221,578,21,1,-1
3221,578,22,1,-1
3221,578,23,1,-1
3221,578,24,1,-1
3221,578,25,1,-1
3221,578,26,1,-1
3221,578,27,1,-1
3221,578,28,1,-1
3221,578,29,1,-1
3221,578,30,1,-1
3221,578,31,1,-1
3221,578,32,1,-1
3221,578,33,1,-1
3221,578,34,1,-1
3221,578,35,1,-1
3221,578,36,1,-1
3221,578,37,1,-1
3221,578,38,1,-1
3221,578,39,1,-1
3221,578,40,1,-1
3221,578,41,1,-1
3221,578,42,1,-1
3221,578,43,1,-1
3221,578,44,1,-1
3221,578,45,1,-1
3221,578,46,1,-1
3221,578,47,1,-1
3221,578,48,1,-1
3221,578,49,1,-1
3221,578,50,1,-1
3221,578,51,1,-1
3221,578,52,1,-1
3221,578,53,1,-1
3221,578,54,1,-1
3221,578,55,1,-1
3221,578,56,1,-1
3221,578,57,1,-1
3221,578,58,1,-1
3221,578,59,1,-1
3221,578,60,1,-1
3221,578,61,1,-1
3221,578,62,1,-1
3221,578,63,1,-1
3221,578,64,1,-1
3221,578,65,1,-1
3221,578,66,1,-1
3221,578,67,1,-1
3221,578,68,1,-1
3221,578,69,1,-1
3221,578,70,1,-1
3221,578,71,1,-1
3221,578,72,1,-1
3221,578,73,1,-1
3221,578,74,1,-1
3221,578,75,1,-1
3221,578,1,2,1
3221,578,2,2,1
3221,578,3,2,1
3221,578,4,2,1
3221,578,5,2,1
3221,578,6,2,1
3221,578,7,2,1
3221,578,8,2,1
3221,578,9,2,1
3221,578,10,2,1
3221,578,11,2,1
3221,578,12,2,1
3221,578,13,2,1
3221,578,14,2,1
3221,578,15,2,1
3221,578,16,2,1
3221,578,17,2,1
3221,578,18,2,1
3221,578,19,2,1
3221,578,20,2,1
3221,578,21,2,1
3221,578,22,2,1
3221,578,23,2,1
3221,578,24,2,1
3221,578,25,2,1
3221,578,26,2,1
3221,578,27,2,1
3221,578,28,2,1
3221,578,29,2,1
3221,578,30,2,1
3221,578,31,2,1
3221,578,32,2,1
3221,578,33,2,1
3221,578,34,2,1
3221,578,35,2,1
3221,578,36,2,1
3221,578,37,2,1
3221,578,38,2,1
3221,578,39,2,1
3221,578,40,2,1
3221,578,41,2,1
3221,578,42,2,1
3221,578,43,2,1
3221,578,44,2,1
3221,578,45,2,1
3221,578,46,2,1
3221,578,47,2,1
3221,578,48,2,1
3221,578,49,2,1
3221,578,50,2,1
3221,578,51,2,1
3221,578,52,2,1
3221,578,53,2,1
3221,578,54,2,1
3221,578,55,2,1
3221,578,56,2,1
3221,578,57,2,1
3221,578,58,2,1
3221,578,59,2,1
3221,578,60,2,1
3221,578,61,2,1
3221,578,62,2,1
3221,578,63,2,1
3221,578,64,2,1
3221,578,65,2,1
3221,578,66,2,1
3221,578,67,2,1
3221,578,68,2,1
3221,578,69,2,1
3221,578,70,2,1
3221,578,71,2,1
3221,578,72,2,1
3221,578,73,2,1
3221,578,74,2,1
3221,578,75,2,1
3222,578,1,2,1
3222,578,2,2,1
3222,578,3,2,1
3222,578,4,2,1
3222,578,5,2,1
3222,578,6,2,1
3222,578,7,2,1
3222,578,8,2,1
3222,578,9,2,1
3222,578,10,2,1
3222,578,11,2,1
3222,578,12,2,1
3222,578,13,2,1
3222,578,14,2,1
3222,578,15,2,1
3222,578,16,2,1
3222,578,17,2,1
3222,578,18,2,1
3222,578,19,2,1
3222,578,20,2,1
3222,578,21,2,1
3222,578,22,2,1
3222,578,23,2,1
3222,578,24,2,1
3222,578,25,2,1
3222,578,26,2,1
3222,578,27,2,1
3222,578,28,2,1
3222,578,29,2,1
3222,578,30,2,1
3222,578,31,2,1
3222,578,32,2,1
3222,578,33,2,1
3222,578,34,2,1
3222,578,35,2,1
3222,578,36,2,1
3222,578,37,2,1
3222,578,38,2,1
3222,578,39,2,1
3222,578,40,2,1
3222,578,41,2,1
3222,578,42,2,1
3222,578,43,2,1
3222,578,44,2,1
3222,578,45,2,1
3222,578,46,2,1
3222,578,47,2,1
3222,578,48,2,1
3222,578,49,2,1
3222,578,50,2,1
3222,578,51,2,1
3222,578,52,2,1
3222,578,53,2,1
3222,578,54,2,1
3222,578,55,2,1
3222,578,56,2,1
3222,578,57,2,1
3222,578,58,2,1
3222,578,59,2,1
3222,578,60,2,1
3222,578,61,2,1
3222,578,62,2,1
3222,578,63,2,1
3222,578,64,2,1
3222,578,65,2,1
3222,578,66,2,1
3222,578,67,2,1
3222,578,68,2,1
3222,578,69,2,1
3222,578,70,2,1
3222,578,71,2,1
3222,578,72,2,1
3222,578,73,2,1
3222,578,74,2,1
3222,578,75,2,1
3223,578,1,2,1
3223,578,2,2,1
3223,578,3,2,1
3223,578,4,2,1
3223,578,5,2,1
3223,578,6,2,1
3223,578,7,2,1
3223,578,8,2,1
3223,578,9,2,1
3223,578,10,2,1
3223,578,11,2,1
3223,578,12,2,1
3223,578,13,2,1
3223,578,14,2,1
3223,578,15,2,1
3223,578,16,2,1
3223,578,17,2,1
3223,578,18,2,1
3223,578,19,2,1
3223,578,20,2,1
3223,578,21,2,1
3223,578,22,2,1
3223,578,23,2,1
3223,578,24,2,1
3223,578,25,2,1
3223,578,26,2,1
3223,578,27,2,1
3223,578,28,2,1
3223,578,29,2,1
3223,578,30,2,1
3223,578,31,2,1
3223,578,32,2,1
3223,578,33,2,1
3223,578,34,2,1
3223,578,35,2,1
3223,578,36,2,1
3223,578,37,2,1
3223,578,38,2,1
3223,578,39,2,1
3223,578,40,2,1
3223,578,41,2,1
3223,578,42,2,1
3223,578,43,2,1
3223,578,44,2,1
3223,578,45,2,1
3223,578,46,2,1
3223,578,47,2,1
3223,578,48,2,1
3223,578,49,2,1
3223,578,50,2,1
3223,578,51,2,1
3223,578,52,2,1
3223,578,53,2,1
3223,578,54,2,1
3223,578,55,2,1
3223,578,56,2,1
3223,578,57,2,1
3223,578,58,2,1
3223,578,59,2,1
3223,578,60,2,1
3223,578,61,2,1
3223,578,62,2,1
3223,578,63,2,1
3223,578,64,2,1
3223,578,65,2,1
3223,578,66,2,1
3223,578,67,2,1
3223,578,68,2,1
3223,578,69,2,1
3223,578,70,2,1
3223,578,71,2,1
3223,578,72,2,1
3223,578,73,2,1
3223,578,74,2,1
3223,578,75,2,1
3224,578,1,2,1
3224,578,2,2,1
3224,578,3,2,1
3224,578,4,2,1
3224,578,5,2,1
3224,578,6,2,1
3224,578,7,2,1
3224,578,8,2,1
3224,578,9,2,1
3224,578,10,2,1
3224,578,11,2,1
3224,578,12,2,1
3224,578,13,2,1
3224,578,14,2,1
3224,578,15,2,1
3224,578,16,2,1
3224,578,17,2,1
3224,578,18,2,1
3224,578,19,2,1
3224,578,20,2,1
3224,578,21,2,1
3224,578,22,2,1
3224,578,23,2,1
3224,578,24,2,1
3224,578,25,2,1
3224,578,26,2,1
3224,578,27,2,1
3224,578,28,2,1
3224,578,29,2,1
3224,578,30,2,1
3224,578,31,2,1
3224,578,32,2,1
3224,578,33,2,1
3224,578,34,2,1
3224,578,35,2,1
3224,578,36,2,1
3224,578,37,2,1
3224,578,38,2,1
3224,578,39,2,1
3224,578,40,2,1
3224,578,41,2,1
3224,578,42,2,1
3224,578,43,2,1
3224,578,44,2,1
3224,578,45,2,1
3224,578,46,2,1
3224,578,47,2,1
3224,578,48,2,1
3224,578,49,2,1
3224,578,50,2,1
3224,578,51,2,1
3224,578,52,2,1
3224,578,53,2,1
3224,578,54,2,1
3224,578,55,2,1
3224,578,56,2,1
3224,578,57,2,1
3224,578,58,2,1
3224,578,59,2,1
3224,578,60,2,1
3224,578,61,2,1
3224,578,62,2,1
3224,578,63,2,1
3224,578,64,2,1
3224,578,65,2,1
3224,578,66,2,1
3224,578,67,2,1
3224,578,68,2,1
3224,578,69,2,1
3224,578,70,2,1
3224,578,71,2,1
3224,578,72,2,1
3224,578,73,2,1
3224,578,74,2,1
3224,578,75,2,1
3225,578,1,2,1
3225,578,2,2,1
3225,578,3,2,1
3225,578,4,2,1
3225,578,5,2,1
3225,578,6,2,1
3225,578,7,2,1
3225,578,8,2,1
3225,578,9,2,1
3225,578,10,2,1
3225,578,11,2,1
3225,578,12,2,1
3225,578,13,2,1
3225,578,14,2,1
3225,578,15,2,1
3225,578,16,2,1
3225,578,17,2,1
3225,578,18,2,1
3225,578,19,2,1
3225,578,20,2,1
3225,578,21,2,1
3225,578,22,2,1
3225,578,23,2,1
3225,578,24,2,1
3225,578,25,2,1
3225,578,26,2,1
3225,578,27,2,1
3225,578,28,2,1
3225,578,29,2,1
3225,578,30,2,1
3225,578,31,2,1
3225,578,32,2,1
3225,578,33,2,1
3225,578,34,2,1
3225,578,35,2,1
3225,578,36,2,1
3225,578,37,2,1
3225,578,38,2,1
3225,578,39,2,1
3225,578,40,2,1
3225,578,41,2,1
3225,578,42,2,1
3225,578,43,2,1
3225,578,44,2,1
3225,578,45,2,1
3225,578,46,2,1
3225,578,47,2,1
3225,578,48,2,1
3225,578,49,2,1
3225,578,50,2,1
3225,578,51,2,1
3225,578,52,2,1
3225,578,53,2,1
3225,578,54,2,1
3225,578,55,2,1
3225,578,56,2,1
3225,578,57,2,1
3225,578,58,2,1
3225,578,59,2,1
3225,578,60,2,1
3225,578,61,2,1
3225,578,62,2,1
3225,578,63,2,1
3225,578,64,2,1
3225,578,65,2,1
3225,578,66,2,1
3225,578,67,2,1
3225,578,68,2,1
3225,578,69,2,1
3225,578,70,2,1
3225,578,71,2,1
3225,578,72,2,1
3225,578,73,2,1
3225,578,74,2,1
3225,578,75,2,1
3226,578,1,2,1
3226,578,2,2,1
3226,578,3,2,1
3226,578,4,2,1
3226,578,5,2,1
3226,578,6,2,1
3226,578,7,2,1
3226,578,8,2,1
3226,578,9,2,1
3226,578,10,2,1
3226,578,11,2,1
3226,578,12,2,1
3226,578,13,2,1
3226,578,14,2,1
3226,578,15,2,1
3226,578,16,2,1
3226,578,17,2,1
3226,578,18,2,1
3226,578,19,2,1
3226,578,20,2,1
3226,578,21,2,1
3226,578,22,2,1
3226,578,23,2,1
3226,578,24,2,1
3226,578,25,2,1
3226,578,26,2,1
3226,578,27,2,1
3226,578,28,2,1
3226,578,29,2,1
3226,578,30,2,1
3226,578,31,2,1
3226,578,32,2,1
3226,578,33,2,1
3226,578,34,2,1
3226,578,35,2,1
3226,578,36,2,1
3226,578,37,2,1
3226,578,38,2,1
3226,578,39,2,1
3226,578,40,2,1
3226,578,41,2,1
3226,578,42,2,1
3226,578,43,2,1
3226,578,44,2,1
3226,578,45,2,1
3226,578,46,2,1
3226,578,47,2,1
3226,578,48,2,1
3226,578,49,2,1
3226,578,50,2,1
3226,578,51,2,1
3226,578,52,2,1
3226,578,53,2,1
3226,578,54,2,1
3226,578,55,2,1
3226,578,56,2,1
3226,578,57,2,1
3226,578,58,2,1
3226,578,59,2,1
3226,578,60,2,1
3226,578,61,2,1
3226,578,62,2,1
3226,578,63,2,1
3226,578,64,2,1
3226,578,65,2,1
3226,578,66,2,1
3226,578,67,2,1
3226,578,68,2,1
3226,578,69,2,1
3226,578,70,2,1
3226,578,71,2,1
3226,578,72,2,1
3226,578,73,2,1
3226,578,74,2,1
3226,578,75,2,1
3227,579,1,1,-1
3227,579,2,1,-1
3227,579,3,1,-1
3227,579,4,1,-1
3227,579,5,1,-1
3227,579,6,1,-1
3227,579,7,1,-1
3227,579,8,1,-1
3227,579,9,1,-1
3227,579,10,1,-1
3227,579,11,1,-1
3227,579,12,1,-1
3227,579,13,1,-1
3227,579,14,1,-1
3227,579,15,1,-1
3227,579,16,1,-1
3227,579,17,1,-1
3227,579,18,1,-1
3227,579,19,1,-1
3227,579,20,1,-1
3227,579,21,1,-1
3227,579,22,1,-1
3227,579,23,1,-1
3227,579,24,1,-1
3227,579,25,1,-1
3227,579,26,1,-1
3227,579,27,1,-1
3227,579,28,1,-1
3227,579,29,1,-1
3227,579,30,1,-1
3227,579,31,1,-1
3227,579,32,1,-1
3227,579,33,1,-1
3227,579,34,1,-1
3227,579,35,1,-1
3227,579,36,1,-1
3227,579,37,1,-1
3227,579,38,1,-1
3227,579,39,1,-1
3227,579,40,1,-1
3227,579,41,1,-1
3227,579,42,1,-1
3227,579,43,1,-1
3227,579,44,1,-1
3227,579,45,1,-1
3227,579,46,1,-1
3227,579,47,1,-1
3227,579,48,1,-1
3227,579,49,1,-1
3227,579,50,1,-1
3227,579,51,1,-1
3227,579,52,1,-1
3227,579,53,1,-1
3227,579,54,1,-1
3227,579,55,1,-1
3227,579,56,1,-1
3227,579,57,1,-1
3227,579,58,1,-1
3227,579,59,1,-1
3227,579,60,1,-1
3227,579,61,1,-1
3227,579,62,1,-1
3227,579,63,1,-1
3227,579,64,1,-1
3227,579,65,1,-1
3227,579,66,1,-1
3227,579,67,1,-1
3227,579,68,1,-1
3227,579,69,1,-1
3227,579,70,1,-1
3227,579,71,1,-1
3227,579,72,1,-1
3227,579,73,1,-1
3227,579,74,1,-1
3227,579,75,1,-1
3227,579,1,2,1
3227,579,2,2,1
3227,579,3,2,1
3227,579,4,2,1
3227,579,5,2,1
3227,579,6,2,1
3227,579,7,2,1
3227,579,8,2,1
3227,579,9,2,1
3227,579,10,2,1
3227,579,11,2,1
3227,579,12,2,1
3227,579,13,2,1
3227,579,14,2,1
3227,579,15,2,1
3227,579,16,2,1
3227,579,17,2,1
3227,579,18,2,1
3227,579,19,2,1
3227,579,20,2,1
3227,579,21,2,1
3227,579,22,2,1
3227,579,23,2,1
3227,579,24,2,1
3227,579,25,2,1
3227,579,26,2,1
3227,579,27,2,1
3227,579,28,2,1
3227,579,29,2,1
3227,579,30,2,1
3227,579,31,2,1
3227,579,32,2,1
3227,579,33,2,1
3227,579,34,2,1
3227,579,35,2,1
3227,579,36,2,1
3227,579,37,2,1
3227,579,38,2,1
3227,579,39,2,1
3227,579,40,2,1
3227,579,41,2,1
3227,579,42,2,1
3227,579,43,2,1
3227,579,44,2,1
3227,579,45,2,1
3227,579,46,2,1
3227,579,47,2,1
3227,579,48,2,1
3227,579,49,2,1
3227,579,50,2,1
3227,579,51,2,1
3227,579,52,2,1
3227,579,53,2,1
3227,579,54,2,1
3227,579,55,2,1
3227,579,56,2,1
3227,579,57,2,1
3227,579,58,2,1
3227,579,59,2,1
3227,579,60,2,1
3227,579,61,2,1
3227,579,62,2,1
3227,579,63,2,1
3227,579,64,2,1
3227,579,65,2,1
3227,579,66,2,1
3227,579,67,2,1
3227,579,68,2,1
3227,579,69,2,1
3227,579,70,2,1
3227,579,71,2,1
3227,579,72,2,1
3227,579,73,2,1
3227,579,74,2,1
3227,579,75,2,1
3228,579,1,2,1
3228,579,2,2,1
3228,579,3,2,1
3228,579,4,2,1
3228,579,5,2,1
3228,579,6,2,1
3228,579,7,2,1
3228,579,8,2,1
3228,579,9,2,1
3228,579,10,2,1
3228,579,11,2,1
3228,579,12,2,1
3228,579,13,2,1
3228,579,14,2,1
3228,579,15,2,1
3228,579,16,2,1
3228,579,17,2,1
3228,579,18,2,1
3228,579,19,2,1
3228,579,20,2,1
3228,579,21,2,1
3228,579,22,2,1
3228,579,23,2,1
3228,579,24,2,1
3228,579,25,2,1
3228,579,26,2,1
3228,579,27,2,1
3228,579,28,2,1
3228,579,29,2,1
3228,579,30,2,1
3228,579,31,2,1
3228,579,32,2,1
3228,579,33,2,1
3228,579,34,2,1
3228,579,35,2,1
3228,579,36,2,1
3228,579,37,2,1
3228,579,38,2,1
3228,579,39,2,1
3228,579,40,2,1
3228,579,41,2,1
3228,579,42,2,1
3228,579,43,2,1
3228,579,44,2,1
3228,579,45,2,1
3228,579,46,2,1
3228,579,47,2,1
3228,579,48,2,1
3228,579,49,2,1
3228,579,50,2,1
3228,579,51,2,1
3228,579,52,2,1
3228,579,53,2,1
3228,579,54,2,1
3228,579,55,2,1
3228,579,56,2,1
3228,579,57,2,1
3228,579,58,2,1
3228,579,59,2,1
3228,579,60,2,1
3228,579,61,2,1
3228,579,62,2,1
3228,579,63,2,1
3228,579,64,2,1
3228,579,65,2,1
3228,579,66,2,1
3228,579,67,2,1
3228,579,68,2,1
3228,579,69,2,1
3228,579,70,2,1
3228,579,71,2,1
3228,579,72,2,1
3228,579,73,2,1
3228,579,74,2,1
3228,579,75,2,1
3229,579,1,2,1
3229,579,2,2,1
3229,579,3,2,1
3229,579,4,2,1
3229,579,5,2,1
3229,579,6,2,1
3229,579,7,2,1
3229,579,8,2,1
3229,579,9,2,1
3229,579,10,2,1
3229,579,11,2,1
3229,579,12,2,1
3229,579,13,2,1
3229,579,14,2,1
3229,579,15,2,1
3229,579,16,2,1
3229,579,17,2,1
3229,579,18,2,1
3229,579,19,2,1
3229,579,20,2,1
3229,579,21,2,1
3229,579,22,2,1
3229,579,23,2,1
3229,579,24,2,1
3229,579,25,2,1
3229,579,26,2,1
3229,579,27,2,1
3229,579,28,2,1
3229,579,29,2,1
3229,579,30,2,1
3229,579,31,2,1
3229,579,32,2,1
3229,579,33,2,1
3229,579,34,2,1
3229,579,35,2,1
3229,579,36,2,1
3229,579,37,2,1
3229,579,38,2,1
3229,579,39,2,1
3229,579,40,2,1
3229,579,41,2,1
3229,579,42,2,1
3229,579,43,2,1
3229,579,44,2,1
3229,579,45,2,1
3229,579,46,2,1
3229,579,47,2,1
3229,579,48,2,1
3229,579,49,2,1
3229,579,50,2,1
3229,579,51,2,1
3229,579,52,2,1
3229,579,53,2,1
3229,579,54,2,1
3229,579,55,2,1
3229,579,56,2,1
3229,579,57,2,1
3229,579,58,2,1
3229,579,59,2,1
3229,579,60,2,1
3229,579,61,2,1
3229,579,62,2,1
3229,579,63,2,1
3229,579,64,2,1
3229,579,65,2,1
3229,579,66,2,1
3229,579,67,2,1
3229,579,68,2,1
3229,579,69,2,1
3229,579,70,2,1
3229,579,71,2,1
3229,579,72,2,1
3229,579,73,2,1
3229,579,74,2,1
3229,579,75,2,1
3230,579,1,2,1
3230,579,2,2,1
3230,579,3,2,1
3230,579,4,2,1
3230,579,5,2,1
3230,579,6,2,1
3230,579,7,2,1
3230,579,8,2,1
3230,579,9,2,1
3230,579,10,2,1
3230,579,11,2,1
3230,579,12,2,1
3230,579,13,2,1
3230,579,14,2,1
3230,579,15,2,1
3230,579,16,2,1
3230,579,17,2,1
3230,579,18,2,1
3230,579,19,2,1
3230,579,20,2,1
3230,579,21,2,1
3230,579,22,2,1
3230,579,23,2,1
3230,579,24,2,1
3230,579,25,2,1
3230,579,26,2,1
3230,579,27,2,1
3230,579,28,2,1
3230,579,29,2,1
3230,579,30,2,1
3230,579,31,2,1
3230,579,32,2,1
3230,579,33,2,1
3230,579,34,2,1
3230,579,35,2,1
3230,579,36,2,1
3230,579,37,2,1
3230,579,38,2,1
3230,579,39,2,1
3230,579,40,2,1
3230,579,41,2,1
3230,579,42,2,1
3230,579,43,2,1
3230,579,44,2,1
3230,579,45,2,1
3230,579,46,2,1
3230,579,47,2,1
3230,579,48,2,1
3230,579,49,2,1
3230,579,50,2,1
3230,579,51,2,1
3230,579,52,2,1
3230,579,53,2,1
3230,579,54,2,1
3230,579,55,2,1
3230,579,56,2,1
3230,579,57,2,1
3230,579,58,2,1
3230,579,59,2,1
3230,579,60,2,1
3230,579,61,2,1
3230,579,62,2,1
3230,579,63,2,1
3230,579,64,2,1
3230,579,65,2,1
3230,579,66,2,1
3230,579,67,2,1
3230,579,68,2,1
3230,579,69,2,1
3230,579,70,2,1
3230,579,71,2,1
3230,579,72,2,1
3230,579,73,2,1
3230,579,74,2,1
3230,579,75,2,1
3231,579,1,2,1
3231,579,2,2,1
3231,579,3,2,1
3231,579,4,2,1
3231,579,5,2,1
3231,579,6,2,1
3231,579,7,2,1
3231,579,8,2,1
3231,579,9,2,1
3231,579,10,2,1
3231,579,11,2,1
3231,579,12,2,1
3231,579,13,2,1
3231,579,14,2,1
3231,579,15,2,1
3231,579,16,2,1
3231,579,17,2,1
3231,579,18,2,1
3231,579,19,2,1
3231,579,20,2,1
3231,579,21,2,1
3231,579,22,2,1
3231,579,23,2,1
3231,579,24,2,1
3231,579,25,2,1
3231,579,26,2,1
3231,579,27,2,1
3231,579,28,2,1
3231,579,29,2,1
3231,579,30,2,1
3231,579,31,2,1
3231,579,32,2,1
3231,579,33,2,1
3231,579,34,2,1
3231,579,35,2,1
3231,579,36,2,1
3231,579,37,2,1
3231,579,38,2,1
3231,579,39,2,1
3231,579,40,2,1
3231,579,41,2,1
3231,579,42,2,1
3231,579,43,2,1
3231,579,44,2,1
3231,579,45,2,1
3231,579,46,2,1
3231,579,47,2,1
3231,579,48,2,1
3231,579,49,2,1
3231,579,50,2,1
3231,579,51,2,1
3231,579,52,2,1
3231,579,53,2,1
3231,579,54,2,1
3231,579,55,2,1
3231,579,56,2,1
3231,579,57,2,1
3231,579,58,2,1
3231,579,59,2,1
3231,579,60,2,1
3231,579,61,2,1
3231,579,62,2,1
3231,579,63,2,1
3231,579,64,2,1
3231,579,65,2,1
3231,579,66,2,1
3231,579,67,2,1
3231,579,68,2,1
3231,579,69,2,1
3231,579,70,2,1
3231,579,71,2,1
3231,579,72,2,1
3231,579,73,2,1
3231,579,74,2,1
3231,579,75,2,1
3232,579,1,2,1
3232,579,2,2,1
3232,579,3,2,1
3232,579,4,2,1
3232,579,5,2,1
3232,579,6,2,1
3232,579,7,2,1
3232,579,8,2,1
3232,579,9,2,1
3232,579,10,2,1
3232,579,11,2,1
3232,579,12,2,1
3232,579,13,2,1
3232,579,14,2,1
3232,579,15,2,1
3232,579,16,2,1
3232,579,17,2,1
3232,579,18,2,1
3232,579,19,2,1
3232,579,20,2,1
3232,579,21,2,1
3232,579,22,2,1
3232,579,23,2,1
3232,579,24,2,1
3232,579,25,2,1
3232,579,26,2,1
3232,579,27,2,1
3232,579,28,2,1
3232,579,29,2,1
3232,579,30,2,1
3232,579,31,2,1
3232,579,32,2,1
3232,579,33,2,1
3232,579,34,2,1
3232,579,35,2,1
3232,579,36,2,1
3232,579,37,2,1
3232,579,38,2,1
3232,579,39,2,1
3232,579,40,2,1
3232,579,41,2,1
3232,579,42,2,1
3232,579,43,2,1
3232,579,44,2,1
3232,579,45,2,1
3232,579,46,2,1
3232,579,47,2,1
3232,579,48,2,1
3232,579,49,2,1
3232,579,50,2,1
3232,579,51,2,1
3232,579,52,2,1
3232,579,53,2,1
3232,579,54,2,1
3232,579,55,2,1
3232,579,56,2,1
3232,579,57,2,1
3232,579,58,2,1
3232,579,59,2,1
3232,579,60,2,1
3232,579,61,2,1
3232,579,62,2,1
3232,579,63,2,1
3232,579,64,2,1
3232,579,65,2,1
3232,579,66,2,1
3232,579,67,2,1
3232,579,68,2,1
3232,579,69,2,1
3232,579,70,2,1
3232,579,71,2,1
3232,579,72,2,1
3232,579,73,2,1
3232,579,74,2,1
3232,579,75,2,1
3233,580,1,1,-1
3233,580,2,1,-1
3233,580,3,1,-1
3233,580,4,1,-1
3233,580,5,1,-1
3233,580,6,1,-1
3233,580,7,1,-1
3233,580,8,1,-1
3233,580,9,1,-1
3233,580,10,1,-1
3233,580,11,1,-1
3233,580,12,1,-1
3233,580,13,1,-1
3233,580,14,1,-1
3233,580,15,1,-1
3233,580,16,1,-1
3233,580,17,1,-1
3233,580,18,1,-1
3233,580,19,1,-1
3233,580,20,1,-1
3233,580,21,1,-1
3233,580,22,1,-1
3233,580,23,1,-1
3233,580,24,1,-1
3233,580,25,1,-1
3233,580,26,1,-1
3233,580,27,1,-1
3233,580,28,1,-1
3233,580,29,1,-1
3233,580,30,1,-1
3233,580,31,1,-1
3233,580,32,1,-1
3233,580,33,1,-1
3233,580,34,1,-1
3233,580,35,1,-1
3233,580,36,1,-1
3233,580,37,1,-1
3233,580,38,1,-1
3233,580,39,1,-1
3233,580,40,1,-1
3233,580,41,1,-1
3233,580,42,1,-1
3233,580,43,1,-1
3233,580,44,1,-1
3233,580,45,1,-1
3233,580,46,1,-1
3233,580,47,1,-1
3233,580,48,1,-1
3233,580,49,1,-1
3233,580,50,1,-1
3233,580,51,1,-1
3233,580,52,1,-1
3233,580,53,1,-1
3233,580,54,1,-1
3233,580,55,1,-1
3233,580,56,1,-1
3233,580,57,1,-1
3233,580,58,1,-1
3233,580,59,1,-1
3233,580,60,1,-1
3233,580,61,1,-1
3233,580,62,1,-1
3233,580,63,1,-1
3233,580,64,1,-1
3233,580,65,1,-1
3233,580,66,1,-1
3233,580,67,1,-1
3233,580,68,1,-1
3233,580,69,1,-1
3233,580,70,1,-1
3233,580,71,1,-1
3233,580,72,1,-1
3233,580,73,1,-1
3233,580,74,1,-1
3233,580,75,1,-1
3233,580,1,2,1
3233,580,2,2,1
3233,580,3,2,1
3233,580,4,2,1
3233,580,5,2,1
3233,580,6,2,1
3233,580,7,2,1
3233,580,8,2,1
3233,580,9,2,1
3233,580,10,2,1
3233,580,11,2,1
3233,580,12,2,1
3233,580,13,2,1
3233,580,14,2,1
3233,580,15,2,1
3233,580,16,2,1
3233,580,17,2,1
3233,580,18,2,1
3233,580,19,2,1
3233,580,20,2,1
3233,580,21,2,1
3233,580,22,2,1
3233,580,23,2,1
3233,580,24,2,1
3233,580,25,2,1
3233,580,26,2,1
3233,580,27,2,1
3233,580,28,2,1
3233,580,29,2,1
3233,580,30,2,1
3233,580,31,2,1
3233,580,32,2,1
3233,580,33,2,1
3233,580,34,2,1
3233,580,35,2,1
3233,580,36,2,1
3233,580,37,2,1
3233,580,38,2,1
3233,580,39,2,1
3233,580,40,2,1
3233,580,41,2,1
3233,580,42,2,1
3233,580,43,2,1
3233,580,44,2,1
3233,580,45,2,1
3233,580,46,2,1
3233,580,47,2,1
3233,580,48,2,1
3233,580,49,2,1
3233,580,50,2,1
3233,580,51,2,1
3233,580,52,2,1
3233,580,53,2,1
3233,580,54,2,1
3233,580,55,2,1
3233,580,56,2,1
3233,580,57,2,1
3233,580,58,2,1
3233,580,59,2,1
3233,580,60,2,1
3233,580,61,2,1
3233,580,62,2,1
3233,580,63,2,1
3233,580,64,2,1
3233,580,65,2,1
3233,580,66,2,1
3233,580,67,2,1
3233,580,68,2,1
3233,580,69,2,1
3233,580,70,2,1
3233,580,71,2,1
3233,580,72,2,1
3233,580,73,2,1
3233,580,74,2,1
3233,580,75,2,1
3234,580,1,2,1
3234,580,2,2,1
3234,580,3,2,1
3234,580,4,2,1
3234,580,5,2,1
3234,580,6,2,1
3234,580,7,2,1
3234,580,8,2,1
3234,580,9,2,1
3234,580,10,2,1
3234,580,11,2,1
3234,580,12,2,1
3234,580,13,2,1
3234,580,14,2,1
3234,580,15,2,1
3234,580,16,2,1
3234,580,17,2,1
3234,580,18,2,1
3234,580,19,2,1
3234,580,20,2,1
3234,580,21,2,1
3234,580,22,2,1
3234,580,23,2,1
3234,580,24,2,1
3234,580,25,2,1
3234,580,26,2,1
3234,580,27,2,1
3234,580,28,2,1
3234,580,29,2,1
3234,580,30,2,1
3234,580,31,2,1
3234,580,32,2,1
3234,580,33,2,1
3234,580,34,2,1
3234,580,35,2,1
3234,580,36,2,1
3234,580,37,2,1
3234,580,38,2,1
3234,580,39,2,1
3234,580,40,2,1
3234,580,41,2,1
3234,580,42,2,1
3234,580,43,2,1
3234,580,44,2,1
3234,580,45,2,1
3234,580,46,2,1
3234,580,47,2,1
3234,580,48,2,1
3234,580,49,2,1
3234,580,50,2,1
3234,580,51,2,1
3234,580,52,2,1
3234,580,53,2,1
3234,580,54,2,1
3234,580,55,2,1
3234,580,56,2,1
3234,580,57,2,1
3234,580,58,2,1
3234,580,59,2,1
3234,580,60,2,1
3234,580,61,2,1
3234,580,62,2,1
3234,580,63,2,1
3234,580,64,2,1
3234,580,65,2,1
3234,580,66,2,1
3234,580,67,2,1
3234,580,68,2,1
3234,580,69,2,1
3234,580,70,2,1
3234,580,71,2,1
3234,580,72,2,1
3234,580,73,2,1
3234,580,74,2,1
3234,580,75,2,1
3235,580,1,2,1
3235,580,2,2,1
3235,580,3,2,1
3235,580,4,2,1
3235,580,5,2,1
3235,580,6,2,1
3235,580,7,2,1
3235,580,8,2,1
3235,580,9,2,1
3235,580,10,2,1
3235,580,11,2,1
3235,580,12,2,1
3235,580,13,2,1
3235,580,14,2,1
3235,580,15,2,1
3235,580,16,2,1
3235,580,17,2,1
3235,580,18,2,1
3235,580,19,2,1
3235,580,20,2,1
3235,580,21,2,1
3235,580,22,2,1
3235,580,23,2,1
3235,580,24,2,1
3235,580,25,2,1
3235,580,26,2,1
3235,580,27,2,1
3235,580,28,2,1
3235,580,29,2,1
3235,580,30,2,1
3235,580,31,2,1
3235,580,32,2,1
3235,580,33,2,1
3235,580,34,2,1
3235,580,35,2,1
3235,580,36,2,1
3235,580,37,2,1
3235,580,38,2,1
3235,580,39,2,1
3235,580,40,2,1
3235,580,41,2,1
3235,580,42,2,1
3235,580,43,2,1
3235,580,44,2,1
3235,580,45,2,1
3235,580,46,2,1
3235,580,47,2,1
3235,580,48,2,1
3235,580,49,2,1
3235,580,50,2,1
3235,580,51,2,1
3235,580,52,2,1
3235,580,53,2,1
3235,580,54,2,1
3235,580,55,2,1
3235,580,56,2,1
3235,580,57,2,1
3235,580,58,2,1
3235,580,59,2,1
3235,580,60,2,1
3235,580,61,2,1
3235,580,62,2,1
3235,580,63,2,1
3235,580,64,2,1
3235,580,65,2,1
3235,580,66,2,1
3235,580,67,2,1
3235,580,68,2,1
3235,580,69,2,1
3235,580,70,2,1
3235,580,71,2,1
3235,580,72,2,1
3235,580,73,2,1
3235,580,74,2,1
3235,580,75,2,1
3236,580,1,2,1
3236,580,2,2,1
3236,580,3,2,1
3236,580,4,2,1
3236,580,5,2,1
3236,580,6,2,1
3236,580,7,2,1
3236,580,8,2,1
3236,580,9,2,1
3236,580,10,2,1
3236,580,11,2,1
3236,580,12,2,1
3236,580,13,2,1
3236,580,14,2,1
3236,580,15,2,1
3236,580,16,2,1
3236,580,17,2,1
3236,580,18,2,1
3236,580,19,2,1
3236,580,20,2,1
3236,580,21,2,1
3236,580,22,2,1
3236,580,23,2,1
3236,580,24,2,1
3236,580,25,2,1
3236,580,26,2,1
3236,580,27,2,1
3236,580,28,2,1
3236,580,29,2,1
3236,580,30,2,1
3236,580,31,2,1
3236,580,32,2,1
3236,580,33,2,1
3236,580,34,2,1
3236,580,35,2,1
3236,580,36,2,1
3236,580,37,2,1
3236,580,38,2,1
3236,580,39,2,1
3236,580,40,2,1
3236,580,41,2,1
3236,580,42,2,1
3236,580,43,2,1
3236,580,44,2,1
3236,580,45,2,1
3236,580,46,2,1
3236,580,47,2,1
3236,580,48,2,1
3236,580,49,2,1
3236,580,50,2,1
3236,580,51,2,1
3236,580,52,2,1
3236,580,53,2,1
3236,580,54,2,1
3236,580,55,2,1
3236,580,56,2,1
3236,580,57,2,1
3236,580,58,2,1
3236,580,59,2,1
3236,580,60,2,1
3236,580,61,2,1
3236,580,62,2,1
3236,580,63,2,1
3236,580,64,2,1
3236,580,65,2,1
3236,580,66,2,1
3236,580,67,2,1
3236,580,68,2,1
3236,580,69,2,1
3236,580,70,2,1
3236,580,71,2,1
3236,580,72,2,1
3236,580,73,2,1
3236,580,74,2,1
3236,580,75,2,1
3237,580,1,2,1
3237,580,2,2,1
3237,580,3,2,1
3237,580,4,2,1
3237,580,5,2,1
3237,580,6,2,1
3237,580,7,2,1
3237,580,8,2,1
3237,580,9,2,1
3237,580,10,2,1
3237,580,11,2,1
3237,580,12,2,1
3237,580,13,2,1
3237,580,14,2,1
3237,580,15,2,1
3237,580,16,2,1
3237,580,17,2,1
3237,580,18,2,1
3237,580,19,2,1
3237,580,20,2,1
3237,580,21,2,1
3237,580,22,2,1
3237,580,23,2,1
3237,580,24,2,1
3237,580,25,2,1
3237,580,26,2,1
3237,580,27,2,1
3237,580,28,2,1
3237,580,29,2,1
3237,580,30,2,1
3237,580,31,2,1
3237,580,32,2,1
3237,580,33,2,1
3237,580,34,2,1
3237,580,35,2,1
3237,580,36,2,1
3237,580,37,2,1
3237,580,38,2,1
3237,580,39,2,1
3237,580,40,2,1
3237,580,41,2,1
3237,580,42,2,1
3237,580,43,2,1
3237,580,44,2,1
3237,580,45,2,1
3237,580,46,2,1
3237,580,47,2,1
3237,580,48,2,1
3237,580,49,2,1
3237,580,50,2,1
3237,580,51,2,1
3237,580,52,2,1
3237,580,53,2,1
3237,580,54,2,1
3237,580,55,2,1
3237,580,56,2,1
3237,580,57,2,1
3237,580,58,2,1
3237,580,59,2,1
3237,580,60,2,1
3237,580,61,2,1
3237,580,62,2,1
3237,580,63,2,1
3237,580,64,2,1
3237,580,65,2,1
3237,580,66,2,1
3237,580,67,2,1
3237,580,68,2,1
3237,580,69,2,1
3237,580,70,2,1
3237,580,71,2,1
3237,580,72,2,1
3237,580,73,2,1
3237,580,74,2,1
3237,580,75,2,1
3238,580,1,2,1
3238,580,2,2,1
3238,580,3,2,1
3238,580,4,2,1
3238,580,5,2,1
3238,580,6,2,1
3238,580,7,2,1
3238,580,8,2,1
3238,580,9,2,1
3238,580,10,2,1
3238,580,11,2,1
3238,580,12,2,1
3238,580,13,2,1
3238,580,14,2,1
3238,580,15,2,1
3238,580,16,2,1
3238,580,17,2,1
3238,580,18,2,1
3238,580,19,2,1
3238,580,20,2,1
3238,580,21,2,1
3238,580,22,2,1
3238,580,23,2,1
3238,580,24,2,1
3238,580,25,2,1
3238,580,26,2,1
3238,580,27,2,1
3238,580,28,2,1
3238,580,29,2,1
3238,580,30,2,1
3238,580,31,2,1
3238,580,32,2,1
3238,580,33,2,1
3238,580,34,2,1
3238,580,35,2,1
3238,580,36,2,1
3238,580,37,2,1
3238,580,38,2,1
3238,580,39,2,1
3238,580,40,2,1
3238,580,41,2,1
3238,580,42,2,1
3238,580,43,2,1
3238,580,44,2,1
3238,580,45,2,1
3238,580,46,2,1
3238,580,47,2,1
3238,580,48,2,1
3238,580,49,2,1
3238,580,50,2,1
3238,580,51,2,1
3238,580,52,2,1
3238,580,53,2,1
3238,580,54,2,1
3238,580,55,2,1
3238,580,56,2,1
3238,580,57,2,1
3238,580,58,2,1
3238,580,59,2,1
3238,580,60,2,1
3238,580,61,2,1
3238,580,62,2,1
3238,580,63,2,1
3238,580,64,2,1
3238,580,65,2,1
3238,580,66,2,1
3238,580,67,2,1
3238,580,68,2,1
3238,580,69,2,1
3238,580,70,2,1
3238,580,71,2,1
3238,580,72,2,1
3238,580,73,2,1
3238,580,74,2,1
3238,580,75,2,1
3239,581,1,1,-1
3239,581,2,1,-1
3239,581,3,1,-1
3239,581,4,1,-1
3239,581,5,1,-1
3239,581,6,1,-1
3239,581,7,1,-1
3239,581,8,1,-1
3239,581,9,1,-1
3239,581,10,1,-1
3239,581,11,1,-1
3239,581,12,1,-1
3239,581,13,1,-1
3239,581,14,1,-1
3239,581,15,1,-1
3239,581,16,1,-1
3239,581,17,1,-1
3239,581,18,1,-1
3239,581,19,1,-1
3239,581,20,1,-1
3239,581,21,1,-1
3239,581,22,1,-1
3239,581,23,1,-1
3239,581,24,1,-1
3239,581,25,1,-1
3239,581,26,1,-1
3239,581,27,1,-1
3239,581,28,1,-1
3239,581,29,1,-1
3239,581,30,1,-1
3239,581,31,1,-1
3239,581,32,1,-1
3239,581,33,1,-1
3239,581,34,1,-1
3239,581,35,1,-1
3239,581,36,1,-1
3239,581,37,1,-1
3239,581,38,1,-1
3239,581,39,1,-1
3239,581,40,1,-1
3239,581,41,1,-1
3239,581,42,1,-1
3239,581,43,1,-1
3239,581,44,1,-1
3239,581,45,1,-1
3239,581,46,1,-1
3239,581,47,1,-1
3239,581,48,1,-1
3239,581,49,1,-1
3239,581,50,1,-1
3239,581,51,1,-1
3239,581,52,1,-1
3239,581,53,1,-1
3239,581,54,1,-1
3239,581,55,1,-1
3239,581,56,1,-1
3239,581,57,1,-1
3239,581,58,1,-1
3239,581,59,1,-1
3239,581,60,1,-1
3239,581,61,1,-1
3239,581,62,1,-1
3239,581,63,1,-1
3239,581,64,1,-1
3239,581,65,1,-1
3239,581,66,1,-1
3239,581,67,1,-1
3239,581,68,1,-1
3239,581,69,1,-1
3239,581,70,1,-1
3239,581,71,1,-1
3239,581,72,1,-1
3239,581,73,1,-1
3239,581,74,1,-1
3239,581,75,1,-1
3239,581,1,2,1
3239,581,2,2,1
3239,581,3,2,1
3239,581,4,2,1
3239,581,5,2,1
3239,581,6,2,1
3239,581,7,2,1
3239,581,8,2,1
3239,581,9,2,1
3239,581,10,2,1
3239,581,11,2,1
3239,581,12,2,1
3239,581,13,2,1
3239,581,14,2,1
3239,581,15,2,1
3239,581,16,2,1
3239,581,17,2,1
3239,581,18,2,1
3239,581,19,2,1
3239,581,20,2,1
3239,581,21,2,1
3239,581,22,2,1
3239,581,23,2,1
3239,581,24,2,1
3239,581,25,2,1
3239,581,26,2,1
3239,581,27,2,1
3239,581,28,2,1
3239,581,29,2,1
3239,581,30,2,1
3239,581,31,2,1
3239,581,32,2,1
3239,581,33,2,1
3239,581,34,2,1
3239,581,35,2,1
3239,581,36,2,1
3239,581,37,2,1
3239,581,38,2,1
3239,581,39,2,1
3239,581,40,2,1
3239,581,41,2,1
3239,581,42,2,1
3239,581,43,2,1
3239,581,44,2,1
3239,581,45,2,1
3239,581,46,2,1
3239,581,47,2,1
3239,581,48,2,1
3239,581,49,2,1
3239,581,50,2,1
3239,581,51,2,1
3239,581,52,2,1
3239,581,53,2,1
3239,581,54,2,1
3239,581,55,2,1
3239,581,56,2,1
3239,581,57,2,1
3239,581,58,2,1
3239,581,59,2,1
3239,581,60,2,1
3239,581,61,2,1
3239,581,62,2,1
3239,581,63,2,1
3239,581,64,2,1
3239,581,65,2,1
3239,581,66,2,1
3239,581,67,2,1
3239,581,68,2,1
3239,581,69,2,1
3239,581,70,2,1
3239,581,71,2,1
3239,581,72,2,1
3239,581,73,2,1
3239,581,74,2,1
3239,581,75,2,1
3240,581,1,2,1
3240,581,2,2,1
3240,581,3,2,1
3240,581,4,2,1
3240,581,5,2,1
3240,581,6,2,1
3240,581,7,2,1
3240,581,8,2,1
3240,581,9,2,1
3240,581,10,2,1
3240,581,11,2,1
3240,581,12,2,1
3240,581,13,2,1
3240,581,14,2,1
3240,581,15,2,1
3240,581,16,2,1
3240,581,17,2,1
3240,581,18,2,1
3240,581,19,2,1
3240,581,20,2,1
3240,581,21,2,1
3240,581,22,2,1
3240,581,23,2,1
3240,581,24,2,1
3240,581,25,2,1
3240,581,26,2,1
3240,581,27,2,1
3240,581,28,2,1
3240,581,29,2,1
3240,581,30,2,1
3240,581,31,2,1
3240,581,32,2,1
3240,581,33,2,1
3240,581,34,2,1
3240,581,35,2,1
3240,581,36,2,1
3240,581,37,2,1
3240,581,38,2,1
3240,581,39,2,1
3240,581,40,2,1
3240,581,41,2,1
3240,581,42,2,1
3240,581,43,2,1
3240,581,44,2,1
3240,581,45,2,1
3240,581,46,2,1
3240,581,47,2,1
3240,581,48,2,1
3240,581,49,2,1
3240,581,50,2,1
3240,581,51,2,1
3240,581,52,2,1
3240,581,53,2,1
3240,581,54,2,1
3240,581,55,2,1
3240,581,56,2,1
3240,581,57,2,1
3240,581,58,2,1
3240,581,59,2,1
3240,581,60,2,1
3240,581,61,2,1
3240,581,62,2,1
3240,581,63,2,1
3240,581,64,2,1
3240,581,65,2,1
3240,581,66,2,1
3240,581,67,2,1
3240,581,68,2,1
3240,581,69,2,1
3240,581,70,2,1
3240,581,71,2,1
3240,581,72,2,1
3240,581,73,2,1
3240,581,74,2,1
3240,581,75,2,1
3241,581,1,2,1
3241,581,2,2,1
3241,581,3,2,1
3241,581,4,2,1
3241,581,5,2,1
3241,581,6,2,1
3241,581,7,2,1
3241,581,8,2,1
3241,581,9,2,1
3241,581,10,2,1
3241,581,11,2,1
3241,581,12,2,1
3241,581,13,2,1
3241,581,14,2,1
3241,581,15,2,1
3241,581,16,2,1
3241,581,17,2,1
3241,581,18,2,1
3241,581,19,2,1
3241,581,20,2,1
3241,581,21,2,1
3241,581,22,2,1
3241,581,23,2,1
3241,581,24,2,1
3241,581,25,2,1
3241,581,26,2,1
3241,581,27,2,1
3241,581,28,2,1
3241,581,29,2,1
3241,581,30,2,1
3241,581,31,2,1
3241,581,32,2,1
3241,581,33,2,1
3241,581,34,2,1
3241,581,35,2,1
3241,581,36,2,1
3241,581,37,2,1
3241,581,38,2,1
3241,581,39,2,1
3241,581,40,2,1
3241,581,41,2,1
3241,581,42,2,1
3241,581,43,2,1
3241,581,44,2,1
3241,581,45,2,1
3241,581,46,2,1
3241,581,47,2,1
3241,581,48,2,1
3241,581,49,2,1
3241,581,50,2,1
3241,581,51,2,1
3241,581,52,2,1
3241,581,53,2,1
3241,581,54,2,1
3241,581,55,2,1
3241,581,56,2,1
3241,581,57,2,1
3241,581,58,2,1
3241,581,59,2,1
3241,581,60,2,1
3241,581,61,2,1
3241,581,62,2,1
3241,581,63,2,1
3241,581,64,2,1
3241,581,65,2,1
3241,581,66,2,1
3241,581,67,2,1
3241,581,68,2,1
3241,581,69,2,1
3241,581,70,2,1
3241,581,71,2,1
3241,581,72,2,1
3241,581,73,2,1
3241,581,74,2,1
3241,581,75,2,1
3242,581,1,2,1
3242,581,2,2,1
3242,581,3,2,1
3242,581,4,2,1
3242,581,5,2,1
3242,581,6,2,1
3242,581,7,2,1
3242,581,8,2,1
3242,581,9,2,1
3242,581,10,2,1
3242,581,11,2,1
3242,581,12,2,1
3242,581,13,2,1
3242,581,14,2,1
3242,581,15,2,1
3242,581,16,2,1
3242,581,17,2,1
3242,581,18,2,1
3242,581,19,2,1
3242,581,20,2,1
3242,581,21,2,1
3242,581,22,2,1
3242,581,23,2,1
3242,581,24,2,1
3242,581,25,2,1
3242,581,26,2,1
3242,581,27,2,1
3242,581,28,2,1
3242,581,29,2,1
3242,581,30,2,1
3242,581,31,2,1
3242,581,32,2,1
3242,581,33,2,1
3242,581,34,2,1
3242,581,35,2,1
3242,581,36,2,1
3242,581,37,2,1
3242,581,38,2,1
3242,581,39,2,1
3242,581,40,2,1
3242,581,41,2,1
3242,581,42,2,1
3242,581,43,2,1
3242,581,44,2,1
3242,581,45,2,1
3242,581,46,2,1
3242,581,47,2,1
3242,581,48,2,1
3242,581,49,2,1
3242,581,50,2,1
3242,581,51,2,1
3242,581,52,2,1
3242,581,53,2,1
3242,581,54,2,1
3242,581,55,2,1
3242,581,56,2,1
3242,581,57,2,1
3242,581,58,2,1
3242,581,59,2,1
3242,581,60,2,1
3242,581,61,2,1
3242,581,62,2,1
3242,581,63,2,1
3242,581,64,2,1
3242,581,65,2,1
3242,581,66,2,1
3242,581,67,2,1
3242,581,68,2,1
3242,581,69,2,1
3242,581,70,2,1
3242,581,71,2,1
3242,581,72,2,1
3242,581,73,2,1
3242,581,74,2,1
3242,581,75,2,1
3243,581,1,2,1
3243,581,2,2,1
3243,581,3,2,1
3243,581,4,2,1
3243,581,5,2,1
3243,581,6,2,1
3243,581,7,2,1
3243,581,8,2,1
3243,581,9,2,1
3243,581,10,2,1
3243,581,11,2,1
3243,581,12,2,1
3243,581,13,2,1
3243,581,14,2,1
3243,581,15,2,1
3243,581,16,2,1
3243,581,17,2,1
3243,581,18,2,1
3243,581,19,2,1
3243,581,20,2,1
3243,581,21,2,1
3243,581,22,2,1
3243,581,23,2,1
3243,581,24,2,1
3243,581,25,2,1
3243,581,26,2,1
3243,581,27,2,1
3243,581,28,2,1
3243,581,29,2,1
3243,581,30,2,1
3243,581,31,2,1
3243,581,32,2,1
3243,581,33,2,1
3243,581,34,2,1
3243,581,35,2,1
3243,581,36,2,1
3243,581,37,2,1
3243,581,38,2,1
3243,581,39,2,1
3243,581,40,2,1
3243,581,41,2,1
3243,581,42,2,1
3243,581,43,2,1
3243,581,44,2,1
3243,581,45,2,1
3243,581,46,2,1
3243,581,47,2,1
3243,581,48,2,1
3243,581,49,2,1
3243,581,50,2,1
3243,581,51,2,1
3243,581,52,2,1
3243,581,53,2,1
3243,581,54,2,1
3243,581,55,2,1
3243,581,56,2,1
3243,581,57,2,1
3243,581,58,2,1
3243,581,59,2,1
3243,581,60,2,1
3243,581,61,2,1
3243,581,62,2,1
3243,581,63,2,1
3243,581,64,2,1
3243,581,65,2,1
3243,581,66,2,1
3243,581,67,2,1
3243,581,68,2,1
3243,581,69,2,1
3243,581,70,2,1
3243,581,71,2,1
3243,581,72,2,1
3243,581,73,2,1
3243,581,74,2,1
3243,581,75,2,1
3244,582,1,1,-1
3244,582,2,1,-1
3244,582,3,1,-1
3244,582,4,1,-1
3244,582,5,1,-1
3244,582,6,1,-1
3244,582,7,1,-1
3244,582,8,1,-1
3244,582,9,1,-1
3244,582,10,1,-1
3244,582,11,1,-1
3244,582,12,1,-1
3244,582,13,1,-1
3244,582,14,1,-1
3244,582,15,1,-1
3244,582,16,1,-1
3244,582,17,1,-1
3244,582,18,1,-1
3244,582,19,1,-1
3244,582,20,1,-1
3244,582,21,1,-1
3244,582,22,1,-1
3244,582,23,1,-1
3244,582,24,1,-1
3244,582,25,1,-1
3244,582,26,1,-1
3244,582,27,1,-1
3244,582,28,1,-1
3244,582,29,1,-1
3244,582,30,1,-1
3244,582,31,1,-1
3244,582,32,1,-1
3244,582,33,1,-1
3244,582,34,1,-1
3244,582,35,1,-1
3244,582,36,1,-1
3244,582,37,1,-1
3244,582,38,1,-1
3244,582,39,1,-1
3244,582,40,1,-1
3244,582,41,1,-1
3244,582,42,1,-1
3244,582,43,1,-1
3244,582,44,1,-1
3244,582,45,1,-1
3244,582,46,1,-1
3244,582,47,1,-1
3244,582,48,1,-1
3244,582,49,1,-1
3244,582,50,1,-1
3244,582,51,1,-1
3244,582,52,1,-1
3244,582,53,1,-1
3244,582,54,1,-1
3244,582,55,1,-1
3244,582,56,1,-1
3244,582,57,1,-1
3244,582,58,1,-1
3244,582,59,1,-1
3244,582,60,1,-1
3244,582,61,1,-1
3244,582,62,1,-1
3244,582,63,1,-1
3244,582,64,1,-1
3244,582,65,1,-1
3244,582,66,1,-1
3244,582,67,1,-1
3244,582,68,1,-1
3244,582,69,1,-1
3244,582,70,1,-1
3244,582,71,1,-1
3244,582,72,1,-1
3244,582,73,1,-1
3244,582,74,1,-1
3244,582,75,1,-1
3244,582,1,2,1
3244,582,2,2,1
3244,582,3,2,1
3244,582,4,2,1
3244,582,5,2,1
3244,582,6,2,1
3244,582,7,2,1
3244,582,8,2,1
3244,582,9,2,1
3244,582,10,2,1
3244,582,11,2,1
3244,582,12,2,1
3244,582,13,2,1
3244,582,14,2,1
3244,582,15,2,1
3244,582,16,2,1
3244,582,17,2,1
3244,582,18,2,1
3244,582,19,2,1
3244,582,20,2,1
3244,582,21,2,1
3244,582,22,2,1
3244,582,23,2,1
3244,582,24,2,1
3244,582,25,2,1
3244,582,26,2,1
3244,582,27,2,1
3244,582,28,2,1
3244,582,29,2,1
3244,582,30,2,1
3244,582,31,2,1
3244,582,32,2,1
3244,582,33,2,1
3244,582,34,2,1
3244,582,35,2,1
3244,582,36,2,1
3244,582,37,2,1
3244,582,38,2,1
3244,582,39,2,1
3244,582,40,2,1
3244,582,41,2,1
3244,582,42,2,1
3244,582,43,2,1
3244,582,44,2,1
3244,582,45,2,1
3244,582,46,2,1
3244,582,47,2,1
3244,582,48,2,1
3244,582,49,2,1
3244,582,50,2,1
3244,582,51,2,1
3244,582,52,2,1
3244,582,53,2,1
3244,582,54,2,1
3244,582,55,2,1
3244,582,56,2,1
3244,582,57,2,1
3244,582,58,2,1
3244,582,59,2,1
3244,582,60,2,1
3244,582,61,2,1
3244,582,62,2,1
3244,582,63,2,1
3244,582,64,2,1
3244,582,65,2,1
3244,582,66,2,1
3244,582,67,2,1
3244,582,68,2,1
3244,582,69,2,1
3244,582,70,2,1
3244,582,71,2,1
3244,582,72,2,1
3244,582,73,2,1
3244,582,74,2,1
3244,582,75,2,1
3245,582,1,2,1
3245,582,2,2,1
3245,582,3,2,1
3245,582,4,2,1
3245,582,5,2,1
3245,582,6,2,1
3245,582,7,2,1
3245,582,8,2,1
3245,582,9,2,1
3245,582,10,2,1
3245,582,11,2,1
3245,582,12,2,1
3245,582,13,2,1
3245,582,14,2,1
3245,582,15,2,1
3245,582,16,2,1
3245,582,17,2,1
3245,582,18,2,1
3245,582,19,2,1
3245,582,20,2,1
3245,582,21,2,1
3245,582,22,2,1
3245,582,23,2,1
3245,582,24,2,1
3245,582,25,2,1
3245,582,26,2,1
3245,582,27,2,1
3245,582,28,2,1
3245,582,29,2,1
3245,582,30,2,1
3245,582,31,2,1
3245,582,32,2,1
3245,582,33,2,1
3245,582,34,2,1
3245,582,35,2,1
3245,582,36,2,1
3245,582,37,2,1
3245,582,38,2,1
3245,582,39,2,1
3245,582,40,2,1
3245,582,41,2,1
3245,582,42,2,1
3245,582,43,2,1
3245,582,44,2,1
3245,582,45,2,1
3245,582,46,2,1
3245,582,47,2,1
3245,582,48,2,1
3245,582,49,2,1
3245,582,50,2,1
3245,582,51,2,1
3245,582,52,2,1
3245,582,53,2,1
3245,582,54,2,1
3245,582,55,2,1
3245,582,56,2,1
3245,582,57,2,1
3245,582,58,2,1
3245,582,59,2,1
3245,582,60,2,1
3245,582,61,2,1
3245,582,62,2,1
3245,582,63,2,1
3245,582,64,2,1
3245,582,65,2,1
3245,582,66,2,1
3245,582,67,2,1
3245,582,68,2,1
3245,582,69,2,1
3245,582,70,2,1
3245,582,71,2,1
3245,582,72,2,1
3245,582,73,2,1
3245,582,74,2,1
3245,582,75,2,1
3246,582,1,2,1
3246,582,2,2,1
3246,582,3,2,1
3246,582,4,2,1
3246,582,5,2,1
3246,582,6,2,1
3246,582,7,2,1
3246,582,8,2,1
3246,582,9,2,1
3246,582,10,2,1
3246,582,11,2,1
3246,582,12,2,1
3246,582,13,2,1
3246,582,14,2,1
3246,582,15,2,1
3246,582,16,2,1
3246,582,17,2,1
3246,582,18,2,1
3246,582,19,2,1
3246,582,20,2,1
3246,582,21,2,1
3246,582,22,2,1
3246,582,23,2,1
3246,582,24,2,1
3246,582,25,2,1
3246,582,26,2,1
3246,582,27,2,1
3246,582,28,2,1
3246,582,29,2,1
3246,582,30,2,1
3246,582,31,2,1
3246,582,32,2,1
3246,582,33,2,1
3246,582,34,2,1
3246,582,35,2,1
3246,582,36,2,1
3246,582,37,2,1
3246,582,38,2,1
3246,582,39,2,1
3246,582,40,2,1
3246,582,41,2,1
3246,582,42,2,1
3246,582,43,2,1
3246,582,44,2,1
3246,582,45,2,1
3246,582,46,2,1
3246,582,47,2,1
3246,582,48,2,1
3246,582,49,2,1
3246,582,50,2,1
3246,582,51,2,1
3246,582,52,2,1
3246,582,53,2,1
3246,582,54,2,1
3246,582,55,2,1
3246,582,56,2,1
3246,582,57,2,1
3246,582,58,2,1
3246,582,59,2,1
3246,582,60,2,1
3246,582,61,2,1
3246,582,62,2,1
3246,582,63,2,1
3246,582,64,2,1
3246,582,65,2,1
3246,582,66,2,1
3246,582,67,2,1
3246,582,68,2,1
3246,582,69,2,1
3246,582,70,2,1
3246,582,71,2,1
3246,582,72,2,1
3246,582,73,2,1
3246,582,74,2,1
3246,582,75,2,1
3247,582,1,2,1
3247,582,2,2,1
3247,582,3,2,1
3247,582,4,2,1
3247,582,5,2,1
3247,582,6,2,1
3247,582,7,2,1
3247,582,8,2,1
3247,582,9,2,1
3247,582,10,2,1
3247,582,11,2,1
3247,582,12,2,1
3247,582,13,2,1
3247,582,14,2,1
3247,582,15,2,1
3247,582,16,2,1
3247,582,17,2,1
3247,582,18,2,1
3247,582,19,2,1
3247,582,20,2,1
3247,582,21,2,1
3247,582,22,2,1
3247,582,23,2,1
3247,582,24,2,1
3247,582,25,2,1
3247,582,26,2,1
3247,582,27,2,1
3247,582,28,2,1
3247,582,29,2,1
3247,582,30,2,1
3247,582,31,2,1
3247,582,32,2,1
3247,582,33,2,1
3247,582,34,2,1
3247,582,35,2,1
3247,582,36,2,1
3247,582,37,2,1
3247,582,38,2,1
3247,582,39,2,1
3247,582,40,2,1
3247,582,41,2,1
3247,582,42,2,1
3247,582,43,2,1
3247,582,44,2,1
3247,582,45,2,1
3247,582,46,2,1
3247,582,47,2,1
3247,582,48,2,1
3247,582,49,2,1
3247,582,50,2,1
3247,582,51,2,1
3247,582,52,2,1
3247,582,53,2,1
3247,582,54,2,1
3247,582,55,2,1
3247,582,56,2,1
3247,582,57,2,1
3247,582,58,2,1
3247,582,59,2,1
3247,582,60,2,1
3247,582,61,2,1
3247,582,62,2,1
3247,582,63,2,1
3247,582,64,2,1
3247,582,65,2,1
3247,582,66,2,1
3247,582,67,2,1
3247,582,68,2,1
3247,582,69,2,1
3247,582,70,2,1
3247,582,71,2,1
3247,582,72,2,1
3247,582,73,2,1
3247,582,74,2,1
3247,582,75,2,1
3248,583,1,1,-1
3248,583,2,1,-1
3248,583,3,1,-1
3248,583,4,1,-1
3248,583,5,1,-1
3248,583,6,1,-1
3248,583,7,1,-1
3248,583,8,1,-1
3248,583,9,1,-1
3248,583,10,1,-1
3248,583,11,1,-1
3248,583,12,1,-1
3248,583,13,1,-1
3248,583,14,1,-1
3248,583,15,1,-1
3248,583,16,1,-1
3248,583,17,1,-1
3248,583,18,1,-1
3248,583,19,1,-1
3248,583,20,1,-1
3248,583,21,1,-1
3248,583,22,1,-1
3248,583,23,1,-1
3248,583,24,1,-1
3248,583,25,1,-1
3248,583,26,1,-1
3248,583,27,1,-1
3248,583,28,1,-1
3248,583,29,1,-1
3248,583,30,1,-1
3248,583,31,1,-1
3248,583,32,1,-1
3248,583,33,1,-1
3248,583,34,1,-1
3248,583,35,1,-1
3248,583,36,1,-1
3248,583,37,1,-1
3248,583,38,1,-1
3248,583,39,1,-1
3248,583,40,1,-1
3248,583,41,1,-1
3248,583,42,1,-1
3248,583,43,1,-1
3248,583,44,1,-1
3248,583,45,1,-1
3248,583,46,1,-1
3248,583,47,1,-1
3248,583,48,1,-1
3248,583,49,1,-1
3248,583,50,1,-1
3248,583,51,1,-1
3248,583,52,1,-1
3248,583,53,1,-1
3248,583,54,1,-1
3248,583,55,1,-1
3248,583,56,1,-1
3248,583,57,1,-1
3248,583,58,1,-1
3248,583,59,1,-1
3248,583,60,1,-1
3248,583,61,1,-1
3248,583,62,1,-1
3248,583,63,1,-1
3248,583,64,1,-1
3248,583,65,1,-1
3248,583,66,1,-1
3248,583,67,1,-1
3248,583,68,1,-1
3248,583,69,1,-1
3248,583,70,1,-1
3248,583,71,1,-1
3248,583,72,1,-1
3248,583,73,1,-1
3248,583,74,1,-1
3248,583,75,1,-1
3248,583,1,2,1
3248,583,2,2,1
3248,583,3,2,1
3248,583,4,2,1
3248,583,5,2,1
3248,583,6,2,1
3248,583,7,2,1
3248,583,8,2,1
3248,583,9,2,1
3248,583,10,2,1
3248,583,11,2,1
3248,583,12,2,1
3248,583,13,2,1
3248,583,14,2,1
3248,583,15,2,1
3248,583,16,2,1
3248,583,17,2,1
3248,583,18,2,1
3248,583,19,2,1
3248,583,20,2,1
3248,583,21,2,1
3248,583,22,2,1
3248,583,23,2,1
3248,583,24,2,1
3248,583,25,2,1
3248,583,26,2,1
3248,583,27,2,1
3248,583,28,2,1
3248,583,29,2,1
3248,583,30,2,1
3248,583,31,2,1
3248,583,32,2,1
3248,583,33,2,1
3248,583,34,2,1
3248,583,35,2,1
3248,583,36,2,1
3248,583,37,2,1
3248,583,38,2,1
3248,583,39,2,1
3248,583,40,2,1
3248,583,41,2,1
3248,583,42,2,1
3248,583,43,2,1
3248,583,44,2,1
3248,583,45,2,1
3248,583,46,2,1
3248,583,47,2,1
3248,583,48,2,1
3248,583,49,2,1
3248,583,50,2,1
3248,583,51,2,1
3248,583,52,2,1
3248,583,53,2,1
3248,583,54,2,1
3248,583,55,2,1
3248,583,56,2,1
3248,583,57,2,1
3248,583,58,2,1
3248,583,59,2,1
3248,583,60,2,1
3248,583,61,2,1
3248,583,62,2,1
3248,583,63,2,1
3248,583,64,2,1
3248,583,65,2,1
3248,583,66,2,1
3248,583,67,2,1
3248,583,68,2,1
3248,583,69,2,1
3248,583,70,2,1
3248,583,71,2,1
3248,583,72,2,1
3248,583,73,2,1
3248,583,74,2,1
3248,583,75,2,1
3249,583,1,2,1
3249,583,2,2,1
3249,583,3,2,1
3249,583,4,2,1
3249,583,5,2,1
3249,583,6,2,1
3249,583,7,2,1
3249,583,8,2,1
3249,583,9,2,1
3249,583,10,2,1
3249,583,11,2,1
3249,583,12,2,1
3249,583,13,2,1
3249,583,14,2,1
3249,583,15,2,1
3249,583,16,2,1
3249,583,17,2,1
3249,583,18,2,1
3249,583,19,2,1
3249,583,20,2,1
3249,583,21,2,1
3249,583,22,2,1
3249,583,23,2,1
3249,583,24,2,1
3249,583,25,2,1
3249,583,26,2,1
3249,583,27,2,1
3249,583,28,2,1
3249,583,29,2,1
3249,583,30,2,1
3249,583,31,2,1
3249,583,32,2,1
3249,583,33,2,1
3249,583,34,2,1
3249,583,35,2,1
3249,583,36,2,1
3249,583,37,2,1
3249,583,38,2,1
3249,583,39,2,1
3249,583,40,2,1
3249,583,41,2,1
3249,583,42,2,1
3249,583,43,2,1
3249,583,44,2,1
3249,583,45,2,1
3249,583,46,2,1
3249,583,47,2,1
3249,583,48,2,1
3249,583,49,2,1
3249,583,50,2,1
3249,583,51,2,1
3249,583,52,2,1
3249,583,53,2,1
3249,583,54,2,1
3249,583,55,2,1
3249,583,56,2,1
3249,583,57,2,1
3249,583,58,2,1
3249,583,59,2,1
3249,583,60,2,1
3249,583,61,2,1
3249,583,62,2,1
3249,583,63,2,1
3249,583,64,2,1
3249,583,65,2,1
3249,583,66,2,1
3249,583,67,2,1
3249,583,68,2,1
3249,583,69,2,1
3249,583,70,2,1
3249,583,71,2,1
3249,583,72,2,1
3249,583,73,2,1
3249,583,74,2,1
3249,583,75,2,1
3250,583,1,2,1
3250,583,2,2,1
3250,583,3,2,1
3250,583,4,2,1
3250,583,5,2,1
3250,583,6,2,1
3250,583,7,2,1
3250,583,8,2,1
3250,583,9,2,1
3250,583,10,2,1
3250,583,11,2,1
3250,583,12,2,1
3250,583,13,2,1
3250,583,14,2,1
3250,583,15,2,1
3250,583,16,2,1
3250,583,17,2,1
3250,583,18,2,1
3250,583,19,2,1
3250,583,20,2,1
3250,583,21,2,1
3250,583,22,2,1
3250,583,23,2,1
3250,583,24,2,1
3250,583,25,2,1
3250,583,26,2,1
3250,583,27,2,1
3250,583,28,2,1
3250,583,29,2,1
3250,583,30,2,1
3250,583,31,2,1
3250,583,32,2,1
3250,583,33,2,1
3250,583,34,2,1
3250,583,35,2,1
3250,583,36,2,1
3250,583,37,2,1
3250,583,38,2,1
3250,583,39,2,1
3250,583,40,2,1
3250,583,41,2,1
3250,583,42,2,1
3250,583,43,2,1
3250,583,44,2,1
3250,583,45,2,1
3250,583,46,2,1
3250,583,47,2,1
3250,583,48,2,1
3250,583,49,2,1
3250,583,50,2,1
3250,583,51,2,1
3250,583,52,2,1
3250,583,53,2,1
3250,583,54,2,1
3250,583,55,2,1
3250,583,56,2,1
3250,583,57,2,1
3250,583,58,2,1
3250,583,59,2,1
3250,583,60,2,1
3250,583,61,2,1
3250,583,62,2,1
3250,583,63,2,1
3250,583,64,2,1
3250,583,65,2,1
3250,583,66,2,1
3250,583,67,2,1
3250,583,68,2,1
3250,583,69,2,1
3250,583,70,2,1
3250,583,71,2,1
3250,583,72,2,1
3250,583,73,2,1
3250,583,74,2,1
3250,583,75,2,1
3251,583,1,2,1
3251,583,2,2,1
3251,583,3,2,1
3251,583,4,2,1
3251,583,5,2,1
3251,583,6,2,1
3251,583,7,2,1
3251,583,8,2,1
3251,583,9,2,1
3251,583,10,2,1
3251,583,11,2,1
3251,583,12,2,1
3251,583,13,2,1
3251,583,14,2,1
3251,583,15,2,1
3251,583,16,2,1
3251,583,17,2,1
3251,583,18,2,1
3251,583,19,2,1
3251,583,20,2,1
3251,583,21,2,1
3251,583,22,2,1
3251,583,23,2,1
3251,583,24,2,1
3251,583,25,2,1
3251,583,26,2,1
3251,583,27,2,1
3251,583,28,2,1
3251,583,29,2,1
3251,583,30,2,1
3251,583,31,2,1
3251,583,32,2,1
3251,583,33,2,1
3251,583,34,2,1
3251,583,35,2,1
3251,583,36,2,1
3251,583,37,2,1
3251,583,38,2,1
3251,583,39,2,1
3251,583,40,2,1
3251,583,41,2,1
3251,583,42,2,1
3251,583,43,2,1
3251,583,44,2,1
3251,583,45,2,1
3251,583,46,2,1
3251,583,47,2,1
3251,583,48,2,1
3251,583,49,2,1
3251,583,50,2,1
3251,583,51,2,1
3251,583,52,2,1
3251,583,53,2,1
3251,583,54,2,1
3251,583,55,2,1
3251,583,56,2,1
3251,583,57,2,1
3251,583,58,2,1
3251,583,59,2,1
3251,583,60,2,1
3251,583,61,2,1
3251,583,62,2,1
3251,583,63,2,1
3251,583,64,2,1
3251,583,65,2,1
3251,583,66,2,1
3251,583,67,2,1
3251,583,68,2,1
3251,583,69,2,1
3251,583,70,2,1
3251,583,71,2,1
3251,583,72,2,1
3251,583,73,2,1
3251,583,74,2,1
3251,583,75,2,1
3252,583,1,2,1
3252,583,2,2,1
3252,583,3,2,1
3252,583,4,2,1
3252,583,5,2,1
3252,583,6,2,1
3252,583,7,2,1
3252,583,8,2,1
3252,583,9,2,1
3252,583,10,2,1
3252,583,11,2,1
3252,583,12,2,1
3252,583,13,2,1
3252,583,14,2,1
3252,583,15,2,1
3252,583,16,2,1
3252,583,17,2,1
3252,583,18,2,1
3252,583,19,2,1
3252,583,20,2,1
3252,583,21,2,1
3252,583,22,2,1
3252,583,23,2,1
3252,583,24,2,1
3252,583,25,2,1
3252,583,26,2,1
3252,583,27,2,1
3252,583,28,2,1
3252,583,29,2,1
3252,583,30,2,1
3252,583,31,2,1
3252,583,32,2,1
3252,583,33,2,1
3252,583,34,2,1
3252,583,35,2,1
3252,583,36,2,1
3252,583,37,2,1
3252,583,38,2,1
3252,583,39,2,1
3252,583,40,2,1
3252,583,41,2,1
3252,583,42,2,1
3252,583,43,2,1
3252,583,44,2,1
3252,583,45,2,1
3252,583,46,2,1
3252,583,47,2,1
3252,583,48,2,1
3252,583,49,2,1
3252,583,50,2,1
3252,583,51,2,1
3252,583,52,2,1
3252,583,53,2,1
3252,583,54,2,1
3252,583,55,2,1
3252,583,56,2,1
3252,583,57,2,1
3252,583,58,2,1
3252,583,59,2,1
3252,583,60,2,1
3252,583,61,2,1
3252,583,62,2,1
3252,583,63,2,1
3252,583,64,2,1
3252,583,65,2,1
3252,583,66,2,1
3252,583,67,2,1
3252,583,68,2,1
3252,583,69,2,1
3252,583,70,2,1
3252,583,71,2,1
3252,583,72,2,1
3252,583,73,2,1
3252,583,74,2,1
3252,583,75,2,1
3253,584,1,1,-1
3253,584,2,1,-1
3253,584,3,1,-1
3253,584,4,1,-1
3253,584,5,1,-1
3253,584,6,1,-1
3253,584,7,1,-1
3253,584,8,1,-1
3253,584,9,1,-1
3253,584,10,1,-1
3253,584,11,1,-1
3253,584,12,1,-1
3253,584,13,1,-1
3253,584,14,1,-1
3253,584,15,1,-1
3253,584,16,1,-1
3253,584,17,1,-1
3253,584,18,1,-1
3253,584,19,1,-1
3253,584,20,1,-1
3253,584,21,1,-1
3253,584,22,1,-1
3253,584,23,1,-1
3253,584,24,1,-1
3253,584,25,1,-1
3253,584,26,1,-1
3253,584,27,1,-1
3253,584,28,1,-1
3253,584,29,1,-1
3253,584,30,1,-1
3253,584,31,1,-1
3253,584,32,1,-1
3253,584,33,1,-1
3253,584,34,1,-1
3253,584,35,1,-1
3253,584,36,1,-1
3253,584,37,1,-1
3253,584,38,1,-1
3253,584,39,1,-1
3253,584,40,1,-1
3253,584,41,1,-1
3253,584,42,1,-1
3253,584,43,1,-1
3253,584,44,1,-1
3253,584,45,1,-1
3253,584,46,1,-1
3253,584,47,1,-1
3253,584,48,1,-1
3253,584,49,1,-1
3253,584,50,1,-1
3253,584,51,1,-1
3253,584,52,1,-1
3253,584,53,1,-1
3253,584,54,1,-1
3253,584,55,1,-1
3253,584,56,1,-1
3253,584,57,1,-1
3253,584,58,1,-1
3253,584,59,1,-1
3253,584,60,1,-1
3253,584,61,1,-1
3253,584,62,1,-1
3253,584,63,1,-1
3253,584,64,1,-1
3253,584,65,1,-1
3253,584,66,1,-1
3253,584,67,1,-1
3253,584,68,1,-1
3253,584,69,1,-1
3253,584,70,1,-1
3253,584,71,1,-1
3253,584,72,1,-1
3253,584,73,1,-1
3253,584,74,1,-1
3253,584,75,1,-1
3253,584,1,2,1
3253,584,2,2,1
3253,584,3,2,1
3253,584,4,2,1
3253,584,5,2,1
3253,584,6,2,1
3253,584,7,2,1
3253,584,8,2,1
3253,584,9,2,1
3253,584,10,2,1
3253,584,11,2,1
3253,584,12,2,1
3253,584,13,2,1
3253,584,14,2,1
3253,584,15,2,1
3253,584,16,2,1
3253,584,17,2,1
3253,584,18,2,1
3253,584,19,2,1
3253,584,20,2,1
3253,584,21,2,1
3253,584,22,2,1
3253,584,23,2,1
3253,584,24,2,1
3253,584,25,2,1
3253,584,26,2,1
3253,584,27,2,1
3253,584,28,2,1
3253,584,29,2,1
3253,584,30,2,1
3253,584,31,2,1
3253,584,32,2,1
3253,584,33,2,1
3253,584,34,2,1
3253,584,35,2,1
3253,584,36,2,1
3253,584,37,2,1
3253,584,38,2,1
3253,584,39,2,1
3253,584,40,2,1
3253,584,41,2,1
3253,584,42,2,1
3253,584,43,2,1
3253,584,44,2,1
3253,584,45,2,1
3253,584,46,2,1
3253,584,47,2,1
3253,584,48,2,1
3253,584,49,2,1
3253,584,50,2,1
3253,584,51,2,1
3253,584,52,2,1
3253,584,53,2,1
3253,584,54,2,1
3253,584,55,2,1
3253,584,56,2,1
3253,584,57,2,1
3253,584,58,2,1
3253,584,59,2,1
3253,584,60,2,1
3253,584,61,2,1
3253,584,62,2,1
3253,584,63,2,1
3253,584,64,2,1
3253,584,65,2,1
3253,584,66,2,1
3253,584,67,2,1
3253,584,68,2,1
3253,584,69,2,1
3253,584,70,2,1
3253,584,71,2,1
3253,584,72,2,1
3253,584,73,2,1
3253,584,74,2,1
3253,584,75,2,1
3254,584,1,2,1
3254,584,2,2,1
3254,584,3,2,1
3254,584,4,2,1
3254,584,5,2,1
3254,584,6,2,1
3254,584,7,2,1
3254,584,8,2,1
3254,584,9,2,1
3254,584,10,2,1
3254,584,11,2,1
3254,584,12,2,1
3254,584,13,2,1
3254,584,14,2,1
3254,584,15,2,1
3254,584,16,2,1
3254,584,17,2,1
3254,584,18,2,1
3254,584,19,2,1
3254,584,20,2,1
3254,584,21,2,1
3254,584,22,2,1
3254,584,23,2,1
3254,584,24,2,1
3254,584,25,2,1
3254,584,26,2,1
3254,584,27,2,1
3254,584,28,2,1
3254,584,29,2,1
3254,584,30,2,1
3254,584,31,2,1
3254,584,32,2,1
3254,584,33,2,1
3254,584,34,2,1
3254,584,35,2,1
3254,584,36,2,1
3254,584,37,2,1
3254,584,38,2,1
3254,584,39,2,1
3254,584,40,2,1
3254,584,41,2,1
3254,584,42,2,1
3254,584,43,2,1
3254,584,44,2,1
3254,584,45,2,1
3254,584,46,2,1
3254,584,47,2,1
3254,584,48,2,1
3254,584,49,2,1
3254,584,50,2,1
3254,584,51,2,1
3254,584,52,2,1
3254,584,53,2,1
3254,584,54,2,1
3254,584,55,2,1
3254,584,56,2,1
3254,584,57,2,1
3254,584,58,2,1
3254,584,59,2,1
3254,584,60,2,1
3254,584,61,2,1
3254,584,62,2,1
3254,584,63,2,1
3254,584,64,2,1
3254,584,65,2,1
3254,584,66,2,1
3254,584,67,2,1
3254,584,68,2,1
3254,584,69,2,1
3254,584,70,2,1
3254,584,71,2,1
3254,584,72,2,1
3254,584,73,2,1
3254,584,74,2,1
3254,584,75,2,1
3255,584,1,2,1
3255,584,2,2,1
3255,584,3,2,1
3255,584,4,2,1
3255,584,5,2,1
3255,584,6,2,1
3255,584,7,2,1
3255,584,8,2,1
3255,584,9,2,1
3255,584,10,2,1
3255,584,11,2,1
3255,584,12,2,1
3255,584,13,2,1
3255,584,14,2,1
3255,584,15,2,1
3255,584,16,2,1
3255,584,17,2,1
3255,584,18,2,1
3255,584,19,2,1
3255,584,20,2,1
3255,584,21,2,1
3255,584,22,2,1
3255,584,23,2,1
3255,584,24,2,1
3255,584,25,2,1
3255,584,26,2,1
3255,584,27,2,1
3255,584,28,2,1
3255,584,29,2,1
3255,584,30,2,1
3255,584,31,2,1
3255,584,32,2,1
3255,584,33,2,1
3255,584,34,2,1
3255,584,35,2,1
3255,584,36,2,1
3255,584,37,2,1
3255,584,38,2,1
3255,584,39,2,1
3255,584,40,2,1
3255,584,41,2,1
3255,584,42,2,1
3255,584,43,2,1
3255,584,44,2,1
3255,584,45,2,1
3255,584,46,2,1
3255,584,47,2,1
3255,584,48,2,1
3255,584,49,2,1
3255,584,50,2,1
3255,584,51,2,1
3255,584,52,2,1
3255,584,53,2,1
3255,584,54,2,1
3255,584,55,2,1
3255,584,56,2,1
3255,584,57,2,1
3255,584,58,2,1
3255,584,59,2,1
3255,584,60,2,1
3255,584,61,2,1
3255,584,62,2,1
3255,584,63,2,1
3255,584,64,2,1
3255,584,65,2,1
3255,584,66,2,1
3255,584,67,2,1
3255,584,68,2,1
3255,584,69,2,1
3255,584,70,2,1
3255,584,71,2,1
3255,584,72,2,1
3255,584,73,2,1
3255,584,74,2,1
3255,584,75,2,1
3256,584,1,2,1
3256,584,2,2,1
3256,584,3,2,1
3256,584,4,2,1
3256,584,5,2,1
3256,584,6,2,1
3256,584,7,2,1
3256,584,8,2,1
3256,584,9,2,1
3256,584,10,2,1
3256,584,11,2,1
3256,584,12,2,1
3256,584,13,2,1
3256,584,14,2,1
3256,584,15,2,1
3256,584,16,2,1
3256,584,17,2,1
3256,584,18,2,1
3256,584,19,2,1
3256,584,20,2,1
3256,584,21,2,1
3256,584,22,2,1
3256,584,23,2,1
3256,584,24,2,1
3256,584,25,2,1
3256,584,26,2,1
3256,584,27,2,1
3256,584,28,2,1
3256,584,29,2,1
3256,584,30,2,1
3256,584,31,2,1
3256,584,32,2,1
3256,584,33,2,1
3256,584,34,2,1
3256,584,35,2,1
3256,584,36,2,1
3256,584,37,2,1
3256,584,38,2,1
3256,584,39,2,1
3256,584,40,2,1
3256,584,41,2,1
3256,584,42,2,1
3256,584,43,2,1
3256,584,44,2,1
3256,584,45,2,1
3256,584,46,2,1
3256,584,47,2,1
3256,584,48,2,1
3256,584,49,2,1
3256,584,50,2,1
3256,584,51,2,1
3256,584,52,2,1
3256,584,53,2,1
3256,584,54,2,1
3256,584,55,2,1
3256,584,56,2,1
3256,584,57,2,1
3256,584,58,2,1
3256,584,59,2,1
3256,584,60,2,1
3256,584,61,2,1
3256,584,62,2,1
3256,584,63,2,1
3256,584,64,2,1
3256,584,65,2,1
3256,584,66,2,1
3256,584,67,2,1
3256,584,68,2,1
3256,584,69,2,1
3256,584,70,2,1
3256,584,71,2,1
3256,584,72,2,1
3256,584,73,2,1
3256,584,74,2,1
3256,584,75,2,1
3257,585,1,1,-1
3257,585,2,1,-1
3257,585,3,1,-1
3257,585,4,1,-1
3257,585,5,1,-1
3257,585,6,1,-1
3257,585,7,1,-1
3257,585,8,1,-1
3257,585,9,1,-1
3257,585,10,1,-1
3257,585,11,1,-1
3257,585,12,1,-1
3257,585,13,1,-1
3257,585,14,1,-1
3257,585,15,1,-1
3257,585,16,1,-1
3257,585,17,1,-1
3257,585,18,1,-1
3257,585,19,1,-1
3257,585,20,1,-1
3257,585,21,1,-1
3257,585,22,1,-1
3257,585,23,1,-1
3257,585,24,1,-1
3257,585,25,1,-1
3257,585,26,1,-1
3257,585,27,1,-1
3257,585,28,1,-1
3257,585,29,1,-1
3257,585,30,1,-1
3257,585,31,1,-1
3257,585,32,1,-1
3257,585,33,1,-1
3257,585,34,1,-1
3257,585,35,1,-1
3257,585,36,1,-1
3257,585,37,1,-1
3257,585,38,1,-1
3257,585,39,1,-1
3257,585,40,1,-1
3257,585,41,1,-1
3257,585,42,1,-1
3257,585,43,1,-1
3257,585,44,1,-1
3257,585,45,1,-1
3257,585,46,1,-1
3257,585,47,1,-1
3257,585,48,1,-1
3257,585,49,1,-1
3257,585,50,1,-1
3257,585,51,1,-1
3257,585,52,1,-1
3257,585,53,1,-1
3257,585,54,1,-1
3257,585,55,1,-1
3257,585,56,1,-1
3257,585,57,1,-1
3257,585,58,1,-1
3257,585,59,1,-1
3257,585,60,1,-1
3257,585,61,1,-1
3257,585,62,1,-1
3257,585,63,1,-1
3257,585,64,1,-1
3257,585,65,1,-1
3257,585,66,1,-1
3257,585,67,1,-1
3257,585,68,1,-1
3257,585,69,1,-1
3257,585,70,1,-1
3257,585,71,1,-1
3257,585,72,1,-1
3257,585,73,1,-1
3257,585,74,1,-1
3257,585,75,1,-1
3257,585,1,2,1
3257,585,2,2,1
3257,585,3,2,1
3257,585,4,2,1
3257,585,5,2,1
3257,585,6,2,1
3257,585,7,2,1
3257,585,8,2,1
3257,585,9,2,1
3257,585,10,2,1
3257,585,11,2,1
3257,585,12,2,1
3257,585,13,2,1
3257,585,14,2,1
3257,585,15,2,1
3257,585,16,2,1
3257,585,17,2,1
3257,585,18,2,1
3257,585,19,2,1
3257,585,20,2,1
3257,585,21,2,1
3257,585,22,2,1
3257,585,23,2,1
3257,585,24,2,1
3257,585,25,2,1
3257,585,26,2,1
3257,585,27,2,1
3257,585,28,2,1
3257,585,29,2,1
3257,585,30,2,1
3257,585,31,2,1
3257,585,32,2,1
3257,585,33,2,1
3257,585,34,2,1
3257,585,35,2,1
3257,585,36,2,1
3257,585,37,2,1
3257,585,38,2,1
3257,585,39,2,1
3257,585,40,2,1
3257,585,41,2,1
3257,585,42,2,1
3257,585,43,2,1
3257,585,44,2,1
3257,585,45,2,1
3257,585,46,2,1
3257,585,47,2,1
3257,585,48,2,1
3257,585,49,2,1
3257,585,50,2,1
3257,585,51,2,1
3257,585,52,2,1
3257,585,53,2,1
3257,585,54,2,1
3257,585,55,2,1
3257,585,56,2,1
3257,585,57,2,1
3257,585,58,2,1
3257,585,59,2,1
3257,585,60,2,1
3257,585,61,2,1
3257,585,62,2,1
3257,585,63,2,1
3257,585,64,2,1
3257,585,65,2,1
3257,585,66,2,1
3257,585,67,2,1
3257,585,68,2,1
3257,585,69,2,1
3257,585,70,2,1
3257,585,71,2,1
3257,585,72,2,1
3257,585,73,2,1
3257,585,74,2,1
3257,585,75,2,1
3258,585,1,2,1
3258,585,2,2,1
3258,585,3,2,1
3258,585,4,2,1
3258,585,5,2,1
3258,585,6,2,1
3258,585,7,2,1
3258,585,8,2,1
3258,585,9,2,1
3258,585,10,2,1
3258,585,11,2,1
3258,585,12,2,1
3258,585,13,2,1
3258,585,14,2,1
3258,585,15,2,1
3258,585,16,2,1
3258,585,17,2,1
3258,585,18,2,1
3258,585,19,2,1
3258,585,20,2,1
3258,585,21,2,1
3258,585,22,2,1
3258,585,23,2,1
3258,585,24,2,1
3258,585,25,2,1
3258,585,26,2,1
3258,585,27,2,1
3258,585,28,2,1
3258,585,29,2,1
3258,585,30,2,1
3258,585,31,2,1
3258,585,32,2,1
3258,585,33,2,1
3258,585,34,2,1
3258,585,35,2,1
3258,585,36,2,1
3258,585,37,2,1
3258,585,38,2,1
3258,585,39,2,1
3258,585,40,2,1
3258,585,41,2,1
3258,585,42,2,1
3258,585,43,2,1
3258,585,44,2,1
3258,585,45,2,1
3258,585,46,2,1
3258,585,47,2,1
3258,585,48,2,1
3258,585,49,2,1
3258,585,50,2,1
3258,585,51,2,1
3258,585,52,2,1
3258,585,53,2,1
3258,585,54,2,1
3258,585,55,2,1
3258,585,56,2,1
3258,585,57,2,1
3258,585,58,2,1
3258,585,59,2,1
3258,585,60,2,1
3258,585,61,2,1
3258,585,62,2,1
3258,585,63,2,1
3258,585,64,2,1
3258,585,65,2,1
3258,585,66,2,1
3258,585,67,2,1
3258,585,68,2,1
3258,585,69,2,1
3258,585,70,2,1
3258,585,71,2,1
3258,585,72,2,1
3258,585,73,2,1
3258,585,74,2,1
3258,585,75,2,1
3259,585,1,2,1
3259,585,2,2,1
3259,585,3,2,1
3259,585,4,2,1
3259,585,5,2,1
3259,585,6,2,1
3259,585,7,2,1
3259,585,8,2,1
3259,585,9,2,1
3259,585,10,2,1
3259,585,11,2,1
3259,585,12,2,1
3259,585,13,2,1
3259,585,14,2,1
3259,585,15,2,1
3259,585,16,2,1
3259,585,17,2,1
3259,585,18,2,1
3259,585,19,2,1
3259,585,20,2,1
3259,585,21,2,1
3259,585,22,2,1
3259,585,23,2,1
3259,585,24,2,1
3259,585,25,2,1
3259,585,26,2,1
3259,585,27,2,1
3259,585,28,2,1
3259,585,29,2,1
3259,585,30,2,1
3259,585,31,2,1
3259,585,32,2,1
3259,585,33,2,1
3259,585,34,2,1
3259,585,35,2,1
3259,585,36,2,1
3259,585,37,2,1
3259,585,38,2,1
3259,585,39,2,1
3259,585,40,2,1
3259,585,41,2,1
3259,585,42,2,1
3259,585,43,2,1
3259,585,44,2,1
3259,585,45,2,1
3259,585,46,2,1
3259,585,47,2,1
3259,585,48,2,1
3259,585,49,2,1
3259,585,50,2,1
3259,585,51,2,1
3259,585,52,2,1
3259,585,53,2,1
3259,585,54,2,1
3259,585,55,2,1
3259,585,56,2,1
3259,585,57,2,1
3259,585,58,2,1
3259,585,59,2,1
3259,585,60,2,1
3259,585,61,2,1
3259,585,62,2,1
3259,585,63,2,1
3259,585,64,2,1
3259,585,65,2,1
3259,585,66,2,1
3259,585,67,2,1
3259,585,68,2,1
3259,585,69,2,1
3259,585,70,2,1
3259,585,71,2,1
3259,585,72,2,1
3259,585,73,2,1
3259,585,74,2,1
3259,585,75,2,1
3260,585,1,2,1
3260,585,2,2,1
3260,585,3,2,1
3260,585,4,2,1
3260,585,5,2,1
3260,585,6,2,1
3260,585,7,2,1
3260,585,8,2,1
3260,585,9,2,1
3260,585,10,2,1
3260,585,11,2,1
3260,585,12,2,1
3260,585,13,2,1
3260,585,14,2,1
3260,585,15,2,1
3260,585,16,2,1
3260,585,17,2,1
3260,585,18,2,1
3260,585,19,2,1
3260,585,20,2,1
3260,585,21,2,1
3260,585,22,2,1
3260,585,23,2,1
3260,585,24,2,1
3260,585,25,2,1
3260,585,26,2,1
3260,585,27,2,1
3260,585,28,2,1
3260,585,29,2,1
3260,585,30,2,1
3260,585,31,2,1
3260,585,32,2,1
3260,585,33,2,1
3260,585,34,2,1
3260,585,35,2,1
3260,585,36,2,1
3260,585,37,2,1
3260,585,38,2,1
3260,585,39,2,1
3260,585,40,2,1
3260,585,41,2,1
3260,585,42,2,1
3260,585,43,2,1
3260,585,44,2,1
3260,585,45,2,1
3260,585,46,2,1
3260,585,47,2,1
3260,585,48,2,1
3260,585,49,2,1
3260,585,50,2,1
3260,585,51,2,1
3260,585,52,2,1
3260,585,53,2,1
3260,585,54,2,1
3260,585,55,2,1
3260,585,56,2,1
3260,585,57,2,1
3260,585,58,2,1
3260,585,59,2,1
3260,585,60,2,1
3260,585,61,2,1
3260,585,62,2,1
3260,585,63,2,1
3260,585,64,2,1
3260,585,65,2,1
3260,585,66,2,1
3260,585,67,2,1
3260,585,68,2,1
3260,585,69,2,1
3260,585,70,2,1
3260,585,71,2,1
3260,585,72,2,1
3260,585,73,2,1
3260,585,74,2,1
3260,585,75,2,1
3261,586,1,1,-1
3261,586,2,1,-1
3261,586,3,1,-1
3261,586,4,1,-1
3261,586,5,1,-1
3261,586,6,1,-1
3261,586,7,1,-1
3261,586,8,1,-1
3261,586,9,1,-1
3261,586,10,1,-1
3261,586,11,1,-1
3261,586,12,1,-1
3261,586,13,1,-1
3261,586,14,1,-1
3261,586,15,1,-1
3261,586,16,1,-1
3261,586,17,1,-1
3261,586,18,1,-1
3261,586,19,1,-1
3261,586,20,1,-1
3261,586,21,1,-1
3261,586,22,1,-1
3261,586,23,1,-1
3261,586,24,1,-1
3261,586,25,1,-1
3261,586,26,1,-1
3261,586,27,1,-1
3261,586,28,1,-1
3261,586,29,1,-1
3261,586,30,1,-1
3261,586,31,1,-1
3261,586,32,1,-1
3261,586,33,1,-1
3261,586,34,1,-1
3261,586,35,1,-1
3261,586,36,1,-1
3261,586,37,1,-1
3261,586,38,1,-1
3261,586,39,1,-1
3261,586,40,1,-1
3261,586,41,1,-1
3261,586,42,1,-1
3261,586,43,1,-1
3261,586,44,1,-1
3261,586,45,1,-1
3261,586,46,1,-1
3261,586,47,1,-1
3261,586,48,1,-1
3261,586,49,1,-1
3261,586,50,1,-1
3261,586,51,1,-1
3261,586,52,1,-1
3261,586,53,1,-1
3261,586,54,1,-1
3261,586,55,1,-1
3261,586,56,1,-1
3261,586,57,1,-1
3261,586,58,1,-1
3261,586,59,1,-1
3261,586,60,1,-1
3261,586,61,1,-1
3261,586,62,1,-1
3261,586,63,1,-1
3261,586,64,1,-1
3261,586,65,1,-1
3261,586,66,1,-1
3261,586,67,1,-1
3261,586,68,1,-1
3261,586,69,1,-1
3261,586,70,1,-1
3261,586,71,1,-1
3261,586,72,1,-1
3261,586,73,1,-1
3261,586,74,1,-1
3261,586,75,1,-1
3261,586,1,2,1
3261,586,2,2,1
3261,586,3,2,1
3261,586,4,2,1
3261,586,5,2,1
3261,586,6,2,1
3261,586,7,2,1
3261,586,8,2,1
3261,586,9,2,1
3261,586,10,2,1
3261,586,11,2,1
3261,586,12,2,1
3261,586,13,2,1
3261,586,14,2,1
3261,586,15,2,1
3261,586,16,2,1
3261,586,17,2,1
3261,586,18,2,1
3261,586,19,2,1
3261,586,20,2,1
3261,586,21,2,1
3261,586,22,2,1
3261,586,23,2,1
3261,586,24,2,1
3261,586,25,2,1
3261,586,26,2,1
3261,586,27,2,1
3261,586,28,2,1
3261,586,29,2,1
3261,586,30,2,1
3261,586,31,2,1
3261,586,32,2,1
3261,586,33,2,1
3261,586,34,2,1
3261,586,35,2,1
3261,586,36,2,1
3261,586,37,2,1
3261,586,38,2,1
3261,586,39,2,1
3261,586,40,2,1
3261,586,41,2,1
3261,586,42,2,1
3261,586,43,2,1
3261,586,44,2,1
3261,586,45,2,1
3261,586,46,2,1
3261,586,47,2,1
3261,586,48,2,1
3261,586,49,2,1
3261,586,50,2,1
3261,586,51,2,1
3261,586,52,2,1
3261,586,53,2,1
3261,586,54,2,1
3261,586,55,2,1
3261,586,56,2,1
3261,586,57,2,1
3261,586,58,2,1
3261,586,59,2,1
3261,586,60,2,1
3261,586,61,2,1
3261,586,62,2,1
3261,586,63,2,1
3261,586,64,2,1
3261,586,65,2,1
3261,586,66,2,1
3261,586,67,2,1
3261,586,68,2,1
3261,586,69,2,1
3261,586,70,2,1
3261,586,71,2,1
3261,586,72,2,1
3261,586,73,2,1
3261,586,74,2,1
3261,586,75,2,1
3262,586,1,2,1
3262,586,2,2,1
3262,586,3,2,1
3262,586,4,2,1
3262,586,5,2,1
3262,586,6,2,1
3262,586,7,2,1
3262,586,8,2,1
3262,586,9,2,1
3262,586,10,2,1
3262,586,11,2,1
3262,586,12,2,1
3262,586,13,2,1
3262,586,14,2,1
3262,586,15,2,1
3262,586,16,2,1
3262,586,17,2,1
3262,586,18,2,1
3262,586,19,2,1
3262,586,20,2,1
3262,586,21,2,1
3262,586,22,2,1
3262,586,23,2,1
3262,586,24,2,1
3262,586,25,2,1
3262,586,26,2,1
3262,586,27,2,1
3262,586,28,2,1
3262,586,29,2,1
3262,586,30,2,1
3262,586,31,2,1
3262,586,32,2,1
3262,586,33,2,1
3262,586,34,2,1
3262,586,35,2,1
3262,586,36,2,1
3262,586,37,2,1
3262,586,38,2,1
3262,586,39,2,1
3262,586,40,2,1
3262,586,41,2,1
3262,586,42,2,1
3262,586,43,2,1
3262,586,44,2,1
3262,586,45,2,1
3262,586,46,2,1
3262,586,47,2,1
3262,586,48,2,1
3262,586,49,2,1
3262,586,50,2,1
3262,586,51,2,1
3262,586,52,2,1
3262,586,53,2,1
3262,586,54,2,1
3262,586,55,2,1
3262,586,56,2,1
3262,586,57,2,1
3262,586,58,2,1
3262,586,59,2,1
3262,586,60,2,1
3262,586,61,2,1
3262,586,62,2,1
3262,586,63,2,1
3262,586,64,2,1
3262,586,65,2,1
3262,586,66,2,1
3262,586,67,2,1
3262,586,68,2,1
3262,586,69,2,1
3262,586,70,2,1
3262,586,71,2,1
3262,586,72,2,1
3262,586,73,2,1
3262,586,74,2,1
3262,586,75,2,1
3263,586,1,2,1
3263,586,2,2,1
3263,586,3,2,1
3263,586,4,2,1
3263,586,5,2,1
3263,586,6,2,1
3263,586,7,2,1
3263,586,8,2,1
3263,586,9,2,1
3263,586,10,2,1
3263,586,11,2,1
3263,586,12,2,1
3263,586,13,2,1
3263,586,14,2,1
3263,586,15,2,1
3263,586,16,2,1
3263,586,17,2,1
3263,586,18,2,1
3263,586,19,2,1
3263,586,20,2,1
3263,586,21,2,1
3263,586,22,2,1
3263,586,23,2,1
3263,586,24,2,1
3263,586,25,2,1
3263,586,26,2,1
3263,586,27,2,1
3263,586,28,2,1
3263,586,29,2,1
3263,586,30,2,1
3263,586,31,2,1
3263,586,32,2,1
3263,586,33,2,1
3263,586,34,2,1
3263,586,35,2,1
3263,586,36,2,1
3263,586,37,2,1
3263,586,38,2,1
3263,586,39,2,1
3263,586,40,2,1
3263,586,41,2,1
3263,586,42,2,1
3263,586,43,2,1
3263,586,44,2,1
3263,586,45,2,1
3263,586,46,2,1
3263,586,47,2,1
3263,586,48,2,1
3263,586,49,2,1
3263,586,50,2,1
3263,586,51,2,1
3263,586,52,2,1
3263,586,53,2,1
3263,586,54,2,1
3263,586,55,2,1
3263,586,56,2,1
3263,586,57,2,1
3263,586,58,2,1
3263,586,59,2,1
3263,586,60,2,1
3263,586,61,2,1
3263,586,62,2,1
3263,586,63,2,1
3263,586,64,2,1
3263,586,65,2,1
3263,586,66,2,1
3263,586,67,2,1
3263,586,68,2,1
3263,586,69,2,1
3263,586,70,2,1
3263,586,71,2,1
3263,586,72,2,1
3263,586,73,2,1
3263,586,74,2,1
3263,586,75,2,1
3264,587,1,1,-1
3264,587,2,1,-1
3264,587,3,1,-1
3264,587,4,1,-1
3264,587,5,1,-1
3264,587,6,1,-1
3264,587,7,1,-1
3264,587,8,1,-1
3264,587,9,1,-1
3264,587,10,1,-1
3264,587,11,1,-1
3264,587,12,1,-1
3264,587,13,1,-1
3264,587,14,1,-1
3264,587,15,1,-1
3264,587,16,1,-1
3264,587,17,1,-1
3264,587,18,1,-1
3264,587,19,1,-1
3264,587,20,1,-1
3264,587,21,1,-1
3264,587,22,1,-1
3264,587,23,1,-1
3264,587,24,1,-1
3264,587,25,1,-1
3264,587,26,1,-1
3264,587,27,1,-1
3264,587,28,1,-1
3264,587,29,1,-1
3264,587,30,1,-1
3264,587,31,1,-1
3264,587,32,1,-1
3264,587,33,1,-1
3264,587,34,1,-1
3264,587,35,1,-1
3264,587,36,1,-1
3264,587,37,1,-1
3264,587,38,1,-1
3264,587,39,1,-1
3264,587,40,1,-1
3264,587,41,1,-1
3264,587,42,1,-1
3264,587,43,1,-1
3264,587,44,1,-1
3264,587,45,1,-1
3264,587,46,1,-1
3264,587,47,1,-1
3264,587,48,1,-1
3264,587,49,1,-1
3264,587,50,1,-1
3264,587,51,1,-1
3264,587,52,1,-1
3264,587,53,1,-1
3264,587,54,1,-1
3264,587,55,1,-1
3264,587,56,1,-1
3264,587,57,1,-1
3264,587,58,1,-1
3264,587,59,1,-1
3264,587,60,1,-1
3264,587,61,1,-1
3264,587,62,1,-1
3264,587,63,1,-1
3264,587,64,1,-1
3264,587,65,1,-1
3264,587,66,1,-1
3264,587,67,1,-1
3264,587,68,1,-1
3264,587,69,1,-1
3264,587,70,1,-1
3264,587,71,1,-1
3264,587,72,1,-1
3264,587,73,1,-1
3264,587,74,1,-1
3264,587,75,1,-1
3264,587,1,2,1
3264,587,2,2,1
3264,587,3,2,1
3264,587,4,2,1
3264,587,5,2,1
3264,587,6,2,1
3264,587,7,2,1
3264,587,8,2,1
3264,587,9,2,1
3264,587,10,2,1
3264,587,11,2,1
3264,587,12,2,1
3264,587,13,2,1
3264,587,14,2,1
3264,587,15,2,1
3264,587,16,2,1
3264,587,17,2,1
3264,587,18,2,1
3264,587,19,2,1
3264,587,20,2,1
3264,587,21,2,1
3264,587,22,2,1
3264,587,23,2,1
3264,587,24,2,1
3264,587,25,2,1
3264,587,26,2,1
3264,587,27,2,1
3264,587,28,2,1
3264,587,29,2,1
3264,587,30,2,1
3264,587,31,2,1
3264,587,32,2,1
3264,587,33,2,1
3264,587,34,2,1
3264,587,35,2,1
3264,587,36,2,1
3264,587,37,2,1
3264,587,38,2,1
3264,587,39,2,1
3264,587,40,2,1
3264,587,41,2,1
3264,587,42,2,1
3264,587,43,2,1
3264,587,44,2,1
3264,587,45,2,1
3264,587,46,2,1
3264,587,47,2,1
3264,587,48,2,1
3264,587,49,2,1
3264,587,50,2,1
3264,587,51,2,1
3264,587,52,2,1
3264,587,53,2,1
3264,587,54,2,1
3264,587,55,2,1
3264,587,56,2,1
3264,587,57,2,1
3264,587,58,2,1
3264,587,59,2,1
3264,587,60,2,1
3264,587,61,2,1
3264,587,62,2,1
3264,587,63,2,1
3264,587,64,2,1
3264,587,65,2,1
3264,587,66,2,1
3264,587,67,2,1
3264,587,68,2,1
3264,587,69,2,1
3264,587,70,2,1
3264,587,71,2,1
3264,587,72,2,1
3264,587,73,2,1
3264,587,74,2,1
3264,587,75,2,1
3265,587,1,2,1
3265,587,2,2,1
3265,587,3,2,1
3265,587,4,2,1
3265,587,5,2,1
3265,587,6,2,1
3265,587,7,2,1
3265,587,8,2,1
3265,587,9,2,1
3265,587,10,2,1
3265,587,11,2,1
3265,587,12,2,1
3265,587,13,2,1
3265,587,14,2,1
3265,587,15,2,1
3265,587,16,2,1
3265,587,17,2,1
3265,587,18,2,1
3265,587,19,2,1
3265,587,20,2,1
3265,587,21,2,1
3265,587,22,2,1
3265,587,23,2,1
3265,587,24,2,1
3265,587,25,2,1
3265,587,26,2,1
3265,587,27,2,1
3265,587,28,2,1
3265,587,29,2,1
3265,587,30,2,1
3265,587,31,2,1
3265,587,32,2,1
3265,587,33,2,1
3265,587,34,2,1
3265,587,35,2,1
3265,587,36,2,1
3265,587,37,2,1
3265,587,38,2,1
3265,587,39,2,1
3265,587,40,2,1
3265,587,41,2,1
3265,587,42,2,1
3265,587,43,2,1
3265,587,44,2,1
3265,587,45,2,1
3265,587,46,2,1
3265,587,47,2,1
3265,587,48,2,1
3265,587,49,2,1
3265,587,50,2,1
3265,587,51,2,1
3265,587,52,2,1
3265,587,53,2,1
3265,587,54,2,1
3265,587,55,2,1
3265,587,56,2,1
3265,587,57,2,1
3265,587,58,2,1
3265,587,59,2,1
3265,587,60,2,1
3265,587,61,2,1
3265,587,62,2,1
3265,587,63,2,1
3265,587,64,2,1
3265,587,65,2,1
3265,587,66,2,1
3265,587,67,2,1
3265,587,68,2,1
3265,587,69,2,1
3265,587,70,2,1
3265,587,71,2,1
3265,587,72,2,1
3265,587,73,2,1
3265,587,74,2,1
3265,587,75,2,1
3266,587,1,2,1
3266,587,2,2,1
3266,587,3,2,1
3266,587,4,2,1
3266,587,5,2,1
3266,587,6,2,1
3266,587,7,2,1
3266,587,8,2,1
3266,587,9,2,1
3266,587,10,2,1
3266,587,11,2,1
3266,587,12,2,1
3266,587,13,2,1
3266,587,14,2,1
3266,587,15,2,1
3266,587,16,2,1
3266,587,17,2,1
3266,587,18,2,1
3266,587,19,2,1
3266,587,20,2,1
3266,587,21,2,1
3266,587,22,2,1
3266,587,23,2,1
3266,587,24,2,1
3266,587,25,2,1
3266,587,26,2,1
3266,587,27,2,1
3266,587,28,2,1
3266,587,29,2,1
3266,587,30,2,1
3266,587,31,2,1
3266,587,32,2,1
3266,587,33,2,1
3266,587,34,2,1
3266,587,35,2,1
3266,587,36,2,1
3266,587,37,2,1
3266,587,38,2,1
3266,587,39,2,1
3266,587,40,2,1
3266,587,41,2,1
3266,587,42,2,1
3266,587,43,2,1
3266,587,44,2,1
3266,587,45,2,1
3266,587,46,2,1
3266,587,47,2,1
3266,587,48,2,1
3266,587,49,2,1
3266,587,50,2,1
3266,587,51,2,1
3266,587,52,2,1
3266,587,53,2,1
3266,587,54,2,1
3266,587,55,2,1
3266,587,56,2,1
3266,587,57,2,1
3266,587,58,2,1
3266,587,59,2,1
3266,587,60,2,1
3266,587,61,2,1
3266,587,62,2,1
3266,587,63,2,1
3266,587,64,2,1
3266,587,65,2,1
3266,587,66,2,1
3266,587,67,2,1
3266,587,68,2,1
3266,587,69,2,1
3266,587,70,2,1
3266,587,71,2,1
3266,587,72,2,1
3266,587,73,2,1
3266,587,74,2,1
3266,587,75,2,1
3267,587,1,2,1
3267,587,2,2,1
3267,587,3,2,1
3267,587,4,2,1
3267,587,5,2,1
3267,587,6,2,1
3267,587,7,2,1
3267,587,8,2,1
3267,587,9,2,1
3267,587,10,2,1
3267,587,11,2,1
3267,587,12,2,1
3267,587,13,2,1
3267,587,14,2,1
3267,587,15,2,1
3267,587,16,2,1
3267,587,17,2,1
3267,587,18,2,1
3267,587,19,2,1
3267,587,20,2,1
3267,587,21,2,1
3267,587,22,2,1
3267,587,23,2,1
3267,587,24,2,1
3267,587,25,2,1
3267,587,26,2,1
3267,587,27,2,1
3267,587,28,2,1
3267,587,29,2,1
3267,587,30,2,1
3267,587,31,2,1
3267,587,32,2,1
3267,587,33,2,1
3267,587,34,2,1
3267,587,35,2,1
3267,587,36,2,1
3267,587,37,2,1
3267,587,38,2,1
3267,587,39,2,1
3267,587,40,2,1
3267,587,41,2,1
3267,587,42,2,1
3267,587,43,2,1
3267,587,44,2,1
3267,587,45,2,1
3267,587,46,2,1
3267,587,47,2,1
3267,587,48,2,1
3267,587,49,2,1
3267,587,50,2,1
3267,587,51,2,1
3267,587,52,2,1
3267,587,53,2,1
3267,587,54,2,1
3267,587,55,2,1
3267,587,56,2,1
3267,587,57,2,1
3267,587,58,2,1
3267,587,59,2,1
3267,587,60,2,1
3267,587,61,2,1
3267,587,62,2,1
3267,587,63,2,1
3267,587,64,2,1
3267,587,65,2,1
3267,587,66,2,1
3267,587,67,2,1
3267,587,68,2,1
3267,587,69,2,1
3267,587,70,2,1
3267,587,71,2,1
3267,587,72,2,1
3267,587,73,2,1
3267,587,74,2,1
3267,587,75,2,1
3268,588,1,1,-1
3268,588,2,1,-1
3268,588,3,1,-1
3268,588,4,1,-1
3268,588,5,1,-1
3268,588,6,1,-1
3268,588,7,1,-1
3268,588,8,1,-1
3268,588,9,1,-1
3268,588,10,1,-1
3268,588,11,1,-1
3268,588,12,1,-1
3268,588,13,1,-1
3268,588,14,1,-1
3268,588,15,1,-1
3268,588,16,1,-1
3268,588,17,1,-1
3268,588,18,1,-1
3268,588,19,1,-1
3268,588,20,1,-1
3268,588,21,1,-1
3268,588,22,1,-1
3268,588,23,1,-1
3268,588,24,1,-1
3268,588,25,1,-1
3268,588,26,1,-1
3268,588,27,1,-1
3268,588,28,1,-1
3268,588,29,1,-1
3268,588,30,1,-1
3268,588,31,1,-1
3268,588,32,1,-1
3268,588,33,1,-1
3268,588,34,1,-1
3268,588,35,1,-1
3268,588,36,1,-1
3268,588,37,1,-1
3268,588,38,1,-1
3268,588,39,1,-1
3268,588,40,1,-1
3268,588,41,1,-1
3268,588,42,1,-1
3268,588,43,1,-1
3268,588,44,1,-1
3268,588,45,1,-1
3268,588,46,1,-1
3268,588,47,1,-1
3268,588,48,1,-1
3268,588,49,1,-1
3268,588,50,1,-1
3268,588,51,1,-1
3268,588,52,1,-1
3268,588,53,1,-1
3268,588,54,1,-1
3268,588,55,1,-1
3268,588,56,1,-1
3268,588,57,1,-1
3268,588,58,1,-1
3268,588,59,1,-1
3268,588,60,1,-1
3268,588,61,1,-1
3268,588,62,1,-1
3268,588,63,1,-1
3268,588,64,1,-1
3268,588,65,1,-1
3268,588,66,1,-1
3268,588,67,1,-1
3268,588,68,1,-1
3268,588,69,1,-1
3268,588,70,1,-1
3268,588,71,1,-1
3268,588,72,1,-1
3268,588,73,1,-1
3268,588,74,1,-1
3268,588,75,1,-1
3268,588,1,2,1
3268,588,2,2,1
3268,588,3,2,1
3268,588,4,2,1
3268,588,5,2,1
3268,588,6,2,1
3268,588,7,2,1
3268,588,8,2,1
3268,588,9,2,1
3268,588,10,2,1
3268,588,11,2,1
3268,588,12,2,1
3268,588,13,2,1
3268,588,14,2,1
3268,588,15,2,1
3268,588,16,2,1
3268,588,17,2,1
3268,588,18,2,1
3268,588,19,2,1
3268,588,20,2,1
3268,588,21,2,1
3268,588,22,2,1
3268,588,23,2,1
3268,588,24,2,1
3268,588,25,2,1
3268,588,26,2,1
3268,588,27,2,1
3268,588,28,2,1
3268,588,29,2,1
3268,588,30,2,1
3268,588,31,2,1
3268,588,32,2,1
3268,588,33,2,1
3268,588,34,2,1
3268,588,35,2,1
3268,588,36,2,1
3268,588,37,2,1
3268,588,38,2,1
3268,588,39,2,1
3268,588,40,2,1
3268,588,41,2,1
3268,588,42,2,1
3268,588,43,2,1
3268,588,44,2,1
3268,588,45,2,1
3268,588,46,2,1
3268,588,47,2,1
3268,588,48,2,1
3268,588,49,2,1
3268,588,50,2,1
3268,588,51,2,1
3268,588,52,2,1
3268,588,53,2,1
3268,588,54,2,1
3268,588,55,2,1
3268,588,56,2,1
3268,588,57,2,1
3268,588,58,2,1
3268,588,59,2,1
3268,588,60,2,1
3268,588,61,2,1
3268,588,62,2,1
3268,588,63,2,1
3268,588,64,2,1
3268,588,65,2,1
3268,588,66,2,1
3268,588,67,2,1
3268,588,68,2,1
3268,588,69,2,1
3268,588,70,2,1
3268,588,71,2,1
3268,588,72,2,1
3268,588,73,2,1
3268,588,74,2,1
3268,588,75,2,1
3269,588,1,2,1
3269,588,2,2,1
3269,588,3,2,1
3269,588,4,2,1
3269,588,5,2,1
3269,588,6,2,1
3269,588,7,2,1
3269,588,8,2,1
3269,588,9,2,1
3269,588,10,2,1
3269,588,11,2,1
3269,588,12,2,1
3269,588,13,2,1
3269,588,14,2,1
3269,588,15,2,1
3269,588,16,2,1
3269,588,17,2,1
3269,588,18,2,1
3269,588,19,2,1
3269,588,20,2,1
3269,588,21,2,1
3269,588,22,2,1
3269,588,23,2,1
3269,588,24,2,1
3269,588,25,2,1
3269,588,26,2,1
3269,588,27,2,1
3269,588,28,2,1
3269,588,29,2,1
3269,588,30,2,1
3269,588,31,2,1
3269,588,32,2,1
3269,588,33,2,1
3269,588,34,2,1
3269,588,35,2,1
3269,588,36,2,1
3269,588,37,2,1
3269,588,38,2,1
3269,588,39,2,1
3269,588,40,2,1
3269,588,41,2,1
3269,588,42,2,1
3269,588,43,2,1
3269,588,44,2,1
3269,588,45,2,1
3269,588,46,2,1
3269,588,47,2,1
3269,588,48,2,1
3269,588,49,2,1
3269,588,50,2,1
3269,588,51,2,1
3269,588,52,2,1
3269,588,53,2,1
3269,588,54,2,1
3269,588,55,2,1
3269,588,56,2,1
3269,588,57,2,1
3269,588,58,2,1
3269,588,59,2,1
3269,588,60,2,1
3269,588,61,2,1
3269,588,62,2,1
3269,588,63,2,1
3269,588,64,2,1
3269,588,65,2,1
3269,588,66,2,1
3269,588,67,2,1
3269,588,68,2,1
3269,588,69,2,1
3269,588,70,2,1
3269,588,71,2,1
3269,588,72,2,1
3269,588,73,2,1
3269,588,74,2,1
3269,588,75,2,1
3270,588,1,2,1
3270,588,2,2,1
3270,588,3,2,1
3270,588,4,2,1
3270,588,5,2,1
3270,588,6,2,1
3270,588,7,2,1
3270,588,8,2,1
3270,588,9,2,1
3270,588,10,2,1
3270,588,11,2,1
3270,588,12,2,1
3270,588,13,2,1
3270,588,14,2,1
3270,588,15,2,1
3270,588,16,2,1
3270,588,17,2,1
3270,588,18,2,1
3270,588,19,2,1
3270,588,20,2,1
3270,588,21,2,1
3270,588,22,2,1
3270,588,23,2,1
3270,588,24,2,1
3270,588,25,2,1
3270,588,26,2,1
3270,588,27,2,1
3270,588,28,2,1
3270,588,29,2,1
3270,588,30,2,1
3270,588,31,2,1
3270,588,32,2,1
3270,588,33,2,1
3270,588,34,2,1
3270,588,35,2,1
3270,588,36,2,1
3270,588,37,2,1
3270,588,38,2,1
3270,588,39,2,1
3270,588,40,2,1
3270,588,41,2,1
3270,588,42,2,1
3270,588,43,2,1
3270,588,44,2,1
3270,588,45,2,1
3270,588,46,2,1
3270,588,47,2,1
3270,588,48,2,1
3270,588,49,2,1
3270,588,50,2,1
3270,588,51,2,1
3270,588,52,2,1
3270,588,53,2,1
3270,588,54,2,1
3270,588,55,2,1
3270,588,56,2,1
3270,588,57,2,1
3270,588,58,2,1
3270,588,59,2,1
3270,588,60,2,1
3270,588,61,2,1
3270,588,62,2,1
3270,588,63,2,1
3270,588,64,2,1
3270,588,65,2,1
3270,588,66,2,1
3270,588,67,2,1
3270,588,68,2,1
3270,588,69,2,1
3270,588,70,2,1
3270,588,71,2,1
3270,588,72,2,1
3270,588,73,2,1
3270,588,74,2,1
3270,588,75,2,1
3271,589,1,1,-1
3271,589,2,1,-1
3271,589,3,1,-1
3271,589,4,1,-1
3271,589,5,1,-1
3271,589,6,1,-1
3271,589,7,1,-1
3271,589,8,1,-1
3271,589,9,1,-1
3271,589,10,1,-1
3271,589,11,1,-1
3271,589,12,1,-1
3271,589,13,1,-1
3271,589,14,1,-1
3271,589,15,1,-1
3271,589,16,1,-1
3271,589,17,1,-1
3271,589,18,1,-1
3271,589,19,1,-1
3271,589,20,1,-1
3271,589,21,1,-1
3271,589,22,1,-1
3271,589,23,1,-1
3271,589,24,1,-1
3271,589,25,1,-1
3271,589,26,1,-1
3271,589,27,1,-1
3271,589,28,1,-1
3271,589,29,1,-1
3271,589,30,1,-1
3271,589,31,1,-1
3271,589,32,1,-1
3271,589,33,1,-1
3271,589,34,1,-1
3271,589,35,1,-1
3271,589,36,1,-1
3271,589,37,1,-1
3271,589,38,1,-1
3271,589,39,1,-1
3271,589,40,1,-1
3271,589,41,1,-1
3271,589,42,1,-1
3271,589,43,1,-1
3271,589,44,1,-1
3271,589,45,1,-1
3271,589,46,1,-1
3271,589,47,1,-1
3271,589,48,1,-1
3271,589,49,1,-1
3271,589,50,1,-1
3271,589,51,1,-1
3271,589,52,1,-1
3271,589,53,1,-1
3271,589,54,1,-1
3271,589,55,1,-1
3271,589,56,1,-1
3271,589,57,1,-1
3271,589,58,1,-1
3271,589,59,1,-1
3271,589,60,1,-1
3271,589,61,1,-1
3271,589,62,1,-1
3271,589,63,1,-1
3271,589,64,1,-1
3271,589,65,1,-1
3271,589,66,1,-1
3271,589,67,1,-1
3271,589,68,1,-1
3271,589,69,1,-1
3271,589,70,1,-1
3271,589,71,1,-1
3271,589,72,1,-1
3271,589,73,1,-1
3271,589,74,1,-1
3271,589,75,1,-1
3271,589,1,2,1
3271,589,2,2,1
3271,589,3,2,1
3271,589,4,2,1
3271,589,5,2,1
3271,589,6,2,1
3271,589,7,2,1
3271,589,8,2,1
3271,589,9,2,1
3271,589,10,2,1
3271,589,11,2,1
3271,589,12,2,1
3271,589,13,2,1
3271,589,14,2,1
3271,589,15,2,1
3271,589,16,2,1
3271,589,17,2,1
3271,589,18,2,1
3271,589,19,2,1
3271,589,20,2,1
3271,589,21,2,1
3271,589,22,2,1
3271,589,23,2,1
3271,589,24,2,1
3271,589,25,2,1
3271,589,26,2,1
3271,589,27,2,1
3271,589,28,2,1
3271,589,29,2,1
3271,589,30,2,1
3271,589,31,2,1
3271,589,32,2,1
3271,589,33,2,1
3271,589,34,2,1
3271,589,35,2,1
3271,589,36,2,1
3271,589,37,2,1
3271,589,38,2,1
3271,589,39,2,1
3271,589,40,2,1
3271,589,41,2,1
3271,589,42,2,1
3271,589,43,2,1
3271,589,44,2,1
3271,589,45,2,1
3271,589,46,2,1
3271,589,47,2,1
3271,589,48,2,1
3271,589,49,2,1
3271,589,50,2,1
3271,589,51,2,1
3271,589,52,2,1
3271,589,53,2,1
3271,589,54,2,1
3271,589,55,2,1
3271,589,56,2,1
3271,589,57,2,1
3271,589,58,2,1
3271,589,59,2,1
3271,589,60,2,1
3271,589,61,2,1
3271,589,62,2,1
3271,589,63,2,1
3271,589,64,2,1
3271,589,65,2,1
3271,589,66,2,1
3271,589,67,2,1
3271,589,68,2,1
3271,589,69,2,1
3271,589,70,2,1
3271,589,71,2,1
3271,589,72,2,1
3271,589,73,2,1
3271,589,74,2,1
3271,589,75,2,1
3272,589,1,2,1
3272,589,2,2,1
3272,589,3,2,1
3272,589,4,2,1
3272,589,5,2,1
3272,589,6,2,1
3272,589,7,2,1
3272,589,8,2,1
3272,589,9,2,1
3272,589,10,2,1
3272,589,11,2,1
3272,589,12,2,1
3272,589,13,2,1
3272,589,14,2,1
3272,589,15,2,1
3272,589,16,2,1
3272,589,17,2,1
3272,589,18,2,1
3272,589,19,2,1
3272,589,20,2,1
3272,589,21,2,1
3272,589,22,2,1
3272,589,23,2,1
3272,589,24,2,1
3272,589,25,2,1
3272,589,26,2,1
3272,589,27,2,1
3272,589,28,2,1
3272,589,29,2,1
3272,589,30,2,1
3272,589,31,2,1
3272,589,32,2,1
3272,589,33,2,1
3272,589,34,2,1
3272,589,35,2,1
3272,589,36,2,1
3272,589,37,2,1
3272,589,38,2,1
3272,589,39,2,1
3272,589,40,2,1
3272,589,41,2,1
3272,589,42,2,1
3272,589,43,2,1
3272,589,44,2,1
3272,589,45,2,1
3272,589,46,2,1
3272,589,47,2,1
3272,589,48,2,1
3272,589,49,2,1
3272,589,50,2,1
3272,589,51,2,1
3272,589,52,2,1
3272,589,53,2,1
3272,589,54,2,1
3272,589,55,2,1
3272,589,56,2,1
3272,589,57,2,1
3272,589,58,2,1
3272,589,59,2,1
3272,589,60,2,1
3272,589,61,2,1
3272,589,62,2,1
3272,589,63,2,1
3272,589,64,2,1
3272,589,65,2,1
3272,589,66,2,1
3272,589,67,2,1
3272,589,68,2,1
3272,589,69,2,1
3272,589,70,2,1
3272,589,71,2,1
3272,589,72,2,1
3272,589,73,2,1
3272,589,74,2,1
3272,589,75,2,1
3273,589,1,2,1
3273,589,2,2,1
3273,589,3,2,1
3273,589,4,2,1
3273,589,5,2,1
3273,589,6,2,1
3273,589,7,2,1
3273,589,8,2,1
3273,589,9,2,1
3273,589,10,2,1
3273,589,11,2,1
3273,589,12,2,1
3273,589,13,2,1
3273,589,14,2,1
3273,589,15,2,1
3273,589,16,2,1
3273,589,17,2,1
3273,589,18,2,1
3273,589,19,2,1
3273,589,20,2,1
3273,589,21,2,1
3273,589,22,2,1
3273,589,23,2,1
3273,589,24,2,1
3273,589,25,2,1
3273,589,26,2,1
3273,589,27,2,1
3273,589,28,2,1
3273,589,29,2,1
3273,589,30,2,1
3273,589,31,2,1
3273,589,32,2,1
3273,589,33,2,1
3273,589,34,2,1
3273,589,35,2,1
3273,589,36,2,1
3273,589,37,2,1
3273,589,38,2,1
3273,589,39,2,1
3273,589,40,2,1
3273,589,41,2,1
3273,589,42,2,1
3273,589,43,2,1
3273,589,44,2,1
3273,589,45,2,1
3273,589,46,2,1
3273,589,47,2,1
3273,589,48,2,1
3273,589,49,2,1
3273,589,50,2,1
3273,589,51,2,1
3273,589,52,2,1
3273,589,53,2,1
3273,589,54,2,1
3273,589,55,2,1
3273,589,56,2,1
3273,589,57,2,1
3273,589,58,2,1
3273,589,59,2,1
3273,589,60,2,1
3273,589,61,2,1
3273,589,62,2,1
3273,589,63,2,1
3273,589,64,2,1
3273,589,65,2,1
3273,589,66,2,1
3273,589,67,2,1
3273,589,68,2,1
3273,589,69,2,1
3273,589,70,2,1
3273,589,71,2,1
3273,589,72,2,1
3273,589,73,2,1
3273,589,74,2,1
3273,589,75,2,1
3274,589,1,2,1
3274,589,2,2,1
3274,589,3,2,1
3274,589,4,2,1
3274,589,5,2,1
3274,589,6,2,1
3274,589,7,2,1
3274,589,8,2,1
3274,589,9,2,1
3274,589,10,2,1
3274,589,11,2,1
3274,589,12,2,1
3274,589,13,2,1
3274,589,14,2,1
3274,589,15,2,1
3274,589,16,2,1
3274,589,17,2,1
3274,589,18,2,1
3274,589,19,2,1
3274,589,20,2,1
3274,589,21,2,1
3274,589,22,2,1
3274,589,23,2,1
3274,589,24,2,1
3274,589,25,2,1
3274,589,26,2,1
3274,589,27,2,1
3274,589,28,2,1
3274,589,29,2,1
3274,589,30,2,1
3274,589,31,2,1
3274,589,32,2,1
3274,589,33,2,1
3274,589,34,2,1
3274,589,35,2,1
3274,589,36,2,1
3274,589,37,2,1
3274,589,38,2,1
3274,589,39,2,1
3274,589,40,2,1
3274,589,41,2,1
3274,589,42,2,1
3274,589,43,2,1
3274,589,44,2,1
3274,589,45,2,1
3274,589,46,2,1
3274,589,47,2,1
3274,589,48,2,1
3274,589,49,2,1
3274,589,50,2,1
3274,589,51,2,1
3274,589,52,2,1
3274,589,53,2,1
3274,589,54,2,1
3274,589,55,2,1
3274,589,56,2,1
3274,589,57,2,1
3274,589,58,2,1
3274,589,59,2,1
3274,589,60,2,1
3274,589,61,2,1
3274,589,62,2,1
3274,589,63,2,1
3274,589,64,2,1
3274,589,65,2,1
3274,589,66,2,1
3274,589,67,2,1
3274,589,68,2,1
3274,589,69,2,1
3274,589,70,2,1
3274,589,71,2,1
3274,589,72,2,1
3274,589,73,2,1
3274,589,74,2,1
3274,589,75,2,1
3275,590,1,1,-1
3275,590,2,1,-1
3275,590,3,1,-1
3275,590,4,1,-1
3275,590,5,1,-1
3275,590,6,1,-1
3275,590,7,1,-1
3275,590,8,1,-1
3275,590,9,1,-1
3275,590,10,1,-1
3275,590,11,1,-1
3275,590,12,1,-1
3275,590,13,1,-1
3275,590,14,1,-1
3275,590,15,1,-1
3275,590,16,1,-1
3275,590,17,1,-1
3275,590,18,1,-1
3275,590,19,1,-1
3275,590,20,1,-1
3275,590,21,1,-1
3275,590,22,1,-1
3275,590,23,1,-1
3275,590,24,1,-1
3275,590,25,1,-1
3275,590,26,1,-1
3275,590,27,1,-1
3275,590,28,1,-1
3275,590,29,1,-1
3275,590,30,1,-1
3275,590,31,1,-1
3275,590,32,1,-1
3275,590,33,1,-1
3275,590,34,1,-1
3275,590,35,1,-1
3275,590,36,1,-1
3275,590,37,1,-1
3275,590,38,1,-1
3275,590,39,1,-1
3275,590,40,1,-1
3275,590,41,1,-1
3275,590,42,1,-1
3275,590,43,1,-1
3275,590,44,1,-1
3275,590,45,1,-1
3275,590,46,1,-1
3275,590,47,1,-1
3275,590,48,1,-1
3275,590,49,1,-1
3275,590,50,1,-1
3275,590,51,1,-1
3275,590,52,1,-1
3275,590,53,1,-1
3275,590,54,1,-1
3275,590,55,1,-1
3275,590,56,1,-1
3275,590,57,1,-1
3275,590,58,1,-1
3275,590,59,1,-1
3275,590,60,1,-1
3275,590,61,1,-1
3275,590,62,1,-1
3275,590,63,1,-1
3275,590,64,1,-1
3275,590,65,1,-1
3275,590,66,1,-1
3275,590,67,1,-1
3275,590,68,1,-1
3275,590,69,1,-1
3275,590,70,1,-1
3275,590,71,1,-1
3275,590,72,1,-1
3275,590,73,1,-1
3275,590,74,1,-1
3275,590,75,1,-1
3275,590,1,2,1
3275,590,2,2,1
3275,590,3,2,1
3275,590,4,2,1
3275,590,5,2,1
3275,590,6,2,1
3275,590,7,2,1
3275,590,8,2,1
3275,590,9,2,1
3275,590,10,2,1
3275,590,11,2,1
3275,590,12,2,1
3275,590,13,2,1
3275,590,14,2,1
3275,590,15,2,1
3275,590,16,2,1
3275,590,17,2,1
3275,590,18,2,1
3275,590,19,2,1
3275,590,20,2,1
3275,590,21,2,1
3275,590,22,2,1
3275,590,23,2,1
3275,590,24,2,1
3275,590,25,2,1
3275,590,26,2,1
3275,590,27,2,1
3275,590,28,2,1
3275,590,29,2,1
3275,590,30,2,1
3275,590,31,2,1
3275,590,32,2,1
3275,590,33,2,1
3275,590,34,2,1
3275,590,35,2,1
3275,590,36,2,1
3275,590,37,2,1
3275,590,38,2,1
3275,590,39,2,1
3275,590,40,2,1
3275,590,41,2,1
3275,590,42,2,1
3275,590,43,2,1
3275,590,44,2,1
3275,590,45,2,1
3275,590,46,2,1
3275,590,47,2,1
3275,590,48,2,1
3275,590,49,2,1
3275,590,50,2,1
3275,590,51,2,1
3275,590,52,2,1
3275,590,53,2,1
3275,590,54,2,1
3275,590,55,2,1
3275,590,56,2,1
3275,590,57,2,1
3275,590,58,2,1
3275,590,59,2,1
3275,590,60,2,1
3275,590,61,2,1
3275,590,62,2,1
3275,590,63,2,1
3275,590,64,2,1
3275,590,65,2,1
3275,590,66,2,1
3275,590,67,2,1
3275,590,68,2,1
3275,590,69,2,1
3275,590,70,2,1
3275,590,71,2,1
3275,590,72,2,1
3275,590,73,2,1
3275,590,74,2,1
3275,590,75,2,1
3276,590,1,2,1
3276,590,2,2,1
3276,590,3,2,1
3276,590,4,2,1
3276,590,5,2,1
3276,590,6,2,1
3276,590,7,2,1
3276,590,8,2,1
3276,590,9,2,1
3276,590,10,2,1
3276,590,11,2,1
3276,590,12,2,1
3276,590,13,2,1
3276,590,14,2,1
3276,590,15,2,1
3276,590,16,2,1
3276,590,17,2,1
3276,590,18,2,1
3276,590,19,2,1
3276,590,20,2,1
3276,590,21,2,1
3276,590,22,2,1
3276,590,23,2,1
3276,590,24,2,1
3276,590,25,2,1
3276,590,26,2,1
3276,590,27,2,1
3276,590,28,2,1
3276,590,29,2,1
3276,590,30,2,1
3276,590,31,2,1
3276,590,32,2,1
3276,590,33,2,1
3276,590,34,2,1
3276,590,35,2,1
3276,590,36,2,1
3276,590,37,2,1
3276,590,38,2,1
3276,590,39,2,1
3276,590,40,2,1
3276,590,41,2,1
3276,590,42,2,1
3276,590,43,2,1
3276,590,44,2,1
3276,590,45,2,1
3276,590,46,2,1
3276,590,47,2,1
3276,590,48,2,1
3276,590,49,2,1
3276,590,50,2,1
3276,590,51,2,1
3276,590,52,2,1
3276,590,53,2,1
3276,590,54,2,1
3276,590,55,2,1
3276,590,56,2,1
3276,590,57,2,1
3276,590,58,2,1
3276,590,59,2,1
3276,590,60,2,1
3276,590,61,2,1
3276,590,62,2,1
3276,590,63,2,1
3276,590,64,2,1
3276,590,65,2,1
3276,590,66,2,1
3276,590,67,2,1
3276,590,68,2,1
3276,590,69,2,1
3276,590,70,2,1
3276,590,71,2,1
3276,590,72,2,1
3276,590,73,2,1
3276,590,74,2,1
3276,590,75,2,1
3277,590,1,2,1
3277,590,2,2,1
3277,590,3,2,1
3277,590,4,2,1
3277,590,5,2,1
3277,590,6,2,1
3277,590,7,2,1
3277,590,8,2,1
3277,590,9,2,1
3277,590,10,2,1
3277,590,11,2,1
3277,590,12,2,1
3277,590,13,2,1
3277,590,14,2,1
3277,590,15,2,1
3277,590,16,2,1
3277,590,17,2,1
3277,590,18,2,1
3277,590,19,2,1
3277,590,20,2,1
3277,590,21,2,1
3277,590,22,2,1
3277,590,23,2,1
3277,590,24,2,1
3277,590,25,2,1
3277,590,26,2,1
3277,590,27,2,1
3277,590,28,2,1
3277,590,29,2,1
3277,590,30,2,1
3277,590,31,2,1
3277,590,32,2,1
3277,590,33,2,1
3277,590,34,2,1
3277,590,35,2,1
3277,590,36,2,1
3277,590,37,2,1
3277,590,38,2,1
3277,590,39,2,1
3277,590,40,2,1
3277,590,41,2,1
3277,590,42,2,1
3277,590,43,2,1
3277,590,44,2,1
3277,590,45,2,1
3277,590,46,2,1
3277,590,47,2,1
3277,590,48,2,1
3277,590,49,2,1
3277,590,50,2,1
3277,590,51,2,1
3277,590,52,2,1
3277,590,53,2,1
3277,590,54,2,1
3277,590,55,2,1
3277,590,56,2,1
3277,590,57,2,1
3277,590,58,2,1
3277,590,59,2,1
3277,590,60,2,1
3277,590,61,2,1
3277,590,62,2,1
3277,590,63,2,1
3277,590,64,2,1
3277,590,65,2,1
3277,590,66,2,1
3277,590,67,2,1
3277,590,68,2,1
3277,590,69,2,1
3277,590,70,2,1
3277,590,71,2,1
3277,590,72,2,1
3277,590,73,2,1
3277,590,74,2,1
3277,590,75,2,1
3278,591,1,1,-1
3278,591,2,1,-1
3278,591,3,1,-1
3278,591,4,1,-1
3278,591,5,1,-1
3278,591,6,1,-1
3278,591,7,1,-1
3278,591,8,1,-1
3278,591,9,1,-1
3278,591,10,1,-1
3278,591,11,1,-1
3278,591,12,1,-1
3278,591,13,1,-1
3278,591,14,1,-1
3278,591,15,1,-1
3278,591,16,1,-1
3278,591,17,1,-1
3278,591,18,1,-1
3278,591,19,1,-1
3278,591,20,1,-1
3278,591,21,1,-1
3278,591,22,1,-1
3278,591,23,1,-1
3278,591,24,1,-1
3278,591,25,1,-1
3278,591,26,1,-1
3278,591,27,1,-1
3278,591,28,1,-1
3278,591,29,1,-1
3278,591,30,1,-1
3278,591,31,1,-1
3278,591,32,1,-1
3278,591,33,1,-1
3278,591,34,1,-1
3278,591,35,1,-1
3278,591,36,1,-1
3278,591,37,1,-1
3278,591,38,1,-1
3278,591,39,1,-1
3278,591,40,1,-1
3278,591,41,1,-1
3278,591,42,1,-1
3278,591,43,1,-1
3278,591,44,1,-1
3278,591,45,1,-1
3278,591,46,1,-1
3278,591,47,1,-1
3278,591,48,1,-1
3278,591,49,1,-1
3278,591,50,1,-1
3278,591,51,1,-1
3278,591,52,1,-1
3278,591,53,1,-1
3278,591,54,1,-1
3278,591,55,1,-1
3278,591,56,1,-1
3278,591,57,1,-1
3278,591,58,1,-1
3278,591,59,1,-1
3278,591,60,1,-1
3278,591,61,1,-1
3278,591,62,1,-1
3278,591,63,1,-1
3278,591,64,1,-1
3278,591,65,1,-1
3278,591,66,1,-1
3278,591,67,1,-1
3278,591,68,1,-1
3278,591,69,1,-1
3278,591,70,1,-1
3278,591,71,1,-1
3278,591,72,1,-1
3278,591,73,1,-1
3278,591,74,1,-1
3278,591,75,1,-1
3278,591,1,2,1
3278,591,2,2,1
3278,591,3,2,1
3278,591,4,2,1
3278,591,5,2,1
3278,591,6,2,1
3278,591,7,2,1
3278,591,8,2,1
3278,591,9,2,1
3278,591,10,2,1
3278,591,11,2,1
3278,591,12,2,1
3278,591,13,2,1
3278,591,14,2,1
3278,591,15,2,1
3278,591,16,2,1
3278,591,17,2,1
3278,591,18,2,1
3278,591,19,2,1
3278,591,20,2,1
3278,591,21,2,1
3278,591,22,2,1
3278,591,23,2,1
3278,591,24,2,1
3278,591,25,2,1
3278,591,26,2,1
3278,591,27,2,1
3278,591,28,2,1
3278,591,29,2,1
3278,591,30,2,1
3278,591,31,2,1
3278,591,32,2,1
3278,591,33,2,1
3278,591,34,2,1
3278,591,35,2,1
3278,591,36,2,1
3278,591,37,2,1
3278,591,38,2,1
3278,591,39,2,1
3278,591,40,2,1
3278,591,41,2,1
3278,591,42,2,1
3278,591,43,2,1
3278,591,44,2,1
3278,591,45,2,1
3278,591,46,2,1
3278,591,47,2,1
3278,591,48,2,1
3278,591,49,2,1
3278,591,50,2,1
3278,591,51,2,1
3278,591,52,2,1
3278,591,53,2,1
3278,591,54,2,1
3278,591,55,2,1
3278,591,56,2,1
3278,591,57,2,1
3278,591,58,2,1
3278,591,59,2,1
3278,591,60,2,1
3278,591,61,2,1
3278,591,62,2,1
3278,591,63,2,1
3278,591,64,2,1
3278,591,65,2,1
3278,591,66,2,1
3278,591,67,2,1
3278,591,68,2,1
3278,591,69,2,1
3278,591,70,2,1
3278,591,71,2,1
3278,591,72,2,1
3278,591,73,2,1
3278,591,74,2,1
3278,591,75,2,1
3279,591,1,2,1
3279,591,2,2,1
3279,591,3,2,1
3279,591,4,2,1
3279,591,5,2,1
3279,591,6,2,1
3279,591,7,2,1
3279,591,8,2,1
3279,591,9,2,1
3279,591,10,2,1
3279,591,11,2,1
3279,591,12,2,1
3279,591,13,2,1
3279,591,14,2,1
3279,591,15,2,1
3279,591,16,2,1
3279,591,17,2,1
3279,591,18,2,1
3279,591,19,2,1
3279,591,20,2,1
3279,591,21,2,1
3279,591,22,2,1
3279,591,23,2,1
3279,591,24,2,1
3279,591,25,2,1
3279,591,26,2,1
3279,591,27,2,1
3279,591,28,2,1
3279,591,29,2,1
3279,591,30,2,1
3279,591,31,2,1
3279,591,32,2,1
3279,591,33,2,1
3279,591,34,2,1
3279,591,35,2,1
3279,591,36,2,1
3279,591,37,2,1
3279,591,38,2,1
3279,591,39,2,1
3279,591,40,2,1
3279,591,41,2,1
3279,591,42,2,1
3279,591,43,2,1
3279,591,44,2,1
3279,591,45,2,1
3279,591,46,2,1
3279,591,47,2,1
3279,591,48,2,1
3279,591,49,2,1
3279,591,50,2,1
3279,591,51,2,1
3279,591,52,2,1
3279,591,53,2,1
3279,591,54,2,1
3279,591,55,2,1
3279,591,56,2,1
3279,591,57,2,1
3279,591,58,2,1
3279,591,59,2,1
3279,591,60,2,1
3279,591,61,2,1
3279,591,62,2,1
3279,591,63,2,1
3279,591,64,2,1
3279,591,65,2,1
3279,591,66,2,1
3279,591,67,2,1
3279,591,68,2,1
3279,591,69,2,1
3279,591,70,2,1
3279,591,71,2,1
3279,591,72,2,1
3279,591,73,2,1
3279,591,74,2,1
3279,591,75,2,1
3280,591,1,2,1
3280,591,2,2,1
3280,591,3,2,1
3280,591,4,2,1
3280,591,5,2,1
3280,591,6,2,1
3280,591,7,2,1
3280,591,8,2,1
3280,591,9,2,1
3280,591,10,2,1
3280,591,11,2,1
3280,591,12,2,1
3280,591,13,2,1
3280,591,14,2,1
3280,591,15,2,1
3280,591,16,2,1
3280,591,17,2,1
3280,591,18,2,1
3280,591,19,2,1
3280,591,20,2,1
3280,591,21,2,1
3280,591,22,2,1
3280,591,23,2,1
3280,591,24,2,1
3280,591,25,2,1
3280,591,26,2,1
3280,591,27,2,1
3280,591,28,2,1
3280,591,29,2,1
3280,591,30,2,1
3280,591,31,2,1
3280,591,32,2,1
3280,591,33,2,1
3280,591,34,2,1
3280,591,35,2,1
3280,591,36,2,1
3280,591,37,2,1
3280,591,38,2,1
3280,591,39,2,1
3280,591,40,2,1
3280,591,41,2,1
3280,591,42,2,1
3280,591,43,2,1
3280,591,44,2,1
3280,591,45,2,1
3280,591,46,2,1
3280,591,47,2,1
3280,591,48,2,1
3280,591,49,2,1
3280,591,50,2,1
3280,591,51,2,1
3280,591,52,2,1
3280,591,53,2,1
3280,591,54,2,1
3280,591,55,2,1
3280,591,56,2,1
3280,591,57,2,1
3280,591,58,2,1
3280,591,59,2,1
3280,591,60,2,1
3280,591,61,2,1
3280,591,62,2,1
3280,591,63,2,1
3280,591,64,2,1
3280,591,65,2,1
3280,591,66,2,1
3280,591,67,2,1
3280,591,68,2,1
3280,591,69,2,1
3280,591,70,2,1
3280,591,71,2,1
3280,591,72,2,1
3280,591,73,2,1
3280,591,74,2,1
3280,591,75,2,1
3281,592,1,1,-1
3281,592,2,1,-1
3281,592,3,1,-1
3281,592,4,1,-1
3281,592,5,1,-1
3281,592,6,1,-1
3281,592,7,1,-1
3281,592,8,1,-1
3281,592,9,1,-1
3281,592,10,1,-1
3281,592,11,1,-1
3281,592,12,1,-1
3281,592,13,1,-1
3281,592,14,1,-1
3281,592,15,1,-1
3281,592,16,1,-1
3281,592,17,1,-1
3281,592,18,1,-1
3281,592,19,1,-1
3281,592,20,1,-1
3281,592,21,1,-1
3281,592,22,1,-1
3281,592,23,1,-1
3281,592,24,1,-1
3281,592,25,1,-1
3281,592,26,1,-1
3281,592,27,1,-1
3281,592,28,1,-1
3281,592,29,1,-1
3281,592,30,1,-1
3281,592,31,1,-1
3281,592,32,1,-1
3281,592,33,1,-1
3281,592,34,1,-1
3281,592,35,1,-1
3281,592,36,1,-1
3281,592,37,1,-1
3281,592,38,1,-1
3281,592,39,1,-1
3281,592,40,1,-1
3281,592,41,1,-1
3281,592,42,1,-1
3281,592,43,1,-1
3281,592,44,1,-1
3281,592,45,1,-1
3281,592,46,1,-1
3281,592,47,1,-1
3281,592,48,1,-1
3281,592,49,1,-1
3281,592,50,1,-1
3281,592,51,1,-1
3281,592,52,1,-1
3281,592,53,1,-1
3281,592,54,1,-1
3281,592,55,1,-1
3281,592,56,1,-1
3281,592,57,1,-1
3281,592,58,1,-1
3281,592,59,1,-1
3281,592,60,1,-1
3281,592,61,1,-1
3281,592,62,1,-1
3281,592,63,1,-1
3281,592,64,1,-1
3281,592,65,1,-1
3281,592,66,1,-1
3281,592,67,1,-1
3281,592,68,1,-1
3281,592,69,1,-1
3281,592,70,1,-1
3281,592,71,1,-1
3281,592,72,1,-1
3281,592,73,1,-1
3281,592,74,1,-1
3281,592,75,1,-1
3281,592,1,2,1
3281,592,2,2,1
3281,592,3,2,1
3281,592,4,2,1
3281,592,5,2,1
3281,592,6,2,1
3281,592,7,2,1
3281,592,8,2,1
3281,592,9,2,1
3281,592,10,2,1
3281,592,11,2,1
3281,592,12,2,1
3281,592,13,2,1
3281,592,14,2,1
3281,592,15,2,1
3281,592,16,2,1
3281,592,17,2,1
3281,592,18,2,1
3281,592,19,2,1
3281,592,20,2,1
3281,592,21,2,1
3281,592,22,2,1
3281,592,23,2,1
3281,592,24,2,1
3281,592,25,2,1
3281,592,26,2,1
3281,592,27,2,1
3281,592,28,2,1
3281,592,29,2,1
3281,592,30,2,1
3281,592,31,2,1
3281,592,32,2,1
3281,592,33,2,1
3281,592,34,2,1
3281,592,35,2,1
3281,592,36,2,1
3281,592,37,2,1
3281,592,38,2,1
3281,592,39,2,1
3281,592,40,2,1
3281,592,41,2,1
3281,592,42,2,1
3281,592,43,2,1
3281,592,44,2,1
3281,592,45,2,1
3281,592,46,2,1
3281,592,47,2,1
3281,592,48,2,1
3281,592,49,2,1
3281,592,50,2,1
3281,592,51,2,1
3281,592,52,2,1
3281,592,53,2,1
3281,592,54,2,1
3281,592,55,2,1
3281,592,56,2,1
3281,592,57,2,1
3281,592,58,2,1
3281,592,59,2,1
3281,592,60,2,1
3281,592,61,2,1
3281,592,62,2,1
3281,592,63,2,1
3281,592,64,2,1
3281,592,65,2,1
3281,592,66,2,1
3281,592,67,2,1
3281,592,68,2,1
3281,592,69,2,1
3281,592,70,2,1
3281,592,71,2,1
3281,592,72,2,1
3281,592,73,2,1
3281,592,74,2,1
3281,592,75,2,1
3282,592,1,2,1
3282,592,2,2,1
3282,592,3,2,1
3282,592,4,2,1
3282,592,5,2,1
3282,592,6,2,1
3282,592,7,2,1
3282,592,8,2,1
3282,592,9,2,1
3282,592,10,2,1
3282,592,11,2,1
3282,592,12,2,1
3282,592,13,2,1
3282,592,14,2,1
3282,592,15,2,1
3282,592,16,2,1
3282,592,17,2,1
3282,592,18,2,1
3282,592,19,2,1
3282,592,20,2,1
3282,592,21,2,1
3282,592,22,2,1
3282,592,23,2,1
3282,592,24,2,1
3282,592,25,2,1
3282,592,26,2,1
3282,592,27,2,1
3282,592,28,2,1
3282,592,29,2,1
3282,592,30,2,1
3282,592,31,2,1
3282,592,32,2,1
3282,592,33,2,1
3282,592,34,2,1
3282,592,35,2,1
3282,592,36,2,1
3282,592,37,2,1
3282,592,38,2,1
3282,592,39,2,1
3282,592,40,2,1
3282,592,41,2,1
3282,592,42,2,1
3282,592,43,2,1
3282,592,44,2,1
3282,592,45,2,1
3282,592,46,2,1
3282,592,47,2,1
3282,592,48,2,1
3282,592,49,2,1
3282,592,50,2,1
3282,592,51,2,1
3282,592,52,2,1
3282,592,53,2,1
3282,592,54,2,1
3282,592,55,2,1
3282,592,56,2,1
3282,592,57,2,1
3282,592,58,2,1
3282,592,59,2,1
3282,592,60,2,1
3282,592,61,2,1
3282,592,62,2,1
3282,592,63,2,1
3282,592,64,2,1
3282,592,65,2,1
3282,592,66,2,1
3282,592,67,2,1
3282,592,68,2,1
3282,592,69,2,1
3282,592,70,2,1
3282,592,71,2,1
3282,592,72,2,1
3282,592,73,2,1
3282,592,74,2,1
3282,592,75,2,1
3283,592,1,2,1
3283,592,2,2,1
3283,592,3,2,1
3283,592,4,2,1
3283,592,5,2,1
3283,592,6,2,1
3283,592,7,2,1
3283,592,8,2,1
3283,592,9,2,1
3283,592,10,2,1
3283,592,11,2,1
3283,592,12,2,1
3283,592,13,2,1
3283,592,14,2,1
3283,592,15,2,1
3283,592,16,2,1
3283,592,17,2,1
3283,592,18,2,1
3283,592,19,2,1
3283,592,20,2,1
3283,592,21,2,1
3283,592,22,2,1
3283,592,23,2,1
3283,592,24,2,1
3283,592,25,2,1
3283,592,26,2,1
3283,592,27,2,1
3283,592,28,2,1
3283,592,29,2,1
3283,592,30,2,1
3283,592,31,2,1
3283,592,32,2,1
3283,592,33,2,1
3283,592,34,2,1
3283,592,35,2,1
3283,592,36,2,1
3283,592,37,2,1
3283,592,38,2,1
3283,592,39,2,1
3283,592,40,2,1
3283,592,41,2,1
3283,592,42,2,1
3283,592,43,2,1
3283,592,44,2,1
3283,592,45,2,1
3283,592,46,2,1
3283,592,47,2,1
3283,592,48,2,1
3283,592,49,2,1
3283,592,50,2,1
3283,592,51,2,1
3283,592,52,2,1
3283,592,53,2,1
3283,592,54,2,1
3283,592,55,2,1
3283,592,56,2,1
3283,592,57,2,1
3283,592,58,2,1
3283,592,59,2,1
3283,592,60,2,1
3283,592,61,2,1
3283,592,62,2,1
3283,592,63,2,1
3283,592,64,2,1
3283,592,65,2,1
3283,592,66,2,1
3283,592,67,2,1
3283,592,68,2,1
3283,592,69,2,1
3283,592,70,2,1
3283,592,71,2,1
3283,592,72,2,1
3283,592,73,2,1
3283,592,74,2,1
3283,592,75,2,1
3284,593,1,1,-1
3284,593,2,1,-1
3284,593,3,1,-1
3284,593,4,1,-1
3284,593,5,1,-1
3284,593,6,1,-1
3284,593,7,1,-1
3284,593,8,1,-1
3284,593,9,1,-1
3284,593,10,1,-1
3284,593,11,1,-1
3284,593,12,1,-1
3284,593,13,1,-1
3284,593,14,1,-1
3284,593,15,1,-1
3284,593,16,1,-1
3284,593,17,1,-1
3284,593,18,1,-1
3284,593,19,1,-1
3284,593,20,1,-1
3284,593,21,1,-1
3284,593,22,1,-1
3284,593,23,1,-1
3284,593,24,1,-1
3284,593,25,1,-1
3284,593,26,1,-1
3284,593,27,1,-1
3284,593,28,1,-1
3284,593,29,1,-1
3284,593,30,1,-1
3284,593,31,1,-1
3284,593,32,1,-1
3284,593,33,1,-1
3284,593,34,1,-1
3284,593,35,1,-1
3284,593,36,1,-1
3284,593,37,1,-1
3284,593,38,1,-1
3284,593,39,1,-1
3284,593,40,1,-1
3284,593,41,1,-1
3284,593,42,1,-1
3284,593,43,1,-1
3284,593,44,1,-1
3284,593,45,1,-1
3284,593,46,1,-1
3284,593,47,1,-1
3284,593,48,1,-1
3284,593,49,1,-1
3284,593,50,1,-1
3284,593,51,1,-1
3284,593,52,1,-1
3284,593,53,1,-1
3284,593,54,1,-1
3284,593,55,1,-1
3284,593,56,1,-1
3284,593,57,1,-1
3284,593,58,1,-1
3284,593,59,1,-1
3284,593,60,1,-1
3284,593,61,1,-1
3284,593,62,1,-1
3284,593,63,1,-1
3284,593,64,1,-1
3284,593,65,1,-1
3284,593,66,1,-1
3284,593,67,1,-1
3284,593,68,1,-1
3284,593,69,1,-1
3284,593,70,1,-1
3284,593,71,1,-1
3284,593,72,1,-1
3284,593,73,1,-1
3284,593,74,1,-1
3284,593,75,1,-1
3284,593,1,2,1
3284,593,2,2,1
3284,593,3,2,1
3284,593,4,2,1
3284,593,5,2,1
3284,593,6,2,1
3284,593,7,2,1
3284,593,8,2,1
3284,593,9,2,1
3284,593,10,2,1
3284,593,11,2,1
3284,593,12,2,1
3284,593,13,2,1
3284,593,14,2,1
3284,593,15,2,1
3284,593,16,2,1
3284,593,17,2,1
3284,593,18,2,1
3284,593,19,2,1
3284,593,20,2,1
3284,593,21,2,1
3284,593,22,2,1
3284,593,23,2,1
3284,593,24,2,1
3284,593,25,2,1
3284,593,26,2,1
3284,593,27,2,1
3284,593,28,2,1
3284,593,29,2,1
3284,593,30,2,1
3284,593,31,2,1
3284,593,32,2,1
3284,593,33,2,1
3284,593,34,2,1
3284,593,35,2,1
3284,593,36,2,1
3284,593,37,2,1
3284,593,38,2,1
3284,593,39,2,1
3284,593,40,2,1
3284,593,41,2,1
3284,593,42,2,1
3284,593,43,2,1
3284,593,44,2,1
3284,593,45,2,1
3284,593,46,2,1
3284,593,47,2,1
3284,593,48,2,1
3284,593,49,2,1
3284,593,50,2,1
3284,593,51,2,1
3284,593,52,2,1
3284,593,53,2,1
3284,593,54,2,1
3284,593,55,2,1
3284,593,56,2,1
3284,593,57,2,1
3284,593,58,2,1
3284,593,59,2,1
3284,593,60,2,1
3284,593,61,2,1
3284,593,62,2,1
3284,593,63,2,1
3284,593,64,2,1
3284,593,65,2,1
3284,593,66,2,1
3284,593,67,2,1
3284,593,68,2,1
3284,593,69,2,1
3284,593,70,2,1
3284,593,71,2,1
3284,593,72,2,1
3284,593,73,2,1
3284,593,74,2,1
3284,593,75,2,1
3285,593,1,2,1
3285,593,2,2,1
3285,593,3,2,1
3285,593,4,2,1
3285,593,5,2,1
3285,593,6,2,1
3285,593,7,2,1
3285,593,8,2,1
3285,593,9,2,1
3285,593,10,2,1
3285,593,11,2,1
3285,593,12,2,1
3285,593,13,2,1
3285,593,14,2,1
3285,593,15,2,1
3285,593,16,2,1
3285,593,17,2,1
3285,593,18,2,1
3285,593,19,2,1
3285,593,20,2,1
3285,593,21,2,1
3285,593,22,2,1
3285,593,23,2,1
3285,593,24,2,1
3285,593,25,2,1
3285,593,26,2,1
3285,593,27,2,1
3285,593,28,2,1
3285,593,29,2,1
3285,593,30,2,1
3285,593,31,2,1
3285,593,32,2,1
3285,593,33,2,1
3285,593,34,2,1
3285,593,35,2,1
3285,593,36,2,1
3285,593,37,2,1
3285,593,38,2,1
3285,593,39,2,1
3285,593,40,2,1
3285,593,41,2,1
3285,593,42,2,1
3285,593,43,2,1
3285,593,44,2,1
3285,593,45,2,1
3285,593,46,2,1
3285,593,47,2,1
3285,593,48,2,1
3285,593,49,2,1
3285,593,50,2,1
3285,593,51,2,1
3285,593,52,2,1
3285,593,53,2,1
3285,593,54,2,1
3285,593,55,2,1
3285,593,56,2,1
3285,593,57,2,1
3285,593,58,2,1
3285,593,59,2,1
3285,593,60,2,1
3285,593,61,2,1
3285,593,62,2,1
3285,593,63,2,1
3285,593,64,2,1
3285,593,65,2,1
3285,593,66,2,1
3285,593,67,2,1
3285,593,68,2,1
3285,593,69,2,1
3285,593,70,2,1
3285,593,71,2,1
3285,593,72,2,1
3285,593,73,2,1
3285,593,74,2,1
3285,593,75,2,1
3286,593,1,2,1
3286,593,2,2,1
3286,593,3,2,1
3286,593,4,2,1
3286,593,5,2,1
3286,593,6,2,1
3286,593,7,2,1
3286,593,8,2,1
3286,593,9,2,1
3286,593,10,2,1
3286,593,11,2,1
3286,593,12,2,1
3286,593,13,2,1
3286,593,14,2,1
3286,593,15,2,1
3286,593,16,2,1
3286,593,17,2,1
3286,593,18,2,1
3286,593,19,2,1
3286,593,20,2,1
3286,593,21,2,1
3286,593,22,2,1
3286,593,23,2,1
3286,593,24,2,1
3286,593,25,2,1
3286,593,26,2,1
3286,593,27,2,1
3286,593,28,2,1
3286,593,29,2,1
3286,593,30,2,1
3286,593,31,2,1
3286,593,32,2,1
3286,593,33,2,1
3286,593,34,2,1
3286,593,35,2,1
3286,593,36,2,1
3286,593,37,2,1
3286,593,38,2,1
3286,593,39,2,1
3286,593,40,2,1
3286,593,41,2,1
3286,593,42,2,1
3286,593,43,2,1
3286,593,44,2,1
3286,593,45,2,1
3286,593,46,2,1
3286,593,47,2,1
3286,593,48,2,1
3286,593,49,2,1
3286,593,50,2,1
3286,593,51,2,1
3286,593,52,2,1
3286,593,53,2,1
3286,593,54,2,1
3286,593,55,2,1
3286,593,56,2,1
3286,593,57,2,1
3286,593,58,2,1
3286,593,59,2,1
3286,593,60,2,1
3286,593,61,2,1
3286,593,62,2,1
3286,593,63,2,1
3286,593,64,2,1
3286,593,65,2,1
3286,593,66,2,1
3286,593,67,2,1
3286,593,68,2,1
3286,593,69,2,1
3286,593,70,2,1
3286,593,71,2,1
3286,593,72,2,1
3286,593,73,2,1
3286,593,74,2,1
3286,593,75,2,1
3287,594,1,1,-1
3287,594,2,1,-1
3287,594,3,1,-1
3287,594,4,1,-1
3287,594,5,1,-1
3287,594,6,1,-1
3287,594,7,1,-1
3287,594,8,1,-1
3287,594,9,1,-1
3287,594,10,1,-1
3287,594,11,1,-1
3287,594,12,1,-1
3287,594,13,1,-1
3287,594,14,1,-1
3287,594,15,1,-1
3287,594,16,1,-1
3287,594,17,1,-1
3287,594,18,1,-1
3287,594,19,1,-1
3287,594,20,1,-1
3287,594,21,1,-1
3287,594,22,1,-1
3287,594,23,1,-1
3287,594,24,1,-1
3287,594,25,1,-1
3287,594,26,1,-1
3287,594,27,1,-1
3287,594,28,1,-1
3287,594,29,1,-1
3287,594,30,1,-1
3287,594,31,1,-1
3287,594,32,1,-1
3287,594,33,1,-1
3287,594,34,1,-1
3287,594,35,1,-1
3287,594,36,1,-1
3287,594,37,1,-1
3287,594,38,1,-1
3287,594,39,1,-1
3287,594,40,1,-1
3287,594,41,1,-1
3287,594,42,1,-1
3287,594,43,1,-1
3287,594,44,1,-1
3287,594,45,1,-1
3287,594,46,1,-1
3287,594,47,1,-1
3287,594,48,1,-1
3287,594,49,1,-1
3287,594,50,1,-1
3287,594,51,1,-1
3287,594,52,1,-1
3287,594,53,1,-1
3287,594,54,1,-1
3287,594,55,1,-1
3287,594,56,1,-1
3287,594,57,1,-1
3287,594,58,1,-1
3287,594,59,1,-1
3287,594,60,1,-1
3287,594,61,1,-1
3287,594,62,1,-1
3287,594,63,1,-1
3287,594,64,1,-1
3287,594,65,1,-1
3287,594,66,1,-1
3287,594,67,1,-1
3287,594,68,1,-1
3287,594,69,1,-1
3287,594,70,1,-1
3287,594,71,1,-1
3287,594,72,1,-1
3287,594,73,1,-1
3287,594,74,1,-1
3287,594,75,1,-1
3287,594,1,2,1
3287,594,2,2,1
3287,594,3,2,1
3287,594,4,2,1
3287,594,5,2,1
3287,594,6,2,1
3287,594,7,2,1
3287,594,8,2,1
3287,594,9,2,1
3287,594,10,2,1
3287,594,11,2,1
3287,594,12,2,1
3287,594,13,2,1
3287,594,14,2,1
3287,594,15,2,1
3287,594,16,2,1
3287,594,17,2,1
3287,594,18,2,1
3287,594,19,2,1
3287,594,20,2,1
3287,594,21,2,1
3287,594,22,2,1
3287,594,23,2,1
3287,594,24,2,1
3287,594,25,2,1
3287,594,26,2,1
3287,594,27,2,1
3287,594,28,2,1
3287,594,29,2,1
3287,594,30,2,1
3287,594,31,2,1
3287,594,32,2,1
3287,594,33,2,1
3287,594,34,2,1
3287,594,35,2,1
3287,594,36,2,1
3287,594,37,2,1
3287,594,38,2,1
3287,594,39,2,1
3287,594,40,2,1
3287,594,41,2,1
3287,594,42,2,1
3287,594,43,2,1
3287,594,44,2,1
3287,594,45,2,1
3287,594,46,2,1
3287,594,47,2,1
3287,594,48,2,1
3287,594,49,2,1
3287,594,50,2,1
3287,594,51,2,1
3287,594,52,2,1
3287,594,53,2,1
3287,594,54,2,1
3287,594,55,2,1
3287,594,56,2,1
3287,594,57,2,1
3287,594,58,2,1
3287,594,59,2,1
3287,594,60,2,1
3287,594,61,2,1
3287,594,62,2,1
3287,594,63,2,1
3287,594,64,2,1
3287,594,65,2,1
3287,594,66,2,1
3287,594,67,2,1
3287,594,68,2,1
3287,594,69,2,1
3287,594,70,2,1
3287,594,71,2,1
3287,594,72,2,1
3287,594,73,2,1
3287,594,74,2,1
3287,594,75,2,1
3288,594,1,2,1
3288,594,2,2,1
3288,594,3,2,1
3288,594,4,2,1
3288,594,5,2,1
3288,594,6,2,1
3288,594,7,2,1
3288,594,8,2,1
3288,594,9,2,1
3288,594,10,2,1
3288,594,11,2,1
3288,594,12,2,1
3288,594,13,2,1
3288,594,14,2,1
3288,594,15,2,1
3288,594,16,2,1
3288,594,17,2,1
3288,594,18,2,1
3288,594,19,2,1
3288,594,20,2,1
3288,594,21,2,1
3288,594,22,2,1
3288,594,23,2,1
3288,594,24,2,1
3288,594,25,2,1
3288,594,26,2,1
3288,594,27,2,1
3288,594,28,2,1
3288,594,29,2,1
3288,594,30,2,1
3288,594,31,2,1
3288,594,32,2,1
3288,594,33,2,1
3288,594,34,2,1
3288,594,35,2,1
3288,594,36,2,1
3288,594,37,2,1
3288,594,38,2,1
3288,594,39,2,1
3288,594,40,2,1
3288,594,41,2,1
3288,594,42,2,1
3288,594,43,2,1
3288,594,44,2,1
3288,594,45,2,1
3288,594,46,2,1
3288,594,47,2,1
3288,594,48,2,1
3288,594,49,2,1
3288,594,50,2,1
3288,594,51,2,1
3288,594,52,2,1
3288,594,53,2,1
3288,594,54,2,1
3288,594,55,2,1
3288,594,56,2,1
3288,594,57,2,1
3288,594,58,2,1
3288,594,59,2,1
3288,594,60,2,1
3288,594,61,2,1
3288,594,62,2,1
3288,594,63,2,1
3288,594,64,2,1
3288,594,65,2,1
3288,594,66,2,1
3288,594,67,2,1
3288,594,68,2,1
3288,594,69,2,1
3288,594,70,2,1
3288,594,71,2,1
3288,594,72,2,1
3288,594,73,2,1
3288,594,74,2,1
3288,594,75,2,1
3289,595,1,1,-1
3289,595,2,1,-1
3289,595,3,1,-1
3289,595,4,1,-1
3289,595,5,1,-1
3289,595,6,1,-1
3289,595,7,1,-1
3289,595,8,1,-1
3289,595,9,1,-1
3289,595,10,1,-1
3289,595,11,1,-1
3289,595,12,1,-1
3289,595,13,1,-1
3289,595,14,1,-1
3289,595,15,1,-1
3289,595,16,1,-1
3289,595,17,1,-1
3289,595,18,1,-1
3289,595,19,1,-1
3289,595,20,1,-1
3289,595,21,1,-1
3289,595,22,1,-1
3289,595,23,1,-1
3289,595,24,1,-1
3289,595,25,1,-1
3289,595,26,1,-1
3289,595,27,1,-1
3289,595,28,1,-1
3289,595,29,1,-1
3289,595,30,1,-1
3289,595,31,1,-1
3289,595,32,1,-1
3289,595,33,1,-1
3289,595,34,1,-1
3289,595,35,1,-1
3289,595,36,1,-1
3289,595,37,1,-1
3289,595,38,1,-1
3289,595,39,1,-1
3289,595,40,1,-1
3289,595,41,1,-1
3289,595,42,1,-1
3289,595,43,1,-1
3289,595,44,1,-1
3289,595,45,1,-1
3289,595,46,1,-1
3289,595,47,1,-1
3289,595,48,1,-1
3289,595,49,1,-1
3289,595,50,1,-1
3289,595,51,1,-1
3289,595,52,1,-1
3289,595,53,1,-1
3289,595,54,1,-1
3289,595,55,1,-1
3289,595,56,1,-1
3289,595,57,1,-1
3289,595,58,1,-1
3289,595,59,1,-1
3289,595,60,1,-1
3289,595,61,1,-1
3289,595,62,1,-1
3289,595,63,1,-1
3289,595,64,1,-1
3289,595,65,1,-1
3289,595,66,1,-1
3289,595,67,1,-1
3289,595,68,1,-1
3289,595,69,1,-1
3289,595,70,1,-1
3289,595,71,1,-1
3289,595,72,1,-1
3289,595,73,1,-1
3289,595,74,1,-1
3289,595,75,1,-1
3289,595,1,2,1
3289,595,2,2,1
3289,595,3,2,1
3289,595,4,2,1
3289,595,5,2,1
3289,595,6,2,1
3289,595,7,2,1
3289,595,8,2,1
3289,595,9,2,1
3289,595,10,2,1
3289,595,11,2,1
3289,595,12,2,1
3289,595,13,2,1
3289,595,14,2,1
3289,595,15,2,1
3289,595,16,2,1
3289,595,17,2,1
3289,595,18,2,1
3289,595,19,2,1
3289,595,20,2,1
3289,595,21,2,1
3289,595,22,2,1
3289,595,23,2,1
3289,595,24,2,1
3289,595,25,2,1
3289,595,26,2,1
3289,595,27,2,1
3289,595,28,2,1
3289,595,29,2,1
3289,595,30,2,1
3289,595,31,2,1
3289,595,32,2,1
3289,595,33,2,1
3289,595,34,2,1
3289,595,35,2,1
3289,595,36,2,1
3289,595,37,2,1
3289,595,38,2,1
3289,595,39,2,1
3289,595,40,2,1
3289,595,41,2,1
3289,595,42,2,1
3289,595,43,2,1
3289,595,44,2,1
3289,595,45,2,1
3289,595,46,2,1
3289,595,47,2,1
3289,595,48,2,1
3289,595,49,2,1
3289,595,50,2,1
3289,595,51,2,1
3289,595,52,2,1
3289,595,53,2,1
3289,595,54,2,1
3289,595,55,2,1
3289,595,56,2,1
3289,595,57,2,1
3289,595,58,2,1
3289,595,59,2,1
3289,595,60,2,1
3289,595,61,2,1
3289,595,62,2,1
3289,595,63,2,1
3289,595,64,2,1
3289,595,65,2,1
3289,595,66,2,1
3289,595,67,2,1
3289,595,68,2,1
3289,595,69,2,1
3289,595,70,2,1
3289,595,71,2,1
3289,595,72,2,1
3289,595,73,2,1
3289,595,74,2,1
3289,595,75,2,1
3290,595,1,2,1
3290,595,2,2,1
3290,595,3,2,1
3290,595,4,2,1
3290,595,5,2,1
3290,595,6,2,1
3290,595,7,2,1
3290,595,8,2,1
3290,595,9,2,1
3290,595,10,2,1
3290,595,11,2,1
3290,595,12,2,1
3290,595,13,2,1
3290,595,14,2,1
3290,595,15,2,1
3290,595,16,2,1
3290,595,17,2,1
3290,595,18,2,1
3290,595,19,2,1
3290,595,20,2,1
3290,595,21,2,1
3290,595,22,2,1
3290,595,23,2,1
3290,595,24,2,1
3290,595,25,2,1
3290,595,26,2,1
3290,595,27,2,1
3290,595,28,2,1
3290,595,29,2,1
3290,595,30,2,1
3290,595,31,2,1
3290,595,32,2,1
3290,595,33,2,1
3290,595,34,2,1
3290,595,35,2,1
3290,595,36,2,1
3290,595,37,2,1
3290,595,38,2,1
3290,595,39,2,1
3290,595,40,2,1
3290,595,41,2,1
3290,595,42,2,1
3290,595,43,2,1
3290,595,44,2,1
3290,595,45,2,1
3290,595,46,2,1
3290,595,47,2,1
3290,595,48,2,1
3290,595,49,2,1
3290,595,50,2,1
3290,595,51,2,1
3290,595,52,2,1
3290,595,53,2,1
3290,595,54,2,1
3290,595,55,2,1
3290,595,56,2,1
3290,595,57,2,1
3290,595,58,2,1
3290,595,59,2,1
3290,595,60,2,1
3290,595,61,2,1
3290,595,62,2,1
3290,595,63,2,1
3290,595,64,2,1
3290,595,65,2,1
3290,595,66,2,1
3290,595,67,2,1
3290,595,68,2,1
3290,595,69,2,1
3290,595,70,2,1
3290,595,71,2,1
3290,595,72,2,1
3290,595,73,2,1
3290,595,74,2,1
3290,595,75,2,1
3291,595,1,2,1
3291,595,2,2,1
3291,595,3,2,1
3291,595,4,2,1
3291,595,5,2,1
3291,595,6,2,1
3291,595,7,2,1
3291,595,8,2,1
3291,595,9,2,1
3291,595,10,2,1
3291,595,11,2,1
3291,595,12,2,1
3291,595,13,2,1
3291,595,14,2,1
3291,595,15,2,1
3291,595,16,2,1
3291,595,17,2,1
3291,595,18,2,1
3291,595,19,2,1
3291,595,20,2,1
3291,595,21,2,1
3291,595,22,2,1
3291,595,23,2,1
3291,595,24,2,1
3291,595,25,2,1
3291,595,26,2,1
3291,595,27,2,1
3291,595,28,2,1
3291,595,29,2,1
3291,595,30,2,1
3291,595,31,2,1
3291,595,32,2,1
3291,595,33,2,1
3291,595,34,2,1
3291,595,35,2,1
3291,595,36,2,1
3291,595,37,2,1
3291,595,38,2,1
3291,595,39,2,1
3291,595,40,2,1
3291,595,41,2,1
3291,595,42,2,1
3291,595,43,2,1
3291,595,44,2,1
3291,595,45,2,1
3291,595,46,2,1
3291,595,47,2,1
3291,595,48,2,1
3291,595,49,2,1
3291,595,50,2,1
3291,595,51,2,1
3291,595,52,2,1
3291,595,53,2,1
3291,595,54,2,1
3291,595,55,2,1
3291,595,56,2,1
3291,595,57,2,1
3291,595,58,2,1
3291,595,59,2,1
3291,595,60,2,1
3291,595,61,2,1
3291,595,62,2,1
3291,595,63,2,1
3291,595,64,2,1
3291,595,65,2,1
3291,595,66,2,1
3291,595,67,2,1
3291,595,68,2,1
3291,595,69,2,1
3291,595,70,2,1
3291,595,71,2,1
3291,595,72,2,1
3291,595,73,2,1
3291,595,74,2,1
3291,595,75,2,1
3292,596,1,1,-1
3292,596,2,1,-1
3292,596,3,1,-1
3292,596,4,1,-1
3292,596,5,1,-1
3292,596,6,1,-1
3292,596,7,1,-1
3292,596,8,1,-1
3292,596,9,1,-1
3292,596,10,1,-1
3292,596,11,1,-1
3292,596,12,1,-1
3292,596,13,1,-1
3292,596,14,1,-1
3292,596,15,1,-1
3292,596,16,1,-1
3292,596,17,1,-1
3292,596,18,1,-1
3292,596,19,1,-1
3292,596,20,1,-1
3292,596,21,1,-1
3292,596,22,1,-1
3292,596,23,1,-1
3292,596,24,1,-1
3292,596,25,1,-1
3292,596,26,1,-1
3292,596,27,1,-1
3292,596,28,1,-1
3292,596,29,1,-1
3292,596,30,1,-1
3292,596,31,1,-1
3292,596,32,1,-1
3292,596,33,1,-1
3292,596,34,1,-1
3292,596,35,1,-1
3292,596,36,1,-1
3292,596,37,1,-1
3292,596,38,1,-1
3292,596,39,1,-1
3292,596,40,1,-1
3292,596,41,1,-1
3292,596,42,1,-1
3292,596,43,1,-1
3292,596,44,1,-1
3292,596,45,1,-1
3292,596,46,1,-1
3292,596,47,1,-1
3292,596,48,1,-1
3292,596,49,1,-1
3292,596,50,1,-1
3292,596,51,1,-1
3292,596,52,1,-1
3292,596,53,1,-1
3292,596,54,1,-1
3292,596,55,1,-1
3292,596,56,1,-1
3292,596,57,1,-1
3292,596,58,1,-1
3292,596,59,1,-1
3292,596,60,1,-1
3292,596,61,1,-1
3292,596,62,1,-1
3292,596,63,1,-1
3292,596,64,1,-1
3292,596,65,1,-1
3292,596,66,1,-1
3292,596,67,1,-1
3292,596,68,1,-1
3292,596,69,1,-1
3292,596,70,1,-1
3292,596,71,1,-1
3292,596,72,1,-1
3292,596,73,1,-1
3292,596,74,1,-1
3292,596,75,1,-1
3292,596,1,2,1
3292,596,2,2,1
3292,596,3,2,1
3292,596,4,2,1
3292,596,5,2,1
3292,596,6,2,1
3292,596,7,2,1
3292,596,8,2,1
3292,596,9,2,1
3292,596,10,2,1
3292,596,11,2,1
3292,596,12,2,1
3292,596,13,2,1
3292,596,14,2,1
3292,596,15,2,1
3292,596,16,2,1
3292,596,17,2,1
3292,596,18,2,1
3292,596,19,2,1
3292,596,20,2,1
3292,596,21,2,1
3292,596,22,2,1
3292,596,23,2,1
3292,596,24,2,1
3292,596,25,2,1
3292,596,26,2,1
3292,596,27,2,1
3292,596,28,2,1
3292,596,29,2,1
3292,596,30,2,1
3292,596,31,2,1
3292,596,32,2,1
3292,596,33,2,1
3292,596,34,2,1
3292,596,35,2,1
3292,596,36,2,1
3292,596,37,2,1
3292,596,38,2,1
3292,596,39,2,1
3292,596,40,2,1
3292,596,41,2,1
3292,596,42,2,1
3292,596,43,2,1
3292,596,44,2,1
3292,596,45,2,1
3292,596,46,2,1
3292,596,47,2,1
3292,596,48,2,1
3292,596,49,2,1
3292,596,50,2,1
3292,596,51,2,1
3292,596,52,2,1
3292,596,53,2,1
3292,596,54,2,1
3292,596,55,2,1
3292,596,56,2,1
3292,596,57,2,1
3292,596,58,2,1
3292,596,59,2,1
3292,596,60,2,1
3292,596,61,2,1
3292,596,62,2,1
3292,596,63,2,1
3292,596,64,2,1
3292,596,65,2,1
3292,596,66,2,1
3292,596,67,2,1
3292,596,68,2,1
3292,596,69,2,1
3292,596,70,2,1
3292,596,71,2,1
3292,596,72,2,1
3292,596,73,2,1
3292,596,74,2,1
3292,596,75,2,1
3293,596,1,2,1
3293,596,2,2,1
3293,596,3,2,1
3293,596,4,2,1
3293,596,5,2,1
3293,596,6,2,1
3293,596,7,2,1
3293,596,8,2,1
3293,596,9,2,1
3293,596,10,2,1
3293,596,11,2,1
3293,596,12,2,1
3293,596,13,2,1
3293,596,14,2,1
3293,596,15,2,1
3293,596,16,2,1
3293,596,17,2,1
3293,596,18,2,1
3293,596,19,2,1
3293,596,20,2,1
3293,596,21,2,1
3293,596,22,2,1
3293,596,23,2,1
3293,596,24,2,1
3293,596,25,2,1
3293,596,26,2,1
3293,596,27,2,1
3293,596,28,2,1
3293,596,29,2,1
3293,596,30,2,1
3293,596,31,2,1
3293,596,32,2,1
3293,596,33,2,1
3293,596,34,2,1
3293,596,35,2,1
3293,596,36,2,1
3293,596,37,2,1
3293,596,38,2,1
3293,596,39,2,1
3293,596,40,2,1
3293,596,41,2,1
3293,596,42,2,1
3293,596,43,2,1
3293,596,44,2,1
3293,596,45,2,1
3293,596,46,2,1
3293,596,47,2,1
3293,596,48,2,1
3293,596,49,2,1
3293,596,50,2,1
3293,596,51,2,1
3293,596,52,2,1
3293,596,53,2,1
3293,596,54,2,1
3293,596,55,2,1
3293,596,56,2,1
3293,596,57,2,1
3293,596,58,2,1
3293,596,59,2,1
3293,596,60,2,1
3293,596,61,2,1
3293,596,62,2,1
3293,596,63,2,1
3293,596,64,2,1
3293,596,65,2,1
3293,596,66,2,1
3293,596,67,2,1
3293,596,68,2,1
3293,596,69,2,1
3293,596,70,2,1
3293,596,71,2,1
3293,596,72,2,1
3293,596,73,2,1
3293,596,74,2,1
3293,596,75,2,1
3294,596,1,2,1
3294,596,2,2,1
3294,596,3,2,1
3294,596,4,2,1
3294,596,5,2,1
3294,596,6,2,1
3294,596,7,2,1
3294,596,8,2,1
3294,596,9,2,1
3294,596,10,2,1
3294,596,11,2,1
3294,596,12,2,1
3294,596,13,2,1
3294,596,14,2,1
3294,596,15,2,1
3294,596,16,2,1
3294,596,17,2,1
3294,596,18,2,1
3294,596,19,2,1
3294,596,20,2,1
3294,596,21,2,1
3294,596,22,2,1
3294,596,23,2,1
3294,596,24,2,1
3294,596,25,2,1
3294,596,26,2,1
3294,596,27,2,1
3294,596,28,2,1
3294,596,29,2,1
3294,596,30,2,1
3294,596,31,2,1
3294,596,32,2,1
3294,596,33,2,1
3294,596,34,2,1
3294,596,35,2,1
3294,596,36,2,1
3294,596,37,2,1
3294,596,38,2,1
3294,596,39,2,1
3294,596,40,2,1
3294,596,41,2,1
3294,596,42,2,1
3294,596,43,2,1
3294,596,44,2,1
3294,596,45,2,1
3294,596,46,2,1
3294,596,47,2,1
3294,596,48,2,1
3294,596,49,2,1
3294,596,50,2,1
3294,596,51,2,1
3294,596,52,2,1
3294,596,53,2,1
3294,596,54,2,1
3294,596,55,2,1
3294,596,56,2,1
3294,596,57,2,1
3294,596,58,2,1
3294,596,59,2,1
3294,596,60,2,1
3294,596,61,2,1
3294,596,62,2,1
3294,596,63,2,1
3294,596,64,2,1
3294,596,65,2,1
3294,596,66,2,1
3294,596,67,2,1
3294,596,68,2,1
3294,596,69,2,1
3294,596,70,2,1
3294,596,71,2,1
3294,596,72,2,1
3294,596,73,2,1
3294,596,74,2,1
3294,596,75,2,1
3295,597,1,1,-1
3295,597,2,1,-1
3295,597,3,1,-1
3295,597,4,1,-1
3295,597,5,1,-1
3295,597,6,1,-1
3295,597,7,1,-1
3295,597,8,1,-1
3295,597,9,1,-1
3295,597,10,1,-1
3295,597,11,1,-1
3295,597,12,1,-1
3295,597,13,1,-1
3295,597,14,1,-1
3295,597,15,1,-1
3295,597,16,1,-1
3295,597,17,1,-1
3295,597,18,1,-1
3295,597,19,1,-1
3295,597,20,1,-1
3295,597,21,1,-1
3295,597,22,1,-1
3295,597,23,1,-1
3295,597,24,1,-1
3295,597,25,1,-1
3295,597,26,1,-1
3295,597,27,1,-1
3295,597,28,1,-1
3295,597,29,1,-1
3295,597,30,1,-1
3295,597,31,1,-1
3295,597,32,1,-1
3295,597,33,1,-1
3295,597,34,1,-1
3295,597,35,1,-1
3295,597,36,1,-1
3295,597,37,1,-1
3295,597,38,1,-1
3295,597,39,1,-1
3295,597,40,1,-1
3295,597,41,1,-1
3295,597,42,1,-1
3295,597,43,1,-1
3295,597,44,1,-1
3295,597,45,1,-1
3295,597,46,1,-1
3295,597,47,1,-1
3295,597,48,1,-1
3295,597,49,1,-1
3295,597,50,1,-1
3295,597,51,1,-1
3295,597,52,1,-1
3295,597,53,1,-1
3295,597,54,1,-1
3295,597,55,1,-1
3295,597,56,1,-1
3295,597,57,1,-1
3295,597,58,1,-1
3295,597,59,1,-1
3295,597,60,1,-1
3295,597,61,1,-1
3295,597,62,1,-1
3295,597,63,1,-1
3295,597,64,1,-1
3295,597,65,1,-1
3295,597,66,1,-1
3295,597,67,1,-1
3295,597,68,1,-1
3295,597,69,1,-1
3295,597,70,1,-1
3295,597,71,1,-1
3295,597,72,1,-1
3295,597,73,1,-1
3295,597,74,1,-1
3295,597,75,1,-1
3295,597,1,2,1
3295,597,2,2,1
3295,597,3,2,1
3295,597,4,2,1
3295,597,5,2,1
3295,597,6,2,1
3295,597,7,2,1
3295,597,8,2,1
3295,597,9,2,1
3295,597,10,2,1
3295,597,11,2,1
3295,597,12,2,1
3295,597,13,2,1
3295,597,14,2,1
3295,597,15,2,1
3295,597,16,2,1
3295,597,17,2,1
3295,597,18,2,1
3295,597,19,2,1
3295,597,20,2,1
3295,597,21,2,1
3295,597,22,2,1
3295,597,23,2,1
3295,597,24,2,1
3295,597,25,2,1
3295,597,26,2,1
3295,597,27,2,1
3295,597,28,2,1
3295,597,29,2,1
3295,597,30,2,1
3295,597,31,2,1
3295,597,32,2,1
3295,597,33,2,1
3295,597,34,2,1
3295,597,35,2,1
3295,597,36,2,1
3295,597,37,2,1
3295,597,38,2,1
3295,597,39,2,1
3295,597,40,2,1
3295,597,41,2,1
3295,597,42,2,1
3295,597,43,2,1
3295,597,44,2,1
3295,597,45,2,1
3295,597,46,2,1
3295,597,47,2,1
3295,597,48,2,1
3295,597,49,2,1
3295,597,50,2,1
3295,597,51,2,1
3295,597,52,2,1
3295,597,53,2,1
3295,597,54,2,1
3295,597,55,2,1
3295,597,56,2,1
3295,597,57,2,1
3295,597,58,2,1
3295,597,59,2,1
3295,597,60,2,1
3295,597,61,2,1
3295,597,62,2,1
3295,597,63,2,1
3295,597,64,2,1
3295,597,65,2,1
3295,597,66,2,1
3295,597,67,2,1
3295,597,68,2,1
3295,597,69,2,1
3295,597,70,2,1
3295,597,71,2,1
3295,597,72,2,1
3295,597,73,2,1
3295,597,74,2,1
3295,597,75,2,1
3296,597,1,2,1
3296,597,2,2,1
3296,597,3,2,1
3296,597,4,2,1
3296,597,5,2,1
3296,597,6,2,1
3296,597,7,2,1
3296,597,8,2,1
3296,597,9,2,1
3296,597,10,2,1
3296,597,11,2,1
3296,597,12,2,1
3296,597,13,2,1
3296,597,14,2,1
3296,597,15,2,1
3296,597,16,2,1
3296,597,17,2,1
3296,597,18,2,1
3296,597,19,2,1
3296,597,20,2,1
3296,597,21,2,1
3296,597,22,2,1
3296,597,23,2,1
3296,597,24,2,1
3296,597,25,2,1
3296,597,26,2,1
3296,597,27,2,1
3296,597,28,2,1
3296,597,29,2,1
3296,597,30,2,1
3296,597,31,2,1
3296,597,32,2,1
3296,597,33,2,1
3296,597,34,2,1
3296,597,35,2,1
3296,597,36,2,1
3296,597,37,2,1
3296,597,38,2,1
3296,597,39,2,1
3296,597,40,2,1
3296,597,41,2,1
3296,597,42,2,1
3296,597,43,2,1
3296,597,44,2,1
3296,597,45,2,1
3296,597,46,2,1
3296,597,47,2,1
3296,597,48,2,1
3296,597,49,2,1
3296,597,50,2,1
3296,597,51,2,1
3296,597,52,2,1
3296,597,53,2,1
3296,597,54,2,1
3296,597,55,2,1
3296,597,56,2,1
3296,597,57,2,1
3296,597,58,2,1
3296,597,59,2,1
3296,597,60,2,1
3296,597,61,2,1
3296,597,62,2,1
3296,597,63,2,1
3296,597,64,2,1
3296,597,65,2,1
3296,597,66,2,1
3296,597,67,2,1
3296,597,68,2,1
3296,597,69,2,1
3296,597,70,2,1
3296,597,71,2,1
3296,597,72,2,1
3296,597,73,2,1
3296,597,74,2,1
3296,597,75,2,1
3297,598,1,1,-1
3297,598,2,1,-1
3297,598,3,1,-1
3297,598,4,1,-1
3297,598,5,1,-1
3297,598,6,1,-1
3297,598,7,1,-1
3297,598,8,1,-1
3297,598,9,1,-1
3297,598,10,1,-1
3297,598,11,1,-1
3297,598,12,1,-1
3297,598,13,1,-1
3297,598,14,1,-1
3297,598,15,1,-1
3297,598,16,1,-1
3297,598,17,1,-1
3297,598,18,1,-1
3297,598,19,1,-1
3297,598,20,1,-1
3297,598,21,1,-1
3297,598,22,1,-1
3297,598,23,1,-1
3297,598,24,1,-1
3297,598,25,1,-1
3297,598,26,1,-1
3297,598,27,1,-1
3297,598,28,1,-1
3297,598,29,1,-1
3297,598,30,1,-1
3297,598,31,1,-1
3297,598,32,1,-1
3297,598,33,1,-1
3297,598,34,1,-1
3297,598,35,1,-1
3297,598,36,1,-1
3297,598,37,1,-1
3297,598,38,1,-1
3297,598,39,1,-1
3297,598,40,1,-1
3297,598,41,1,-1
3297,598,42,1,-1
3297,598,43,1,-1
3297,598,44,1,-1
3297,598,45,1,-1
3297,598,46,1,-1
3297,598,47,1,-1
3297,598,48,1,-1
3297,598,49,1,-1
3297,598,50,1,-1
3297,598,51,1,-1
3297,598,52,1,-1
3297,598,53,1,-1
3297,598,54,1,-1
3297,598,55,1,-1
3297,598,56,1,-1
3297,598,57,1,-1
3297,598,58,1,-1
3297,598,59,1,-1
3297,598,60,1,-1
3297,598,61,1,-1
3297,598,62,1,-1
3297,598,63,1,-1
3297,598,64,1,-1
3297,598,65,1,-1
3297,598,66,1,-1
3297,598,67,1,-1
3297,598,68,1,-1
3297,598,69,1,-1
3297,598,70,1,-1
3297,598,71,1,-1
3297,598,72,1,-1
3297,598,73,1,-1
3297,598,74,1,-1
3297,598,75,1,-1
3297,598,1,2,1
3297,598,2,2,1
3297,598,3,2,1
3297,598,4,2,1
3297,598,5,2,1
3297,598,6,2,1
3297,598,7,2,1
3297,598,8,2,1
3297,598,9,2,1
3297,598,10,2,1
3297,598,11,2,1
3297,598,12,2,1
3297,598,13,2,1
3297,598,14,2,1
3297,598,15,2,1
3297,598,16,2,1
3297,598,17,2,1
3297,598,18,2,1
3297,598,19,2,1
3297,598,20,2,1
3297,598,21,2,1
3297,598,22,2,1
3297,598,23,2,1
3297,598,24,2,1
3297,598,25,2,1
3297,598,26,2,1
3297,598,27,2,1
3297,598,28,2,1
3297,598,29,2,1
3297,598,30,2,1
3297,598,31,2,1
3297,598,32,2,1
3297,598,33,2,1
3297,598,34,2,1
3297,598,35,2,1
3297,598,36,2,1
3297,598,37,2,1
3297,598,38,2,1
3297,598,39,2,1
3297,598,40,2,1
3297,598,41,2,1
3297,598,42,2,1
3297,598,43,2,1
3297,598,44,2,1
3297,598,45,2,1
3297,598,46,2,1
3297,598,47,2,1
3297,598,48,2,1
3297,598,49,2,1
3297,598,50,2,1
3297,598,51,2,1
3297,598,52,2,1
3297,598,53,2,1
3297,598,54,2,1
3297,598,55,2,1
3297,598,56,2,1
3297,598,57,2,1
3297,598,58,2,1
3297,598,59,2,1
3297,598,60,2,1
3297,598,61,2,1
3297,598,62,2,1
3297,598,63,2,1
3297,598,64,2,1
3297,598,65,2,1
3297,598,66,2,1
3297,598,67,2,1
3297,598,68,2,1
3297,598,69,2,1
3297,598,70,2,1
3297,598,71,2,1
3297,598,72,2,1
3297,598,73,2,1
3297,598,74,2,1
3297,598,75,2,1
3298,598,1,2,1
3298,598,2,2,1
3298,598,3,2,1
3298,598,4,2,1
3298,598,5,2,1
3298,598,6,2,1
3298,598,7,2,1
3298,598,8,2,1
3298,598,9,2,1
3298,598,10,2,1
3298,598,11,2,1
3298,598,12,2,1
3298,598,13,2,1
3298,598,14,2,1
3298,598,15,2,1
3298,598,16,2,1
3298,598,17,2,1
3298,598,18,2,1
3298,598,19,2,1
3298,598,20,2,1
3298,598,21,2,1
3298,598,22,2,1
3298,598,23,2,1
3298,598,24,2,1
3298,598,25,2,1
3298,598,26,2,1
3298,598,27,2,1
3298,598,28,2,1
3298,598,29,2,1
3298,598,30,2,1
3298,598,31,2,1
3298,598,32,2,1
3298,598,33,2,1
3298,598,34,2,1
3298,598,35,2,1
3298,598,36,2,1
3298,598,37,2,1
3298,598,38,2,1
3298,598,39,2,1
3298,598,40,2,1
3298,598,41,2,1
3298,598,42,2,1
3298,598,43,2,1
3298,598,44,2,1
3298,598,45,2,1
3298,598,46,2,1
3298,598,47,2,1
3298,598,48,2,1
3298,598,49,2,1
3298,598,50,2,1
3298,598,51,2,1
3298,598,52,2,1
3298,598,53,2,1
3298,598,54,2,1
3298,598,55,2,1
3298,598,56,2,1
3298,598,57,2,1
3298,598,58,2,1
3298,598,59,2,1
3298,598,60,2,1
3298,598,61,2,1
3298,598,62,2,1
3298,598,63,2,1
3298,598,64,2,1
3298,598,65,2,1
3298,598,66,2,1
3298,598,67,2,1
3298,598,68,2,1
3298,598,69,2,1
3298,598,70,2,1
3298,598,71,2,1
3298,598,72,2,1
3298,598,73,2,1
3298,598,74,2,1
3298,598,75,2,1
3299,598,1,2,1
3299,598,2,2,1
3299,598,3,2,1
3299,598,4,2,1
3299,598,5,2,1
3299,598,6,2,1
3299,598,7,2,1
3299,598,8,2,1
3299,598,9,2,1
3299,598,10,2,1
3299,598,11,2,1
3299,598,12,2,1
3299,598,13,2,1
3299,598,14,2,1
3299,598,15,2,1
3299,598,16,2,1
3299,598,17,2,1
3299,598,18,2,1
3299,598,19,2,1
3299,598,20,2,1
3299,598,21,2,1
3299,598,22,2,1
3299,598,23,2,1
3299,598,24,2,1
3299,598,25,2,1
3299,598,26,2,1
3299,598,27,2,1
3299,598,28,2,1
3299,598,29,2,1
3299,598,30,2,1
3299,598,31,2,1
3299,598,32,2,1
3299,598,33,2,1
3299,598,34,2,1
3299,598,35,2,1
3299,598,36,2,1
3299,598,37,2,1
3299,598,38,2,1
3299,598,39,2,1
3299,598,40,2,1
3299,598,41,2,1
3299,598,42,2,1
3299,598,43,2,1
3299,598,44,2,1
3299,598,45,2,1
3299,598,46,2,1
3299,598,47,2,1
3299,598,48,2,1
3299,598,49,2,1
3299,598,50,2,1
3299,598,51,2,1
3299,598,52,2,1
3299,598,53,2,1
3299,598,54,2,1
3299,598,55,2,1
3299,598,56,2,1
3299,598,57,2,1
3299,598,58,2,1
3299,598,59,2,1
3299,598,60,2,1
3299,598,61,2,1
3299,598,62,2,1
3299,598,63,2,1
3299,598,64,2,1
3299,598,65,2,1
3299,598,66,2,1
3299,598,67,2,1
3299,598,68,2,1
3299,598,69,2,1
3299,598,70,2,1
3299,598,71,2,1
3299,598,72,2,1
3299,598,73,2,1
3299,598,74,2,1
3299,598,75,2,1
3300,599,1,1,-1
3300,599,2,1,-1
3300,599,3,1,-1
3300,599,4,1,-1
3300,599,5,1,-1
3300,599,6,1,-1
3300,599,7,1,-1
3300,599,8,1,-1
3300,599,9,1,-1
3300,599,10,1,-1
3300,599,11,1,-1
3300,599,12,1,-1
3300,599,13,1,-1
3300,599,14,1,-1
3300,599,15,1,-1
3300,599,16,1,-1
3300,599,17,1,-1
3300,599,18,1,-1
3300,599,19,1,-1
3300,599,20,1,-1
3300,599,21,1,-1
3300,599,22,1,-1
3300,599,23,1,-1
3300,599,24,1,-1
3300,599,25,1,-1
3300,599,26,1,-1
3300,599,27,1,-1
3300,599,28,1,-1
3300,599,29,1,-1
3300,599,30,1,-1
3300,599,31,1,-1
3300,599,32,1,-1
3300,599,33,1,-1
3300,599,34,1,-1
3300,599,35,1,-1
3300,599,36,1,-1
3300,599,37,1,-1
3300,599,38,1,-1
3300,599,39,1,-1
3300,599,40,1,-1
3300,599,41,1,-1
3300,599,42,1,-1
3300,599,43,1,-1
3300,599,44,1,-1
3300,599,45,1,-1
3300,599,46,1,-1
3300,599,47,1,-1
3300,599,48,1,-1
3300,599,49,1,-1
3300,599,50,1,-1
3300,599,51,1,-1
3300,599,52,1,-1
3300,599,53,1,-1
3300,599,54,1,-1
3300,599,55,1,-1
3300,599,56,1,-1
3300,599,57,1,-1
3300,599,58,1,-1
3300,599,59,1,-1
3300,599,60,1,-1
3300,599,61,1,-1
3300,599,62,1,-1
3300,599,63,1,-1
3300,599,64,1,-1
3300,599,65,1,-1
3300,599,66,1,-1
3300,599,67,1,-1
3300,599,68,1,-1
3300,599,69,1,-1
3300,599,70,1,-1
3300,599,71,1,-1
3300,599,72,1,-1
3300,599,73,1,-1
3300,599,74,1,-1
3300,599,75,1,-1
3300,599,1,2,1
3300,599,2,2,1
3300,599,3,2,1
3300,599,4,2,1
3300,599,5,2,1
3300,599,6,2,1
3300,599,7,2,1
3300,599,8,2,1
3300,599,9,2,1
3300,599,10,2,1
3300,599,11,2,1
3300,599,12,2,1
3300,599,13,2,1
3300,599,14,2,1
3300,599,15,2,1
3300,599,16,2,1
3300,599,17,2,1
3300,599,18,2,1
3300,599,19,2,1
3300,599,20,2,1
3300,599,21,2,1
3300,599,22,2,1
3300,599,23,2,1
3300,599,24,2,1
3300,599,25,2,1
3300,599,26,2,1
3300,599,27,2,1
3300,599,28,2,1
3300,599,29,2,1
3300,599,30,2,1
3300,599,31,2,1
3300,599,32,2,1
3300,599,33,2,1
3300,599,34,2,1
3300,599,35,2,1
3300,599,36,2,1
3300,599,37,2,1
3300,599,38,2,1
3300,599,39,2,1
3300,599,40,2,1
3300,599,41,2,1
3300,599,42,2,1
3300,599,43,2,1
3300,599,44,2,1
3300,599,45,2,1
3300,599,46,2,1
3300,599,47,2,1
3300,599,48,2,1
3300,599,49,2,1
3300,599,50,2,1
3300,599,51,2,1
3300,599,52,2,1
3300,599,53,2,1
3300,599,54,2,1
3300,599,55,2,1
3300,599,56,2,1
3300,599,57,2,1
3300,599,58,2,1
3300,599,59,2,1
3300,599,60,2,1
3300,599,61,2,1
3300,599,62,2,1
3300,599,63,2,1
3300,599,64,2,1
3300,599,65,2,1
3300,599,66,2,1
3300,599,67,2,1
3300,599,68,2,1
3300,599,69,2,1
3300,599,70,2,1
3300,599,71,2,1
3300,599,72,2,1
3300,599,73,2,1
3300,599,74,2,1
3300,599,75,2,1
3301,599,1,2,1
3301,599,2,2,1
3301,599,3,2,1
3301,599,4,2,1
3301,599,5,2,1
3301,599,6,2,1
3301,599,7,2,1
3301,599,8,2,1
3301,599,9,2,1
3301,599,10,2,1
3301,599,11,2,1
3301,599,12,2,1
3301,599,13,2,1
3301,599,14,2,1
3301,599,15,2,1
3301,599,16,2,1
3301,599,17,2,1
3301,599,18,2,1
3301,599,19,2,1
3301,599,20,2,1
3301,599,21,2,1
3301,599,22,2,1
3301,599,23,2,1
3301,599,24,2,1
3301,599,25,2,1
3301,599,26,2,1
3301,599,27,2,1
3301,599,28,2,1
3301,599,29,2,1
3301,599,30,2,1
3301,599,31,2,1
3301,599,32,2,1
3301,599,33,2,1
3301,599,34,2,1
3301,599,35,2,1
3301,599,36,2,1
3301,599,37,2,1
3301,599,38,2,1
3301,599,39,2,1
3301,599,40,2,1
3301,599,41,2,1
3301,599,42,2,1
3301,599,43,2,1
3301,599,44,2,1
3301,599,45,2,1
3301,599,46,2,1
3301,599,47,2,1
3301,599,48,2,1
3301,599,49,2,1
3301,599,50,2,1
3301,599,51,2,1
3301,599,52,2,1
3301,599,53,2,1
3301,599,54,2,1
3301,599,55,2,1
3301,599,56,2,1
3301,599,57,2,1
3301,599,58,2,1
3301,599,59,2,1
3301,599,60,2,1
3301,599,61,2,1
3301,599,62,2,1
3301,599,63,2,1
3301,599,64,2,1
3301,599,65,2,1
3301,599,66,2,1
3301,599,67,2,1
3301,599,68,2,1
3301,599,69,2,1
3301,599,70,2,1
3301,599,71,2,1
3301,599,72,2,1
3301,599,73,2,1
3301,599,74,2,1
3301,599,75,2,1
3302,600,1,1,-1
3302,600,2,1,-1
3302,600,3,1,-1
3302,600,4,1,-1
3302,600,5,1,-1
3302,600,6,1,-1
3302,600,7,1,-1
3302,600,8,1,-1
3302,600,9,1,-1
3302,600,10,1,-1
3302,600,11,1,-1
3302,600,12,1,-1
3302,600,13,1,-1
3302,600,14,1,-1
3302,600,15,1,-1
3302,600,16,1,-1
3302,600,17,1,-1
3302,600,18,1,-1
3302,600,19,1,-1
3302,600,20,1,-1
3302,600,21,1,-1
3302,600,22,1,-1
3302,600,23,1,-1
3302,600,24,1,-1
3302,600,25,1,-1
3302,600,26,1,-1
3302,600,27,1,-1
3302,600,28,1,-1
3302,600,29,1,-1
3302,600,30,1,-1
3302,600,31,1,-1
3302,600,32,1,-1
3302,600,33,1,-1
3302,600,34,1,-1
3302,600,35,1,-1
3302,600,36,1,-1
3302,600,37,1,-1
3302,600,38,1,-1
3302,600,39,1,-1
3302,600,40,1,-1
3302,600,41,1,-1
3302,600,42,1,-1
3302,600,43,1,-1
3302,600,44,1,-1
3302,600,45,1,-1
3302,600,46,1,-1
3302,600,47,1,-1
3302,600,48,1,-1
3302,600,49,1,-1
3302,600,50,1,-1
3302,600,51,1,-1
3302,600,52,1,-1
3302,600,53,1,-1
3302,600,54,1,-1
3302,600,55,1,-1
3302,600,56,1,-1
3302,600,57,1,-1
3302,600,58,1,-1
3302,600,59,1,-1
3302,600,60,1,-1
3302,600,61,1,-1
3302,600,62,1,-1
3302,600,63,1,-1
3302,600,64,1,-1
3302,600,65,1,-1
3302,600,66,1,-1
3302,600,67,1,-1
3302,600,68,1,-1
3302,600,69,1,-1
3302,600,70,1,-1
3302,600,71,1,-1
3302,600,72,1,-1
3302,600,73,1,-1
3302,600,74,1,-1
3302,600,75,1,-1
3302,600,1,2,1
3302,600,2,2,1
3302,600,3,2,1
3302,600,4,2,1
3302,600,5,2,1
3302,600,6,2,1
3302,600,7,2,1
3302,600,8,2,1
3302,600,9,2,1
3302,600,10,2,1
3302,600,11,2,1
3302,600,12,2,1
3302,600,13,2,1
3302,600,14,2,1
3302,600,15,2,1
3302,600,16,2,1
3302,600,17,2,1
3302,600,18,2,1
3302,600,19,2,1
3302,600,20,2,1
3302,600,21,2,1
3302,600,22,2,1
3302,600,23,2,1
3302,600,24,2,1
3302,600,25,2,1
3302,600,26,2,1
3302,600,27,2,1
3302,600,28,2,1
3302,600,29,2,1
3302,600,30,2,1
3302,600,31,2,1
3302,600,32,2,1
3302,600,33,2,1
3302,600,34,2,1
3302,600,35,2,1
3302,600,36,2,1
3302,600,37,2,1
3302,600,38,2,1
3302,600,39,2,1
3302,600,40,2,1
3302,600,41,2,1
3302,600,42,2,1
3302,600,43,2,1
3302,600,44,2,1
3302,600,45,2,1
3302,600,46,2,1
3302,600,47,2,1
3302,600,48,2,1
3302,600,49,2,1
3302,600,50,2,1
3302,600,51,2,1
3302,600,52,2,1
3302,600,53,2,1
3302,600,54,2,1
3302,600,55,2,1
3302,600,56,2,1
3302,600,57,2,1
3302,600,58,2,1
3302,600,59,2,1
3302,600,60,2,1
3302,600,61,2,1
3302,600,62,2,1
3302,600,63,2,1
3302,600,64,2,1
3302,600,65,2,1
3302,600,66,2,1
3302,600,67,2,1
3302,600,68,2,1
3302,600,69,2,1
3302,600,70,2,1
3302,600,71,2,1
3302,600,72,2,1
3302,600,73,2,1
3302,600,74,2,1
3302,600,75,2,1
3303,600,1,2,1
3303,600,2,2,1
3303,600,3,2,1
3303,600,4,2,1
3303,600,5,2,1
3303,600,6,2,1
3303,600,7,2,1
3303,600,8,2,1
3303,600,9,2,1
3303,600,10,2,1
3303,600,11,2,1
3303,600,12,2,1
3303,600,13,2,1
3303,600,14,2,1
3303,600,15,2,1
3303,600,16,2,1
3303,600,17,2,1
3303,600,18,2,1
3303,600,19,2,1
3303,600,20,2,1
3303,600,21,2,1
3303,600,22,2,1
3303,600,23,2,1
3303,600,24,2,1
3303,600,25,2,1
3303,600,26,2,1
3303,600,27,2,1
3303,600,28,2,1
3303,600,29,2,1
3303,600,30,2,1
3303,600,31,2,1
3303,600,32,2,1
3303,600,33,2,1
3303,600,34,2,1
3303,600,35,2,1
3303,600,36,2,1
3303,600,37,2,1
3303,600,38,2,1
3303,600,39,2,1
3303,600,40,2,1
3303,600,41,2,1
3303,600,42,2,1
3303,600,43,2,1
3303,600,44,2,1
3303,600,45,2,1
3303,600,46,2,1
3303,600,47,2,1
3303,600,48,2,1
3303,600,49,2,1
3303,600,50,2,1
3303,600,51,2,1
3303,600,52,2,1
3303,600,53,2,1
3303,600,54,2,1
3303,600,55,2,1
3303,600,56,2,1
3303,600,57,2,1
3303,600,58,2,1
3303,600,59,2,1
3303,600,60,2,1
3303,600,61,2,1
3303,600,62,2,1
3303,600,63,2,1
3303,600,64,2,1
3303,600,65,2,1
3303,600,66,2,1
3303,600,67,2,1
3303,600,68,2,1
3303,600,69,2,1
3303,600,70,2,1
3303,600,71,2,1
3303,600,72,2,1
3303,600,73,2,1
3303,600,74,2,1
3303,600,75,2,1
3304,600,1,2,1
3304,600,2,2,1
3304,600,3,2,1
3304,600,4,2,1
3304,600,5,2,1
3304,600,6,2,1
3304,600,7,2,1
3304,600,8,2,1
3304,600,9,2,1
3304,600,10,2,1
3304,600,11,2,1
3304,600,12,2,1
3304,600,13,2,1
3304,600,14,2,1
3304,600,15,2,1
3304,600,16,2,1
3304,600,17,2,1
3304,600,18,2,1
3304,600,19,2,1
3304,600,20,2,1
3304,600,21,2,1
3304,600,22,2,1
3304,600,23,2,1
3304,600,24,2,1
3304,600,25,2,1
3304,600,26,2,1
3304,600,27,2,1
3304,600,28,2,1
3304,600,29,2,1
3304,600,30,2,1
3304,600,31,2,1
3304,600,32,2,1
3304,600,33,2,1
3304,600,34,2,1
3304,600,35,2,1
3304,600,36,2,1
3304,600,37,2,1
3304,600,38,2,1
3304,600,39,2,1
3304,600,40,2,1
3304,600,41,2,1
3304,600,42,2,1
3304,600,43,2,1
3304,600,44,2,1
3304,600,45,2,1
3304,600,46,2,1
3304,600,47,2,1
3304,600,48,2,1
3304,600,49,2,1
3304,600,50,2,1
3304,600,51,2,1
3304,600,52,2,1
3304,600,53,2,1
3304,600,54,2,1
3304,600,55,2,1
3304,600,56,2,1
3304,600,57,2,1
3304,600,58,2,1
3304,600,59,2,1
3304,600,60,2,1
3304,600,61,2,1
3304,600,62,2,1
3304,600,63,2,1
3304,600,64,2,1
3304,600,65,2,1
3304,600,66,2,1
3304,600,67,2,1
3304,600,68,2,1
3304,600,69,2,1
3304,600,70,2,1
3304,600,71,2,1
3304,600,72,2,1
3304,600,73,2,1
3304,600,74,2,1
3304,600,75,2,1
3305,601,1,1,-1
3305,601,2,1,-1
3305,601,3,1,-1
3305,601,4,1,-1
3305,601,5,1,-1
3305,601,6,1,-1
3305,601,7,1,-1
3305,601,8,1,-1
3305,601,9,1,-1
3305,601,10,1,-1
3305,601,11,1,-1
3305,601,12,1,-1
3305,601,13,1,-1
3305,601,14,1,-1
3305,601,15,1,-1
3305,601,16,1,-1
3305,601,17,1,-1
3305,601,18,1,-1
3305,601,19,1,-1
3305,601,20,1,-1
3305,601,21,1,-1
3305,601,22,1,-1
3305,601,23,1,-1
3305,601,24,1,-1
3305,601,25,1,-1
3305,601,26,1,-1
3305,601,27,1,-1
3305,601,28,1,-1
3305,601,29,1,-1
3305,601,30,1,-1
3305,601,31,1,-1
3305,601,32,1,-1
3305,601,33,1,-1
3305,601,34,1,-1
3305,601,35,1,-1
3305,601,36,1,-1
3305,601,37,1,-1
3305,601,38,1,-1
3305,601,39,1,-1
3305,601,40,1,-1
3305,601,41,1,-1
3305,601,42,1,-1
3305,601,43,1,-1
3305,601,44,1,-1
3305,601,45,1,-1
3305,601,46,1,-1
3305,601,47,1,-1
3305,601,48,1,-1
3305,601,49,1,-1
3305,601,50,1,-1
3305,601,51,1,-1
3305,601,52,1,-1
3305,601,53,1,-1
3305,601,54,1,-1
3305,601,55,1,-1
3305,601,56,1,-1
3305,601,57,1,-1
3305,601,58,1,-1
3305,601,59,1,-1
3305,601,60,1,-1
3305,601,61,1,-1
3305,601,62,1,-1
3305,601,63,1,-1
3305,601,64,1,-1
3305,601,65,1,-1
3305,601,66,1,-1
3305,601,67,1,-1
3305,601,68,1,-1
3305,601,69,1,-1
3305,601,70,1,-1
3305,601,71,1,-1
3305,601,72,1,-1
3305,601,73,1,-1
3305,601,74,1,-1
3305,601,75,1,-1
3305,601,1,2,1
3305,601,2,2,1
3305,601,3,2,1
3305,601,4,2,1
3305,601,5,2,1
3305,601,6,2,1
3305,601,7,2,1
3305,601,8,2,1
3305,601,9,2,1
3305,601,10,2,1
3305,601,11,2,1
3305,601,12,2,1
3305,601,13,2,1
3305,601,14,2,1
3305,601,15,2,1
3305,601,16,2,1
3305,601,17,2,1
3305,601,18,2,1
3305,601,19,2,1
3305,601,20,2,1
3305,601,21,2,1
3305,601,22,2,1
3305,601,23,2,1
3305,601,24,2,1
3305,601,25,2,1
3305,601,26,2,1
3305,601,27,2,1
3305,601,28,2,1
3305,601,29,2,1
3305,601,30,2,1
3305,601,31,2,1
3305,601,32,2,1
3305,601,33,2,1
3305,601,34,2,1
3305,601,35,2,1
3305,601,36,2,1
3305,601,37,2,1
3305,601,38,2,1
3305,601,39,2,1
3305,601,40,2,1
3305,601,41,2,1
3305,601,42,2,1
3305,601,43,2,1
3305,601,44,2,1
3305,601,45,2,1
3305,601,46,2,1
3305,601,47,2,1
3305,601,48,2,1
3305,601,49,2,1
3305,601,50,2,1
3305,601,51,2,1
3305,601,52,2,1
3305,601,53,2,1
3305,601,54,2,1
3305,601,55,2,1
3305,601,56,2,1
3305,601,57,2,1
3305,601,58,2,1
3305,601,59,2,1
3305,601,60,2,1
3305,601,61,2,1
3305,601,62,2,1
3305,601,63,2,1
3305,601,64,2,1
3305,601,65,2,1
3305,601,66,2,1
3305,601,67,2,1
3305,601,68,2,1
3305,601,69,2,1
3305,601,70,2,1
3305,601,71,2,1
3305,601,72,2,1
3305,601,73,2,1
3305,601,74,2,1
3305,601,75,2,1
3306,601,1,2,1
3306,601,2,2,1
3306,601,3,2,1
3306,601,4,2,1
3306,601,5,2,1
3306,601,6,2,1
3306,601,7,2,1
3306,601,8,2,1
3306,601,9,2,1
3306,601,10,2,1
3306,601,11,2,1
3306,601,12,2,1
3306,601,13,2,1
3306,601,14,2,1
3306,601,15,2,1
3306,601,16,2,1
3306,601,17,2,1
3306,601,18,2,1
3306,601,19,2,1
3306,601,20,2,1
3306,601,21,2,1
3306,601,22,2,1
3306,601,23,2,1
3306,601,24,2,1
3306,601,25,2,1
3306,601,26,2,1
3306,601,27,2,1
3306,601,28,2,1
3306,601,29,2,1
3306,601,30,2,1
3306,601,31,2,1
3306,601,32,2,1
3306,601,33,2,1
3306,601,34,2,1
3306,601,35,2,1
3306,601,36,2,1
3306,601,37,2,1
3306,601,38,2,1
3306,601,39,2,1
3306,601,40,2,1
3306,601,41,2,1
3306,601,42,2,1
3306,601,43,2,1
3306,601,44,2,1
3306,601,45,2,1
3306,601,46,2,1
3306,601,47,2,1
3306,601,48,2,1
3306,601,49,2,1
3306,601,50,2,1
3306,601,51,2,1
3306,601,52,2,1
3306,601,53,2,1
3306,601,54,2,1
3306,601,55,2,1
3306,601,56,2,1
3306,601,57,2,1
3306,601,58,2,1
3306,601,59,2,1
3306,601,60,2,1
3306,601,61,2,1
3306,601,62,2,1
3306,601,63,2,1
3306,601,64,2,1
3306,601,65,2,1
3306,601,66,2,1
3306,601,67,2,1
3306,601,68,2,1
3306,601,69,2,1
3306,601,70,2,1
3306,601,71,2,1
3306,601,72,2,1
3306,601,73,2,1
3306,601,74,2,1
3306,601,75,2,1
3307,602,1,1,-1
3307,602,2,1,-1
3307,602,3,1,-1
3307,602,4,1,-1
3307,602,5,1,-1
3307,602,6,1,-1
3307,602,7,1,-1
3307,602,8,1,-1
3307,602,9,1,-1
3307,602,10,1,-1
3307,602,11,1,-1
3307,602,12,1,-1
3307,602,13,1,-1
3307,602,14,1,-1
3307,602,15,1,-1
3307,602,16,1,-1
3307,602,17,1,-1
3307,602,18,1,-1
3307,602,19,1,-1
3307,602,20,1,-1
3307,602,21,1,-1
3307,602,22,1,-1
3307,602,23,1,-1
3307,602,24,1,-1
3307,602,25,1,-1
3307,602,26,1,-1
3307,602,27,1,-1
3307,602,28,1,-1
3307,602,29,1,-1
3307,602,30,1,-1
3307,602,31,1,-1
3307,602,32,1,-1
3307,602,33,1,-1
3307,602,34,1,-1
3307,602,35,1,-1
3307,602,36,1,-1
3307,602,37,1,-1
3307,602,38,1,-1
3307,602,39,1,-1
3307,602,40,1,-1
3307,602,41,1,-1
3307,602,42,1,-1
3307,602,43,1,-1
3307,602,44,1,-1
3307,602,45,1,-1
3307,602,46,1,-1
3307,602,47,1,-1
3307,602,48,1,-1
3307,602,49,1,-1
3307,602,50,1,-1
3307,602,51,1,-1
3307,602,52,1,-1
3307,602,53,1,-1
3307,602,54,1,-1
3307,602,55,1,-1
3307,602,56,1,-1
3307,602,57,1,-1
3307,602,58,1,-1
3307,602,59,1,-1
3307,602,60,1,-1
3307,602,61,1,-1
3307,602,62,1,-1
3307,602,63,1,-1
3307,602,64,1,-1
3307,602,65,1,-1
3307,602,66,1,-1
3307,602,67,1,-1
3307,602,68,1,-1
3307,602,69,1,-1
3307,602,70,1,-1
3307,602,71,1,-1
3307,602,72,1,-1
3307,602,73,1,-1
3307,602,74,1,-1
3307,602,75,1,-1
3307,602,1,2,1
3307,602,2,2,1
3307,602,3,2,1
3307,602,4,2,1
3307,602,5,2,1
3307,602,6,2,1
3307,602,7,2,1
3307,602,8,2,1
3307,602,9,2,1
3307,602,10,2,1
3307,602,11,2,1
3307,602,12,2,1
3307,602,13,2,1
3307,602,14,2,1
3307,602,15,2,1
3307,602,16,2,1
3307,602,17,2,1
3307,602,18,2,1
3307,602,19,2,1
3307,602,20,2,1
3307,602,21,2,1
3307,602,22,2,1
3307,602,23,2,1
3307,602,24,2,1
3307,602,25,2,1
3307,602,26,2,1
3307,602,27,2,1
3307,602,28,2,1
3307,602,29,2,1
3307,602,30,2,1
3307,602,31,2,1
3307,602,32,2,1
3307,602,33,2,1
3307,602,34,2,1
3307,602,35,2,1
3307,602,36,2,1
3307,602,37,2,1
3307,602,38,2,1
3307,602,39,2,1
3307,602,40,2,1
3307,602,41,2,1
3307,602,42,2,1
3307,602,43,2,1
3307,602,44,2,1
3307,602,45,2,1
3307,602,46,2,1
3307,602,47,2,1
3307,602,48,2,1
3307,602,49,2,1
3307,602,50,2,1
3307,602,51,2,1
3307,602,52,2,1
3307,602,53,2,1
3307,602,54,2,1
3307,602,55,2,1
3307,602,56,2,1
3307,602,57,2,1
3307,602,58,2,1
3307,602,59,2,1
3307,602,60,2,1
3307,602,61,2,1
3307,602,62,2,1
3307,602,63,2,1
3307,602,64,2,1
3307,602,65,2,1
3307,602,66,2,1
3307,602,67,2,1
3307,602,68,2,1
3307,602,69,2,1
3307,602,70,2,1
3307,602,71,2,1
3307,602,72,2,1
3307,602,73,2,1
3307,602,74,2,1
3307,602,75,2,1
3308,602,1,2,1
3308,602,2,2,1
3308,602,3,2,1
3308,602,4,2,1
3308,602,5,2,1
3308,602,6,2,1
3308,602,7,2,1
3308,602,8,2,1
3308,602,9,2,1
3308,602,10,2,1
3308,602,11,2,1
3308,602,12,2,1
3308,602,13,2,1
3308,602,14,2,1
3308,602,15,2,1
3308,602,16,2,1
3308,602,17,2,1
3308,602,18,2,1
3308,602,19,2,1
3308,602,20,2,1
3308,602,21,2,1
3308,602,22,2,1
3308,602,23,2,1
3308,602,24,2,1
3308,602,25,2,1
3308,602,26,2,1
3308,602,27,2,1
3308,602,28,2,1
3308,602,29,2,1
3308,602,30,2,1
3308,602,31,2,1
3308,602,32,2,1
3308,602,33,2,1
3308,602,34,2,1
3308,602,35,2,1
3308,602,36,2,1
3308,602,37,2,1
3308,602,38,2,1
3308,602,39,2,1
3308,602,40,2,1
3308,602,41,2,1
3308,602,42,2,1
3308,602,43,2,1
3308,602,44,2,1
3308,602,45,2,1
3308,602,46,2,1
3308,602,47,2,1
3308,602,48,2,1
3308,602,49,2,1
3308,602,50,2,1
3308,602,51,2,1
3308,602,52,2,1
3308,602,53,2,1
3308,602,54,2,1
3308,602,55,2,1
3308,602,56,2,1
3308,602,57,2,1
3308,602,58,2,1
3308,602,59,2,1
3308,602,60,2,1
3308,602,61,2,1
3308,602,62,2,1
3308,602,63,2,1
3308,602,64,2,1
3308,602,65,2,1
3308,602,66,2,1
3308,602,67,2,1
3308,602,68,2,1
3308,602,69,2,1
3308,602,70,2,1
3308,602,71,2,1
3308,602,72,2,1
3308,602,73,2,1
3308,602,74,2,1
3308,602,75,2,1
3309,602,1,2,1
3309,602,2,2,1
3309,602,3,2,1
3309,602,4,2,1
3309,602,5,2,1
3309,602,6,2,1
3309,602,7,2,1
3309,602,8,2,1
3309,602,9,2,1
3309,602,10,2,1
3309,602,11,2,1
3309,602,12,2,1
3309,602,13,2,1
3309,602,14,2,1
3309,602,15,2,1
3309,602,16,2,1
3309,602,17,2,1
3309,602,18,2,1
3309,602,19,2,1
3309,602,20,2,1
3309,602,21,2,1
3309,602,22,2,1
3309,602,23,2,1
3309,602,24,2,1
3309,602,25,2,1
3309,602,26,2,1
3309,602,27,2,1
3309,602,28,2,1
3309,602,29,2,1
3309,602,30,2,1
3309,602,31,2,1
3309,602,32,2,1
3309,602,33,2,1
3309,602,34,2,1
3309,602,35,2,1
3309,602,36,2,1
3309,602,37,2,1
3309,602,38,2,1
3309,602,39,2,1
3309,602,40,2,1
3309,602,41,2,1
3309,602,42,2,1
3309,602,43,2,1
3309,602,44,2,1
3309,602,45,2,1
3309,602,46,2,1
3309,602,47,2,1
3309,602,48,2,1
3309,602,49,2,1
3309,602,50,2,1
3309,602,51,2,1
3309,602,52,2,1
3309,602,53,2,1
3309,602,54,2,1
3309,602,55,2,1
3309,602,56,2,1
3309,602,57,2,1
3309,602,58,2,1
3309,602,59,2,1
3309,602,60,2,1
3309,602,61,2,1
3309,602,62,2,1
3309,602,63,2,1
3309,602,64,2,1
3309,602,65,2,1
3309,602,66,2,1
3309,602,67,2,1
3309,602,68,2,1
3309,602,69,2,1
3309,602,70,2,1
3309,602,71,2,1
3309,602,72,2,1
3309,602,73,2,1
3309,602,74,2,1
3309,602,75,2,1
3310,603,1,1,-1
3310,603,2,1,-1
3310,603,3,1,-1
3310,603,4,1,-1
3310,603,5,1,-1
3310,603,6,1,-1
3310,603,7,1,-1
3310,603,8,1,-1
3310,603,9,1,-1
3310,603,10,1,-1
3310,603,11,1,-1
3310,603,12,1,-1
3310,603,13,1,-1
3310,603,14,1,-1
3310,603,15,1,-1
3310,603,16,1,-1
3310,603,17,1,-1
3310,603,18,1,-1
3310,603,19,1,-1
3310,603,20,1,-1
3310,603,21,1,-1
3310,603,22,1,-1
3310,603,23,1,-1
3310,603,24,1,-1
3310,603,25,1,-1
3310,603,26,1,-1
3310,603,27,1,-1
3310,603,28,1,-1
3310,603,29,1,-1
3310,603,30,1,-1
3310,603,31,1,-1
3310,603,32,1,-1
3310,603,33,1,-1
3310,603,34,1,-1
3310,603,35,1,-1
3310,603,36,1,-1
3310,603,37,1,-1
3310,603,38,1,-1
3310,603,39,1,-1
3310,603,40,1,-1
3310,603,41,1,-1
3310,603,42,1,-1
3310,603,43,1,-1
3310,603,44,1,-1
3310,603,45,1,-1
3310,603,46,1,-1
3310,603,47,1,-1
3310,603,48,1,-1
3310,603,49,1,-1
3310,603,50,1,-1
3310,603,51,1,-1
3310,603,52,1,-1
3310,603,53,1,-1
3310,603,54,1,-1
3310,603,55,1,-1
3310,603,56,1,-1
3310,603,57,1,-1
3310,603,58,1,-1
3310,603,59,1,-1
3310,603,60,1,-1
3310,603,61,1,-1
3310,603,62,1,-1
3310,603,63,1,-1
3310,603,64,1,-1
3310,603,65,1,-1
3310,603,66,1,-1
3310,603,67,1,-1
3310,603,68,1,-1
3310,603,69,1,-1
3310,603,70,1,-1
3310,603,71,1,-1
3310,603,72,1,-1
3310,603,73,1,-1
3310,603,74,1,-1
3310,603,75,1,-1
3310,603,1,2,1
3310,603,2,2,1
3310,603,3,2,1
3310,603,4,2,1
3310,603,5,2,1
3310,603,6,2,1
3310,603,7,2,1
3310,603,8,2,1
3310,603,9,2,1
3310,603,10,2,1
3310,603,11,2,1
3310,603,12,2,1
3310,603,13,2,1
3310,603,14,2,1
3310,603,15,2,1
3310,603,16,2,1
3310,603,17,2,1
3310,603,18,2,1
3310,603,19,2,1
3310,603,20,2,1
3310,603,21,2,1
3310,603,22,2,1
3310,603,23,2,1
3310,603,24,2,1
3310,603,25,2,1
3310,603,26,2,1
3310,603,27,2,1
3310,603,28,2,1
3310,603,29,2,1
3310,603,30,2,1
3310,603,31,2,1
3310,603,32,2,1
3310,603,33,2,1
3310,603,34,2,1
3310,603,35,2,1
3310,603,36,2,1
3310,603,37,2,1
3310,603,38,2,1
3310,603,39,2,1
3310,603,40,2,1
3310,603,41,2,1
3310,603,42,2,1
3310,603,43,2,1
3310,603,44,2,1
3310,603,45,2,1
3310,603,46,2,1
3310,603,47,2,1
3310,603,48,2,1
3310,603,49,2,1
3310,603,50,2,1
3310,603,51,2,1
3310,603,52,2,1
3310,603,53,2,1
3310,603,54,2,1
3310,603,55,2,1
3310,603,56,2,1
3310,603,57,2,1
3310,603,58,2,1
3310,603,59,2,1
3310,603,60,2,1
3310,603,61,2,1
3310,603,62,2,1
3310,603,63,2,1
3310,603,64,2,1
3310,603,65,2,1
3310,603,66,2,1
3310,603,67,2,1
3310,603,68,2,1
3310,603,69,2,1
3310,603,70,2,1
3310,603,71,2,1
3310,603,72,2,1
3310,603,73,2,1
3310,603,74,2,1
3310,603,75,2,1
3311,603,1,2,1
3311,603,2,2,1
3311,603,3,2,1
3311,603,4,2,1
3311,603,5,2,1
3311,603,6,2,1
3311,603,7,2,1
3311,603,8,2,1
3311,603,9,2,1
3311,603,10,2,1
3311,603,11,2,1
3311,603,12,2,1
3311,603,13,2,1
3311,603,14,2,1
3311,603,15,2,1
3311,603,16,2,1
3311,603,17,2,1
3311,603,18,2,1
3311,603,19,2,1
3311,603,20,2,1
3311,603,21,2,1
3311,603,22,2,1
3311,603,23,2,1
3311,603,24,2,1
3311,603,25,2,1
3311,603,26,2,1
3311,603,27,2,1
3311,603,28,2,1
3311,603,29,2,1
3311,603,30,2,1
3311,603,31,2,1
3311,603,32,2,1
3311,603,33,2,1
3311,603,34,2,1
3311,603,35,2,1
3311,603,36,2,1
3311,603,37,2,1
3311,603,38,2,1
3311,603,39,2,1
3311,603,40,2,1
3311,603,41,2,1
3311,603,42,2,1
3311,603,43,2,1
3311,603,44,2,1
3311,603,45,2,1
3311,603,46,2,1
3311,603,47,2,1
3311,603,48,2,1
3311,603,49,2,1
3311,603,50,2,1
3311,603,51,2,1
3311,603,52,2,1
3311,603,53,2,1
3311,603,54,2,1
3311,603,55,2,1
3311,603,56,2,1
3311,603,57,2,1
3311,603,58,2,1
3311,603,59,2,1
3311,603,60,2,1
3311,603,61,2,1
3311,603,62,2,1
3311,603,63,2,1
3311,603,64,2,1
3311,603,65,2,1
3311,603,66,2,1
3311,603,67,2,1
3311,603,68,2,1
3311,603,69,2,1
3311,603,70,2,1
3311,603,71,2,1
3311,603,72,2,1
3311,603,73,2,1
3311,603,74,2,1
3311,603,75,2,1
3312,604,1,1,-1
3312,604,2,1,-1
3312,604,3,1,-1
3312,604,4,1,-1
3312,604,5,1,-1
3312,604,6,1,-1
3312,604,7,1,-1
3312,604,8,1,-1
3312,604,9,1,-1
3312,604,10,1,-1
3312,604,11,1,-1
3312,604,12,1,-1
3312,604,13,1,-1
3312,604,14,1,-1
3312,604,15,1,-1
3312,604,16,1,-1
3312,604,17,1,-1
3312,604,18,1,-1
3312,604,19,1,-1
3312,604,20,1,-1
3312,604,21,1,-1
3312,604,22,1,-1
3312,604,23,1,-1
3312,604,24,1,-1
3312,604,25,1,-1
3312,604,26,1,-1
3312,604,27,1,-1
3312,604,28,1,-1
3312,604,29,1,-1
3312,604,30,1,-1
3312,604,31,1,-1
3312,604,32,1,-1
3312,604,33,1,-1
3312,604,34,1,-1
3312,604,35,1,-1
3312,604,36,1,-1
3312,604,37,1,-1
3312,604,38,1,-1
3312,604,39,1,-1
3312,604,40,1,-1
3312,604,41,1,-1
3312,604,42,1,-1
3312,604,43,1,-1
3312,604,44,1,-1
3312,604,45,1,-1
3312,604,46,1,-1
3312,604,47,1,-1
3312,604,48,1,-1
3312,604,49,1,-1
3312,604,50,1,-1
3312,604,51,1,-1
3312,604,52,1,-1
3312,604,53,1,-1
3312,604,54,1,-1
3312,604,55,1,-1
3312,604,56,1,-1
3312,604,57,1,-1
3312,604,58,1,-1
3312,604,59,1,-1
3312,604,60,1,-1
3312,604,61,1,-1
3312,604,62,1,-1
3312,604,63,1,-1
3312,604,64,1,-1
3312,604,65,1,-1
3312,604,66,1,-1
3312,604,67,1,-1
3312,604,68,1,-1
3312,604,69,1,-1
3312,604,70,1,-1
3312,604,71,1,-1
3312,604,72,1,-1
3312,604,73,1,-1
3312,604,74,1,-1
3312,604,75,1,-1
3312,604,1,2,1
3312,604,2,2,1
3312,604,3,2,1
3312,604,4,2,1
3312,604,5,2,1
3312,604,6,2,1
3312,604,7,2,1
3312,604,8,2,1
3312,604,9,2,1
3312,604,10,2,1
3312,604,11,2,1
3312,604,12,2,1
3312,604,13,2,1
3312,604,14,2,1
3312,604,15,2,1
3312,604,16,2,1
3312,604,17,2,1
3312,604,18,2,1
3312,604,19,2,1
3312,604,20,2,1
3312,604,21,2,1
3312,604,22,2,1
3312,604,23,2,1
3312,604,24,2,1
3312,604,25,2,1
3312,604,26,2,1
3312,604,27,2,1
3312,604,28,2,1
3312,604,29,2,1
3312,604,30,2,1
3312,604,31,2,1
3312,604,32,2,1
3312,604,33,2,1
3312,604,34,2,1
3312,604,35,2,1
3312,604,36,2,1
3312,604,37,2,1
3312,604,38,2,1
3312,604,39,2,1
3312,604,40,2,1
3312,604,41,2,1
3312,604,42,2,1
3312,604,43,2,1
3312,604,44,2,1
3312,604,45,2,1
3312,604,46,2,1
3312,604,47,2,1
3312,604,48,2,1
3312,604,49,2,1
3312,604,50,2,1
3312,604,51,2,1
3312,604,52,2,1
3312,604,53,2,1
3312,604,54,2,1
3312,604,55,2,1
3312,604,56,2,1
3312,604,57,2,1
3312,604,58,2,1
3312,604,59,2,1
3312,604,60,2,1
3312,604,61,2,1
3312,604,62,2,1
3312,604,63,2,1
3312,604,64,2,1
3312,604,65,2,1
3312,604,66,2,1
3312,604,67,2,1
3312,604,68,2,1
3312,604,69,2,1
3312,604,70,2,1
3312,604,71,2,1
3312,604,72,2,1
3312,604,73,2,1
3312,604,74,2,1
3312,604,75,2,1
3313,604,1,2,1
3313,604,2,2,1
3313,604,3,2,1
3313,604,4,2,1
3313,604,5,2,1
3313,604,6,2,1
3313,604,7,2,1
3313,604,8,2,1
3313,604,9,2,1
3313,604,10,2,1
3313,604,11,2,1
3313,604,12,2,1
3313,604,13,2,1
3313,604,14,2,1
3313,604,15,2,1
3313,604,16,2,1
3313,604,17,2,1
3313,604,18,2,1
3313,604,19,2,1
3313,604,20,2,1
3313,604,21,2,1
3313,604,22,2,1
3313,604,23,2,1
3313,604,24,2,1
3313,604,25,2,1
3313,604,26,2,1
3313,604,27,2,1
3313,604,28,2,1
3313,604,29,2,1
3313,604,30,2,1
3313,604,31,2,1
3313,604,32,2,1
3313,604,33,2,1
3313,604,34,2,1
3313,604,35,2,1
3313,604,36,2,1
3313,604,37,2,1
3313,604,38,2,1
3313,604,39,2,1
3313,604,40,2,1
3313,604,41,2,1
3313,604,42,2,1
3313,604,43,2,1
3313,604,44,2,1
3313,604,45,2,1
3313,604,46,2,1
3313,604,47,2,1
3313,604,48,2,1
3313,604,49,2,1
3313,604,50,2,1
3313,604,51,2,1
3313,604,52,2,1
3313,604,53,2,1
3313,604,54,2,1
3313,604,55,2,1
3313,604,56,2,1
3313,604,57,2,1
3313,604,58,2,1
3313,604,59,2,1
3313,604,60,2,1
3313,604,61,2,1
3313,604,62,2,1
3313,604,63,2,1
3313,604,64,2,1
3313,604,65,2,1
3313,604,66,2,1
3313,604,67,2,1
3313,604,68,2,1
3313,604,69,2,1
3313,604,70,2,1
3313,604,71,2,1
3313,604,72,2,1
3313,604,73,2,1
3313,604,74,2,1
3313,604,75,2,1
3314,605,1,1,-1
3314,605,2,1,-1
3314,605,3,1,-1
3314,605,4,1,-1
3314,605,5,1,-1
3314,605,6,1,-1
3314,605,7,1,-1
3314,605,8,1,-1
3314,605,9,1,-1
3314,605,10,1,-1
3314,605,11,1,-1
3314,605,12,1,-1
3314,605,13,1,-1
3314,605,14,1,-1
3314,605,15,1,-1
3314,605,16,1,-1
3314,605,17,1,-1
3314,605,18,1,-1
3314,605,19,1,-1
3314,605,20,1,-1
3314,605,21,1,-1
3314,605,22,1,-1
3314,605,23,1,-1
3314,605,24,1,-1
3314,605,25,1,-1
3314,605,26,1,-1
3314,605,27,1,-1
3314,605,28,1,-1
3314,605,29,1,-1
3314,605,30,1,-1
3314,605,31,1,-1
3314,605,32,1,-1
3314,605,33,1,-1
3314,605,34,1,-1
3314,605,35,1,-1
3314,605,36,1,-1
3314,605,37,1,-1
3314,605,38,1,-1
3314,605,39,1,-1
3314,605,40,1,-1
3314,605,41,1,-1
3314,605,42,1,-1
3314,605,43,1,-1
3314,605,44,1,-1
3314,605,45,1,-1
3314,605,46,1,-1
3314,605,47,1,-1
3314,605,48,1,-1
3314,605,49,1,-1
3314,605,50,1,-1
3314,605,51,1,-1
3314,605,52,1,-1
3314,605,53,1,-1
3314,605,54,1,-1
3314,605,55,1,-1
3314,605,56,1,-1
3314,605,57,1,-1
3314,605,58,1,-1
3314,605,59,1,-1
3314,605,60,1,-1
3314,605,61,1,-1
3314,605,62,1,-1
3314,605,63,1,-1
3314,605,64,1,-1
3314,605,65,1,-1
3314,605,66,1,-1
3314,605,67,1,-1
3314,605,68,1,-1
3314,605,69,1,-1
3314,605,70,1,-1
3314,605,71,1,-1
3314,605,72,1,-1
3314,605,73,1,-1
3314,605,74,1,-1
3314,605,75,1,-1
3314,605,1,2,1
3314,605,2,2,1
3314,605,3,2,1
3314,605,4,2,1
3314,605,5,2,1
3314,605,6,2,1
3314,605,7,2,1
3314,605,8,2,1
3314,605,9,2,1
3314,605,10,2,1
3314,605,11,2,1
3314,605,12,2,1
3314,605,13,2,1
3314,605,14,2,1
3314,605,15,2,1
3314,605,16,2,1
3314,605,17,2,1
3314,605,18,2,1
3314,605,19,2,1
3314,605,20,2,1
3314,605,21,2,1
3314,605,22,2,1
3314,605,23,2,1
3314,605,24,2,1
3314,605,25,2,1
3314,605,26,2,1
3314,605,27,2,1
3314,605,28,2,1
3314,605,29,2,1
3314,605,30,2,1
3314,605,31,2,1
3314,605,32,2,1
3314,605,33,2,1
3314,605,34,2,1
3314,605,35,2,1
3314,605,36,2,1
3314,605,37,2,1
3314,605,38,2,1
3314,605,39,2,1
3314,605,40,2,1
3314,605,41,2,1
3314,605,42,2,1
3314,605,43,2,1
3314,605,44,2,1
3314,605,45,2,1
3314,605,46,2,1
3314,605,47,2,1
3314,605,48,2,1
3314,605,49,2,1
3314,605,50,2,1
3314,605,51,2,1
3314,605,52,2,1
3314,605,53,2,1
3314,605,54,2,1
3314,605,55,2,1
3314,605,56,2,1
3314,605,57,2,1
3314,605,58,2,1
3314,605,59,2,1
3314,605,60,2,1
3314,605,61,2,1
3314,605,62,2,1
3314,605,63,2,1
3314,605,64,2,1
3314,605,65,2,1
3314,605,66,2,1
3314,605,67,2,1
3314,605,68,2,1
3314,605,69,2,1
3314,605,70,2,1
3314,605,71,2,1
3314,605,72,2,1
3314,605,73,2,1
3314,605,74,2,1
3314,605,75,2,1
3315,605,1,2,1
3315,605,2,2,1
3315,605,3,2,1
3315,605,4,2,1
3315,605,5,2,1
3315,605,6,2,1
3315,605,7,2,1
3315,605,8,2,1
3315,605,9,2,1
3315,605,10,2,1
3315,605,11,2,1
3315,605,12,2,1
3315,605,13,2,1
3315,605,14,2,1
3315,605,15,2,1
3315,605,16,2,1
3315,605,17,2,1
3315,605,18,2,1
3315,605,19,2,1
3315,605,20,2,1
3315,605,21,2,1
3315,605,22,2,1
3315,605,23,2,1
3315,605,24,2,1
3315,605,25,2,1
3315,605,26,2,1
3315,605,27,2,1
3315,605,28,2,1
3315,605,29,2,1
3315,605,30,2,1
3315,605,31,2,1
3315,605,32,2,1
3315,605,33,2,1
3315,605,34,2,1
3315,605,35,2,1
3315,605,36,2,1
3315,605,37,2,1
3315,605,38,2,1
3315,605,39,2,1
3315,605,40,2,1
3315,605,41,2,1
3315,605,42,2,1
3315,605,43,2,1
3315,605,44,2,1
3315,605,45,2,1
3315,605,46,2,1
3315,605,47,2,1
3315,605,48,2,1
3315,605,49,2,1
3315,605,50,2,1
3315,605,51,2,1
3315,605,52,2,1
3315,605,53,2,1
3315,605,54,2,1
3315,605,55,2,1
3315,605,56,2,1
3315,605,57,2,1
3315,605,58,2,1
3315,605,59,2,1
3315,605,60,2,1
3315,605,61,2,1
3315,605,62,2,1
3315,605,63,2,1
3315,605,64,2,1
3315,605,65,2,1
3315,605,66,2,1
3315,605,67,2,1
3315,605,68,2,1
3315,605,69,2,1
3315,605,70,2,1
3315,605,71,2,1
3315,605,72,2,1
3315,605,73,2,1
3315,605,74,2,1
3315,605,75,2,1
3316,606,1,1,-1
3316,606,2,1,-1
3316,606,3,1,-1
3316,606,4,1,-1
3316,606,5,1,-1
3316,606,6,1,-1
3316,606,7,1,-1
3316,606,8,1,-1
3316,606,9,1,-1
3316,606,10,1,-1
3316,606,11,1,-1
3316,606,12,1,-1
3316,606,13,1,-1
3316,606,14,1,-1
3316,606,15,1,-1
3316,606,16,1,-1
3316,606,17,1,-1
3316,606,18,1,-1
3316,606,19,1,-1
3316,606,20,1,-1
3316,606,21,1,-1
3316,606,22,1,-1
3316,606,23,1,-1
3316,606,24,1,-1
3316,606,25,1,-1
3316,606,26,1,-1
3316,606,27,1,-1
3316,606,28,1,-1
3316,606,29,1,-1
3316,606,30,1,-1
3316,606,31,1,-1
3316,606,32,1,-1
3316,606,33,1,-1
3316,606,34,1,-1
3316,606,35,1,-1
3316,606,36,1,-1
3316,606,37,1,-1
3316,606,38,1,-1
3316,606,39,1,-1
3316,606,40,1,-1
3316,606,41,1,-1
3316,606,42,1,-1
3316,606,43,1,-1
3316,606,44,1,-1
3316,606,45,1,-1
3316,606,46,1,-1
3316,606,47,1,-1
3316,606,48,1,-1
3316,606,49,1,-1
3316,606,50,1,-1
3316,606,51,1,-1
3316,606,52,1,-1
3316,606,53,1,-1
3316,606,54,1,-1
3316,606,55,1,-1
3316,606,56,1,-1
3316,606,57,1,-1
3316,606,58,1,-1
3316,606,59,1,-1
3316,606,60,1,-1
3316,606,61,1,-1
3316,606,62,1,-1
3316,606,63,1,-1
3316,606,64,1,-1
3316,606,65,1,-1
3316,606,66,1,-1
3316,606,67,1,-1
3316,606,68,1,-1
3316,606,69,1,-1
3316,606,70,1,-1
3316,606,71,1,-1
3316,606,72,1,-1
3316,606,73,1,-1
3316,606,74,1,-1
3316,606,75,1,-1
3316,606,1,2,1
3316,606,2,2,1
3316,606,3,2,1
3316,606,4,2,1
3316,606,5,2,1
3316,606,6,2,1
3316,606,7,2,1
3316,606,8,2,1
3316,606,9,2,1
3316,606,10,2,1
3316,606,11,2,1
3316,606,12,2,1
3316,606,13,2,1
3316,606,14,2,1
3316,606,15,2,1
3316,606,16,2,1
3316,606,17,2,1
3316,606,18,2,1
3316,606,19,2,1
3316,606,20,2,1
3316,606,21,2,1
3316,606,22,2,1
3316,606,23,2,1
3316,606,24,2,1
3316,606,25,2,1
3316,606,26,2,1
3316,606,27,2,1
3316,606,28,2,1
3316,606,29,2,1
3316,606,30,2,1
3316,606,31,2,1
3316,606,32,2,1
3316,606,33,2,1
3316,606,34,2,1
3316,606,35,2,1
3316,606,36,2,1
3316,606,37,2,1
3316,606,38,2,1
3316,606,39,2,1
3316,606,40,2,1
3316,606,41,2,1
3316,606,42,2,1
3316,606,43,2,1
3316,606,44,2,1
3316,606,45,2,1
3316,606,46,2,1
3316,606,47,2,1
3316,606,48,2,1
3316,606,49,2,1
3316,606,50,2,1
3316,606,51,2,1
3316,606,52,2,1
3316,606,53,2,1
3316,606,54,2,1
3316,606,55,2,1
3316,606,56,2,1
3316,606,57,2,1
3316,606,58,2,1
3316,606,59,2,1
3316,606,60,2,1
3316,606,61,2,1
3316,606,62,2,1
3316,606,63,2,1
3316,606,64,2,1
3316,606,65,2,1
3316,606,66,2,1
3316,606,67,2,1
3316,606,68,2,1
3316,606,69,2,1
3316,606,70,2,1
3316,606,71,2,1
3316,606,72,2,1
3316,606,73,2,1
3316,606,74,2,1
3316,606,75,2,1
3317,606,1,2,1
3317,606,2,2,1
3317,606,3,2,1
3317,606,4,2,1
3317,606,5,2,1
3317,606,6,2,1
3317,606,7,2,1
3317,606,8,2,1
3317,606,9,2,1
3317,606,10,2,1
3317,606,11,2,1
3317,606,12,2,1
3317,606,13,2,1
3317,606,14,2,1
3317,606,15,2,1
3317,606,16,2,1
3317,606,17,2,1
3317,606,18,2,1
3317,606,19,2,1
3317,606,20,2,1
3317,606,21,2,1
3317,606,22,2,1
3317,606,23,2,1
3317,606,24,2,1
3317,606,25,2,1
3317,606,26,2,1
3317,606,27,2,1
3317,606,28,2,1
3317,606,29,2,1
3317,606,30,2,1
3317,606,31,2,1
3317,606,32,2,1
3317,606,33,2,1
3317,606,34,2,1
3317,606,35,2,1
3317,606,36,2,1
3317,606,37,2,1
3317,606,38,2,1
3317,606,39,2,1
3317,606,40,2,1
3317,606,41,2,1
3317,606,42,2,1
3317,606,43,2,1
3317,606,44,2,1
3317,606,45,2,1
3317,606,46,2,1
3317,606,47,2,1
3317,606,48,2,1
3317,606,49,2,1
3317,606,50,2,1
3317,606,51,2,1
3317,606,52,2,1
3317,606,53,2,1
3317,606,54,2,1
3317,606,55,2,1
3317,606,56,2,1
3317,606,57,2,1
3317,606,58,2,1
3317,606,59,2,1
3317,606,60,2,1
3317,606,61,2,1
3317,606,62,2,1
3317,606,63,2,1
3317,606,64,2,1
3317,606,65,2,1
3317,606,66,2,1
3317,606,67,2,1
3317,606,68,2,1
3317,606,69,2,1
3317,606,70,2,1
3317,606,71,2,1
3317,606,72,2,1
3317,606,73,2,1
3317,606,74,2,1
3317,606,75,2,1
3318,607,1,1,-1
3318,607,2,1,-1
3318,607,3,1,-1
3318,607,4,1,-1
3318,607,5,1,-1
3318,607,6,1,-1
3318,607,7,1,-1
3318,607,8,1,-1
3318,607,9,1,-1
3318,607,10,1,-1
3318,607,11,1,-1
3318,607,12,1,-1
3318,607,13,1,-1
3318,607,14,1,-1
3318,607,15,1,-1
3318,607,16,1,-1
3318,607,17,1,-1
3318,607,18,1,-1
3318,607,19,1,-1
3318,607,20,1,-1
3318,607,21,1,-1
3318,607,22,1,-1
3318,607,23,1,-1
3318,607,24,1,-1
3318,607,25,1,-1
3318,607,26,1,-1
3318,607,27,1,-1
3318,607,28,1,-1
3318,607,29,1,-1
3318,607,30,1,-1
3318,607,31,1,-1
3318,607,32,1,-1
3318,607,33,1,-1
3318,607,34,1,-1
3318,607,35,1,-1
3318,607,36,1,-1
3318,607,37,1,-1
3318,607,38,1,-1
3318,607,39,1,-1
3318,607,40,1,-1
3318,607,41,1,-1
3318,607,42,1,-1
3318,607,43,1,-1
3318,607,44,1,-1
3318,607,45,1,-1
3318,607,46,1,-1
3318,607,47,1,-1
3318,607,48,1,-1
3318,607,49,1,-1
3318,607,50,1,-1
3318,607,51,1,-1
3318,607,52,1,-1
3318,607,53,1,-1
3318,607,54,1,-1
3318,607,55,1,-1
3318,607,56,1,-1
3318,607,57,1,-1
3318,607,58,1,-1
3318,607,59,1,-1
3318,607,60,1,-1
3318,607,61,1,-1
3318,607,62,1,-1
3318,607,63,1,-1
3318,607,64,1,-1
3318,607,65,1,-1
3318,607,66,1,-1
3318,607,67,1,-1
3318,607,68,1,-1
3318,607,69,1,-1
3318,607,70,1,-1
3318,607,71,1,-1
3318,607,72,1,-1
3318,607,73,1,-1
3318,607,74,1,-1
3318,607,75,1,-1
3318,607,1,2,1
3318,607,2,2,1
3318,607,3,2,1
3318,607,4,2,1
3318,607,5,2,1
3318,607,6,2,1
3318,607,7,2,1
3318,607,8,2,1
3318,607,9,2,1
3318,607,10,2,1
3318,607,11,2,1
3318,607,12,2,1
3318,607,13,2,1
3318,607,14,2,1
3318,607,15,2,1
3318,607,16,2,1
3318,607,17,2,1
3318,607,18,2,1
3318,607,19,2,1
3318,607,20,2,1
3318,607,21,2,1
3318,607,22,2,1
3318,607,23,2,1
3318,607,24,2,1
3318,607,25,2,1
3318,607,26,2,1
3318,607,27,2,1
3318,607,28,2,1
3318,607,29,2,1
3318,607,30,2,1
3318,607,31,2,1
3318,607,32,2,1
3318,607,33,2,1
3318,607,34,2,1
3318,607,35,2,1
3318,607,36,2,1
3318,607,37,2,1
3318,607,38,2,1
3318,607,39,2,1
3318,607,40,2,1
3318,607,41,2,1
3318,607,42,2,1
3318,607,43,2,1
3318,607,44,2,1
3318,607,45,2,1
3318,607,46,2,1
3318,607,47,2,1
3318,607,48,2,1
3318,607,49,2,1
3318,607,50,2,1
3318,607,51,2,1
3318,607,52,2,1
3318,607,53,2,1
3318,607,54,2,1
3318,607,55,2,1
3318,607,56,2,1
3318,607,57,2,1
3318,607,58,2,1
3318,607,59,2,1
3318,607,60,2,1
3318,607,61,2,1
3318,607,62,2,1
3318,607,63,2,1
3318,607,64,2,1
3318,607,65,2,1
3318,607,66,2,1
3318,607,67,2,1
3318,607,68,2,1
3318,607,69,2,1
3318,607,70,2,1
3318,607,71,2,1
3318,607,72,2,1
3318,607,73,2,1
3318,607,74,2,1
3318,607,75,2,1
3319,607,1,2,1
3319,607,2,2,1
3319,607,3,2,1
3319,607,4,2,1
3319,607,5,2,1
3319,607,6,2,1
3319,607,7,2,1
3319,607,8,2,1
3319,607,9,2,1
3319,607,10,2,1
3319,607,11,2,1
3319,607,12,2,1
3319,607,13,2,1
3319,607,14,2,1
3319,607,15,2,1
3319,607,16,2,1
3319,607,17,2,1
3319,607,18,2,1
3319,607,19,2,1
3319,607,20,2,1
3319,607,21,2,1
3319,607,22,2,1
3319,607,23,2,1
3319,607,24,2,1
3319,607,25,2,1
3319,607,26,2,1
3319,607,27,2,1
3319,607,28,2,1
3319,607,29,2,1
3319,607,30,2,1
3319,607,31,2,1
3319,607,32,2,1
3319,607,33,2,1
3319,607,34,2,1
3319,607,35,2,1
3319,607,36,2,1
3319,607,37,2,1
3319,607,38,2,1
3319,607,39,2,1
3319,607,40,2,1
3319,607,41,2,1
3319,607,42,2,1
3319,607,43,2,1
3319,607,44,2,1
3319,607,45,2,1
3319,607,46,2,1
3319,607,47,2,1
3319,607,48,2,1
3319,607,49,2,1
3319,607,50,2,1
3319,607,51,2,1
3319,607,52,2,1
3319,607,53,2,1
3319,607,54,2,1
3319,607,55,2,1
3319,607,56,2,1
3319,607,57,2,1
3319,607,58,2,1
3319,607,59,2,1
3319,607,60,2,1
3319,607,61,2,1
3319,607,62,2,1
3319,607,63,2,1
3319,607,64,2,1
3319,607,65,2,1
3319,607,66,2,1
3319,607,67,2,1
3319,607,68,2,1
3319,607,69,2,1
3319,607,70,2,1
3319,607,71,2,1
3319,607,72,2,1
3319,607,73,2,1
3319,607,74,2,1
3319,607,75,2,1
3320,608,1,1,-1
3320,608,2,1,-1
3320,608,3,1,-1
3320,608,4,1,-1
3320,608,5,1,-1
3320,608,6,1,-1
3320,608,7,1,-1
3320,608,8,1,-1
3320,608,9,1,-1
3320,608,10,1,-1
3320,608,11,1,-1
3320,608,12,1,-1
3320,608,13,1,-1
3320,608,14,1,-1
3320,608,15,1,-1
3320,608,16,1,-1
3320,608,17,1,-1
3320,608,18,1,-1
3320,608,19,1,-1
3320,608,20,1,-1
3320,608,21,1,-1
3320,608,22,1,-1
3320,608,23,1,-1
3320,608,24,1,-1
3320,608,25,1,-1
3320,608,26,1,-1
3320,608,27,1,-1
3320,608,28,1,-1
3320,608,29,1,-1
3320,608,30,1,-1
3320,608,31,1,-1
3320,608,32,1,-1
3320,608,33,1,-1
3320,608,34,1,-1
3320,608,35,1,-1
3320,608,36,1,-1
3320,608,37,1,-1
3320,608,38,1,-1
3320,608,39,1,-1
3320,608,40,1,-1
3320,608,41,1,-1
3320,608,42,1,-1
3320,608,43,1,-1
3320,608,44,1,-1
3320,608,45,1,-1
3320,608,46,1,-1
3320,608,47,1,-1
3320,608,48,1,-1
3320,608,49,1,-1
3320,608,50,1,-1
3320,608,51,1,-1
3320,608,52,1,-1
3320,608,53,1,-1
3320,608,54,1,-1
3320,608,55,1,-1
3320,608,56,1,-1
3320,608,57,1,-1
3320,608,58,1,-1
3320,608,59,1,-1
3320,608,60,1,-1
3320,608,61,1,-1
3320,608,62,1,-1
3320,608,63,1,-1
3320,608,64,1,-1
3320,608,65,1,-1
3320,608,66,1,-1
3320,608,67,1,-1
3320,608,68,1,-1
3320,608,69,1,-1
3320,608,70,1,-1
3320,608,71,1,-1
3320,608,72,1,-1
3320,608,73,1,-1
3320,608,74,1,-1
3320,608,75,1,-1
3320,608,1,2,1
3320,608,2,2,1
3320,608,3,2,1
3320,608,4,2,1
3320,608,5,2,1
3320,608,6,2,1
3320,608,7,2,1
3320,608,8,2,1
3320,608,9,2,1
3320,608,10,2,1
3320,608,11,2,1
3320,608,12,2,1
3320,608,13,2,1
3320,608,14,2,1
3320,608,15,2,1
3320,608,16,2,1
3320,608,17,2,1
3320,608,18,2,1
3320,608,19,2,1
3320,608,20,2,1
3320,608,21,2,1
3320,608,22,2,1
3320,608,23,2,1
3320,608,24,2,1
3320,608,25,2,1
3320,608,26,2,1
3320,608,27,2,1
3320,608,28,2,1
3320,608,29,2,1
3320,608,30,2,1
3320,608,31,2,1
3320,608,32,2,1
3320,608,33,2,1
3320,608,34,2,1
3320,608,35,2,1
3320,608,36,2,1
3320,608,37,2,1
3320,608,38,2,1
3320,608,39,2,1
3320,608,40,2,1
3320,608,41,2,1
3320,608,42,2,1
3320,608,43,2,1
3320,608,44,2,1
3320,608,45,2,1
3320,608,46,2,1
3320,608,47,2,1
3320,608,48,2,1
3320,608,49,2,1
3320,608,50,2,1
3320,608,51,2,1
3320,608,52,2,1
3320,608,53,2,1
3320,608,54,2,1
3320,608,55,2,1
3320,608,56,2,1
3320,608,57,2,1
3320,608,58,2,1
3320,608,59,2,1
3320,608,60,2,1
3320,608,61,2,1
3320,608,62,2,1
3320,608,63,2,1
3320,608,64,2,1
3320,608,65,2,1
3320,608,66,2,1
3320,608,67,2,1
3320,608,68,2,1
3320,608,69,2,1
3320,608,70,2,1
3320,608,71,2,1
3320,608,72,2,1
3320,608,73,2,1
3320,608,74,2,1
3320,608,75,2,1
3321,608,1,2,1
3321,608,2,2,1
3321,608,3,2,1
3321,608,4,2,1
3321,608,5,2,1
3321,608,6,2,1
3321,608,7,2,1
3321,608,8,2,1
3321,608,9,2,1
3321,608,10,2,1
3321,608,11,2,1
3321,608,12,2,1
3321,608,13,2,1
3321,608,14,2,1
3321,608,15,2,1
3321,608,16,2,1
3321,608,17,2,1
3321,608,18,2,1
3321,608,19,2,1
3321,608,20,2,1
3321,608,21,2,1
3321,608,22,2,1
3321,608,23,2,1
3321,608,24,2,1
3321,608,25,2,1
3321,608,26,2,1
3321,608,27,2,1
3321,608,28,2,1
3321,608,29,2,1
3321,608,30,2,1
3321,608,31,2,1
3321,608,32,2,1
3321,608,33,2,1
3321,608,34,2,1
3321,608,35,2,1
3321,608,36,2,1
3321,608,37,2,1
3321,608,38,2,1
3321,608,39,2,1
3321,608,40,2,1
3321,608,41,2,1
3321,608,42,2,1
3321,608,43,2,1
3321,608,44,2,1
3321,608,45,2,1
3321,608,46,2,1
3321,608,47,2,1
3321,608,48,2,1
3321,608,49,2,1
3321,608,50,2,1
3321,608,51,2,1
3321,608,52,2,1
3321,608,53,2,1
3321,608,54,2,1
3321,608,55,2,1
3321,608,56,2,1
3321,608,57,2,1
3321,608,58,2,1
3321,608,59,2,1
3321,608,60,2,1
3321,608,61,2,1
3321,608,62,2,1
3321,608,63,2,1
3321,608,64,2,1
3321,608,65,2,1
3321,608,66,2,1
3321,608,67,2,1
3321,608,68,2,1
3321,608,69,2,1
3321,608,70,2,1
3321,608,71,2,1
3321,608,72,2,1
3321,608,73,2,1
3321,608,74,2,1
3321,608,75,2,1
3322,609,1,1,-1
3322,609,2,1,-1
3322,609,3,1,-1
3322,609,4,1,-1
3322,609,5,1,-1
3322,609,6,1,-1
3322,609,7,1,-1
3322,609,8,1,-1
3322,609,9,1,-1
3322,609,10,1,-1
3322,609,11,1,-1
3322,609,12,1,-1
3322,609,13,1,-1
3322,609,14,1,-1
3322,609,15,1,-1
3322,609,16,1,-1
3322,609,17,1,-1
3322,609,18,1,-1
3322,609,19,1,-1
3322,609,20,1,-1
3322,609,21,1,-1
3322,609,22,1,-1
3322,609,23,1,-1
3322,609,24,1,-1
3322,609,25,1,-1
3322,609,26,1,-1
3322,609,27,1,-1
3322,609,28,1,-1
3322,609,29,1,-1
3322,609,30,1,-1
3322,609,31,1,-1
3322,609,32,1,-1
3322,609,33,1,-1
3322,609,34,1,-1
3322,609,35,1,-1
3322,609,36,1,-1
3322,609,37,1,-1
3322,609,38,1,-1
3322,609,39,1,-1
3322,609,40,1,-1
3322,609,41,1,-1
3322,609,42,1,-1
3322,609,43,1,-1
3322,609,44,1,-1
3322,609,45,1,-1
3322,609,46,1,-1
3322,609,47,1,-1
3322,609,48,1,-1
3322,609,49,1,-1
3322,609,50,1,-1
3322,609,51,1,-1
3322,609,52,1,-1
3322,609,53,1,-1
3322,609,54,1,-1
3322,609,55,1,-1
3322,609,56,1,-1
3322,609,57,1,-1
3322,609,58,1,-1
3322,609,59,1,-1
3322,609,60,1,-1
3322,609,61,1,-1
3322,609,62,1,-1
3322,609,63,1,-1
3322,609,64,1,-1
3322,609,65,1,-1
3322,609,66,1,-1
3322,609,67,1,-1
3322,609,68,1,-1
3322,609,69,1,-1
3322,609,70,1,-1
3322,609,71,1,-1
3322,609,72,1,-1
3322,609,73,1,-1
3322,609,74,1,-1
3322,609,75,1,-1
3322,609,1,2,1
3322,609,2,2,1
3322,609,3,2,1
3322,609,4,2,1
3322,609,5,2,1
3322,609,6,2,1
3322,609,7,2,1
3322,609,8,2,1
3322,609,9,2,1
3322,609,10,2,1
3322,609,11,2,1
3322,609,12,2,1
3322,609,13,2,1
3322,609,14,2,1
3322,609,15,2,1
3322,609,16,2,1
3322,609,17,2,1
3322,609,18,2,1
3322,609,19,2,1
3322,609,20,2,1
3322,609,21,2,1
3322,609,22,2,1
3322,609,23,2,1
3322,609,24,2,1
3322,609,25,2,1
3322,609,26,2,1
3322,609,27,2,1
3322,609,28,2,1
3322,609,29,2,1
3322,609,30,2,1
3322,609,31,2,1
3322,609,32,2,1
3322,609,33,2,1
3322,609,34,2,1
3322,609,35,2,1
3322,609,36,2,1
3322,609,37,2,1
3322,609,38,2,1
3322,609,39,2,1
3322,609,40,2,1
3322,609,41,2,1
3322,609,42,2,1
3322,609,43,2,1
3322,609,44,2,1
3322,609,45,2,1
3322,609,46,2,1
3322,609,47,2,1
3322,609,48,2,1
3322,609,49,2,1
3322,609,50,2,1
3322,609,51,2,1
3322,609,52,2,1
3322,609,53,2,1
3322,609,54,2,1
3322,609,55,2,1
3322,609,56,2,1
3322,609,57,2,1
3322,609,58,2,1
3322,609,59,2,1
3322,609,60,2,1
3322,609,61,2,1
3322,609,62,2,1
3322,609,63,2,1
3322,609,64,2,1
3322,609,65,2,1
3322,609,66,2,1
3322,609,67,2,1
3322,609,68,2,1
3322,609,69,2,1
3322,609,70,2,1
3322,609,71,2,1
3322,609,72,2,1
3322,609,73,2,1
3322,609,74,2,1
3322,609,75,2,1
3323,609,1,2,1
3323,609,2,2,1
3323,609,3,2,1
3323,609,4,2,1
3323,609,5,2,1
3323,609,6,2,1
3323,609,7,2,1
3323,609,8,2,1
3323,609,9,2,1
3323,609,10,2,1
3323,609,11,2,1
3323,609,12,2,1
3323,609,13,2,1
3323,609,14,2,1
3323,609,15,2,1
3323,609,16,2,1
3323,609,17,2,1
3323,609,18,2,1
3323,609,19,2,1
3323,609,20,2,1
3323,609,21,2,1
3323,609,22,2,1
3323,609,23,2,1
3323,609,24,2,1
3323,609,25,2,1
3323,609,26,2,1
3323,609,27,2,1
3323,609,28,2,1
3323,609,29,2,1
3323,609,30,2,1
3323,609,31,2,1
3323,609,32,2,1
3323,609,33,2,1
3323,609,34,2,1
3323,609,35,2,1
3323,609,36,2,1
3323,609,37,2,1
3323,609,38,2,1
3323,609,39,2,1
3323,609,40,2,1
3323,609,41,2,1
3323,609,42,2,1
3323,609,43,2,1
3323,609,44,2,1
3323,609,45,2,1
3323,609,46,2,1
3323,609,47,2,1
3323,609,48,2,1
3323,609,49,2,1
3323,609,50,2,1
3323,609,51,2,1
3323,609,52,2,1
3323,609,53,2,1
3323,609,54,2,1
3323,609,55,2,1
3323,609,56,2,1
3323,609,57,2,1
3323,609,58,2,1
3323,609,59,2,1
3323,609,60,2,1
3323,609,61,2,1
3323,609,62,2,1
3323,609,63,2,1
3323,609,64,2,1
3323,609,65,2,1
3323,609,66,2,1
3323,609,67,2,1
3323,609,68,2,1
3323,609,69,2,1
3323,609,70,2,1
3323,609,71,2,1
3323,609,72,2,1
3323,609,73,2,1
3323,609,74,2,1
3323,609,75,2,1
3324,610,1,1,-1
3324,610,2,1,-1
3324,610,3,1,-1
3324,610,4,1,-1
3324,610,5,1,-1
3324,610,6,1,-1
3324,610,7,1,-1
3324,610,8,1,-1
3324,610,9,1,-1
3324,610,10,1,-1
3324,610,11,1,-1
3324,610,12,1,-1
3324,610,13,1,-1
3324,610,14,1,-1
3324,610,15,1,-1
3324,610,16,1,-1
3324,610,17,1,-1
3324,610,18,1,-1
3324,610,19,1,-1
3324,610,20,1,-1
3324,610,21,1,-1
3324,610,22,1,-1
3324,610,23,1,-1
3324,610,24,1,-1
3324,610,25,1,-1
3324,610,26,1,-1
3324,610,27,1,-1
3324,610,28,1,-1
3324,610,29,1,-1
3324,610,30,1,-1
3324,610,31,1,-1
3324,610,32,1,-1
3324,610,33,1,-1
3324,610,34,1,-1
3324,610,35,1,-1
3324,610,36,1,-1
3324,610,37,1,-1
3324,610,38,1,-1
3324,610,39,1,-1
3324,610,40,1,-1
3324,610,41,1,-1
3324,610,42,1,-1
3324,610,43,1,-1
3324,610,44,1,-1
3324,610,45,1,-1
3324,610,46,1,-1
3324,610,47,1,-1
3324,610,48,1,-1
3324,610,49,1,-1
3324,610,50,1,-1
3324,610,51,1,-1
3324,610,52,1,-1
3324,610,53,1,-1
3324,610,54,1,-1
3324,610,55,1,-1
3324,610,56,1,-1
3324,610,57,1,-1
3324,610,58,1,-1
3324,610,59,1,-1
3324,610,60,1,-1
3324,610,61,1,-1
3324,610,62,1,-1
3324,610,63,1,-1
3324,610,64,1,-1
3324,610,65,1,-1
3324,610,66,1,-1
3324,610,67,1,-1
3324,610,68,1,-1
3324,610,69,1,-1
3324,610,70,1,-1
3324,610,71,1,-1
3324,610,72,1,-1
3324,610,73,1,-1
3324,610,74,1,-1
3324,610,75,1,-1
3324,610,1,2,1
3324,610,2,2,1
3324,610,3,2,1
3324,610,4,2,1
3324,610,5,2,1
3324,610,6,2,1
3324,610,7,2,1
3324,610,8,2,1
3324,610,9,2,1
3324,610,10,2,1
3324,610,11,2,1
3324,610,12,2,1
3324,610,13,2,1
3324,610,14,2,1
3324,610,15,2,1
3324,610,16,2,1
3324,610,17,2,1
3324,610,18,2,1
3324,610,19,2,1
3324,610,20,2,1
3324,610,21,2,1
3324,610,22,2,1
3324,610,23,2,1
3324,610,24,2,1
3324,610,25,2,1
3324,610,26,2,1
3324,610,27,2,1
3324,610,28,2,1
3324,610,29,2,1
3324,610,30,2,1
3324,610,31,2,1
3324,610,32,2,1
3324,610,33,2,1
3324,610,34,2,1
3324,610,35,2,1
3324,610,36,2,1
3324,610,37,2,1
3324,610,38,2,1
3324,610,39,2,1
3324,610,40,2,1
3324,610,41,2,1
3324,610,42,2,1
3324,610,43,2,1
3324,610,44,2,1
3324,610,45,2,1
3324,610,46,2,1
3324,610,47,2,1
3324,610,48,2,1
3324,610,49,2,1
3324,610,50,2,1
3324,610,51,2,1
3324,610,52,2,1
3324,610,53,2,1
3324,610,54,2,1
3324,610,55,2,1
3324,610,56,2,1
3324,610,57,2,1
3324,610,58,2,1
3324,610,59,2,1
3324,610,60,2,1
3324,610,61,2,1
3324,610,62,2,1
3324,610,63,2,1
3324,610,64,2,1
3324,610,65,2,1
3324,610,66,2,1
3324,610,67,2,1
3324,610,68,2,1
3324,610,69,2,1
3324,610,70,2,1
3324,610,71,2,1
3324,610,72,2,1
3324,610,73,2,1
3324,610,74,2,1
3324,610,75,2,1
3325,610,1,2,1
3325,610,2,2,1
3325,610,3,2,1
3325,610,4,2,1
3325,610,5,2,1
3325,610,6,2,1
3325,610,7,2,1
3325,610,8,2,1
3325,610,9,2,1
3325,610,10,2,1
3325,610,11,2,1
3325,610,12,2,1
3325,610,13,2,1
3325,610,14,2,1
3325,610,15,2,1
3325,610,16,2,1
3325,610,17,2,1
3325,610,18,2,1
3325,610,19,2,1
3325,610,20,2,1
3325,610,21,2,1
3325,610,22,2,1
3325,610,23,2,1
3325,610,24,2,1
3325,610,25,2,1
3325,610,26,2,1
3325,610,27,2,1
3325,610,28,2,1
3325,610,29,2,1
3325,610,30,2,1
3325,610,31,2,1
3325,610,32,2,1
3325,610,33,2,1
3325,610,34,2,1
3325,610,35,2,1
3325,610,36,2,1
3325,610,37,2,1
3325,610,38,2,1
3325,610,39,2,1
3325,610,40,2,1
3325,610,41,2,1
3325,610,42,2,1
3325,610,43,2,1
3325,610,44,2,1
3325,610,45,2,1
3325,610,46,2,1
3325,610,47,2,1
3325,610,48,2,1
3325,610,49,2,1
3325,610,50,2,1
3325,610,51,2,1
3325,610,52,2,1
3325,610,53,2,1
3325,610,54,2,1
3325,610,55,2,1
3325,610,56,2,1
3325,610,57,2,1
3325,610,58,2,1
3325,610,59,2,1
3325,610,60,2,1
3325,610,61,2,1
3325,610,62,2,1
3325,610,63,2,1
3325,610,64,2,1
3325,610,65,2,1
3325,610,66,2,1
3325,610,67,2,1
3325,610,68,2,1
3325,610,69,2,1
3325,610,70,2,1
3325,610,71,2,1
3325,610,72,2,1
3325,610,73,2,1
3325,610,74,2,1
3325,610,75,2,1
3326,611,1,1,-1
3326,611,2,1,-1
3326,611,3,1,-1
3326,611,4,1,-1
3326,611,5,1,-1
3326,611,6,1,-1
3326,611,7,1,-1
3326,611,8,1,-1
3326,611,9,1,-1
3326,611,10,1,-1
3326,611,11,1,-1
3326,611,12,1,-1
3326,611,13,1,-1
3326,611,14,1,-1
3326,611,15,1,-1
3326,611,16,1,-1
3326,611,17,1,-1
3326,611,18,1,-1
3326,611,19,1,-1
3326,611,20,1,-1
3326,611,21,1,-1
3326,611,22,1,-1
3326,611,23,1,-1
3326,611,24,1,-1
3326,611,25,1,-1
3326,611,26,1,-1
3326,611,27,1,-1
3326,611,28,1,-1
3326,611,29,1,-1
3326,611,30,1,-1
3326,611,31,1,-1
3326,611,32,1,-1
3326,611,33,1,-1
3326,611,34,1,-1
3326,611,35,1,-1
3326,611,36,1,-1
3326,611,37,1,-1
3326,611,38,1,-1
3326,611,39,1,-1
3326,611,40,1,-1
3326,611,41,1,-1
3326,611,42,1,-1
3326,611,43,1,-1
3326,611,44,1,-1
3326,611,45,1,-1
3326,611,46,1,-1
3326,611,47,1,-1
3326,611,48,1,-1
3326,611,49,1,-1
3326,611,50,1,-1
3326,611,51,1,-1
3326,611,52,1,-1
3326,611,53,1,-1
3326,611,54,1,-1
3326,611,55,1,-1
3326,611,56,1,-1
3326,611,57,1,-1
3326,611,58,1,-1
3326,611,59,1,-1
3326,611,60,1,-1
3326,611,61,1,-1
3326,611,62,1,-1
3326,611,63,1,-1
3326,611,64,1,-1
3326,611,65,1,-1
3326,611,66,1,-1
3326,611,67,1,-1
3326,611,68,1,-1
3326,611,69,1,-1
3326,611,70,1,-1
3326,611,71,1,-1
3326,611,72,1,-1
3326,611,73,1,-1
3326,611,74,1,-1
3326,611,75,1,-1
3326,611,1,2,1
3326,611,2,2,1
3326,611,3,2,1
3326,611,4,2,1
3326,611,5,2,1
3326,611,6,2,1
3326,611,7,2,1
3326,611,8,2,1
3326,611,9,2,1
3326,611,10,2,1
3326,611,11,2,1
3326,611,12,2,1
3326,611,13,2,1
3326,611,14,2,1
3326,611,15,2,1
3326,611,16,2,1
3326,611,17,2,1
3326,611,18,2,1
3326,611,19,2,1
3326,611,20,2,1
3326,611,21,2,1
3326,611,22,2,1
3326,611,23,2,1
3326,611,24,2,1
3326,611,25,2,1
3326,611,26,2,1
3326,611,27,2,1
3326,611,28,2,1
3326,611,29,2,1
3326,611,30,2,1
3326,611,31,2,1
3326,611,32,2,1
3326,611,33,2,1
3326,611,34,2,1
3326,611,35,2,1
3326,611,36,2,1
3326,611,37,2,1
3326,611,38,2,1
3326,611,39,2,1
3326,611,40,2,1
3326,611,41,2,1
3326,611,42,2,1
3326,611,43,2,1
3326,611,44,2,1
3326,611,45,2,1
3326,611,46,2,1
3326,611,47,2,1
3326,611,48,2,1
3326,611,49,2,1
3326,611,50,2,1
3326,611,51,2,1
3326,611,52,2,1
3326,611,53,2,1
3326,611,54,2,1
3326,611,55,2,1
3326,611,56,2,1
3326,611,57,2,1
3326,611,58,2,1
3326,611,59,2,1
3326,611,60,2,1
3326,611,61,2,1
3326,611,62,2,1
3326,611,63,2,1
3326,611,64,2,1
3326,611,65,2,1
3326,611,66,2,1
3326,611,67,2,1
3326,611,68,2,1
3326,611,69,2,1
3326,611,70,2,1
3326,611,71,2,1
3326,611,72,2,1
3326,611,73,2,1
3326,611,74,2,1
3326,611,75,2,1
3327,611,1,2,1
3327,611,2,2,1
3327,611,3,2,1
3327,611,4,2,1
3327,611,5,2,1
3327,611,6,2,1
3327,611,7,2,1
3327,611,8,2,1
3327,611,9,2,1
3327,611,10,2,1
3327,611,11,2,1
3327,611,12,2,1
3327,611,13,2,1
3327,611,14,2,1
3327,611,15,2,1
3327,611,16,2,1
3327,611,17,2,1
3327,611,18,2,1
3327,611,19,2,1
3327,611,20,2,1
3327,611,21,2,1
3327,611,22,2,1
3327,611,23,2,1
3327,611,24,2,1
3327,611,25,2,1
3327,611,26,2,1
3327,611,27,2,1
3327,611,28,2,1
3327,611,29,2,1
3327,611,30,2,1
3327,611,31,2,1
3327,611,32,2,1
3327,611,33,2,1
3327,611,34,2,1
3327,611,35,2,1
3327,611,36,2,1
3327,611,37,2,1
3327,611,38,2,1
3327,611,39,2,1
3327,611,40,2,1
3327,611,41,2,1
3327,611,42,2,1
3327,611,43,2,1
3327,611,44,2,1
3327,611,45,2,1
3327,611,46,2,1
3327,611,47,2,1
3327,611,48,2,1
3327,611,49,2,1
3327,611,50,2,1
3327,611,51,2,1
3327,611,52,2,1
3327,611,53,2,1
3327,611,54,2,1
3327,611,55,2,1
3327,611,56,2,1
3327,611,57,2,1
3327,611,58,2,1
3327,611,59,2,1
3327,611,60,2,1
3327,611,61,2,1
3327,611,62,2,1
3327,611,63,2,1
3327,611,64,2,1
3327,611,65,2,1
3327,611,66,2,1
3327,611,67,2,1
3327,611,68,2,1
3327,611,69,2,1
3327,611,70,2,1
3327,611,71,2,1
3327,611,72,2,1
3327,611,73,2,1
3327,611,74,2,1
3327,611,75,2,1
3328,612,1,1,-1
3328,612,2,1,-1
3328,612,3,1,-1
3328,612,4,1,-1
3328,612,5,1,-1
3328,612,6,1,-1
3328,612,7,1,-1
3328,612,8,1,-1
3328,612,9,1,-1
3328,612,10,1,-1
3328,612,11,1,-1
3328,612,12,1,-1
3328,612,13,1,-1
3328,612,14,1,-1
3328,612,15,1,-1
3328,612,16,1,-1
3328,612,17,1,-1
3328,612,18,1,-1
3328,612,19,1,-1
3328,612,20,1,-1
3328,612,21,1,-1
3328,612,22,1,-1
3328,612,23,1,-1
3328,612,24,1,-1
3328,612,25,1,-1
3328,612,26,1,-1
3328,612,27,1,-1
3328,612,28,1,-1
3328,612,29,1,-1
3328,612,30,1,-1
3328,612,31,1,-1
3328,612,32,1,-1
3328,612,33,1,-1
3328,612,34,1,-1
3328,612,35,1,-1
3328,612,36,1,-1
3328,612,37,1,-1
3328,612,38,1,-1
3328,612,39,1,-1
3328,612,40,1,-1
3328,612,41,1,-1
3328,612,42,1,-1
3328,612,43,1,-1
3328,612,44,1,-1
3328,612,45,1,-1
3328,612,46,1,-1
3328,612,47,1,-1
3328,612,48,1,-1
3328,612,49,1,-1
3328,612,50,1,-1
3328,612,51,1,-1
3328,612,52,1,-1
3328,612,53,1,-1
3328,612,54,1,-1
3328,612,55,1,-1
3328,612,56,1,-1
3328,612,57,1,-1
3328,612,58,1,-1
3328,612,59,1,-1
3328,612,60,1,-1
3328,612,61,1,-1
3328,612,62,1,-1
3328,612,63,1,-1
3328,612,64,1,-1
3328,612,65,1,-1
3328,612,66,1,-1
3328,612,67,1,-1
3328,612,68,1,-1
3328,612,69,1,-1
3328,612,70,1,-1
3328,612,71,1,-1
3328,612,72,1,-1
3328,612,73,1,-1
3328,612,74,1,-1
3328,612,75,1,-1
3328,612,1,2,1
3328,612,2,2,1
3328,612,3,2,1
3328,612,4,2,1
3328,612,5,2,1
3328,612,6,2,1
3328,612,7,2,1
3328,612,8,2,1
3328,612,9,2,1
3328,612,10,2,1
3328,612,11,2,1
3328,612,12,2,1
3328,612,13,2,1
3328,612,14,2,1
3328,612,15,2,1
3328,612,16,2,1
3328,612,17,2,1
3328,612,18,2,1
3328,612,19,2,1
3328,612,20,2,1
3328,612,21,2,1
3328,612,22,2,1
3328,612,23,2,1
3328,612,24,2,1
3328,612,25,2,1
3328,612,26,2,1
3328,612,27,2,1
3328,612,28,2,1
3328,612,29,2,1
3328,612,30,2,1
3328,612,31,2,1
3328,612,32,2,1
3328,612,33,2,1
3328,612,34,2,1
3328,612,35,2,1
3328,612,36,2,1
3328,612,37,2,1
3328,612,38,2,1
3328,612,39,2,1
3328,612,40,2,1
3328,612,41,2,1
3328,612,42,2,1
3328,612,43,2,1
3328,612,44,2,1
3328,612,45,2,1
3328,612,46,2,1
3328,612,47,2,1
3328,612,48,2,1
3328,612,49,2,1
3328,612,50,2,1
3328,612,51,2,1
3328,612,52,2,1
3328,612,53,2,1
3328,612,54,2,1
3328,612,55,2,1
3328,612,56,2,1
3328,612,57,2,1
3328,612,58,2,1
3328,612,59,2,1
3328,612,60,2,1
3328,612,61,2,1
3328,612,62,2,1
3328,612,63,2,1
3328,612,64,2,1
3328,612,65,2,1
3328,612,66,2,1
3328,612,67,2,1
3328,612,68,2,1
3328,612,69,2,1
3328,612,70,2,1
3328,612,71,2,1
3328,612,72,2,1
3328,612,73,2,1
3328,612,74,2,1
3328,612,75,2,1
3329,612,1,2,1
3329,612,2,2,1
3329,612,3,2,1
3329,612,4,2,1
3329,612,5,2,1
3329,612,6,2,1
3329,612,7,2,1
3329,612,8,2,1
3329,612,9,2,1
3329,612,10,2,1
3329,612,11,2,1
3329,612,12,2,1
3329,612,13,2,1
3329,612,14,2,1
3329,612,15,2,1
3329,612,16,2,1
3329,612,17,2,1
3329,612,18,2,1
3329,612,19,2,1
3329,612,20,2,1
3329,612,21,2,1
3329,612,22,2,1
3329,612,23,2,1
3329,612,24,2,1
3329,612,25,2,1
3329,612,26,2,1
3329,612,27,2,1
3329,612,28,2,1
3329,612,29,2,1
3329,612,30,2,1
3329,612,31,2,1
3329,612,32,2,1
3329,612,33,2,1
3329,612,34,2,1
3329,612,35,2,1
3329,612,36,2,1
3329,612,37,2,1
3329,612,38,2,1
3329,612,39,2,1
3329,612,40,2,1
3329,612,41,2,1
3329,612,42,2,1
3329,612,43,2,1
3329,612,44,2,1
3329,612,45,2,1
3329,612,46,2,1
3329,612,47,2,1
3329,612,48,2,1
3329,612,49,2,1
3329,612,50,2,1
3329,612,51,2,1
3329,612,52,2,1
3329,612,53,2,1
3329,612,54,2,1
3329,612,55,2,1
3329,612,56,2,1
3329,612,57,2,1
3329,612,58,2,1
3329,612,59,2,1
3329,612,60,2,1
3329,612,61,2,1
3329,612,62,2,1
3329,612,63,2,1
3329,612,64,2,1
3329,612,65,2,1
3329,612,66,2,1
3329,612,67,2,1
3329,612,68,2,1
3329,612,69,2,1
3329,612,70,2,1
3329,612,71,2,1
3329,612,72,2,1
3329,612,73,2,1
3329,612,74,2,1
3329,612,75,2,1
3330,613,1,1,-1
3330,613,2,1,-1
3330,613,3,1,-1
3330,613,4,1,-1
3330,613,5,1,-1
3330,613,6,1,-1
3330,613,7,1,-1
3330,613,8,1,-1
3330,613,9,1,-1
3330,613,10,1,-1
3330,613,11,1,-1
3330,613,12,1,-1
3330,613,13,1,-1
3330,613,14,1,-1
3330,613,15,1,-1
3330,613,16,1,-1
3330,613,17,1,-1
3330,613,18,1,-1
3330,613,19,1,-1
3330,613,20,1,-1
3330,613,21,1,-1
3330,613,22,1,-1
3330,613,23,1,-1
3330,613,24,1,-1
3330,613,25,1,-1
3330,613,26,1,-1
3330,613,27,1,-1
3330,613,28,1,-1
3330,613,29,1,-1
3330,613,30,1,-1
3330,613,31,1,-1
3330,613,32,1,-1
3330,613,33,1,-1
3330,613,34,1,-1
3330,613,35,1,-1
3330,613,36,1,-1
3330,613,37,1,-1
3330,613,38,1,-1
3330,613,39,1,-1
3330,613,40,1,-1
3330,613,41,1,-1
3330,613,42,1,-1
3330,613,43,1,-1
3330,613,44,1,-1
3330,613,45,1,-1
3330,613,46,1,-1
3330,613,47,1,-1
3330,613,48,1,-1
3330,613,49,1,-1
3330,613,50,1,-1
3330,613,51,1,-1
3330,613,52,1,-1
3330,613,53,1,-1
3330,613,54,1,-1
3330,613,55,1,-1
3330,613,56,1,-1
3330,613,57,1,-1
3330,613,58,1,-1
3330,613,59,1,-1
3330,613,60,1,-1
3330,613,61,1,-1
3330,613,62,1,-1
3330,613,63,1,-1
3330,613,64,1,-1
3330,613,65,1,-1
3330,613,66,1,-1
3330,613,67,1,-1
3330,613,68,1,-1
3330,613,69,1,-1
3330,613,70,1,-1
3330,613,71,1,-1
3330,613,72,1,-1
3330,613,73,1,-1
3330,613,74,1,-1
3330,613,75,1,-1
3330,613,1,2,1
3330,613,2,2,1
3330,613,3,2,1
3330,613,4,2,1
3330,613,5,2,1
3330,613,6,2,1
3330,613,7,2,1
3330,613,8,2,1
3330,613,9,2,1
3330,613,10,2,1
3330,613,11,2,1
3330,613,12,2,1
3330,613,13,2,1
3330,613,14,2,1
3330,613,15,2,1
3330,613,16,2,1
3330,613,17,2,1
3330,613,18,2,1
3330,613,19,2,1
3330,613,20,2,1
3330,613,21,2,1
3330,613,22,2,1
3330,613,23,2,1
3330,613,24,2,1
3330,613,25,2,1
3330,613,26,2,1
3330,613,27,2,1
3330,613,28,2,1
3330,613,29,2,1
3330,613,30,2,1
3330,613,31,2,1
3330,613,32,2,1
3330,613,33,2,1
3330,613,34,2,1
3330,613,35,2,1
3330,613,36,2,1
3330,613,37,2,1
3330,613,38,2,1
3330,613,39,2,1
3330,613,40,2,1
3330,613,41,2,1
3330,613,42,2,1
3330,613,43,2,1
3330,613,44,2,1
3330,613,45,2,1
3330,613,46,2,1
3330,613,47,2,1
3330,613,48,2,1
3330,613,49,2,1
3330,613,50,2,1
3330,613,51,2,1
3330,613,52,2,1
3330,613,53,2,1
3330,613,54,2,1
3330,613,55,2,1
3330,613,56,2,1
3330,613,57,2,1
3330,613,58,2,1
3330,613,59,2,1
3330,613,60,2,1
3330,613,61,2,1
3330,613,62,2,1
3330,613,63,2,1
3330,613,64,2,1
3330,613,65,2,1
3330,613,66,2,1
3330,613,67,2,1
3330,613,68,2,1
3330,613,69,2,1
3330,613,70,2,1
3330,613,71,2,1
3330,613,72,2,1
3330,613,73,2,1
3330,613,74,2,1
3330,613,75,2,1
3331,613,1,2,1
3331,613,2,2,1
3331,613,3,2,1
3331,613,4,2,1
3331,613,5,2,1
3331,613,6,2,1
3331,613,7,2,1
3331,613,8,2,1
3331,613,9,2,1
3331,613,10,2,1
3331,613,11,2,1
3331,613,12,2,1
3331,613,13,2,1
3331,613,14,2,1
3331,613,15,2,1
3331,613,16,2,1
3331,613,17,2,1
3331,613,18,2,1
3331,613,19,2,1
3331,613,20,2,1
3331,613,21,2,1
3331,613,22,2,1
3331,613,23,2,1
3331,613,24,2,1
3331,613,25,2,1
3331,613,26,2,1
3331,613,27,2,1
3331,613,28,2,1
3331,613,29,2,1
3331,613,30,2,1
3331,613,31,2,1
3331,613,32,2,1
3331,613,33,2,1
3331,613,34,2,1
3331,613,35,2,1
3331,613,36,2,1
3331,613,37,2,1
3331,613,38,2,1
3331,613,39,2,1
3331,613,40,2,1
3331,613,41,2,1
3331,613,42,2,1
3331,613,43,2,1
3331,613,44,2,1
3331,613,45,2,1
3331,613,46,2,1
3331,613,47,2,1
3331,613,48,2,1
3331,613,49,2,1
3331,613,50,2,1
3331,613,51,2,1
3331,613,52,2,1
3331,613,53,2,1
3331,613,54,2,1
3331,613,55,2,1
3331,613,56,2,1
3331,613,57,2,1
3331,613,58,2,1
3331,613,59,2,1
3331,613,60,2,1
3331,613,61,2,1
3331,613,62,2,1
3331,613,63,2,1
3331,613,64,2,1
3331,613,65,2,1
3331,613,66,2,1
3331,613,67,2,1
3331,613,68,2,1
3331,613,69,2,1
3331,613,70,2,1
3331,613,71,2,1
3331,613,72,2,1
3331,613,73,2,1
3331,613,74,2,1
3331,613,75,2,1
3332,614,1,1,-1
3332,614,2,1,-1
3332,614,3,1,-1
3332,614,4,1,-1
3332,614,5,1,-1
3332,614,6,1,-1
3332,614,7,1,-1
3332,614,8,1,-1
3332,614,9,1,-1
3332,614,10,1,-1
3332,614,11,1,-1
3332,614,12,1,-1
3332,614,13,1,-1
3332,614,14,1,-1
3332,614,15,1,-1
3332,614,16,1,-1
3332,614,17,1,-1
3332,614,18,1,-1
3332,614,19,1,-1
3332,614,20,1,-1
3332,614,21,1,-1
3332,614,22,1,-1
3332,614,23,1,-1
3332,614,24,1,-1
3332,614,25,1,-1
3332,614,26,1,-1
3332,614,27,1,-1
3332,614,28,1,-1
3332,614,29,1,-1
3332,614,30,1,-1
3332,614,31,1,-1
3332,614,32,1,-1
3332,614,33,1,-1
3332,614,34,1,-1
3332,614,35,1,-1
3332,614,36,1,-1
3332,614,37,1,-1
3332,614,38,1,-1
3332,614,39,1,-1
3332,614,40,1,-1
3332,614,41,1,-1
3332,614,42,1,-1
3332,614,43,1,-1
3332,614,44,1,-1
3332,614,45,1,-1
3332,614,46,1,-1
3332,614,47,1,-1
3332,614,48,1,-1
3332,614,49,1,-1
3332,614,50,1,-1
3332,614,51,1,-1
3332,614,52,1,-1
3332,614,53,1,-1
3332,614,54,1,-1
3332,614,55,1,-1
3332,614,56,1,-1
3332,614,57,1,-1
3332,614,58,1,-1
3332,614,59,1,-1
3332,614,60,1,-1
3332,614,61,1,-1
3332,614,62,1,-1
3332,614,63,1,-1
3332,614,64,1,-1
3332,614,65,1,-1
3332,614,66,1,-1
3332,614,67,1,-1
3332,614,68,1,-1
3332,614,69,1,-1
3332,614,70,1,-1
3332,614,71,1,-1
3332,614,72,1,-1
3332,614,73,1,-1
3332,614,74,1,-1
3332,614,75,1,-1
3332,614,1,2,1
3332,614,2,2,1
3332,614,3,2,1
3332,614,4,2,1
3332,614,5,2,1
3332,614,6,2,1
3332,614,7,2,1
3332,614,8,2,1
3332,614,9,2,1
3332,614,10,2,1
3332,614,11,2,1
3332,614,12,2,1
3332,614,13,2,1
3332,614,14,2,1
3332,614,15,2,1
3332,614,16,2,1
3332,614,17,2,1
3332,614,18,2,1
3332,614,19,2,1
3332,614,20,2,1
3332,614,21,2,1
3332,614,22,2,1
3332,614,23,2,1
3332,614,24,2,1
3332,614,25,2,1
3332,614,26,2,1
3332,614,27,2,1
3332,614,28,2,1
3332,614,29,2,1
3332,614,30,2,1
3332,614,31,2,1
3332,614,32,2,1
3332,614,33,2,1
3332,614,34,2,1
3332,614,35,2,1
3332,614,36,2,1
3332,614,37,2,1
3332,614,38,2,1
3332,614,39,2,1
3332,614,40,2,1
3332,614,41,2,1
3332,614,42,2,1
3332,614,43,2,1
3332,614,44,2,1
3332,614,45,2,1
3332,614,46,2,1
3332,614,47,2,1
3332,614,48,2,1
3332,614,49,2,1
3332,614,50,2,1
3332,614,51,2,1
3332,614,52,2,1
3332,614,53,2,1
3332,614,54,2,1
3332,614,55,2,1
3332,614,56,2,1
3332,614,57,2,1
3332,614,58,2,1
3332,614,59,2,1
3332,614,60,2,1
3332,614,61,2,1
3332,614,62,2,1
3332,614,63,2,1
3332,614,64,2,1
3332,614,65,2,1
3332,614,66,2,1
3332,614,67,2,1
3332,614,68,2,1
3332,614,69,2,1
3332,614,70,2,1
3332,614,71,2,1
3332,614,72,2,1
3332,614,73,2,1
3332,614,74,2,1
3332,614,75,2,1
3333,614,1,2,1
3333,614,2,2,1
3333,614,3,2,1
3333,614,4,2,1
3333,614,5,2,1
3333,614,6,2,1
3333,614,7,2,1
3333,614,8,2,1
3333,614,9,2,1
3333,614,10,2,1
3333,614,11,2,1
3333,614,12,2,1
3333,614,13,2,1
3333,614,14,2,1
3333,614,15,2,1
3333,614,16,2,1
3333,614,17,2,1
3333,614,18,2,1
3333,614,19,2,1
3333,614,20,2,1
3333,614,21,2,1
3333,614,22,2,1
3333,614,23,2,1
3333,614,24,2,1
3333,614,25,2,1
3333,614,26,2,1
3333,614,27,2,1
3333,614,28,2,1
3333,614,29,2,1
3333,614,30,2,1
3333,614,31,2,1
3333,614,32,2,1
3333,614,33,2,1
3333,614,34,2,1
3333,614,35,2,1
3333,614,36,2,1
3333,614,37,2,1
3333,614,38,2,1
3333,614,39,2,1
3333,614,40,2,1
3333,614,41,2,1
3333,614,42,2,1
3333,614,43,2,1
3333,614,44,2,1
3333,614,45,2,1
3333,614,46,2,1
3333,614,47,2,1
3333,614,48,2,1
3333,614,49,2,1
3333,614,50,2,1
3333,614,51,2,1
3333,614,52,2,1
3333,614,53,2,1
3333,614,54,2,1
3333,614,55,2,1
3333,614,56,2,1
3333,614,57,2,1
3333,614,58,2,1
3333,614,59,2,1
3333,614,60,2,1
3333,614,61,2,1
3333,614,62,2,1
3333,614,63,2,1
3333,614,64,2,1
3333,614,65,2,1
3333,614,66,2,1
3333,614,67,2,1
3333,614,68,2,1
3333,614,69,2,1
3333,614,70,2,1
3333,614,71,2,1
3333,614,72,2,1
3333,614,73,2,1
3333,614,74,2,1
3333,614,75,2,1
3334,615,1,1,-1
3334,615,2,1,-1
3334,615,3,1,-1
3334,615,4,1,-1
3334,615,5,1,-1
3334,615,6,1,-1
3334,615,7,1,-1
3334,615,8,1,-1
3334,615,9,1,-1
3334,615,10,1,-1
3334,615,11,1,-1
3334,615,12,1,-1
3334,615,13,1,-1
3334,615,14,1,-1
3334,615,15,1,-1
3334,615,16,1,-1
3334,615,17,1,-1
3334,615,18,1,-1
3334,615,19,1,-1
3334,615,20,1,-1
3334,615,21,1,-1
3334,615,22,1,-1
3334,615,23,1,-1
3334,615,24,1,-1
3334,615,25,1,-1
3334,615,26,1,-1
3334,615,27,1,-1
3334,615,28,1,-1
3334,615,29,1,-1
3334,615,30,1,-1
3334,615,31,1,-1
3334,615,32,1,-1
3334,615,33,1,-1
3334,615,34,1,-1
3334,615,35,1,-1
3334,615,36,1,-1
3334,615,37,1,-1
3334,615,38,1,-1
3334,615,39,1,-1
3334,615,40,1,-1
3334,615,41,1,-1
3334,615,42,1,-1
3334,615,43,1,-1
3334,615,44,1,-1
3334,615,45,1,-1
3334,615,46,1,-1
3334,615,47,1,-1
3334,615,48,1,-1
3334,615,49,1,-1
3334,615,50,1,-1
3334,615,51,1,-1
3334,615,52,1,-1
3334,615,53,1,-1
3334,615,54,1,-1
3334,615,55,1,-1
3334,615,56,1,-1
3334,615,57,1,-1
3334,615,58,1,-1
3334,615,59,1,-1
3334,615,60,1,-1
3334,615,61,1,-1
3334,615,62,1,-1
3334,615,63,1,-1
3334,615,64,1,-1
3334,615,65,1,-1
3334,615,66,1,-1
3334,615,67,1,-1
3334,615,68,1,-1
3334,615,69,1,-1
3334,615,70,1,-1
3334,615,71,1,-1
3334,615,72,1,-1
3334,615,73,1,-1
3334,615,74,1,-1
3334,615,75,1,-1
3334,615,1,2,1
3334,615,2,2,1
3334,615,3,2,1
3334,615,4,2,1
3334,615,5,2,1
3334,615,6,2,1
3334,615,7,2,1
3334,615,8,2,1
3334,615,9,2,1
3334,615,10,2,1
3334,615,11,2,1
3334,615,12,2,1
3334,615,13,2,1
3334,615,14,2,1
3334,615,15,2,1
3334,615,16,2,1
3334,615,17,2,1
3334,615,18,2,1
3334,615,19,2,1
3334,615,20,2,1
3334,615,21,2,1
3334,615,22,2,1
3334,615,23,2,1
3334,615,24,2,1
3334,615,25,2,1
3334,615,26,2,1
3334,615,27,2,1
3334,615,28,2,1
3334,615,29,2,1
3334,615,30,2,1
3334,615,31,2,1
3334,615,32,2,1
3334,615,33,2,1
3334,615,34,2,1
3334,615,35,2,1
3334,615,36,2,1
3334,615,37,2,1
3334,615,38,2,1
3334,615,39,2,1
3334,615,40,2,1
3334,615,41,2,1
3334,615,42,2,1
3334,615,43,2,1
3334,615,44,2,1
3334,615,45,2,1
3334,615,46,2,1
3334,615,47,2,1
3334,615,48,2,1
3334,615,49,2,1
3334,615,50,2,1
3334,615,51,2,1
3334,615,52,2,1
3334,615,53,2,1
3334,615,54,2,1
3334,615,55,2,1
3334,615,56,2,1
3334,615,57,2,1
3334,615,58,2,1
3334,615,59,2,1
3334,615,60,2,1
3334,615,61,2,1
3334,615,62,2,1
3334,615,63,2,1
3334,615,64,2,1
3334,615,65,2,1
3334,615,66,2,1
3334,615,67,2,1
3334,615,68,2,1
3334,615,69,2,1
3334,615,70,2,1
3334,615,71,2,1
3334,615,72,2,1
3334,615,73,2,1
3334,615,74,2,1
3334,615,75,2,1
3335,615,1,2,1
3335,615,2,2,1
3335,615,3,2,1
3335,615,4,2,1
3335,615,5,2,1
3335,615,6,2,1
3335,615,7,2,1
3335,615,8,2,1
3335,615,9,2,1
3335,615,10,2,1
3335,615,11,2,1
3335,615,12,2,1
3335,615,13,2,1
3335,615,14,2,1
3335,615,15,2,1
3335,615,16,2,1
3335,615,17,2,1
3335,615,18,2,1
3335,615,19,2,1
3335,615,20,2,1
3335,615,21,2,1
3335,615,22,2,1
3335,615,23,2,1
3335,615,24,2,1
3335,615,25,2,1
3335,615,26,2,1
3335,615,27,2,1
3335,615,28,2,1
3335,615,29,2,1
3335,615,30,2,1
3335,615,31,2,1
3335,615,32,2,1
3335,615,33,2,1
3335,615,34,2,1
3335,615,35,2,1
3335,615,36,2,1
3335,615,37,2,1
3335,615,38,2,1
3335,615,39,2,1
3335,615,40,2,1
3335,615,41,2,1
3335,615,42,2,1
3335,615,43,2,1
3335,615,44,2,1
3335,615,45,2,1
3335,615,46,2,1
3335,615,47,2,1
3335,615,48,2,1
3335,615,49,2,1
3335,615,50,2,1
3335,615,51,2,1
3335,615,52,2,1
3335,615,53,2,1
3335,615,54,2,1
3335,615,55,2,1
3335,615,56,2,1
3335,615,57,2,1
3335,615,58,2,1
3335,615,59,2,1
3335,615,60,2,1
3335,615,61,2,1
3335,615,62,2,1
3335,615,63,2,1
3335,615,64,2,1
3335,615,65,2,1
3335,615,66,2,1
3335,615,67,2,1
3335,615,68,2,1
3335,615,69,2,1
3335,615,70,2,1
3335,615,71,2,1
3335,615,72,2,1
3335,615,73,2,1
3335,615,74,2,1
3335,615,75,2,1
3336,616,1,1,-1
3336,616,2,1,-1
3336,616,3,1,-1
3336,616,4,1,-1
3336,616,5,1,-1
3336,616,6,1,-1
3336,616,7,1,-1
3336,616,8,1,-1
3336,616,9,1,-1
3336,616,10,1,-1
3336,616,11,1,-1
3336,616,12,1,-1
3336,616,13,1,-1
3336,616,14,1,-1
3336,616,15,1,-1
3336,616,16,1,-1
3336,616,17,1,-1
3336,616,18,1,-1
3336,616,19,1,-1
3336,616,20,1,-1
3336,616,21,1,-1
3336,616,22,1,-1
3336,616,23,1,-1
3336,616,24,1,-1
3336,616,25,1,-1
3336,616,26,1,-1
3336,616,27,1,-1
3336,616,28,1,-1
3336,616,29,1,-1
3336,616,30,1,-1
3336,616,31,1,-1
3336,616,32,1,-1
3336,616,33,1,-1
3336,616,34,1,-1
3336,616,35,1,-1
3336,616,36,1,-1
3336,616,37,1,-1
3336,616,38,1,-1
3336,616,39,1,-1
3336,616,40,1,-1
3336,616,41,1,-1
3336,616,42,1,-1
3336,616,43,1,-1
3336,616,44,1,-1
3336,616,45,1,-1
3336,616,46,1,-1
3336,616,47,1,-1
3336,616,48,1,-1
3336,616,49,1,-1
3336,616,50,1,-1
3336,616,51,1,-1
3336,616,52,1,-1
3336,616,53,1,-1
3336,616,54,1,-1
3336,616,55,1,-1
3336,616,56,1,-1
3336,616,57,1,-1
3336,616,58,1,-1
3336,616,59,1,-1
3336,616,60,1,-1
3336,616,61,1,-1
3336,616,62,1,-1
3336,616,63,1,-1
3336,616,64,1,-1
3336,616,65,1,-1
3336,616,66,1,-1
3336,616,67,1,-1
3336,616,68,1,-1
3336,616,69,1,-1
3336,616,70,1,-1
3336,616,71,1,-1
3336,616,72,1,-1
3336,616,73,1,-1
3336,616,74,1,-1
3336,616,75,1,-1
3336,616,1,2,1
3336,616,2,2,1
3336,616,3,2,1
3336,616,4,2,1
3336,616,5,2,1
3336,616,6,2,1
3336,616,7,2,1
3336,616,8,2,1
3336,616,9,2,1
3336,616,10,2,1
3336,616,11,2,1
3336,616,12,2,1
3336,616,13,2,1
3336,616,14,2,1
3336,616,15,2,1
3336,616,16,2,1
3336,616,17,2,1
3336,616,18,2,1
3336,616,19,2,1
3336,616,20,2,1
3336,616,21,2,1
3336,616,22,2,1
3336,616,23,2,1
3336,616,24,2,1
3336,616,25,2,1
3336,616,26,2,1
3336,616,27,2,1
3336,616,28,2,1
3336,616,29,2,1
3336,616,30,2,1
3336,616,31,2,1
3336,616,32,2,1
3336,616,33,2,1
3336,616,34,2,1
3336,616,35,2,1
3336,616,36,2,1
3336,616,37,2,1
3336,616,38,2,1
3336,616,39,2,1
3336,616,40,2,1
3336,616,41,2,1
3336,616,42,2,1
3336,616,43,2,1
3336,616,44,2,1
3336,616,45,2,1
3336,616,46,2,1
3336,616,47,2,1
3336,616,48,2,1
3336,616,49,2,1
3336,616,50,2,1
3336,616,51,2,1
3336,616,52,2,1
3336,616,53,2,1
3336,616,54,2,1
3336,616,55,2,1
3336,616,56,2,1
3336,616,57,2,1
3336,616,58,2,1
3336,616,59,2,1
3336,616,60,2,1
3336,616,61,2,1
3336,616,62,2,1
3336,616,63,2,1
3336,616,64,2,1
3336,616,65,2,1
3336,616,66,2,1
3336,616,67,2,1
3336,616,68,2,1
3336,616,69,2,1
3336,616,70,2,1
3336,616,71,2,1
3336,616,72,2,1
3336,616,73,2,1
3336,616,74,2,1
3336,616,75,2,1
3337,616,1,2,1
3337,616,2,2,1
3337,616,3,2,1
3337,616,4,2,1
3337,616,5,2,1
3337,616,6,2,1
3337,616,7,2,1
3337,616,8,2,1
3337,616,9,2,1
3337,616,10,2,1
3337,616,11,2,1
3337,616,12,2,1
3337,616,13,2,1
3337,616,14,2,1
3337,616,15,2,1
3337,616,16,2,1
3337,616,17,2,1
3337,616,18,2,1
3337,616,19,2,1
3337,616,20,2,1
3337,616,21,2,1
3337,616,22,2,1
3337,616,23,2,1
3337,616,24,2,1
3337,616,25,2,1
3337,616,26,2,1
3337,616,27,2,1
3337,616,28,2,1
3337,616,29,2,1
3337,616,30,2,1
3337,616,31,2,1
3337,616,32,2,1
3337,616,33,2,1
3337,616,34,2,1
3337,616,35,2,1
3337,616,36,2,1
3337,616,37,2,1
3337,616,38,2,1
3337,616,39,2,1
3337,616,40,2,1
3337,616,41,2,1
3337,616,42,2,1
3337,616,43,2,1
3337,616,44,2,1
3337,616,45,2,1
3337,616,46,2,1
3337,616,47,2,1
3337,616,48,2,1
3337,616,49,2,1
3337,616,50,2,1
3337,616,51,2,1
3337,616,52,2,1
3337,616,53,2,1
3337,616,54,2,1
3337,616,55,2,1
3337,616,56,2,1
3337,616,57,2,1
3337,616,58,2,1
3337,616,59,2,1
3337,616,60,2,1
3337,616,61,2,1
3337,616,62,2,1
3337,616,63,2,1
3337,616,64,2,1
3337,616,65,2,1
3337,616,66,2,1
3337,616,67,2,1
3337,616,68,2,1
3337,616,69,2,1
3337,616,70,2,1
3337,616,71,2,1
3337,616,72,2,1
3337,616,73,2,1
3337,616,74,2,1
3337,616,75,2,1
3338,617,1,1,-1
3338,617,2,1,-1
3338,617,3,1,-1
3338,617,4,1,-1
3338,617,5,1,-1
3338,617,6,1,-1
3338,617,7,1,-1
3338,617,8,1,-1
3338,617,9,1,-1
3338,617,10,1,-1
3338,617,11,1,-1
3338,617,12,1,-1
3338,617,13,1,-1
3338,617,14,1,-1
3338,617,15,1,-1
3338,617,16,1,-1
3338,617,17,1,-1
3338,617,18,1,-1
3338,617,19,1,-1
3338,617,20,1,-1
3338,617,21,1,-1
3338,617,22,1,-1
3338,617,23,1,-1
3338,617,24,1,-1
3338,617,25,1,-1
3338,617,26,1,-1
3338,617,27,1,-1
3338,617,28,1,-1
3338,617,29,1,-1
3338,617,30,1,-1
3338,617,31,1,-1
3338,617,32,1,-1
3338,617,33,1,-1
3338,617,34,1,-1
3338,617,35,1,-1
3338,617,36,1,-1
3338,617,37,1,-1
3338,617,38,1,-1
3338,617,39,1,-1
3338,617,40,1,-1
3338,617,41,1,-1
3338,617,42,1,-1
3338,617,43,1,-1
3338,617,44,1,-1
3338,617,45,1,-1
3338,617,46,1,-1
3338,617,47,1,-1
3338,617,48,1,-1
3338,617,49,1,-1
3338,617,50,1,-1
3338,617,51,1,-1
3338,617,52,1,-1
3338,617,53,1,-1
3338,617,54,1,-1
3338,617,55,1,-1
3338,617,56,1,-1
3338,617,57,1,-1
3338,617,58,1,-1
3338,617,59,1,-1
3338,617,60,1,-1
3338,617,61,1,-1
3338,617,62,1,-1
3338,617,63,1,-1
3338,617,64,1,-1
3338,617,65,1,-1
3338,617,66,1,-1
3338,617,67,1,-1
3338,617,68,1,-1
3338,617,69,1,-1
3338,617,70,1,-1
3338,617,71,1,-1
3338,617,72,1,-1
3338,617,73,1,-1
3338,617,74,1,-1
3338,617,75,1,-1
3338,617,1,2,1
3338,617,2,2,1
3338,617,3,2,1
3338,617,4,2,1
3338,617,5,2,1
3338,617,6,2,1
3338,617,7,2,1
3338,617,8,2,1
3338,617,9,2,1
3338,617,10,2,1
3338,617,11,2,1
3338,617,12,2,1
3338,617,13,2,1
3338,617,14,2,1
3338,617,15,2,1
3338,617,16,2,1
3338,617,17,2,1
3338,617,18,2,1
3338,617,19,2,1
3338,617,20,2,1
3338,617,21,2,1
3338,617,22,2,1
3338,617,23,2,1
3338,617,24,2,1
3338,617,25,2,1
3338,617,26,2,1
3338,617,27,2,1
3338,617,28,2,1
3338,617,29,2,1
3338,617,30,2,1
3338,617,31,2,1
3338,617,32,2,1
3338,617,33,2,1
3338,617,34,2,1
3338,617,35,2,1
3338,617,36,2,1
3338,617,37,2,1
3338,617,38,2,1
3338,617,39,2,1
3338,617,40,2,1
3338,617,41,2,1
3338,617,42,2,1
3338,617,43,2,1
3338,617,44,2,1
3338,617,45,2,1
3338,617,46,2,1
3338,617,47,2,1
3338,617,48,2,1
3338,617,49,2,1
3338,617,50,2,1
3338,617,51,2,1
3338,617,52,2,1
3338,617,53,2,1
3338,617,54,2,1
3338,617,55,2,1
3338,617,56,2,1
3338,617,57,2,1
3338,617,58,2,1
3338,617,59,2,1
3338,617,60,2,1
3338,617,61,2,1
3338,617,62,2,1
3338,617,63,2,1
3338,617,64,2,1
3338,617,65,2,1
3338,617,66,2,1
3338,617,67,2,1
3338,617,68,2,1
3338,617,69,2,1
3338,617,70,2,1
3338,617,71,2,1
3338,617,72,2,1
3338,617,73,2,1
3338,617,74,2,1
3338,617,75,2,1
3339,618,1,1,-1
3339,618,2,1,-1
3339,618,3,1,-1
3339,618,4,1,-1
3339,618,5,1,-1
3339,618,6,1,-1
3339,618,7,1,-1
3339,618,8,1,-1
3339,618,9,1,-1
3339,618,10,1,-1
3339,618,11,1,-1
3339,618,12,1,-1
3339,618,13,1,-1
3339,618,14,1,-1
3339,618,15,1,-1
3339,618,16,1,-1
3339,618,17,1,-1
3339,618,18,1,-1
3339,618,19,1,-1
3339,618,20,1,-1
3339,618,21,1,-1
3339,618,22,1,-1
3339,618,23,1,-1
3339,618,24,1,-1
3339,618,25,1,-1
3339,618,26,1,-1
3339,618,27,1,-1
3339,618,28,1,-1
3339,618,29,1,-1
3339,618,30,1,-1
3339,618,31,1,-1
3339,618,32,1,-1
3339,618,33,1,-1
3339,618,34,1,-1
3339,618,35,1,-1
3339,618,36,1,-1
3339,618,37,1,-1
3339,618,38,1,-1
3339,618,39,1,-1
3339,618,40,1,-1
3339,618,41,1,-1
3339,618,42,1,-1
3339,618,43,1,-1
3339,618,44,1,-1
3339,618,45,1,-1
3339,618,46,1,-1
3339,618,47,1,-1
3339,618,48,1,-1
3339,618,49,1,-1
3339,618,50,1,-1
3339,618,51,1,-1
3339,618,52,1,-1
3339,618,53,1,-1
3339,618,54,1,-1
3339,618,55,1,-1
3339,618,56,1,-1
3339,618,57,1,-1
3339,618,58,1,-1
3339,618,59,1,-1
3339,618,60,1,-1
3339,618,61,1,-1
3339,618,62,1,-1
3339,618,63,1,-1
3339,618,64,1,-1
3339,618,65,1,-1
3339,618,66,1,-1
3339,618,67,1,-1
3339,618,68,1,-1
3339,618,69,1,-1
3339,618,70,1,-1
3339,618,71,1,-1
3339,618,72,1,-1
3339,618,73,1,-1
3339,618,74,1,-1
3339,618,75,1,-1
3339,618,1,2,1
3339,618,2,2,1
3339,618,3,2,1
3339,618,4,2,1
3339,618,5,2,1
3339,618,6,2,1
3339,618,7,2,1
3339,618,8,2,1
3339,618,9,2,1
3339,618,10,2,1
3339,618,11,2,1
3339,618,12,2,1
3339,618,13,2,1
3339,618,14,2,1
3339,618,15,2,1
3339,618,16,2,1
3339,618,17,2,1
3339,618,18,2,1
3339,618,19,2,1
3339,618,20,2,1
3339,618,21,2,1
3339,618,22,2,1
3339,618,23,2,1
3339,618,24,2,1
3339,618,25,2,1
3339,618,26,2,1
3339,618,27,2,1
3339,618,28,2,1
3339,618,29,2,1
3339,618,30,2,1
3339,618,31,2,1
3339,618,32,2,1
3339,618,33,2,1
3339,618,34,2,1
3339,618,35,2,1
3339,618,36,2,1
3339,618,37,2,1
3339,618,38,2,1
3339,618,39,2,1
3339,618,40,2,1
3339,618,41,2,1
3339,618,42,2,1
3339,618,43,2,1
3339,618,44,2,1
3339,618,45,2,1
3339,618,46,2,1
3339,618,47,2,1
3339,618,48,2,1
3339,618,49,2,1
3339,618,50,2,1
3339,618,51,2,1
3339,618,52,2,1
3339,618,53,2,1
3339,618,54,2,1
3339,618,55,2,1
3339,618,56,2,1
3339,618,57,2,1
3339,618,58,2,1
3339,618,59,2,1
3339,618,60,2,1
3339,618,61,2,1
3339,618,62,2,1
3339,618,63,2,1
3339,618,64,2,1
3339,618,65,2,1
3339,618,66,2,1
3339,618,67,2,1
3339,618,68,2,1
3339,618,69,2,1
3339,618,70,2,1
3339,618,71,2,1
3339,618,72,2,1
3339,618,73,2,1
3339,618,74,2,1
3339,618,75,2,1
3340,618,1,2,1
3340,618,2,2,1
3340,618,3,2,1
3340,618,4,2,1
3340,618,5,2,1
3340,618,6,2,1
3340,618,7,2,1
3340,618,8,2,1
3340,618,9,2,1
3340,618,10,2,1
3340,618,11,2,1
3340,618,12,2,1
3340,618,13,2,1
3340,618,14,2,1
3340,618,15,2,1
3340,618,16,2,1
3340,618,17,2,1
3340,618,18,2,1
3340,618,19,2,1
3340,618,20,2,1
3340,618,21,2,1
3340,618,22,2,1
3340,618,23,2,1
3340,618,24,2,1
3340,618,25,2,1
3340,618,26,2,1
3340,618,27,2,1
3340,618,28,2,1
3340,618,29,2,1
3340,618,30,2,1
3340,618,31,2,1
3340,618,32,2,1
3340,618,33,2,1
3340,618,34,2,1
3340,618,35,2,1
3340,618,36,2,1
3340,618,37,2,1
3340,618,38,2,1
3340,618,39,2,1
3340,618,40,2,1
3340,618,41,2,1
3340,618,42,2,1
3340,618,43,2,1
3340,618,44,2,1
3340,618,45,2,1
3340,618,46,2,1
3340,618,47,2,1
3340,618,48,2,1
3340,618,49,2,1
3340,618,50,2,1
3340,618,51,2,1
3340,618,52,2,1
3340,618,53,2,1
3340,618,54,2,1
3340,618,55,2,1
3340,618,56,2,1
3340,618,57,2,1
3340,618,58,2,1
3340,618,59,2,1
3340,618,60,2,1
3340,618,61,2,1
3340,618,62,2,1
3340,618,63,2,1
3340,618,64,2,1
3340,618,65,2,1
3340,618,66,2,1
3340,618,67,2,1
3340,618,68,2,1
3340,618,69,2,1
3340,618,70,2,1
3340,618,71,2,1
3340,618,72,2,1
3340,618,73,2,1
3340,618,74,2,1
3340,618,75,2,1
1339,300,1,1,1
1339,300,2,1,1
1339,300,3,1,1
1339,300,4,1,1
1339,300,5,1,1
1339,300,6,1,1
1339,300,7,1,1
1339,300,8,1,1
1339,300,9,1,1
1339,300,10,1,1
1339,300,11,1,1
1339,300,12,1,1
1339,300,13,1,1
1339,300,14,1,1
1339,300,15,1,1
1339,300,16,1,1
1339,300,17,1,1
1339,300,18,1,1
1339,300,19,1,1
1339,300,20,1,1
1339,300,21,1,1
1339,300,22,1,1
1339,300,23,1,1
1339,300,24,1,1
1339,300,25,1,1
1339,300,26,1,1
1339,300,27,1,1
1339,300,28,1,1
1339,300,29,1,1
1339,300,30,1,1
1339,300,31,1,1
1339,300,32,1,1
1339,300,33,1,1
1339,300,34,1,1
1339,300,35,1,1
1339,300,36,1,1
1339,300,37,1,1
1339,300,38,1,1
1339,300,39,1,1
1339,300,40,1,1
1339,300,41,1,1
1339,300,42,1,1
1339,300,43,1,1
1339,300,44,1,1
1339,300,45,1,1
1339,300,46,1,1
1339,300,47,1,1
1339,300,48,1,1
1339,300,49,1,1
1339,300,50,1,1
1339,300,51,1,1
1339,300,52,1,1
1339,300,53,1,1
1339,300,54,1,1
1339,300,55,1,1
1339,300,56,1,1
1339,300,57,1,1
1339,300,58,1,1
1339,300,59,1,1
1339,300,60,1,1
1339,300,61,1,1
1339,300,62,1,1
1339,300,63,1,1
1339,300,64,1,1
1339,300,65,1,1
1339,300,66,1,1
1339,300,67,1,1
1339,300,68,1,1
1339,300,69,1,1
1339,300,70,1,1
1339,300,71,1,1
1339,300,72,1,1
1339,300,73,1,1
1339,300,74,1,1
1339,300,75,1,1
1339,300,1,2,1
1339,300,2,2,1
1339,300,3,2,1
1339,300,4,2,1
1339,300,5,2,1
1339,300,6,2,1
1339,300,7,2,1
1339,300,8,2,1
1339,300,9,2,1
1339,300,10,2,1
1339,300,11,2,1
1339,300,12,2,1
1339,300,13,2,1
1339,300,14,2,1
1339,300,15,2,1
1339,300,16,2,1
1339,300,17,2,1
1339,300,18,2,1
1339,300,19,2,1
1339,300,20,2,1
1339,300,21,2,1
1339,300,22,2,1
1339,300,23,2,1
1339,300,24,2,1
1339,300,25,2,1
1339,300,26,2,1
1339,300,27,2,1
1339,300,28,2,1
1339,300,29,2,1
1339,300,30,2,1
1339,300,31,2,1
1339,300,32,2,1
1339,300,33,2,1
1339,300,34,2,1
1339,300,35,2,1
1339,300,36,2,1
1339,300,37,2,1
1339,300,38,2,1
1339,300,39,2,1
1339,300,40,2,1
1339,300,41,2,1
1339,300,42,2,1
1339,300,43,2,1
1339,300,44,2,1
1339,300,45,2,1
1339,300,46,2,1
1339,300,47,2,1
1339,300,48,2,1
1339,300,49,2,1
1339,300,50,2,1
1339,300,51,2,1
1339,300,52,2,1
1339,300,53,2,1
1339,300,54,2,1
1339,300,55,2,1
1339,300,56,2,1
1339,300,57,2,1
1339,300,58,2,1
1339,300,59,2,1
1339,300,60,2,1
1339,300,61,2,1
1339,300,62,2,1
1339,300,63,2,1
1339,300,64,2,1
1339,300,65,2,1
1339,300,66,2,1
1339,300,67,2,1
1339,300,68,2,1
1339,300,69,2,1
1339,300,70,2,1
1339,300,71,2,1
1339,300,72,2,1
1339,300,73,2,1
1339,300,74,2,1
1339,300,75,2,1
1340,300,1,2,1
1340,300,2,2,1
1340,300,3,2,1
1340,300,4,2,1
1340,300,5,2,1
1340,300,6,2,1
1340,300,7,2,1
1340,300,8,2,1
1340,300,9,2,1
1340,300,10,2,1
1340,300,11,2,1
1340,300,12,2,1
1340,300,13,2,1
1340,300,14,2,1
1340,300,15,2,1
1340,300,16,2,1
1340,300,17,2,1
1340,300,18,2,1
1340,300,19,2,1
1340,300,20,2,1
1340,300,21,2,1
1340,300,22,2,1
1340,300,23,2,1
1340,300,24,2,1
1340,300,25,2,1
1340,300,26,2,1
1340,300,27,2,1
1340,300,28,2,1
1340,300,29,2,1
1340,300,30,2,1
1340,300,31,2,1
1340,300,32,2,1
1340,300,33,2,1
1340,300,34,2,1
1340,300,35,2,1
1340,300,36,2,1
1340,300,37,2,1
1340,300,38,2,1
1340,300,39,2,1
1340,300,40,2,1
1340,300,41,2,1
1340,300,42,2,1
1340,300,43,2,1
1340,300,44,2,1
1340,300,45,2,1
1340,300,46,2,1
1340,300,47,2,1
1340,300,48,2,1
1340,300,49,2,1
1340,300,50,2,1
1340,300,51,2,1
1340,300,52,2,1
1340,300,53,2,1
1340,300,54,2,1
1340,300,55,2,1
1340,300,56,2,1
1340,300,57,2,1
1340,300,58,2,1
1340,300,59,2,1
1340,300,60,2,1
1340,300,61,2,1
1340,300,62,2,1
1340,300,63,2,1
1340,300,64,2,1
1340,300,65,2,1
1340,300,66,2,1
1340,300,67,2,1
1340,300,68,2,1
1340,300,69,2,1
1340,300,70,2,1
1340,300,71,2,1
1340,300,72,2,1
1340,300,73,2,1
1340,300,74,2,1
1340,300,75,2,1
1341,300,1,2,1
1341,300,2,2,1
1341,300,3,2,1
1341,300,4,2,1
1341,300,5,2,1
1341,300,6,2,1
1341,300,7,2,1
1341,300,8,2,1
1341,300,9,2,1
1341,300,10,2,1
1341,300,11,2,1
1341,300,12,2,1
1341,300,13,2,1
1341,300,14,2,1
1341,300,15,2,1
1341,300,16,2,1
1341,300,17,2,1
1341,300,18,2,1
1341,300,19,2,1
1341,300,20,2,1
1341,300,21,2,1
1341,300,22,2,1
1341,300,23,2,1
1341,300,24,2,1
1341,300,25,2,1
1341,300,26,2,1
1341,300,27,2,1
1341,300,28,2,1
1341,300,29,2,1
1341,300,30,2,1
1341,300,31,2,1
1341,300,32,2,1
1341,300,33,2,1
1341,300,34,2,1
1341,300,35,2,1
1341,300,36,2,1
1341,300,37,2,1
1341,300,38,2,1
1341,300,39,2,1
1341,300,40,2,1
1341,300,41,2,1
1341,300,42,2,1
1341,300,43,2,1
1341,300,44,2,1
1341,300,45,2,1
1341,300,46,2,1
1341,300,47,2,1
1341,300,48,2,1
1341,300,49,2,1
1341,300,50,2,1
1341,300,51,2,1
1341,300,52,2,1
1341,300,53,2,1
1341,300,54,2,1
1341,300,55,2,1
1341,300,56,2,1
1341,300,57,2,1
1341,300,58,2,1
1341,300,59,2,1
1341,300,60,2,1
1341,300,61,2,1
1341,300,62,2,1
1341,300,63,2,1
1341,300,64,2,1
1341,300,65,2,1
1341,300,66,2,1
1341,300,67,2,1
1341,300,68,2,1
1341,300,69,2,1
1341,300,70,2,1
1341,300,71,2,1
1341,300,72,2,1
1341,300,73,2,1
1341,300,74,2,1
1341,300,75,2,1
1341,299,1,1,1
1341,299,2,1,1
1341,299,3,1,1
1341,299,4,1,1
1341,299,5,1,1
1341,299,6,1,1
1341,299,7,1,1
1341,299,8,1,1
1341,299,9,1,1
1341,299,10,1,1
1341,299,11,1,1
1341,299,12,1,1
1341,299,13,1,1
1341,299,14,1,1
1341,299,15,1,1
1341,299,16,1,1
1341,299,17,1,1
1341,299,18,1,1
1341,299,19,1,1
1341,299,20,1,1
1341,299,21,1,1
1341,299,22,1,1
1341,299,23,1,1
1341,299,24,1,1
1341,299,25,1,1
1341,299,26,1,1
1341,299,27,1,1
1341,299,28,1,1
1341,299,29,1,1
1341,299,30,1,1
1341,299,31,1,1
1341,299,32,1,1
1341,299,33,1,1
1341,299,34,1,1
1341,299,35,1,1
1341,299,36,1,1
1341,299,37,1,1
1341,299,38,1,1
1341,299,39,1,1
1341,299,40,1,1
1341,299,41,1,1
1341,299,42,1,1
1341,299,43,1,1
1341,299,44,1,1
1341,299,45,1,1
1341,299,46,1,1
1341,299,47,1,1
1341,299,48,1,1
1341,299,49,1,1
1341,299,50,1,1
1341,299,51,1,1
1341,299,52,1,1
1341,299,53,1,1
1341,299,54,1,1
1341,299,55,1,1
1341,299,56,1,1
1341,299,57,1,1
1341,299,58,1,1
1341,299,59,1,1
1341,299,60,1,1
1341,299,61,1,1
1341,299,62,1,1
1341,299,63,1,1
1341,299,64,1,1
1341,299,65,1,1
1341,299,66,1,1
1341,299,67,1,1
1341,299,68,1,1
1341,299,69,1,1
1341,299,70,1,1
1341,299,71,1,1
1341,299,72,1,1
1341,299,73,1,1
1341,299,74,1,1
1341,299,75,1,1
1342,299,1,2,1
1342,299,2,2,1
1342,299,3,2,1
1342,299,4,2,1
1342,299,5,2,1
1342,299,6,2,1
1342,299,7,2,1
1342,299,8,2,1
1342,299,9,2,1
1342,299,10,2,1
1342,299,11,2,1
1342,299,12,2,1
1342,299,13,2,1
1342,299,14,2,1
1342,299,15,2,1
1342,299,16,2,1
1342,299,17,2,1
1342,299,18,2,1
1342,299,19,2,1
1342,299,20,2,1
1342,299,21,2,1
1342,299,22,2,1
1342,299,23,2,1
1342,299,24,2,1
1342,299,25,2,1
1342,299,26,2,1
1342,299,27,2,1
1342,299,28,2,1
1342,299,29,2,1
1342,299,30,2,1
1342,299,31,2,1
1342,299,32,2,1
1342,299,33,2,1
1342,299,34,2,1
1342,299,35,2,1
1342,299,36,2,1
1342,299,37,2,1
1342,299,38,2,1
1342,299,39,2,1
1342,299,40,2,1
1342,299,41,2,1
1342,299,42,2,1
1342,299,43,2,1
1342,299,44,2,1
1342,299,45,2,1
1342,299,46,2,1
1342,299,47,2,1
1342,299,48,2,1
1342,299,49,2,1
1342,299,50,2,1
1342,299,51,2,1
1342,299,52,2,1
1342,299,53,2,1
1342,299,54,2,1
1342,299,55,2,1
1342,299,56,2,1
1342,299,57,2,1
1342,299,58,2,1
1342,299,59,2,1
1342,299,60,2,1
1342,299,61,2,1
1342,299,62,2,1
1342,299,63,2,1
1342,299,64,2,1
1342,299,65,2,1
1342,299,66,2,1
1342,299,67,2,1
1342,299,68,2,1
1342,299,69,2,1
1342,299,70,2,1
1342,299,71,2,1
1342,299,72,2,1
1342,299,73,2,1
1342,299,74,2,1
1342,299,75,2,1
1343,299,1,2,1
1343,299,2,2,1
1343,299,3,2,1
1343,299,4,2,1
1343,299,5,2,1
1343,299,6,2,1
1343,299,7,2,1
1343,299,8,2,1
1343,299,9,2,1
1343,299,10,2,1
1343,299,11,2,1
1343,299,12,2,1
1343,299,13,2,1
1343,299,14,2,1
1343,299,15,2,1
1343,299,16,2,1
1343,299,17,2,1
1343,299,18,2,1
1343,299,19,2,1
1343,299,20,2,1
1343,299,21,2,1
1343,299,22,2,1
1343,299,23,2,1
1343,299,24,2,1
1343,299,25,2,1
1343,299,26,2,1
1343,299,27,2,1
1343,299,28,2,1
1343,299,29,2,1
1343,299,30,2,1
1343,299,31,2,1
1343,299,32,2,1
1343,299,33,2,1
1343,299,34,2,1
1343,299,35,2,1
1343,299,36,2,1
1343,299,37,2,1
1343,299,38,2,1
1343,299,39,2,1
1343,299,40,2,1
1343,299,41,2,1
1343,299,42,2,1
1343,299,43,2,1
1343,299,44,2,1
1343,299,45,2,1
1343,299,46,2,1
1343,299,47,2,1
1343,299,48,2,1
1343,299,49,2,1
1343,299,50,2,1
1343,299,51,2,1
1343,299,52,2,1
1343,299,53,2,1
1343,299,54,2,1
1343,299,55,2,1
1343,299,56,2,1
1343,299,57,2,1
1343,299,58,2,1
1343,299,59,2,1
1343,299,60,2,1
1343,299,61,2,1
1343,299,62,2,1
1343,299,63,2,1
1343,299,64,2,1
1343,299,65,2,1
1343,299,66,2,1
1343,299,67,2,1
1343,299,68,2,1
1343,299,69,2,1
1343,299,70,2,1
1343,299,71,2,1
1343,299,72,2,1
1343,299,73,2,1
1343,299,74,2,1
1343,299,75,2,1
1344,299,1,2,1
1344,299,2,2,1
1344,299,3,2,1
1344,299,4,2,1
1344,299,5,2,1
1344,299,6,2,1
1344,299,7,2,1
1344,299,8,2,1
1344,299,9,2,1
1344,299,10,2,1
1344,299,11,2,1
1344,299,12,2,1
1344,299,13,2,1
1344,299,14,2,1
1344,299,15,2,1
1344,299,16,2,1
1344,299,17,2,1
1344,299,18,2,1
1344,299,19,2,1
1344,299,20,2,1
1344,299,21,2,1
1344,299,22,2,1
1344,299,23,2,1
1344,299,24,2,1
1344,299,25,2,1
1344,299,26,2,1
1344,299,27,2,1
1344,299,28,2,1
1344,299,29,2,1
1344,299,30,2,1
1344,299,31,2,1
1344,299,32,2,1
1344,299,33,2,1
1344,299,34,2,1
1344,299,35,2,1
1344,299,36,2,1
1344,299,37,2,1
1344,299,38,2,1
1344,299,39,2,1
1344,299,40,2,1
1344,299,41,2,1
1344,299,42,2,1
1344,299,43,2,1
1344,299,44,2,1
1344,299,45,2,1
1344,299,46,2,1
1344,299,47,2,1
1344,299,48,2,1
1344,299,49,2,1
1344,299,50,2,1
1344,299,51,2,1
1344,299,52,2,1
1344,299,53,2,1
1344,299,54,2,1
1344,299,55,2,1
1344,299,56,2,1
1344,299,57,2,1
1344,299,58,2,1
1344,299,59,2,1
1344,299,60,2,1
1344,299,61,2,1
1344,299,62,2,1
1344,299,63,2,1
1344,299,64,2,1
1344,299,65,2,1
1344,299,66,2,1
1344,299,67,2,1
1344,299,68,2,1
1344,299,69,2,1
1344,299,70,2,1
1344,299,71,2,1
1344,299,72,2,1
1344,299,73,2,1
1344,299,74,2,1
1344,299,75,2,1
1345,299,1,2,1
1345,299,2,2,1
1345,299,3,2,1
1345,299,4,2,1
1345,299,5,2,1
1345,299,6,2,1
1345,299,7,2,1
1345,299,8,2,1
1345,299,9,2,1
1345,299,10,2,1
1345,299,11,2,1
1345,299,12,2,1
1345,299,13,2,1
1345,299,14,2,1
1345,299,15,2,1
1345,299,16,2,1
1345,299,17,2,1
1345,299,18,2,1
1345,299,19,2,1
1345,299,20,2,1
1345,299,21,2,1
1345,299,22,2,1
1345,299,23,2,1
1345,299,24,2,1
1345,299,25,2,1
1345,299,26,2,1
1345,299,27,2,1
1345,299,28,2,1
1345,299,29,2,1
1345,299,30,2,1
1345,299,31,2,1
1345,299,32,2,1
1345,299,33,2,1
1345,299,34,2,1
1345,299,35,2,1
1345,299,36,2,1
1345,299,37,2,1
1345,299,38,2,1
1345,299,39,2,1
1345,299,40,2,1
1345,299,41,2,1
1345,299,42,2,1
1345,299,43,2,1
1345,299,44,2,1
1345,299,45,2,1
1345,299,46,2,1
1345,299,47,2,1
1345,299,48,2,1
1345,299,49,2,1
1345,299,50,2,1
1345,299,51,2,1
1345,299,52,2,1
1345,299,53,2,1
1345,299,54,2,1
1345,299,55,2,1
1345,299,56,2,1
1345,299,57,2,1
1345,299,58,2,1
1345,299,59,2,1
1345,299,60,2,1
1345,299,61,2,1
1345,299,62,2,1
1345,299,63,2,1
1345,299,64,2,1
1345,299,65,2,1
1345,299,66,2,1
1345,299,67,2,1
1345,299,68,2,1
1345,299,69,2,1
1345,299,70,2,1
1345,299,71,2,1
1345,299,72,2,1
1345,299,73,2,1
1345,299,74,2,1
1345,299,75,2,1
1346,299,1,2,1
1346,299,2,2,1
1346,299,3,2,1
1346,299,4,2,1
1346,299,5,2,1
1346,299,6,2,1
1346,299,7,2,1
1346,299,8,2,1
1346,299,9,2,1
1346,299,10,2,1
1346,299,11,2,1
1346,299,12,2,1
1346,299,13,2,1
1346,299,14,2,1
1346,299,15,2,1
1346,299,16,2,1
1346,299,17,2,1
1346,299,18,2,1
1346,299,19,2,1
1346,299,20,2,1
1346,299,21,2,1
1346,299,22,2,1
1346,299,23,2,1
1346,299,24,2,1
1346,299,25,2,1
1346,299,26,2,1
1346,299,27,2,1
1346,299,28,2,1
1346,299,29,2,1
1346,299,30,2,1
1346,299,31,2,1
1346,299,32,2,1
1346,299,33,2,1
1346,299,34,2,1
1346,299,35,2,1
1346,299,36,2,1
1346,299,37,2,1
1346,299,38,2,1
1346,299,39,2,1
1346,299,40,2,1
1346,299,41,2,1
1346,299,42,2,1
1346,299,43,2,1
1346,299,44,2,1
1346,299,45,2,1
1346,299,46,2,1
1346,299,47,2,1
1346,299,48,2,1
1346,299,49,2,1
1346,299,50,2,1
1346,299,51,2,1
1346,299,52,2,1
1346,299,53,2,1
1346,299,54,2,1
1346,299,55,2,1
1346,299,56,2,1
1346,299,57,2,1
1346,299,58,2,1
1346,299,59,2,1
1346,299,60,2,1
1346,299,61,2,1
1346,299,62,2,1
1346,299,63,2,1
1346,299,64,2,1
1346,299,65,2,1
1346,299,66,2,1
1346,299,67,2,1
1346,299,68,2,1
1346,299,69,2,1
1346,299,70,2,1
1346,299,71,2,1
1346,299,72,2,1
1346,299,73,2,1
1346,299,74,2,1
1346,299,75,2,1
1347,299,1,2,1
1347,299,2,2,1
1347,299,3,2,1
1347,299,4,2,1
1347,299,5,2,1
1347,299,6,2,1
1347,299,7,2,1
1347,299,8,2,1
1347,299,9,2,1
1347,299,10,2,1
1347,299,11,2,1
1347,299,12,2,1
1347,299,13,2,1
1347,299,14,2,1
1347,299,15,2,1
1347,299,16,2,1
1347,299,17,2,1
1347,299,18,2,1
1347,299,19,2,1
1347,299,20,2,1
1347,299,21,2,1
1347,299,22,2,1
1347,299,23,2,1
1347,299,24,2,1
1347,299,25,2,1
1347,299,26,2,1
1347,299,27,2,1
1347,299,28,2,1
1347,299,29,2,1
1347,299,30,2,1
1347,299,31,2,1
1347,299,32,2,1
1347,299,33,2,1
1347,299,34,2,1
1347,299,35,2,1
1347,299,36,2,1
1347,299,37,2,1
1347,299,38,2,1
1347,299,39,2,1
1347,299,40,2,1
1347,299,41,2,1
1347,299,42,2,1
1347,299,43,2,1
1347,299,44,2,1
1347,299,45,2,1
1347,299,46,2,1
1347,299,47,2,1
1347,299,48,2,1
1347,299,49,2,1
1347,299,50,2,1
1347,299,51,2,1
1347,299,52,2,1
1347,299,53,2,1
1347,299,54,2,1
1347,299,55,2,1
1347,299,56,2,1
1347,299,57,2,1
1347,299,58,2,1
1347,299,59,2,1
1347,299,60,2,1
1347,299,61,2,1
1347,299,62,2,1
1347,299,63,2,1
1347,299,64,2,1
1347,299,65,2,1
1347,299,66,2,1
1347,299,67,2,1
1347,299,68,2,1
1347,299,69,2,1
1347,299,70,2,1
1347,299,71,2,1
1347,299,72,2,1
1347,299,73,2,1
1347,299,74,2,1
1347,299,75,2,1
1348,299,1,2,1
1348,299,2,2,1
1348,299,3,2,1
1348,299,4,2,1
1348,299,5,2,1
1348,299,6,2,1
1348,299,7,2,1
1348,299,8,2,1
1348,299,9,2,1
1348,299,10,2,1
1348,299,11,2,1
1348,299,12,2,1
1348,299,13,2,1
1348,299,14,2,1
1348,299,15,2,1
1348,299,16,2,1
1348,299,17,2,1
1348,299,18,2,1
1348,299,19,2,1
1348,299,20,2,1
1348,299,21,2,1
1348,299,22,2,1
1348,299,23,2,1
1348,299,24,2,1
1348,299,25,2,1
1348,299,26,2,1
1348,299,27,2,1
1348,299,28,2,1
1348,299,29,2,1
1348,299,30,2,1
1348,299,31,2,1
1348,299,32,2,1
1348,299,33,2,1
1348,299,34,2,1
1348,299,35,2,1
1348,299,36,2,1
1348,299,37,2,1
1348,299,38,2,1
1348,299,39,2,1
1348,299,40,2,1
1348,299,41,2,1
1348,299,42,2,1
1348,299,43,2,1
1348,299,44,2,1
1348,299,45,2,1
1348,299,46,2,1
1348,299,47,2,1
1348,299,48,2,1
1348,299,49,2,1
1348,299,50,2,1
1348,299,51,2,1
1348,299,52,2,1
1348,299,53,2,1
1348,299,54,2,1
1348,299,55,2,1
1348,299,56,2,1
1348,299,57,2,1
1348,299,58,2,1
1348,299,59,2,1
1348,299,60,2,1
1348,299,61,2,1
1348,299,62,2,1
1348,299,63,2,1
1348,299,64,2,1
1348,299,65,2,1
1348,299,66,2,1
1348,299,67,2,1
1348,299,68,2,1
1348,299,69,2,1
1348,299,70,2,1
1348,299,71,2,1
1348,299,72,2,1
1348,299,73,2,1
1348,299,74,2,1
1348,299,75,2,1
1348,298,1,1,1
1348,298,2,1,1
1348,298,3,1,1
1348,298,4,1,1
1348,298,5,1,1
1348,298,6,1,1
1348,298,7,1,1
1348,298,8,1,1
1348,298,9,1,1
1348,298,10,1,1
1348,298,11,1,1
1348,298,12,1,1
1348,298,13,1,1
1348,298,14,1,1
1348,298,15,1,1
1348,298,16,1,1
1348,298,17,1,1
1348,298,18,1,1
1348,298,19,1,1
1348,298,20,1,1
1348,298,21,1,1
1348,298,22,1,1
1348,298,23,1,1
1348,298,24,1,1
1348,298,25,1,1
1348,298,26,1,1
1348,298,27,1,1
1348,298,28,1,1
1348,298,29,1,1
1348,298,30,1,1
1348,298,31,1,1
1348,298,32,1,1
1348,298,33,1,1
1348,298,34,1,1
1348,298,35,1,1
1348,298,36,1,1
1348,298,37,1,1
1348,298,38,1,1
1348,298,39,1,1
1348,298,40,1,1
1348,298,41,1,1
1348,298,42,1,1
1348,298,43,1,1
1348,298,44,1,1
1348,298,45,1,1
1348,298,46,1,1
1348,298,47,1,1
1348,298,48,1,1
1348,298,49,1,1
1348,298,50,1,1
1348,298,51,1,1
1348,298,52,1,1
1348,298,53,1,1
1348,298,54,1,1
1348,298,55,1,1
1348,298,56,1,1
1348,298,57,1,1
1348,298,58,1,1
1348,298,59,1,1
1348,298,60,1,1
1348,298,61,1,1
1348,298,62,1,1
1348,298,63,1,1
1348,298,64,1,1
1348,298,65,1,1
1348,298,66,1,1
1348,298,67,1,1
1348,298,68,1,1
1348,298,69,1,1
1348,298,70,1,1
1348,298,71,1,1
1348,298,72,1,1
1348,298,73,1,1
1348,298,74,1,1
1348,298,75,1,1
1349,298,1,2,1
1349,298,2,2,1
1349,298,3,2,1
1349,298,4,2,1
1349,298,5,2,1
1349,298,6,2,1
1349,298,7,2,1
1349,298,8,2,1
1349,298,9,2,1
1349,298,10,2,1
1349,298,11,2,1
1349,298,12,2,1
1349,298,13,2,1
1349,298,14,2,1
1349,298,15,2,1
1349,298,16,2,1
1349,298,17,2,1
1349,298,18,2,1
1349,298,19,2,1
1349,298,20,2,1
1349,298,21,2,1
1349,298,22,2,1
1349,298,23,2,1
1349,298,24,2,1
1349,298,25,2,1
1349,298,26,2,1
1349,298,27,2,1
1349,298,28,2,1
1349,298,29,2,1
1349,298,30,2,1
1349,298,31,2,1
1349,298,32,2,1
1349,298,33,2,1
1349,298,34,2,1
1349,298,35,2,1
1349,298,36,2,1
1349,298,37,2,1
1349,298,38,2,1
1349,298,39,2,1
1349,298,40,2,1
1349,298,41,2,1
1349,298,42,2,1
1349,298,43,2,1
1349,298,44,2,1
1349,298,45,2,1
1349,298,46,2,1
1349,298,47,2,1
1349,298,48,2,1
1349,298,49,2,1
1349,298,50,2,1
1349,298,51,2,1
1349,298,52,2,1
1349,298,53,2,1
1349,298,54,2,1
1349,298,55,2,1
1349,298,56,2,1
1349,298,57,2,1
1349,298,58,2,1
1349,298,59,2,1
1349,298,60,2,1
1349,298,61,2,1
1349,298,62,2,1
1349,298,63,2,1
1349,298,64,2,1
1349,298,65,2,1
1349,298,66,2,1
1349,298,67,2,1
1349,298,68,2,1
1349,298,69,2,1
1349,298,70,2,1
1349,298,71,2,1
1349,298,72,2,1
1349,298,73,2,1
1349,298,74,2,1
1349,298,75,2,1
1350,298,1,2,1
1350,298,2,2,1
1350,298,3,2,1
1350,298,4,2,1
1350,298,5,2,1
1350,298,6,2,1
1350,298,7,2,1
1350,298,8,2,1
1350,298,9,2,1
1350,298,10,2,1
1350,298,11,2,1
1350,298,12,2,1
1350,298,13,2,1
1350,298,14,2,1
1350,298,15,2,1
1350,298,16,2,1
1350,298,17,2,1
1350,298,18,2,1
1350,298,19,2,1
1350,298,20,2,1
1350,298,21,2,1
1350,298,22,2,1
1350,298,23,2,1
1350,298,24,2,1
1350,298,25,2,1
1350,298,26,2,1
1350,298,27,2,1
1350,298,28,2,1
1350,298,29,2,1
1350,298,30,2,1
1350,298,31,2,1
1350,298,32,2,1
1350,298,33,2,1
1350,298,34,2,1
1350,298,35,2,1
1350,298,36,2,1
1350,298,37,2,1
1350,298,38,2,1
1350,298,39,2,1
1350,298,40,2,1
1350,298,41,2,1
1350,298,42,2,1
1350,298,43,2,1
1350,298,44,2,1
1350,298,45,2,1
1350,298,46,2,1
1350,298,47,2,1
1350,298,48,2,1
1350,298,49,2,1
1350,298,50,2,1
1350,298,51,2,1
1350,298,52,2,1
1350,298,53,2,1
1350,298,54,2,1
1350,298,55,2,1
1350,298,56,2,1
1350,298,57,2,1
1350,298,58,2,1
1350,298,59,2,1
1350,298,60,2,1
1350,298,61,2,1
1350,298,62,2,1
1350,298,63,2,1
1350,298,64,2,1
1350,298,65,2,1
1350,298,66,2,1
1350,298,67,2,1
1350,298,68,2,1
1350,298,69,2,1
1350,298,70,2,1
1350,298,71,2,1
1350,298,72,2,1
1350,298,73,2,1
1350,298,74,2,1
1350,298,75,2,1
1351,298,1,2,1
1351,298,2,2,1
1351,298,3,2,1
1351,298,4,2,1
1351,298,5,2,1
1351,298,6,2,1
1351,298,7,2,1
1351,298,8,2,1
1351,298,9,2,1
1351,298,10,2,1
1351,298,11,2,1
1351,298,12,2,1
1351,298,13,2,1
1351,298,14,2,1
1351,298,15,2,1
1351,298,16,2,1
1351,298,17,2,1
1351,298,18,2,1
1351,298,19,2,1
1351,298,20,2,1
1351,298,21,2,1
1351,298,22,2,1
1351,298,23,2,1
1351,298,24,2,1
1351,298,25,2,1
1351,298,26,2,1
1351,298,27,2,1
1351,298,28,2,1
1351,298,29,2,1
1351,298,30,2,1
1351,298,31,2,1
1351,298,32,2,1
1351,298,33,2,1
1351,298,34,2,1
1351,298,35,2,1
1351,298,36,2,1
1351,298,37,2,1
1351,298,38,2,1
1351,298,39,2,1
1351,298,40,2,1
1351,298,41,2,1
1351,298,42,2,1
1351,298,43,2,1
1351,298,44,2,1
1351,298,45,2,1
1351,298,46,2,1
1351,298,47,2,1
1351,298,48,2,1
1351,298,49,2,1
1351,298,50,2,1
1351,298,51,2,1
1351,298,52,2,1
1351,298,53,2,1
1351,298,54,2,1
1351,298,55,2,1
1351,298,56,2,1
1351,298,57,2,1
1351,298,58,2,1
1351,298,59,2,1
1351,298,60,2,1
1351,298,61,2,1
1351,298,62,2,1
1351,298,63,2,1
1351,298,64,2,1
1351,298,65,2,1
1351,298,66,2,1
1351,298,67,2,1
1351,298,68,2,1
1351,298,69,2,1
1351,298,70,2,1
1351,298,71,2,1
1351,298,72,2,1
1351,298,73,2,1
1351,298,74,2,1
1351,298,75,2,1
1352,298,1,2,1
1352,298,2,2,1
1352,298,3,2,1
1352,298,4,2,1
1352,298,5,2,1
1352,298,6,2,1
1352,298,7,2,1
1352,298,8,2,1
1352,298,9,2,1
1352,298,10,2,1
1352,298,11,2,1
1352,298,12,2,1
1352,298,13,2,1
1352,298,14,2,1
1352,298,15,2,1
1352,298,16,2,1
1352,298,17,2,1
1352,298,18,2,1
1352,298,19,2,1
1352,298,20,2,1
1352,298,21,2,1
1352,298,22,2,1
1352,298,23,2,1
1352,298,24,2,1
1352,298,25,2,1
1352,298,26,2,1
1352,298,27,2,1
1352,298,28,2,1
1352,298,29,2,1
1352,298,30,2,1
1352,298,31,2,1
1352,298,32,2,1
1352,298,33,2,1
1352,298,34,2,1
1352,298,35,2,1
1352,298,36,2,1
1352,298,37,2,1
1352,298,38,2,1
1352,298,39,2,1
1352,298,40,2,1
1352,298,41,2,1
1352,298,42,2,1
1352,298,43,2,1
1352,298,44,2,1
1352,298,45,2,1
1352,298,46,2,1
1352,298,47,2,1
1352,298,48,2,1
1352,298,49,2,1
1352,298,50,2,1
1352,298,51,2,1
1352,298,52,2,1
1352,298,53,2,1
1352,298,54,2,1
1352,298,55,2,1
1352,298,56,2,1
1352,298,57,2,1
1352,298,58,2,1
1352,298,59,2,1
1352,298,60,2,1
1352,298,61,2,1
1352,298,62,2,1
1352,298,63,2,1
1352,298,64,2,1
1352,298,65,2,1
1352,298,66,2,1
1352,298,67,2,1
1352,298,68,2,1
1352,298,69,2,1
1352,298,70,2,1
1352,298,71,2,1
1352,298,72,2,1
1352,298,73,2,1
1352,298,74,2,1
1352,298,75,2,1
1353,298,1,2,1
1353,298,2,2,1
1353,298,3,2,1
1353,298,4,2,1
1353,298,5,2,1
1353,298,6,2,1
1353,298,7,2,1
1353,298,8,2,1
1353,298,9,2,1
1353,298,10,2,1
1353,298,11,2,1
1353,298,12,2,1
1353,298,13,2,1
1353,298,14,2,1
1353,298,15,2,1
1353,298,16,2,1
1353,298,17,2,1
1353,298,18,2,1
1353,298,19,2,1
1353,298,20,2,1
1353,298,21,2,1
1353,298,22,2,1
1353,298,23,2,1
1353,298,24,2,1
1353,298,25,2,1
1353,298,26,2,1
1353,298,27,2,1
1353,298,28,2,1
1353,298,29,2,1
1353,298,30,2,1
1353,298,31,2,1
1353,298,32,2,1
1353,298,33,2,1
1353,298,34,2,1
1353,298,35,2,1
1353,298,36,2,1
1353,298,37,2,1
1353,298,38,2,1
1353,298,39,2,1
1353,298,40,2,1
1353,298,41,2,1
1353,298,42,2,1
1353,298,43,2,1
1353,298,44,2,1
1353,298,45,2,1
1353,298,46,2,1
1353,298,47,2,1
1353,298,48,2,1
1353,298,49,2,1
1353,298,50,2,1
1353,298,51,2,1
1353,298,52,2,1
1353,298,53,2,1
1353,298,54,2,1
1353,298,55,2,1
1353,298,56,2,1
1353,298,57,2,1
1353,298,58,2,1
1353,298,59,2,1
1353,298,60,2,1
1353,298,61,2,1
1353,298,62,2,1
1353,298,63,2,1
1353,298,64,2,1
1353,298,65,2,1
1353,298,66,2,1
1353,298,67,2,1
1353,298,68,2,1
1353,298,69,2,1
1353,298,70,2,1
1353,298,71,2,1
1353,298,72,2,1
1353,298,73,2,1
1353,298,74,2,1
1353,298,75,2,1
1354,298,1,2,1
1354,298,2,2,1
1354,298,3,2,1
1354,298,4,2,1
1354,298,5,2,1
1354,298,6,2,1
1354,298,7,2,1
1354,298,8,2,1
1354,298,9,2,1
1354,298,10,2,1
1354,298,11,2,1
1354,298,12,2,1
1354,298,13,2,1
1354,298,14,2,1
1354,298,15,2,1
1354,298,16,2,1
1354,298,17,2,1
1354,298,18,2,1
1354,298,19,2,1
1354,298,20,2,1
1354,298,21,2,1
1354,298,22,2,1
1354,298,23,2,1
1354,298,24,2,1
1354,298,25,2,1
1354,298,26,2,1
1354,298,27,2,1
1354,298,28,2,1
1354,298,29,2,1
1354,298,30,2,1
1354,298,31,2,1
1354,298,32,2,1
1354,298,33,2,1
1354,298,34,2,1
1354,298,35,2,1
1354,298,36,2,1
1354,298,37,2,1
1354,298,38,2,1
1354,298,39,2,1
1354,298,40,2,1
1354,298,41,2,1
1354,298,42,2,1
1354,298,43,2,1
1354,298,44,2,1
1354,298,45,2,1
1354,298,46,2,1
1354,298,47,2,1
1354,298,48,2,1
1354,298,49,2,1
1354,298,50,2,1
1354,298,51,2,1
1354,298,52,2,1
1354,298,53,2,1
1354,298,54,2,1
1354,298,55,2,1
1354,298,56,2,1
1354,298,57,2,1
1354,298,58,2,1
1354,298,59,2,1
1354,298,60,2,1
1354,298,61,2,1
1354,298,62,2,1
1354,298,63,2,1
1354,298,64,2,1
1354,298,65,2,1
1354,298,66,2,1
1354,298,67,2,1
1354,298,68,2,1
1354,298,69,2,1
1354,298,70,2,1
1354,298,71,2,1
1354,298,72,2,1
1354,298,73,2,1
1354,298,74,2,1
1354,298,75,2,1
1355,298,1,2,1
1355,298,2,2,1
1355,298,3,2,1
1355,298,4,2,1
1355,298,5,2,1
1355,298,6,2,1
1355,298,7,2,1
1355,298,8,2,1
1355,298,9,2,1
1355,298,10,2,1
1355,298,11,2,1
1355,298,12,2,1
1355,298,13,2,1
1355,298,14,2,1
1355,298,15,2,1
1355,298,16,2,1
1355,298,17,2,1
1355,298,18,2,1
1355,298,19,2,1
1355,298,20,2,1
1355,298,21,2,1
1355,298,22,2,1
1355,298,23,2,1
1355,298,24,2,1
1355,298,25,2,1
1355,298,26,2,1
1355,298,27,2,1
1355,298,28,2,1
1355,298,29,2,1
1355,298,30,2,1
1355,298,31,2,1
1355,298,32,2,1
1355,298,33,2,1
1355,298,34,2,1
1355,298,35,2,1
1355,298,36,2,1
1355,298,37,2,1
1355,298,38,2,1
1355,298,39,2,1
1355,298,40,2,1
1355,298,41,2,1
1355,298,42,2,1
1355,298,43,2,1
1355,298,44,2,1
1355,298,45,2,1
1355,298,46,2,1
1355,298,47,2,1
1355,298,48,2,1
1355,298,49,2,1
1355,298,50,2,1
1355,298,51,2,1
1355,298,52,2,1
1355,298,53,2,1
1355,298,54,2,1
1355,298,55,2,1
1355,298,56,2,1
1355,298,57,2,1
1355,298,58,2,1
1355,298,59,2,1
1355,298,60,2,1
1355,298,61,2,1
1355,298,62,2,1
1355,298,63,2,1
1355,298,64,2,1
1355,298,65,2,1
1355,298,66,2,1
1355,298,67,2,1
1355,298,68,2,1
1355,298,69,2,1
1355,298,70,2,1
1355,298,71,2,1
1355,298,72,2,1
1355,298,73,2,1
1355,298,74,2,1
1355,298,75,2,1
1355,297,1,1,1
1355,297,2,1,1
1355,297,3,1,1
1355,297,4,1,1
1355,297,5,1,1
1355,297,6,1,1
1355,297,7,1,1
1355,297,8,1,1
1355,297,9,1,1
1355,297,10,1,1
1355,297,11,1,1
1355,297,12,1,1
1355,297,13,1,1
1355,297,14,1,1
1355,297,15,1,1
1355,297,16,1,1
1355,297,17,1,1
1355,297,18,1,1
1355,297,19,1,1
1355,297,20,1,1
1355,297,21,1,1
1355,297,22,1,1
1355,297,23,1,1
1355,297,24,1,1
1355,297,25,1,1
1355,297,26,1,1
1355,297,27,1,1
1355,297,28,1,1
1355,297,29,1,1
1355,297,30,1,1
1355,297,31,1,1
1355,297,32,1,1
1355,297,33,1,1
1355,297,34,1,1
1355,297,35,1,1
1355,297,36,1,1
1355,297,37,1,1
1355,297,38,1,1
1355,297,39,1,1
1355,297,40,1,1
1355,297,41,1,1
1355,297,42,1,1
1355,297,43,1,1
1355,297,44,1,1
1355,297,45,1,1
1355,297,46,1,1
1355,297,47,1,1
1355,297,48,1,1
1355,297,49,1,1
1355,297,50,1,1
1355,297,51,1,1
1355,297,52,1,1
1355,297,53,1,1
1355,297,54,1,1
1355,297,55,1,1
1355,297,56,1,1
1355,297,57,1,1
1355,297,58,1,1
1355,297,59,1,1
1355,297,60,1,1
1355,297,61,1,1
1355,297,62,1,1
1355,297,63,1,1
1355,297,64,1,1
1355,297,65,1,1
1355,297,66,1,1
1355,297,67,1,1
1355,297,68,1,1
1355,297,69,1,1
1355,297,70,1,1
1355,297,71,1,1
1355,297,72,1,1
1355,297,73,1,1
1355,297,74,1,1
1355,297,75,1,1
1356,297,1,2,1
1356,297,2,2,1
1356,297,3,2,1
1356,297,4,2,1
1356,297,5,2,1
1356,297,6,2,1
1356,297,7,2,1
1356,297,8,2,1
1356,297,9,2,1
1356,297,10,2,1
1356,297,11,2,1
1356,297,12,2,1
1356,297,13,2,1
1356,297,14,2,1
1356,297,15,2,1
1356,297,16,2,1
1356,297,17,2,1
1356,297,18,2,1
1356,297,19,2,1
1356,297,20,2,1
1356,297,21,2,1
1356,297,22,2,1
1356,297,23,2,1
1356,297,24,2,1
1356,297,25,2,1
1356,297,26,2,1
1356,297,27,2,1
1356,297,28,2,1
1356,297,29,2,1
1356,297,30,2,1
1356,297,31,2,1
1356,297,32,2,1
1356,297,33,2,1
1356,297,34,2,1
1356,297,35,2,1
1356,297,36,2,1
1356,297,37,2,1
1356,297,38,2,1
1356,297,39,2,1
1356,297,40,2,1
1356,297,41,2,1
1356,297,42,2,1
1356,297,43,2,1
1356,297,44,2,1
1356,297,45,2,1
1356,297,46,2,1
1356,297,47,2,1
1356,297,48,2,1
1356,297,49,2,1
1356,297,50,2,1
1356,297,51,2,1
1356,297,52,2,1
1356,297,53,2,1
1356,297,54,2,1
1356,297,55,2,1
1356,297,56,2,1
1356,297,57,2,1
1356,297,58,2,1
1356,297,59,2,1
1356,297,60,2,1
1356,297,61,2,1
1356,297,62,2,1
1356,297,63,2,1
1356,297,64,2,1
1356,297,65,2,1
1356,297,66,2,1
1356,297,67,2,1
1356,297,68,2,1
1356,297,69,2,1
1356,297,70,2,1
1356,297,71,2,1
1356,297,72,2,1
1356,297,73,2,1
1356,297,74,2,1
1356,297,75,2,1
1357,297,1,2,1
1357,297,2,2,1
1357,297,3,2,1
1357,297,4,2,1
1357,297,5,2,1
1357,297,6,2,1
1357,297,7,2,1
1357,297,8,2,1
1357,297,9,2,1
1357,297,10,2,1
1357,297,11,2,1
1357,297,12,2,1
1357,297,13,2,1
1357,297,14,2,1
1357,297,15,2,1
1357,297,16,2,1
1357,297,17,2,1
1357,297,18,2,1
1357,297,19,2,1
1357,297,20,2,1
1357,297,21,2,1
1357,297,22,2,1
1357,297,23,2,1
1357,297,24,2,1
1357,297,25,2,1
1357,297,26,2,1
1357,297,27,2,1
1357,297,28,2,1
1357,297,29,2,1
1357,297,30,2,1
1357,297,31,2,1
1357,297,32,2,1
1357,297,33,2,1
1357,297,34,2,1
1357,297,35,2,1
1357,297,36,2,1
1357,297,37,2,1
1357,297,38,2,1
1357,297,39,2,1
1357,297,40,2,1
1357,297,41,2,1
1357,297,42,2,1
1357,297,43,2,1
1357,297,44,2,1
1357,297,45,2,1
1357,297,46,2,1
1357,297,47,2,1
1357,297,48,2,1
1357,297,49,2,1
1357,297,50,2,1
1357,297,51,2,1
1357,297,52,2,1
1357,297,53,2,1
1357,297,54,2,1
1357,297,55,2,1
1357,297,56,2,1
1357,297,57,2,1
1357,297,58,2,1
1357,297,59,2,1
1357,297,60,2,1
1357,297,61,2,1
1357,297,62,2,1
1357,297,63,2,1
1357,297,64,2,1
1357,297,65,2,1
1357,297,66,2,1
1357,297,67,2,1
1357,297,68,2,1
1357,297,69,2,1
1357,297,70,2,1
1357,297,71,2,1
1357,297,72,2,1
1357,297,73,2,1
1357,297,74,2,1
1357,297,75,2,1
1358,297,1,2,1
1358,297,2,2,1
1358,297,3,2,1
1358,297,4,2,1
1358,297,5,2,1
1358,297,6,2,1
1358,297,7,2,1
1358,297,8,2,1
1358,297,9,2,1
1358,297,10,2,1
1358,297,11,2,1
1358,297,12,2,1
1358,297,13,2,1
1358,297,14,2,1
1358,297,15,2,1
1358,297,16,2,1
1358,297,17,2,1
1358,297,18,2,1
1358,297,19,2,1
1358,297,20,2,1
1358,297,21,2,1
1358,297,22,2,1
1358,297,23,2,1
1358,297,24,2,1
1358,297,25,2,1
1358,297,26,2,1
1358,297,27,2,1
1358,297,28,2,1
1358,297,29,2,1
1358,297,30,2,1
1358,297,31,2,1
1358,297,32,2,1
1358,297,33,2,1
1358,297,34,2,1
1358,297,35,2,1
1358,297,36,2,1
1358,297,37,2,1
1358,297,38,2,1
1358,297,39,2,1
1358,297,40,2,1
1358,297,41,2,1
1358,297,42,2,1
1358,297,43,2,1
1358,297,44,2,1
1358,297,45,2,1
1358,297,46,2,1
1358,297,47,2,1
1358,297,48,2,1
1358,297,49,2,1
1358,297,50,2,1
1358,297,51,2,1
1358,297,52,2,1
1358,297,53,2,1
1358,297,54,2,1
1358,297,55,2,1
1358,297,56,2,1
1358,297,57,2,1
1358,297,58,2,1
1358,297,59,2,1
1358,297,60,2,1
1358,297,61,2,1
1358,297,62,2,1
1358,297,63,2,1
1358,297,64,2,1
1358,297,65,2,1
1358,297,66,2,1
1358,297,67,2,1
1358,297,68,2,1
1358,297,69,2,1
1358,297,70,2,1
1358,297,71,2,1
1358,297,72,2,1
1358,297,73,2,1
1358,297,74,2,1
1358,297,75,2,1
1359,297,1,2,1
1359,297,2,2,1
1359,297,3,2,1
1359,297,4,2,1
1359,297,5,2,1
1359,297,6,2,1
1359,297,7,2,1
1359,297,8,2,1
1359,297,9,2,1
1359,297,10,2,1
1359,297,11,2,1
1359,297,12,2,1
1359,297,13,2,1
1359,297,14,2,1
1359,297,15,2,1
1359,297,16,2,1
1359,297,17,2,1
1359,297,18,2,1
1359,297,19,2,1
1359,297,20,2,1
1359,297,21,2,1
1359,297,22,2,1
1359,297,23,2,1
1359,297,24,2,1
1359,297,25,2,1
1359,297,26,2,1
1359,297,27,2,1
1359,297,28,2,1
1359,297,29,2,1
1359,297,30,2,1
1359,297,31,2,1
1359,297,32,2,1
1359,297,33,2,1
1359,297,34,2,1
1359,297,35,2,1
1359,297,36,2,1
1359,297,37,2,1
1359,297,38,2,1
1359,297,39,2,1
1359,297,40,2,1
1359,297,41,2,1
1359,297,42,2,1
1359,297,43,2,1
1359,297,44,2,1
1359,297,45,2,1
1359,297,46,2,1
1359,297,47,2,1
1359,297,48,2,1
1359,297,49,2,1
1359,297,50,2,1
1359,297,51,2,1
1359,297,52,2,1
1359,297,53,2,1
1359,297,54,2,1
1359,297,55,2,1
1359,297,56,2,1
1359,297,57,2,1
1359,297,58,2,1
1359,297,59,2,1
1359,297,60,2,1
1359,297,61,2,1
1359,297,62,2,1
1359,297,63,2,1
1359,297,64,2,1
1359,297,65,2,1
1359,297,66,2,1
1359,297,67,2,1
1359,297,68,2,1
1359,297,69,2,1
1359,297,70,2,1
1359,297,71,2,1
1359,297,72,2,1
1359,297,73,2,1
1359,297,74,2,1
1359,297,75,2,1
1360,297,1,2,1
1360,297,2,2,1
1360,297,3,2,1
1360,297,4,2,1
1360,297,5,2,1
1360,297,6,2,1
1360,297,7,2,1
1360,297,8,2,1
1360,297,9,2,1
1360,297,10,2,1
1360,297,11,2,1
1360,297,12,2,1
1360,297,13,2,1
1360,297,14,2,1
1360,297,15,2,1
1360,297,16,2,1
1360,297,17,2,1
1360,297,18,2,1
1360,297,19,2,1
1360,297,20,2,1
1360,297,21,2,1
1360,297,22,2,1
1360,297,23,2,1
1360,297,24,2,1
1360,297,25,2,1
1360,297,26,2,1
1360,297,27,2,1
1360,297,28,2,1
1360,297,29,2,1
1360,297,30,2,1
1360,297,31,2,1
1360,297,32,2,1
1360,297,33,2,1
1360,297,34,2,1
1360,297,35,2,1
1360,297,36,2,1
1360,297,37,2,1
1360,297,38,2,1
1360,297,39,2,1
1360,297,40,2,1
1360,297,41,2,1
1360,297,42,2,1
1360,297,43,2,1
1360,297,44,2,1
1360,297,45,2,1
1360,297,46,2,1
1360,297,47,2,1
1360,297,48,2,1
1360,297,49,2,1
1360,297,50,2,1
1360,297,51,2,1
1360,297,52,2,1
1360,297,53,2,1
1360,297,54,2,1
1360,297,55,2,1
1360,297,56,2,1
1360,297,57,2,1
1360,297,58,2,1
1360,297,59,2,1
1360,297,60,2,1
1360,297,61,2,1
1360,297,62,2,1
1360,297,63,2,1
1360,297,64,2,1
1360,297,65,2,1
1360,297,66,2,1
1360,297,67,2,1
1360,297,68,2,1
1360,297,69,2,1
1360,297,70,2,1
1360,297,71,2,1
1360,297,72,2,1
1360,297,73,2,1
1360,297,74,2,1
1360,297,75,2,1
1361,297,1,2,1
1361,297,2,2,1
1361,297,3,2,1
1361,297,4,2,1
1361,297,5,2,1
1361,297,6,2,1
1361,297,7,2,1
1361,297,8,2,1
1361,297,9,2,1
1361,297,10,2,1
1361,297,11,2,1
1361,297,12,2,1
1361,297,13,2,1
1361,297,14,2,1
1361,297,15,2,1
1361,297,16,2,1
1361,297,17,2,1
1361,297,18,2,1
1361,297,19,2,1
1361,297,20,2,1
1361,297,21,2,1
1361,297,22,2,1
1361,297,23,2,1
1361,297,24,2,1
1361,297,25,2,1
1361,297,26,2,1
1361,297,27,2,1
1361,297,28,2,1
1361,297,29,2,1
1361,297,30,2,1
1361,297,31,2,1
1361,297,32,2,1
1361,297,33,2,1
1361,297,34,2,1
1361,297,35,2,1
1361,297,36,2,1
1361,297,37,2,1
1361,297,38,2,1
1361,297,39,2,1
1361,297,40,2,1
1361,297,41,2,1
1361,297,42,2,1
1361,297,43,2,1
1361,297,44,2,1
1361,297,45,2,1
1361,297,46,2,1
1361,297,47,2,1
1361,297,48,2,1
1361,297,49,2,1
1361,297,50,2,1
1361,297,51,2,1
1361,297,52,2,1
1361,297,53,2,1
1361,297,54,2,1
1361,297,55,2,1
1361,297,56,2,1
1361,297,57,2,1
1361,297,58,2,1
1361,297,59,2,1
1361,297,60,2,1
1361,297,61,2,1
1361,297,62,2,1
1361,297,63,2,1
1361,297,64,2,1
1361,297,65,2,1
1361,297,66,2,1
1361,297,67,2,1
1361,297,68,2,1
1361,297,69,2,1
1361,297,70,2,1
1361,297,71,2,1
1361,297,72,2,1
1361,297,73,2,1
1361,297,74,2,1
1361,297,75,2,1
1362,297,1,2,1
1362,297,2,2,1
1362,297,3,2,1
1362,297,4,2,1
1362,297,5,2,1
1362,297,6,2,1
1362,297,7,2,1
1362,297,8,2,1
1362,297,9,2,1
1362,297,10,2,1
1362,297,11,2,1
1362,297,12,2,1
1362,297,13,2,1
1362,297,14,2,1
1362,297,15,2,1
1362,297,16,2,1
1362,297,17,2,1
1362,297,18,2,1
1362,297,19,2,1
1362,297,20,2,1
1362,297,21,2,1
1362,297,22,2,1
1362,297,23,2,1
1362,297,24,2,1
1362,297,25,2,1
1362,297,26,2,1
1362,297,27,2,1
1362,297,28,2,1
1362,297,29,2,1
1362,297,30,2,1
1362,297,31,2,1
1362,297,32,2,1
1362,297,33,2,1
1362,297,34,2,1
1362,297,35,2,1
1362,297,36,2,1
1362,297,37,2,1
1362,297,38,2,1
1362,297,39,2,1
1362,297,40,2,1
1362,297,41,2,1
1362,297,42,2,1
1362,297,43,2,1
1362,297,44,2,1
1362,297,45,2,1
1362,297,46,2,1
1362,297,47,2,1
1362,297,48,2,1
1362,297,49,2,1
1362,297,50,2,1
1362,297,51,2,1
1362,297,52,2,1
1362,297,53,2,1
1362,297,54,2,1
1362,297,55,2,1
1362,297,56,2,1
1362,297,57,2,1
1362,297,58,2,1
1362,297,59,2,1
1362,297,60,2,1
1362,297,61,2,1
1362,297,62,2,1
1362,297,63,2,1
1362,297,64,2,1
1362,297,65,2,1
1362,297,66,2,1
1362,297,67,2,1
1362,297,68,2,1
1362,297,69,2,1
1362,297,70,2,1
1362,297,71,2,1
1362,297,72,2,1
1362,297,73,2,1
1362,297,74,2,1
1362,297,75,2,1
1362,296,1,1,1
1362,296,2,1,1
1362,296,3,1,1
1362,296,4,1,1
1362,296,5,1,1
1362,296,6,1,1
1362,296,7,1,1
1362,296,8,1,1
1362,296,9,1,1
1362,296,10,1,1
1362,296,11,1,1
1362,296,12,1,1
1362,296,13,1,1
1362,296,14,1,1
1362,296,15,1,1
1362,296,16,1,1
1362,296,17,1,1
1362,296,18,1,1
1362,296,19,1,1
1362,296,20,1,1
1362,296,21,1,1
1362,296,22,1,1
1362,296,23,1,1
1362,296,24,1,1
1362,296,25,1,1
1362,296,26,1,1
1362,296,27,1,1
1362,296,28,1,1
1362,296,29,1,1
1362,296,30,1,1
1362,296,31,1,1
1362,296,32,1,1
1362,296,33,1,1
1362,296,34,1,1
1362,296,35,1,1
1362,296,36,1,1
1362,296,37,1,1
1362,296,38,1,1
1362,296,39,1,1
1362,296,40,1,1
1362,296,41,1,1
1362,296,42,1,1
1362,296,43,1,1
1362,296,44,1,1
1362,296,45,1,1
1362,296,46,1,1
1362,296,47,1,1
1362,296,48,1,1
1362,296,49,1,1
1362,296,50,1,1
1362,296,51,1,1
1362,296,52,1,1
1362,296,53,1,1
1362,296,54,1,1
1362,296,55,1,1
1362,296,56,1,1
1362,296,57,1,1
1362,296,58,1,1
1362,296,59,1,1
1362,296,60,1,1
1362,296,61,1,1
1362,296,62,1,1
1362,296,63,1,1
1362,296,64,1,1
1362,296,65,1,1
1362,296,66,1,1
1362,296,67,1,1
1362,296,68,1,1
1362,296,69,1,1
1362,296,70,1,1
1362,296,71,1,1
1362,296,72,1,1
1362,296,73,1,1
1362,296,74,1,1
1362,296,75,1,1
1363,297,1,2,1
1363,297,2,2,1
1363,297,3,2,1
1363,297,4,2,1
1363,297,5,2,1
1363,297,6,2,1
1363,297,7,2,1
1363,297,8,2,1
1363,297,9,2,1
1363,297,10,2,1
1363,297,11,2,1
1363,297,12,2,1
1363,297,13,2,1
1363,297,14,2,1
1363,297,15,2,1
1363,297,16,2,1
1363,297,17,2,1
1363,297,18,2,1
1363,297,19,2,1
1363,297,20,2,1
1363,297,21,2,1
1363,297,22,2,1
1363,297,23,2,1
1363,297,24,2,1
1363,297,25,2,1
1363,297,26,2,1
1363,297,27,2,1
1363,297,28,2,1
1363,297,29,2,1
1363,297,30,2,1
1363,297,31,2,1
1363,297,32,2,1
1363,297,33,2,1
1363,297,34,2,1
1363,297,35,2,1
1363,297,36,2,1
1363,297,37,2,1
1363,297,38,2,1
1363,297,39,2,1
1363,297,40,2,1
1363,297,41,2,1
1363,297,42,2,1
1363,297,43,2,1
1363,297,44,2,1
1363,297,45,2,1
1363,297,46,2,1
1363,297,47,2,1
1363,297,48,2,1
1363,297,49,2,1
1363,297,50,2,1
1363,297,51,2,1
1363,297,52,2,1
1363,297,53,2,1
1363,297,54,2,1
1363,297,55,2,1
1363,297,56,2,1
1363,297,57,2,1
1363,297,58,2,1
1363,297,59,2,1
1363,297,60,2,1
1363,297,61,2,1
1363,297,62,2,1
1363,297,63,2,1
1363,297,64,2,1
1363,297,65,2,1
1363,297,66,2,1
1363,297,67,2,1
1363,297,68,2,1
1363,297,69,2,1
1363,297,70,2,1
1363,297,71,2,1
1363,297,72,2,1
1363,297,73,2,1
1363,297,74,2,1
1363,297,75,2,1
1364,296,1,2,1
1364,296,2,2,1
1364,296,3,2,1
1364,296,4,2,1
1364,296,5,2,1
1364,296,6,2,1
1364,296,7,2,1
1364,296,8,2,1
1364,296,9,2,1
1364,296,10,2,1
1364,296,11,2,1
1364,296,12,2,1
1364,296,13,2,1
1364,296,14,2,1
1364,296,15,2,1
1364,296,16,2,1
1364,296,17,2,1
1364,296,18,2,1
1364,296,19,2,1
1364,296,20,2,1
1364,296,21,2,1
1364,296,22,2,1
1364,296,23,2,1
1364,296,24,2,1
1364,296,25,2,1
1364,296,26,2,1
1364,296,27,2,1
1364,296,28,2,1
1364,296,29,2,1
1364,296,30,2,1
1364,296,31,2,1
1364,296,32,2,1
1364,296,33,2,1
1364,296,34,2,1
1364,296,35,2,1
1364,296,36,2,1
1364,296,37,2,1
1364,296,38,2,1
1364,296,39,2,1
1364,296,40,2,1
1364,296,41,2,1
1364,296,42,2,1
1364,296,43,2,1
1364,296,44,2,1
1364,296,45,2,1
1364,296,46,2,1
1364,296,47,2,1
1364,296,48,2,1
1364,296,49,2,1
1364,296,50,2,1
1364,296,51,2,1
1364,296,52,2,1
1364,296,53,2,1
1364,296,54,2,1
1364,296,55,2,1
1364,296,56,2,1
1364,296,57,2,1
1364,296,58,2,1
1364,296,59,2,1
1364,296,60,2,1
1364,296,61,2,1
1364,296,62,2,1
1364,296,63,2,1
1364,296,64,2,1
1364,296,65,2,1
1364,296,66,2,1
1364,296,67,2,1
1364,296,68,2,1
1364,296,69,2,1
1364,296,70,2,1
1364,296,71,2,1
1364,296,72,2,1
1364,296,73,2,1
1364,296,74,2,1
1364,296,75,2,1
1365,296,1,2,1
1365,296,2,2,1
1365,296,3,2,1
1365,296,4,2,1
1365,296,5,2,1
1365,296,6,2,1
1365,296,7,2,1
1365,296,8,2,1
1365,296,9,2,1
1365,296,10,2,1
1365,296,11,2,1
1365,296,12,2,1
1365,296,13,2,1
1365,296,14,2,1
1365,296,15,2,1
1365,296,16,2,1
1365,296,17,2,1
1365,296,18,2,1
1365,296,19,2,1
1365,296,20,2,1
1365,296,21,2,1
1365,296,22,2,1
1365,296,23,2,1
1365,296,24,2,1
1365,296,25,2,1
1365,296,26,2,1
1365,296,27,2,1
1365,296,28,2,1
1365,296,29,2,1
1365,296,30,2,1
1365,296,31,2,1
1365,296,32,2,1
1365,296,33,2,1
1365,296,34,2,1
1365,296,35,2,1
1365,296,36,2,1
1365,296,37,2,1
1365,296,38,2,1
1365,296,39,2,1
1365,296,40,2,1
1365,296,41,2,1
1365,296,42,2,1
1365,296,43,2,1
1365,296,44,2,1
1365,296,45,2,1
1365,296,46,2,1
1365,296,47,2,1
1365,296,48,2,1
1365,296,49,2,1
1365,296,50,2,1
1365,296,51,2,1
1365,296,52,2,1
1365,296,53,2,1
1365,296,54,2,1
1365,296,55,2,1
1365,296,56,2,1
1365,296,57,2,1
1365,296,58,2,1
1365,296,59,2,1
1365,296,60,2,1
1365,296,61,2,1
1365,296,62,2,1
1365,296,63,2,1
1365,296,64,2,1
1365,296,65,2,1
1365,296,66,2,1
1365,296,67,2,1
1365,296,68,2,1
1365,296,69,2,1
1365,296,70,2,1
1365,296,71,2,1
1365,296,72,2,1
1365,296,73,2,1
1365,296,74,2,1
1365,296,75,2,1
1366,296,1,2,1
1366,296,2,2,1
1366,296,3,2,1
1366,296,4,2,1
1366,296,5,2,1
1366,296,6,2,1
1366,296,7,2,1
1366,296,8,2,1
1366,296,9,2,1
1366,296,10,2,1
1366,296,11,2,1
1366,296,12,2,1
1366,296,13,2,1
1366,296,14,2,1
1366,296,15,2,1
1366,296,16,2,1
1366,296,17,2,1
1366,296,18,2,1
1366,296,19,2,1
1366,296,20,2,1
1366,296,21,2,1
1366,296,22,2,1
1366,296,23,2,1
1366,296,24,2,1
1366,296,25,2,1
1366,296,26,2,1
1366,296,27,2,1
1366,296,28,2,1
1366,296,29,2,1
1366,296,30,2,1
1366,296,31,2,1
1366,296,32,2,1
1366,296,33,2,1
1366,296,34,2,1
1366,296,35,2,1
1366,296,36,2,1
1366,296,37,2,1
1366,296,38,2,1
1366,296,39,2,1
1366,296,40,2,1
1366,296,41,2,1
1366,296,42,2,1
1366,296,43,2,1
1366,296,44,2,1
1366,296,45,2,1
1366,296,46,2,1
1366,296,47,2,1
1366,296,48,2,1
1366,296,49,2,1
1366,296,50,2,1
1366,296,51,2,1
1366,296,52,2,1
1366,296,53,2,1
1366,296,54,2,1
1366,296,55,2,1
1366,296,56,2,1
1366,296,57,2,1
1366,296,58,2,1
1366,296,59,2,1
1366,296,60,2,1
1366,296,61,2,1
1366,296,62,2,1
1366,296,63,2,1
1366,296,64,2,1
1366,296,65,2,1
1366,296,66,2,1
1366,296,67,2,1
1366,296,68,2,1
1366,296,69,2,1
1366,296,70,2,1
1366,296,71,2,1
1366,296,72,2,1
1366,296,73,2,1
1366,296,74,2,1
1366,296,75,2,1
1367,296,1,2,1
1367,296,2,2,1
1367,296,3,2,1
1367,296,4,2,1
1367,296,5,2,1
1367,296,6,2,1
1367,296,7,2,1
1367,296,8,2,1
1367,296,9,2,1
1367,296,10,2,1
1367,296,11,2,1
1367,296,12,2,1
1367,296,13,2,1
1367,296,14,2,1
1367,296,15,2,1
1367,296,16,2,1
1367,296,17,2,1
1367,296,18,2,1
1367,296,19,2,1
1367,296,20,2,1
1367,296,21,2,1
1367,296,22,2,1
1367,296,23,2,1
1367,296,24,2,1
1367,296,25,2,1
1367,296,26,2,1
1367,296,27,2,1
1367,296,28,2,1
1367,296,29,2,1
1367,296,30,2,1
1367,296,31,2,1
1367,296,32,2,1
1367,296,33,2,1
1367,296,34,2,1
1367,296,35,2,1
1367,296,36,2,1
1367,296,37,2,1
1367,296,38,2,1
1367,296,39,2,1
1367,296,40,2,1
1367,296,41,2,1
1367,296,42,2,1
1367,296,43,2,1
1367,296,44,2,1
1367,296,45,2,1
1367,296,46,2,1
1367,296,47,2,1
1367,296,48,2,1
1367,296,49,2,1
1367,296,50,2,1
1367,296,51,2,1
1367,296,52,2,1
1367,296,53,2,1
1367,296,54,2,1
1367,296,55,2,1
1367,296,56,2,1
1367,296,57,2,1
1367,296,58,2,1
1367,296,59,2,1
1367,296,60,2,1
1367,296,61,2,1
1367,296,62,2,1
1367,296,63,2,1
1367,296,64,2,1
1367,296,65,2,1
1367,296,66,2,1
1367,296,67,2,1
1367,296,68,2,1
1367,296,69,2,1
1367,296,70,2,1
1367,296,71,2,1
1367,296,72,2,1
1367,296,73,2,1
1367,296,74,2,1
1367,296,75,2,1
1368,296,1,2,1
1368,296,2,2,1
1368,296,3,2,1
1368,296,4,2,1
1368,296,5,2,1
1368,296,6,2,1
1368,296,7,2,1
1368,296,8,2,1
1368,296,9,2,1
1368,296,10,2,1
1368,296,11,2,1
1368,296,12,2,1
1368,296,13,2,1
1368,296,14,2,1
1368,296,15,2,1
1368,296,16,2,1
1368,296,17,2,1
1368,296,18,2,1
1368,296,19,2,1
1368,296,20,2,1
1368,296,21,2,1
1368,296,22,2,1
1368,296,23,2,1
1368,296,24,2,1
1368,296,25,2,1
1368,296,26,2,1
1368,296,27,2,1
1368,296,28,2,1
1368,296,29,2,1
1368,296,30,2,1
1368,296,31,2,1
1368,296,32,2,1
1368,296,33,2,1
1368,296,34,2,1
1368,296,35,2,1
1368,296,36,2,1
1368,296,37,2,1
1368,296,38,2,1
1368,296,39,2,1
1368,296,40,2,1
1368,296,41,2,1
1368,296,42,2,1
1368,296,43,2,1
1368,296,44,2,1
1368,296,45,2,1
1368,296,46,2,1
1368,296,47,2,1
1368,296,48,2,1
1368,296,49,2,1
1368,296,50,2,1
1368,296,51,2,1
1368,296,52,2,1
1368,296,53,2,1
1368,296,54,2,1
1368,296,55,2,1
1368,296,56,2,1
1368,296,57,2,1
1368,296,58,2,1
1368,296,59,2,1
1368,296,60,2,1
1368,296,61,2,1
1368,296,62,2,1
1368,296,63,2,1
1368,296,64,2,1
1368,296,65,2,1
1368,296,66,2,1
1368,296,67,2,1
1368,296,68,2,1
1368,296,69,2,1
1368,296,70,2,1
1368,296,71,2,1
1368,296,72,2,1
1368,296,73,2,1
1368,296,74,2,1
1368,296,75,2,1
1369,296,1,2,1
1369,296,2,2,1
1369,296,3,2,1
1369,296,4,2,1
1369,296,5,2,1
1369,296,6,2,1
1369,296,7,2,1
1369,296,8,2,1
1369,296,9,2,1
1369,296,10,2,1
1369,296,11,2,1
1369,296,12,2,1
1369,296,13,2,1
1369,296,14,2,1
1369,296,15,2,1
1369,296,16,2,1
1369,296,17,2,1
1369,296,18,2,1
1369,296,19,2,1
1369,296,20,2,1
1369,296,21,2,1
1369,296,22,2,1
1369,296,23,2,1
1369,296,24,2,1
1369,296,25,2,1
1369,296,26,2,1
1369,296,27,2,1
1369,296,28,2,1
1369,296,29,2,1
1369,296,30,2,1
1369,296,31,2,1
1369,296,32,2,1
1369,296,33,2,1
1369,296,34,2,1
1369,296,35,2,1
1369,296,36,2,1
1369,296,37,2,1
1369,296,38,2,1
1369,296,39,2,1
1369,296,40,2,1
1369,296,41,2,1
1369,296,42,2,1
1369,296,43,2,1
1369,296,44,2,1
1369,296,45,2,1
1369,296,46,2,1
1369,296,47,2,1
1369,296,48,2,1
1369,296,49,2,1
1369,296,50,2,1
1369,296,51,2,1
1369,296,52,2,1
1369,296,53,2,1
1369,296,54,2,1
1369,296,55,2,1
1369,296,56,2,1
1369,296,57,2,1
1369,296,58,2,1
1369,296,59,2,1
1369,296,60,2,1
1369,296,61,2,1
1369,296,62,2,1
1369,296,63,2,1
1369,296,64,2,1
1369,296,65,2,1
1369,296,66,2,1
1369,296,67,2,1
1369,296,68,2,1
1369,296,69,2,1
1369,296,70,2,1
1369,296,71,2,1
1369,296,72,2,1
1369,296,73,2,1
1369,296,74,2,1
1369,296,75,2,1
1370,296,1,2,1
1370,296,2,2,1
1370,296,3,2,1
1370,296,4,2,1
1370,296,5,2,1
1370,296,6,2,1
1370,296,7,2,1
1370,296,8,2,1
1370,296,9,2,1
1370,296,10,2,1
1370,296,11,2,1
1370,296,12,2,1
1370,296,13,2,1
1370,296,14,2,1
1370,296,15,2,1
1370,296,16,2,1
1370,296,17,2,1
1370,296,18,2,1
1370,296,19,2,1
1370,296,20,2,1
1370,296,21,2,1
1370,296,22,2,1
1370,296,23,2,1
1370,296,24,2,1
1370,296,25,2,1
1370,296,26,2,1
1370,296,27,2,1
1370,296,28,2,1
1370,296,29,2,1
1370,296,30,2,1
1370,296,31,2,1
1370,296,32,2,1
1370,296,33,2,1
1370,296,34,2,1
1370,296,35,2,1
1370,296,36,2,1
1370,296,37,2,1
1370,296,38,2,1
1370,296,39,2,1
1370,296,40,2,1
1370,296,41,2,1
1370,296,42,2,1
1370,296,43,2,1
1370,296,44,2,1
1370,296,45,2,1
1370,296,46,2,1
1370,296,47,2,1
1370,296,48,2,1
1370,296,49,2,1
1370,296,50,2,1
1370,296,51,2,1
1370,296,52,2,1
1370,296,53,2,1
1370,296,54,2,1
1370,296,55,2,1
1370,296,56,2,1
1370,296,57,2,1
1370,296,58,2,1
1370,296,59,2,1
1370,296,60,2,1
1370,296,61,2,1
1370,296,62,2,1
1370,296,63,2,1
1370,296,64,2,1
1370,296,65,2,1
1370,296,66,2,1
1370,296,67,2,1
1370,296,68,2,1
1370,296,69,2,1
1370,296,70,2,1
1370,296,71,2,1
1370,296,72,2,1
1370,296,73,2,1
1370,296,74,2,1
1370,296,75,2,1
1370,295,1,1,1
1370,295,2,1,1
1370,295,3,1,1
1370,295,4,1,1
1370,295,5,1,1
1370,295,6,1,1
1370,295,7,1,1
1370,295,8,1,1
1370,295,9,1,1
1370,295,10,1,1
1370,295,11,1,1
1370,295,12,1,1
1370,295,13,1,1
1370,295,14,1,1
1370,295,15,1,1
1370,295,16,1,1
1370,295,17,1,1
1370,295,18,1,1
1370,295,19,1,1
1370,295,20,1,1
1370,295,21,1,1
1370,295,22,1,1
1370,295,23,1,1
1370,295,24,1,1
1370,295,25,1,1
1370,295,26,1,1
1370,295,27,1,1
1370,295,28,1,1
1370,295,29,1,1
1370,295,30,1,1
1370,295,31,1,1
1370,295,32,1,1
1370,295,33,1,1
1370,295,34,1,1
1370,295,35,1,1
1370,295,36,1,1
1370,295,37,1,1
1370,295,38,1,1
1370,295,39,1,1
1370,295,40,1,1
1370,295,41,1,1
1370,295,42,1,1
1370,295,43,1,1
1370,295,44,1,1
1370,295,45,1,1
1370,295,46,1,1
1370,295,47,1,1
1370,295,48,1,1
1370,295,49,1,1
1370,295,50,1,1
1370,295,51,1,1
1370,295,52,1,1
1370,295,53,1,1
1370,295,54,1,1
1370,295,55,1,1
1370,295,56,1,1
1370,295,57,1,1
1370,295,58,1,1
1370,295,59,1,1
1370,295,60,1,1
1370,295,61,1,1
1370,295,62,1,1
1370,295,63,1,1
1370,295,64,1,1
1370,295,65,1,1
1370,295,66,1,1
1370,295,67,1,1
1370,295,68,1,1
1370,295,69,1,1
1370,295,70,1,1
1370,295,71,1,1
1370,295,72,1,1
1370,295,73,1,1
1370,295,74,1,1
1370,295,75,1,1
1371,296,1,2,1
1371,296,2,2,1
1371,296,3,2,1
1371,296,4,2,1
1371,296,5,2,1
1371,296,6,2,1
1371,296,7,2,1
1371,296,8,2,1
1371,296,9,2,1
1371,296,10,2,1
1371,296,11,2,1
1371,296,12,2,1
1371,296,13,2,1
1371,296,14,2,1
1371,296,15,2,1
1371,296,16,2,1
1371,296,17,2,1
1371,296,18,2,1
1371,296,19,2,1
1371,296,20,2,1
1371,296,21,2,1
1371,296,22,2,1
1371,296,23,2,1
1371,296,24,2,1
1371,296,25,2,1
1371,296,26,2,1
1371,296,27,2,1
1371,296,28,2,1
1371,296,29,2,1
1371,296,30,2,1
1371,296,31,2,1
1371,296,32,2,1
1371,296,33,2,1
1371,296,34,2,1
1371,296,35,2,1
1371,296,36,2,1
1371,296,37,2,1
1371,296,38,2,1
1371,296,39,2,1
1371,296,40,2,1
1371,296,41,2,1
1371,296,42,2,1
1371,296,43,2,1
1371,296,44,2,1
1371,296,45,2,1
1371,296,46,2,1
1371,296,47,2,1
1371,296,48,2,1
1371,296,49,2,1
1371,296,50,2,1
1371,296,51,2,1
1371,296,52,2,1
1371,296,53,2,1
1371,296,54,2,1
1371,296,55,2,1
1371,296,56,2,1
1371,296,57,2,1
1371,296,58,2,1
1371,296,59,2,1
1371,296,60,2,1
1371,296,61,2,1
1371,296,62,2,1
1371,296,63,2,1
1371,296,64,2,1
1371,296,65,2,1
1371,296,66,2,1
1371,296,67,2,1
1371,296,68,2,1
1371,296,69,2,1
1371,296,70,2,1
1371,296,71,2,1
1371,296,72,2,1
1371,296,73,2,1
1371,296,74,2,1
1371,296,75,2,1
1372,295,1,2,1
1372,295,2,2,1
1372,295,3,2,1
1372,295,4,2,1
1372,295,5,2,1
1372,295,6,2,1
1372,295,7,2,1
1372,295,8,2,1
1372,295,9,2,1
1372,295,10,2,1
1372,295,11,2,1
1372,295,12,2,1
1372,295,13,2,1
1372,295,14,2,1
1372,295,15,2,1
1372,295,16,2,1
1372,295,17,2,1
1372,295,18,2,1
1372,295,19,2,1
1372,295,20,2,1
1372,295,21,2,1
1372,295,22,2,1
1372,295,23,2,1
1372,295,24,2,1
1372,295,25,2,1
1372,295,26,2,1
1372,295,27,2,1
1372,295,28,2,1
1372,295,29,2,1
1372,295,30,2,1
1372,295,31,2,1
1372,295,32,2,1
1372,295,33,2,1
1372,295,34,2,1
1372,295,35,2,1
1372,295,36,2,1
1372,295,37,2,1
1372,295,38,2,1
1372,295,39,2,1
1372,295,40,2,1
1372,295,41,2,1
1372,295,42,2,1
1372,295,43,2,1
1372,295,44,2,1
1372,295,45,2,1
1372,295,46,2,1
1372,295,47,2,1
1372,295,48,2,1
1372,295,49,2,1
1372,295,50,2,1
1372,295,51,2,1
1372,295,52,2,1
1372,295,53,2,1
1372,295,54,2,1
1372,295,55,2,1
1372,295,56,2,1
1372,295,57,2,1
1372,295,58,2,1
1372,295,59,2,1
1372,295,60,2,1
1372,295,61,2,1
1372,295,62,2,1
1372,295,63,2,1
1372,295,64,2,1
1372,295,65,2,1
1372,295,66,2,1
1372,295,67,2,1
1372,295,68,2,1
1372,295,69,2,1
1372,295,70,2,1
1372,295,71,2,1
1372,295,72,2,1
1372,295,73,2,1
1372,295,74,2,1
1372,295,75,2,1
1373,295,1,2,1
1373,295,2,2,1
1373,295,3,2,1
1373,295,4,2,1
1373,295,5,2,1
1373,295,6,2,1
1373,295,7,2,1
1373,295,8,2,1
1373,295,9,2,1
1373,295,10,2,1
1373,295,11,2,1
1373,295,12,2,1
1373,295,13,2,1
1373,295,14,2,1
1373,295,15,2,1
1373,295,16,2,1
1373,295,17,2,1
1373,295,18,2,1
1373,295,19,2,1
1373,295,20,2,1
1373,295,21,2,1
1373,295,22,2,1
1373,295,23,2,1
1373,295,24,2,1
1373,295,25,2,1
1373,295,26,2,1
1373,295,27,2,1
1373,295,28,2,1
1373,295,29,2,1
1373,295,30,2,1
1373,295,31,2,1
1373,295,32,2,1
1373,295,33,2,1
1373,295,34,2,1
1373,295,35,2,1
1373,295,36,2,1
1373,295,37,2,1
1373,295,38,2,1
1373,295,39,2,1
1373,295,40,2,1
1373,295,41,2,1
1373,295,42,2,1
1373,295,43,2,1
1373,295,44,2,1
1373,295,45,2,1
1373,295,46,2,1
1373,295,47,2,1
1373,295,48,2,1
1373,295,49,2,1
1373,295,50,2,1
1373,295,51,2,1
1373,295,52,2,1
1373,295,53,2,1
1373,295,54,2,1
1373,295,55,2,1
1373,295,56,2,1
1373,295,57,2,1
1373,295,58,2,1
1373,295,59,2,1
1373,295,60,2,1
1373,295,61,2,1
1373,295,62,2,1
1373,295,63,2,1
1373,295,64,2,1
1373,295,65,2,1
1373,295,66,2,1
1373,295,67,2,1
1373,295,68,2,1
1373,295,69,2,1
1373,295,70,2,1
1373,295,71,2,1
1373,295,72,2,1
1373,295,73,2,1
1373,295,74,2,1
1373,295,75,2,1
1374,295,1,2,1
1374,295,2,2,1
1374,295,3,2,1
1374,295,4,2,1
1374,295,5,2,1
1374,295,6,2,1
1374,295,7,2,1
1374,295,8,2,1
1374,295,9,2,1
1374,295,10,2,1
1374,295,11,2,1
1374,295,12,2,1
1374,295,13,2,1
1374,295,14,2,1
1374,295,15,2,1
1374,295,16,2,1
1374,295,17,2,1
1374,295,18,2,1
1374,295,19,2,1
1374,295,20,2,1
1374,295,21,2,1
1374,295,22,2,1
1374,295,23,2,1
1374,295,24,2,1
1374,295,25,2,1
1374,295,26,2,1
1374,295,27,2,1
1374,295,28,2,1
1374,295,29,2,1
1374,295,30,2,1
1374,295,31,2,1
1374,295,32,2,1
1374,295,33,2,1
1374,295,34,2,1
1374,295,35,2,1
1374,295,36,2,1
1374,295,37,2,1
1374,295,38,2,1
1374,295,39,2,1
1374,295,40,2,1
1374,295,41,2,1
1374,295,42,2,1
1374,295,43,2,1
1374,295,44,2,1
1374,295,45,2,1
1374,295,46,2,1
1374,295,47,2,1
1374,295,48,2,1
1374,295,49,2,1
1374,295,50,2,1
1374,295,51,2,1
1374,295,52,2,1
1374,295,53,2,1
1374,295,54,2,1
1374,295,55,2,1
1374,295,56,2,1
1374,295,57,2,1
1374,295,58,2,1
1374,295,59,2,1
1374,295,60,2,1
1374,295,61,2,1
1374,295,62,2,1
1374,295,63,2,1
1374,295,64,2,1
1374,295,65,2,1
1374,295,66,2,1
1374,295,67,2,1
1374,295,68,2,1
1374,295,69,2,1
1374,295,70,2,1
1374,295,71,2,1
1374,295,72,2,1
1374,295,73,2,1
1374,295,74,2,1
1374,295,75,2,1
1375,295,1,2,1
1375,295,2,2,1
1375,295,3,2,1
1375,295,4,2,1
1375,295,5,2,1
1375,295,6,2,1
1375,295,7,2,1
1375,295,8,2,1
1375,295,9,2,1
1375,295,10,2,1
1375,295,11,2,1
1375,295,12,2,1
1375,295,13,2,1
1375,295,14,2,1
1375,295,15,2,1
1375,295,16,2,1
1375,295,17,2,1
1375,295,18,2,1
1375,295,19,2,1
1375,295,20,2,1
1375,295,21,2,1
1375,295,22,2,1
1375,295,23,2,1
1375,295,24,2,1
1375,295,25,2,1
1375,295,26,2,1
1375,295,27,2,1
1375,295,28,2,1
1375,295,29,2,1
1375,295,30,2,1
1375,295,31,2,1
1375,295,32,2,1
1375,295,33,2,1
1375,295,34,2,1
1375,295,35,2,1
1375,295,36,2,1
1375,295,37,2,1
1375,295,38,2,1
1375,295,39,2,1
1375,295,40,2,1
1375,295,41,2,1
1375,295,42,2,1
1375,295,43,2,1
1375,295,44,2,1
1375,295,45,2,1
1375,295,46,2,1
1375,295,47,2,1
1375,295,48,2,1
1375,295,49,2,1
1375,295,50,2,1
1375,295,51,2,1
1375,295,52,2,1
1375,295,53,2,1
1375,295,54,2,1
1375,295,55,2,1
1375,295,56,2,1
1375,295,57,2,1
1375,295,58,2,1
1375,295,59,2,1
1375,295,60,2,1
1375,295,61,2,1
1375,295,62,2,1
1375,295,63,2,1
1375,295,64,2,1
1375,295,65,2,1
1375,295,66,2,1
1375,295,67,2,1
1375,295,68,2,1
1375,295,69,2,1
1375,295,70,2,1
1375,295,71,2,1
1375,295,72,2,1
1375,295,73,2,1
1375,295,74,2,1
1375,295,75,2,1
1376,295,1,2,1
1376,295,2,2,1
1376,295,3,2,1
1376,295,4,2,1
1376,295,5,2,1
1376,295,6,2,1
1376,295,7,2,1
1376,295,8,2,1
1376,295,9,2,1
1376,295,10,2,1
1376,295,11,2,1
1376,295,12,2,1
1376,295,13,2,1
1376,295,14,2,1
1376,295,15,2,1
1376,295,16,2,1
1376,295,17,2,1
1376,295,18,2,1
1376,295,19,2,1
1376,295,20,2,1
1376,295,21,2,1
1376,295,22,2,1
1376,295,23,2,1
1376,295,24,2,1
1376,295,25,2,1
1376,295,26,2,1
1376,295,27,2,1
1376,295,28,2,1
1376,295,29,2,1
1376,295,30,2,1
1376,295,31,2,1
1376,295,32,2,1
1376,295,33,2,1
1376,295,34,2,1
1376,295,35,2,1
1376,295,36,2,1
1376,295,37,2,1
1376,295,38,2,1
1376,295,39,2,1
1376,295,40,2,1
1376,295,41,2,1
1376,295,42,2,1
1376,295,43,2,1
1376,295,44,2,1
1376,295,45,2,1
1376,295,46,2,1
1376,295,47,2,1
1376,295,48,2,1
1376,295,49,2,1
1376,295,50,2,1
1376,295,51,2,1
1376,295,52,2,1
1376,295,53,2,1
1376,295,54,2,1
1376,295,55,2,1
1376,295,56,2,1
1376,295,57,2,1
1376,295,58,2,1
1376,295,59,2,1
1376,295,60,2,1
1376,295,61,2,1
1376,295,62,2,1
1376,295,63,2,1
1376,295,64,2,1
1376,295,65,2,1
1376,295,66,2,1
1376,295,67,2,1
1376,295,68,2,1
1376,295,69,2,1
1376,295,70,2,1
1376,295,71,2,1
1376,295,72,2,1
1376,295,73,2,1
1376,295,74,2,1
1376,295,75,2,1
1377,295,1,2,1
1377,295,2,2,1
1377,295,3,2,1
1377,295,4,2,1
1377,295,5,2,1
1377,295,6,2,1
1377,295,7,2,1
1377,295,8,2,1
1377,295,9,2,1
1377,295,10,2,1
1377,295,11,2,1
1377,295,12,2,1
1377,295,13,2,1
1377,295,14,2,1
1377,295,15,2,1
1377,295,16,2,1
1377,295,17,2,1
1377,295,18,2,1
1377,295,19,2,1
1377,295,20,2,1
1377,295,21,2,1
1377,295,22,2,1
1377,295,23,2,1
1377,295,24,2,1
1377,295,25,2,1
1377,295,26,2,1
1377,295,27,2,1
1377,295,28,2,1
1377,295,29,2,1
1377,295,30,2,1
1377,295,31,2,1
1377,295,32,2,1
1377,295,33,2,1
1377,295,34,2,1
1377,295,35,2,1
1377,295,36,2,1
1377,295,37,2,1
1377,295,38,2,1
1377,295,39,2,1
1377,295,40,2,1
1377,295,41,2,1
1377,295,42,2,1
1377,295,43,2,1
1377,295,44,2,1
1377,295,45,2,1
1377,295,46,2,1
1377,295,47,2,1
1377,295,48,2,1
1377,295,49,2,1
1377,295,50,2,1
1377,295,51,2,1
1377,295,52,2,1
1377,295,53,2,1
1377,295,54,2,1
1377,295,55,2,1
1377,295,56,2,1
1377,295,57,2,1
1377,295,58,2,1
1377,295,59,2,1
1377,295,60,2,1
1377,295,61,2,1
1377,295,62,2,1
1377,295,63,2,1
1377,295,64,2,1
1377,295,65,2,1
1377,295,66,2,1
1377,295,67,2,1
1377,295,68,2,1
1377,295,69,2,1
1377,295,70,2,1
1377,295,71,2,1
1377,295,72,2,1
1377,295,73,2,1
1377,295,74,2,1
1377,295,75,2,1
1378,295,1,2,1
1378,295,2,2,1
1378,295,3,2,1
1378,295,4,2,1
1378,295,5,2,1
1378,295,6,2,1
1378,295,7,2,1
1378,295,8,2,1
1378,295,9,2,1
1378,295,10,2,1
1378,295,11,2,1
1378,295,12,2,1
1378,295,13,2,1
1378,295,14,2,1
1378,295,15,2,1
1378,295,16,2,1
1378,295,17,2,1
1378,295,18,2,1
1378,295,19,2,1
1378,295,20,2,1
1378,295,21,2,1
1378,295,22,2,1
1378,295,23,2,1
1378,295,24,2,1
1378,295,25,2,1
1378,295,26,2,1
1378,295,27,2,1
1378,295,28,2,1
1378,295,29,2,1
1378,295,30,2,1
1378,295,31,2,1
1378,295,32,2,1
1378,295,33,2,1
1378,295,34,2,1
1378,295,35,2,1
1378,295,36,2,1
1378,295,37,2,1
1378,295,38,2,1
1378,295,39,2,1
1378,295,40,2,1
1378,295,41,2,1
1378,295,42,2,1
1378,295,43,2,1
1378,295,44,2,1
1378,295,45,2,1
1378,295,46,2,1
1378,295,47,2,1
1378,295,48,2,1
1378,295,49,2,1
1378,295,50,2,1
1378,295,51,2,1
1378,295,52,2,1
1378,295,53,2,1
1378,295,54,2,1
1378,295,55,2,1
1378,295,56,2,1
1378,295,57,2,1
1378,295,58,2,1
1378,295,59,2,1
1378,295,60,2,1
1378,295,61,2,1
1378,295,62,2,1
1378,295,63,2,1
1378,295,64,2,1
1378,295,65,2,1
1378,295,66,2,1
1378,295,67,2,1
1378,295,68,2,1
1378,295,69,2,1
1378,295,70,2,1
1378,295,71,2,1
1378,295,72,2,1
1378,295,73,2,1
1378,295,74,2,1
1378,295,75,2,1
1379,295,1,2,1
1379,295,2,2,1
1379,295,3,2,1
1379,295,4,2,1
1379,295,5,2,1
1379,295,6,2,1
1379,295,7,2,1
1379,295,8,2,1
1379,295,9,2,1
1379,295,10,2,1
1379,295,11,2,1
1379,295,12,2,1
1379,295,13,2,1
1379,295,14,2,1
1379,295,15,2,1
1379,295,16,2,1
1379,295,17,2,1
1379,295,18,2,1
1379,295,19,2,1
1379,295,20,2,1
1379,295,21,2,1
1379,295,22,2,1
1379,295,23,2,1
1379,295,24,2,1
1379,295,25,2,1
1379,295,26,2,1
1379,295,27,2,1
1379,295,28,2,1
1379,295,29,2,1
1379,295,30,2,1
1379,295,31,2,1
1379,295,32,2,1
1379,295,33,2,1
1379,295,34,2,1
1379,295,35,2,1
1379,295,36,2,1
1379,295,37,2,1
1379,295,38,2,1
1379,295,39,2,1
1379,295,40,2,1
1379,295,41,2,1
1379,295,42,2,1
1379,295,43,2,1
1379,295,44,2,1
1379,295,45,2,1
1379,295,46,2,1
1379,295,47,2,1
1379,295,48,2,1
1379,295,49,2,1
1379,295,50,2,1
1379,295,51,2,1
1379,295,52,2,1
1379,295,53,2,1
1379,295,54,2,1
1379,295,55,2,1
1379,295,56,2,1
1379,295,57,2,1
1379,295,58,2,1
1379,295,59,2,1
1379,295,60,2,1
1379,295,61,2,1
1379,295,62,2,1
1379,295,63,2,1
1379,295,64,2,1
1379,295,65,2,1
1379,295,66,2,1
1379,295,67,2,1
1379,295,68,2,1
1379,295,69,2,1
1379,295,70,2,1
1379,295,71,2,1
1379,295,72,2,1
1379,295,73,2,1
1379,295,74,2,1
1379,295,75,2,1
1379,294,1,1,1
1379,294,2,1,1
1379,294,3,1,1
1379,294,4,1,1
1379,294,5,1,1
1379,294,6,1,1
1379,294,7,1,1
1379,294,8,1,1
1379,294,9,1,1
1379,294,10,1,1
1379,294,11,1,1
1379,294,12,1,1
1379,294,13,1,1
1379,294,14,1,1
1379,294,15,1,1
1379,294,16,1,1
1379,294,17,1,1
1379,294,18,1,1
1379,294,19,1,1
1379,294,20,1,1
1379,294,21,1,1
1379,294,22,1,1
1379,294,23,1,1
1379,294,24,1,1
1379,294,25,1,1
1379,294,26,1,1
1379,294,27,1,1
1379,294,28,1,1
1379,294,29,1,1
1379,294,30,1,1
1379,294,31,1,1
1379,294,32,1,1
1379,294,33,1,1
1379,294,34,1,1
1379,294,35,1,1
1379,294,36,1,1
1379,294,37,1,1
1379,294,38,1,1
1379,294,39,1,1
1379,294,40,1,1
1379,294,41,1,1
1379,294,42,1,1
1379,294,43,1,1
1379,294,44,1,1
1379,294,45,1,1
1379,294,46,1,1
1379,294,47,1,1
1379,294,48,1,1
1379,294,49,1,1
1379,294,50,1,1
1379,294,51,1,1
1379,294,52,1,1
1379,294,53,1,1
1379,294,54,1,1
1379,294,55,1,1
1379,294,56,1,1
1379,294,57,1,1
1379,294,58,1,1
1379,294,59,1,1
1379,294,60,1,1
1379,294,61,1,1
1379,294,62,1,1
1379,294,63,1,1
1379,294,64,1,1
1379,294,65,1,1
1379,294,66,1,1
1379,294,67,1,1
1379,294,68,1,1
1379,294,69,1,1
1379,294,70,1,1
1379,294,71,1,1
1379,294,72,1,1
1379,294,73,1,1
1379,294,74,1,1
1379,294,75,1,1
1380,295,1,2,1
1380,295,2,2,1
1380,295,3,2,1
1380,295,4,2,1
1380,295,5,2,1
1380,295,6,2,1
1380,295,7,2,1
1380,295,8,2,1
1380,295,9,2,1
1380,295,10,2,1
1380,295,11,2,1
1380,295,12,2,1
1380,295,13,2,1
1380,295,14,2,1
1380,295,15,2,1
1380,295,16,2,1
1380,295,17,2,1
1380,295,18,2,1
1380,295,19,2,1
1380,295,20,2,1
1380,295,21,2,1
1380,295,22,2,1
1380,295,23,2,1
1380,295,24,2,1
1380,295,25,2,1
1380,295,26,2,1
1380,295,27,2,1
1380,295,28,2,1
1380,295,29,2,1
1380,295,30,2,1
1380,295,31,2,1
1380,295,32,2,1
1380,295,33,2,1
1380,295,34,2,1
1380,295,35,2,1
1380,295,36,2,1
1380,295,37,2,1
1380,295,38,2,1
1380,295,39,2,1
1380,295,40,2,1
1380,295,41,2,1
1380,295,42,2,1
1380,295,43,2,1
1380,295,44,2,1
1380,295,45,2,1
1380,295,46,2,1
1380,295,47,2,1
1380,295,48,2,1
1380,295,49,2,1
1380,295,50,2,1
1380,295,51,2,1
1380,295,52,2,1
1380,295,53,2,1
1380,295,54,2,1
1380,295,55,2,1
1380,295,56,2,1
1380,295,57,2,1
1380,295,58,2,1
1380,295,59,2,1
1380,295,60,2,1
1380,295,61,2,1
1380,295,62,2,1
1380,295,63,2,1
1380,295,64,2,1
1380,295,65,2,1
1380,295,66,2,1
1380,295,67,2,1
1380,295,68,2,1
1380,295,69,2,1
1380,295,70,2,1
1380,295,71,2,1
1380,295,72,2,1
1380,295,73,2,1
1380,295,74,2,1
1380,295,75,2,1
1381,294,1,2,1
1381,294,2,2,1
1381,294,3,2,1
1381,294,4,2,1
1381,294,5,2,1
1381,294,6,2,1
1381,294,7,2,1
1381,294,8,2,1
1381,294,9,2,1
1381,294,10,2,1
1381,294,11,2,1
1381,294,12,2,1
1381,294,13,2,1
1381,294,14,2,1
1381,294,15,2,1
1381,294,16,2,1
1381,294,17,2,1
1381,294,18,2,1
1381,294,19,2,1
1381,294,20,2,1
1381,294,21,2,1
1381,294,22,2,1
1381,294,23,2,1
1381,294,24,2,1
1381,294,25,2,1
1381,294,26,2,1
1381,294,27,2,1
1381,294,28,2,1
1381,294,29,2,1
1381,294,30,2,1
1381,294,31,2,1
1381,294,32,2,1
1381,294,33,2,1
1381,294,34,2,1
1381,294,35,2,1
1381,294,36,2,1
1381,294,37,2,1
1381,294,38,2,1
1381,294,39,2,1
1381,294,40,2,1
1381,294,41,2,1
1381,294,42,2,1
1381,294,43,2,1
1381,294,44,2,1
1381,294,45,2,1
1381,294,46,2,1
1381,294,47,2,1
1381,294,48,2,1
1381,294,49,2,1
1381,294,50,2,1
1381,294,51,2,1
1381,294,52,2,1
1381,294,53,2,1
1381,294,54,2,1
1381,294,55,2,1
1381,294,56,2,1
1381,294,57,2,1
1381,294,58,2,1
1381,294,59,2,1
1381,294,60,2,1
1381,294,61,2,1
1381,294,62,2,1
1381,294,63,2,1
1381,294,64,2,1
1381,294,65,2,1
1381,294,66,2,1
1381,294,67,2,1
1381,294,68,2,1
1381,294,69,2,1
1381,294,70,2,1
1381,294,71,2,1
1381,294,72,2,1
1381,294,73,2,1
1381,294,74,2,1
1381,294,75,2,1
1382,294,1,2,1
1382,294,2,2,1
1382,294,3,2,1
1382,294,4,2,1
1382,294,5,2,1
1382,294,6,2,1
1382,294,7,2,1
1382,294,8,2,1
1382,294,9,2,1
1382,294,10,2,1
1382,294,11,2,1
1382,294,12,2,1
1382,294,13,2,1
1382,294,14,2,1
1382,294,15,2,1
1382,294,16,2,1
1382,294,17,2,1
1382,294,18,2,1
1382,294,19,2,1
1382,294,20,2,1
1382,294,21,2,1
1382,294,22,2,1
1382,294,23,2,1
1382,294,24,2,1
1382,294,25,2,1
1382,294,26,2,1
1382,294,27,2,1
1382,294,28,2,1
1382,294,29,2,1
1382,294,30,2,1
1382,294,31,2,1
1382,294,32,2,1
1382,294,33,2,1
1382,294,34,2,1
1382,294,35,2,1
1382,294,36,2,1
1382,294,37,2,1
1382,294,38,2,1
1382,294,39,2,1
1382,294,40,2,1
1382,294,41,2,1
1382,294,42,2,1
1382,294,43,2,1
1382,294,44,2,1
1382,294,45,2,1
1382,294,46,2,1
1382,294,47,2,1
1382,294,48,2,1
1382,294,49,2,1
1382,294,50,2,1
1382,294,51,2,1
1382,294,52,2,1
1382,294,53,2,1
1382,294,54,2,1
1382,294,55,2,1
1382,294,56,2,1
1382,294,57,2,1
1382,294,58,2,1
1382,294,59,2,1
1382,294,60,2,1
1382,294,61,2,1
1382,294,62,2,1
1382,294,63,2,1
1382,294,64,2,1
1382,294,65,2,1
1382,294,66,2,1
1382,294,67,2,1
1382,294,68,2,1
1382,294,69,2,1
1382,294,70,2,1
1382,294,71,2,1
1382,294,72,2,1
1382,294,73,2,1
1382,294,74,2,1
1382,294,75,2,1
1383,294,1,2,1
1383,294,2,2,1
1383,294,3,2,1
1383,294,4,2,1
1383,294,5,2,1
1383,294,6,2,1
1383,294,7,2,1
1383,294,8,2,1
1383,294,9,2,1
1383,294,10,2,1
1383,294,11,2,1
1383,294,12,2,1
1383,294,13,2,1
1383,294,14,2,1
1383,294,15,2,1
1383,294,16,2,1
1383,294,17,2,1
1383,294,18,2,1
1383,294,19,2,1
1383,294,20,2,1
1383,294,21,2,1
1383,294,22,2,1
1383,294,23,2,1
1383,294,24,2,1
1383,294,25,2,1
1383,294,26,2,1
1383,294,27,2,1
1383,294,28,2,1
1383,294,29,2,1
1383,294,30,2,1
1383,294,31,2,1
1383,294,32,2,1
1383,294,33,2,1
1383,294,34,2,1
1383,294,35,2,1
1383,294,36,2,1
1383,294,37,2,1
1383,294,38,2,1
1383,294,39,2,1
1383,294,40,2,1
1383,294,41,2,1
1383,294,42,2,1
1383,294,43,2,1
1383,294,44,2,1
1383,294,45,2,1
1383,294,46,2,1
1383,294,47,2,1
1383,294,48,2,1
1383,294,49,2,1
1383,294,50,2,1
1383,294,51,2,1
1383,294,52,2,1
1383,294,53,2,1
1383,294,54,2,1
1383,294,55,2,1
1383,294,56,2,1
1383,294,57,2,1
1383,294,58,2,1
1383,294,59,2,1
1383,294,60,2,1
1383,294,61,2,1
1383,294,62,2,1
1383,294,63,2,1
1383,294,64,2,1
1383,294,65,2,1
1383,294,66,2,1
1383,294,67,2,1
1383,294,68,2,1
1383,294,69,2,1
1383,294,70,2,1
1383,294,71,2,1
1383,294,72,2,1
1383,294,73,2,1
1383,294,74,2,1
1383,294,75,2,1
1384,294,1,2,1
1384,294,2,2,1
1384,294,3,2,1
1384,294,4,2,1
1384,294,5,2,1
1384,294,6,2,1
1384,294,7,2,1
1384,294,8,2,1
1384,294,9,2,1
1384,294,10,2,1
1384,294,11,2,1
1384,294,12,2,1
1384,294,13,2,1
1384,294,14,2,1
1384,294,15,2,1
1384,294,16,2,1
1384,294,17,2,1
1384,294,18,2,1
1384,294,19,2,1
1384,294,20,2,1
1384,294,21,2,1
1384,294,22,2,1
1384,294,23,2,1
1384,294,24,2,1
1384,294,25,2,1
1384,294,26,2,1
1384,294,27,2,1
1384,294,28,2,1
1384,294,29,2,1
1384,294,30,2,1
1384,294,31,2,1
1384,294,32,2,1
1384,294,33,2,1
1384,294,34,2,1
1384,294,35,2,1
1384,294,36,2,1
1384,294,37,2,1
1384,294,38,2,1
1384,294,39,2,1
1384,294,40,2,1
1384,294,41,2,1
1384,294,42,2,1
1384,294,43,2,1
1384,294,44,2,1
1384,294,45,2,1
1384,294,46,2,1
1384,294,47,2,1
1384,294,48,2,1
1384,294,49,2,1
1384,294,50,2,1
1384,294,51,2,1
1384,294,52,2,1
1384,294,53,2,1
1384,294,54,2,1
1384,294,55,2,1
1384,294,56,2,1
1384,294,57,2,1
1384,294,58,2,1
1384,294,59,2,1
1384,294,60,2,1
1384,294,61,2,1
1384,294,62,2,1
1384,294,63,2,1
1384,294,64,2,1
1384,294,65,2,1
1384,294,66,2,1
1384,294,67,2,1
1384,294,68,2,1
1384,294,69,2,1
1384,294,70,2,1
1384,294,71,2,1
1384,294,72,2,1
1384,294,73,2,1
1384,294,74,2,1
1384,294,75,2,1
1385,294,1,2,1
1385,294,2,2,1
1385,294,3,2,1
1385,294,4,2,1
1385,294,5,2,1
1385,294,6,2,1
1385,294,7,2,1
1385,294,8,2,1
1385,294,9,2,1
1385,294,10,2,1
1385,294,11,2,1
1385,294,12,2,1
1385,294,13,2,1
1385,294,14,2,1
1385,294,15,2,1
1385,294,16,2,1
1385,294,17,2,1
1385,294,18,2,1
1385,294,19,2,1
1385,294,20,2,1
1385,294,21,2,1
1385,294,22,2,1
1385,294,23,2,1
1385,294,24,2,1
1385,294,25,2,1
1385,294,26,2,1
1385,294,27,2,1
1385,294,28,2,1
1385,294,29,2,1
1385,294,30,2,1
1385,294,31,2,1
1385,294,32,2,1
1385,294,33,2,1
1385,294,34,2,1
1385,294,35,2,1
1385,294,36,2,1
1385,294,37,2,1
1385,294,38,2,1
1385,294,39,2,1
1385,294,40,2,1
1385,294,41,2,1
1385,294,42,2,1
1385,294,43,2,1
1385,294,44,2,1
1385,294,45,2,1
1385,294,46,2,1
1385,294,47,2,1
1385,294,48,2,1
1385,294,49,2,1
1385,294,50,2,1
1385,294,51,2,1
1385,294,52,2,1
1385,294,53,2,1
1385,294,54,2,1
1385,294,55,2,1
1385,294,56,2,1
1385,294,57,2,1
1385,294,58,2,1
1385,294,59,2,1
1385,294,60,2,1
1385,294,61,2,1
1385,294,62,2,1
1385,294,63,2,1
1385,294,64,2,1
1385,294,65,2,1
1385,294,66,2,1
1385,294,67,2,1
1385,294,68,2,1
1385,294,69,2,1
1385,294,70,2,1
1385,294,71,2,1
1385,294,72,2,1
1385,294,73,2,1
1385,294,74,2,1
1385,294,75,2,1
1386,294,1,2,1
1386,294,2,2,1
1386,294,3,2,1
1386,294,4,2,1
1386,294,5,2,1
1386,294,6,2,1
1386,294,7,2,1
1386,294,8,2,1
1386,294,9,2,1
1386,294,10,2,1
1386,294,11,2,1
1386,294,12,2,1
1386,294,13,2,1
1386,294,14,2,1
1386,294,15,2,1
1386,294,16,2,1
1386,294,17,2,1
1386,294,18,2,1
1386,294,19,2,1
1386,294,20,2,1
1386,294,21,2,1
1386,294,22,2,1
1386,294,23,2,1
1386,294,24,2,1
1386,294,25,2,1
1386,294,26,2,1
1386,294,27,2,1
1386,294,28,2,1
1386,294,29,2,1
1386,294,30,2,1
1386,294,31,2,1
1386,294,32,2,1
1386,294,33,2,1
1386,294,34,2,1
1386,294,35,2,1
1386,294,36,2,1
1386,294,37,2,1
1386,294,38,2,1
1386,294,39,2,1
1386,294,40,2,1
1386,294,41,2,1
1386,294,42,2,1
1386,294,43,2,1
1386,294,44,2,1
1386,294,45,2,1
1386,294,46,2,1
1386,294,47,2,1
1386,294,48,2,1
1386,294,49,2,1
1386,294,50,2,1
1386,294,51,2,1
1386,294,52,2,1
1386,294,53,2,1
1386,294,54,2,1
1386,294,55,2,1
1386,294,56,2,1
1386,294,57,2,1
1386,294,58,2,1
1386,294,59,2,1
1386,294,60,2,1
1386,294,61,2,1
1386,294,62,2,1
1386,294,63,2,1
1386,294,64,2,1
1386,294,65,2,1
1386,294,66,2,1
1386,294,67,2,1
1386,294,68,2,1
1386,294,69,2,1
1386,294,70,2,1
1386,294,71,2,1
1386,294,72,2,1
1386,294,73,2,1
1386,294,74,2,1
1386,294,75,2,1
1387,294,1,2,1
1387,294,2,2,1
1387,294,3,2,1
1387,294,4,2,1
1387,294,5,2,1
1387,294,6,2,1
1387,294,7,2,1
1387,294,8,2,1
1387,294,9,2,1
1387,294,10,2,1
1387,294,11,2,1
1387,294,12,2,1
1387,294,13,2,1
1387,294,14,2,1
1387,294,15,2,1
1387,294,16,2,1
1387,294,17,2,1
1387,294,18,2,1
1387,294,19,2,1
1387,294,20,2,1
1387,294,21,2,1
1387,294,22,2,1
1387,294,23,2,1
1387,294,24,2,1
1387,294,25,2,1
1387,294,26,2,1
1387,294,27,2,1
1387,294,28,2,1
1387,294,29,2,1
1387,294,30,2,1
1387,294,31,2,1
1387,294,32,2,1
1387,294,33,2,1
1387,294,34,2,1
1387,294,35,2,1
1387,294,36,2,1
1387,294,37,2,1
1387,294,38,2,1
1387,294,39,2,1
1387,294,40,2,1
1387,294,41,2,1
1387,294,42,2,1
1387,294,43,2,1
1387,294,44,2,1
1387,294,45,2,1
1387,294,46,2,1
1387,294,47,2,1
1387,294,48,2,1
1387,294,49,2,1
1387,294,50,2,1
1387,294,51,2,1
1387,294,52,2,1
1387,294,53,2,1
1387,294,54,2,1
1387,294,55,2,1
1387,294,56,2,1
1387,294,57,2,1
1387,294,58,2,1
1387,294,59,2,1
1387,294,60,2,1
1387,294,61,2,1
1387,294,62,2,1
1387,294,63,2,1
1387,294,64,2,1
1387,294,65,2,1
1387,294,66,2,1
1387,294,67,2,1
1387,294,68,2,1
1387,294,69,2,1
1387,294,70,2,1
1387,294,71,2,1
1387,294,72,2,1
1387,294,73,2,1
1387,294,74,2,1
1387,294,75,2,1
1388,294,1,2,1
1388,294,2,2,1
1388,294,3,2,1
1388,294,4,2,1
1388,294,5,2,1
1388,294,6,2,1
1388,294,7,2,1
1388,294,8,2,1
1388,294,9,2,1
1388,294,10,2,1
1388,294,11,2,1
1388,294,12,2,1
1388,294,13,2,1
1388,294,14,2,1
1388,294,15,2,1
1388,294,16,2,1
1388,294,17,2,1
1388,294,18,2,1
1388,294,19,2,1
1388,294,20,2,1
1388,294,21,2,1
1388,294,22,2,1
1388,294,23,2,1
1388,294,24,2,1
1388,294,25,2,1
1388,294,26,2,1
1388,294,27,2,1
1388,294,28,2,1
1388,294,29,2,1
1388,294,30,2,1
1388,294,31,2,1
1388,294,32,2,1
1388,294,33,2,1
1388,294,34,2,1
1388,294,35,2,1
1388,294,36,2,1
1388,294,37,2,1
1388,294,38,2,1
1388,294,39,2,1
1388,294,40,2,1
1388,294,41,2,1
1388,294,42,2,1
1388,294,43,2,1
1388,294,44,2,1
1388,294,45,2,1
1388,294,46,2,1
1388,294,47,2,1
1388,294,48,2,1
1388,294,49,2,1
1388,294,50,2,1
1388,294,51,2,1
1388,294,52,2,1
1388,294,53,2,1
1388,294,54,2,1
1388,294,55,2,1
1388,294,56,2,1
1388,294,57,2,1
1388,294,58,2,1
1388,294,59,2,1
1388,294,60,2,1
1388,294,61,2,1
1388,294,62,2,1
1388,294,63,2,1
1388,294,64,2,1
1388,294,65,2,1
1388,294,66,2,1
1388,294,67,2,1
1388,294,68,2,1
1388,294,69,2,1
1388,294,70,2,1
1388,294,71,2,1
1388,294,72,2,1
1388,294,73,2,1
1388,294,74,2,1
1388,294,75,2,1
1388,293,1,1,1
1388,293,2,1,1
1388,293,3,1,1
1388,293,4,1,1
1388,293,5,1,1
1388,293,6,1,1
1388,293,7,1,1
1388,293,8,1,1
1388,293,9,1,1
1388,293,10,1,1
1388,293,11,1,1
1388,293,12,1,1
1388,293,13,1,1
1388,293,14,1,1
1388,293,15,1,1
1388,293,16,1,1
1388,293,17,1,1
1388,293,18,1,1
1388,293,19,1,1
1388,293,20,1,1
1388,293,21,1,1
1388,293,22,1,1
1388,293,23,1,1
1388,293,24,1,1
1388,293,25,1,1
1388,293,26,1,1
1388,293,27,1,1
1388,293,28,1,1
1388,293,29,1,1
1388,293,30,1,1
1388,293,31,1,1
1388,293,32,1,1
1388,293,33,1,1
1388,293,34,1,1
1388,293,35,1,1
1388,293,36,1,1
1388,293,37,1,1
1388,293,38,1,1
1388,293,39,1,1
1388,293,40,1,1
1388,293,41,1,1
1388,293,42,1,1
1388,293,43,1,1
1388,293,44,1,1
1388,293,45,1,1
1388,293,46,1,1
1388,293,47,1,1
1388,293,48,1,1
1388,293,49,1,1
1388,293,50,1,1
1388,293,51,1,1
1388,293,52,1,1
1388,293,53,1,1
1388,293,54,1,1
1388,293,55,1,1
1388,293,56,1,1
1388,293,57,1,1
1388,293,58,1,1
1388,293,59,1,1
1388,293,60,1,1
1388,293,61,1,1
1388,293,62,1,1
1388,293,63,1,1
1388,293,64,1,1
1388,293,65,1,1
1388,293,66,1,1
1388,293,67,1,1
1388,293,68,1,1
1388,293,69,1,1
1388,293,70,1,1
1388,293,71,1,1
1388,293,72,1,1
1388,293,73,1,1
1388,293,74,1,1
1388,293,75,1,1
1389,294,1,2,1
1389,294,2,2,1
1389,294,3,2,1
1389,294,4,2,1
1389,294,5,2,1
1389,294,6,2,1
1389,294,7,2,1
1389,294,8,2,1
1389,294,9,2,1
1389,294,10,2,1
1389,294,11,2,1
1389,294,12,2,1
1389,294,13,2,1
1389,294,14,2,1
1389,294,15,2,1
1389,294,16,2,1
1389,294,17,2,1
1389,294,18,2,1
1389,294,19,2,1
1389,294,20,2,1
1389,294,21,2,1
1389,294,22,2,1
1389,294,23,2,1
1389,294,24,2,1
1389,294,25,2,1
1389,294,26,2,1
1389,294,27,2,1
1389,294,28,2,1
1389,294,29,2,1
1389,294,30,2,1
1389,294,31,2,1
1389,294,32,2,1
1389,294,33,2,1
1389,294,34,2,1
1389,294,35,2,1
1389,294,36,2,1
1389,294,37,2,1
1389,294,38,2,1
1389,294,39,2,1
1389,294,40,2,1
1389,294,41,2,1
1389,294,42,2,1
1389,294,43,2,1
1389,294,44,2,1
1389,294,45,2,1
1389,294,46,2,1
1389,294,47,2,1
1389,294,48,2,1
1389,294,49,2,1
1389,294,50,2,1
1389,294,51,2,1
1389,294,52,2,1
1389,294,53,2,1
1389,294,54,2,1
1389,294,55,2,1
1389,294,56,2,1
1389,294,57,2,1
1389,294,58,2,1
1389,294,59,2,1
1389,294,60,2,1
1389,294,61,2,1
1389,294,62,2,1
1389,294,63,2,1
1389,294,64,2,1
1389,294,65,2,1
1389,294,66,2,1
1389,294,67,2,1
1389,294,68,2,1
1389,294,69,2,1
1389,294,70,2,1
1389,294,71,2,1
1389,294,72,2,1
1389,294,73,2,1
1389,294,74,2,1
1389,294,75,2,1
1390,293,1,2,1
1390,293,2,2,1
1390,293,3,2,1
1390,293,4,2,1
1390,293,5,2,1
1390,293,6,2,1
1390,293,7,2,1
1390,293,8,2,1
1390,293,9,2,1
1390,293,10,2,1
1390,293,11,2,1
1390,293,12,2,1
1390,293,13,2,1
1390,293,14,2,1
1390,293,15,2,1
1390,293,16,2,1
1390,293,17,2,1
1390,293,18,2,1
1390,293,19,2,1
1390,293,20,2,1
1390,293,21,2,1
1390,293,22,2,1
1390,293,23,2,1
1390,293,24,2,1
1390,293,25,2,1
1390,293,26,2,1
1390,293,27,2,1
1390,293,28,2,1
1390,293,29,2,1
1390,293,30,2,1
1390,293,31,2,1
1390,293,32,2,1
1390,293,33,2,1
1390,293,34,2,1
1390,293,35,2,1
1390,293,36,2,1
1390,293,37,2,1
1390,293,38,2,1
1390,293,39,2,1
1390,293,40,2,1
1390,293,41,2,1
1390,293,42,2,1
1390,293,43,2,1
1390,293,44,2,1
1390,293,45,2,1
1390,293,46,2,1
1390,293,47,2,1
1390,293,48,2,1
1390,293,49,2,1
1390,293,50,2,1
1390,293,51,2,1
1390,293,52,2,1
1390,293,53,2,1
1390,293,54,2,1
1390,293,55,2,1
1390,293,56,2,1
1390,293,57,2,1
1390,293,58,2,1
1390,293,59,2,1
1390,293,60,2,1
1390,293,61,2,1
1390,293,62,2,1
1390,293,63,2,1
1390,293,64,2,1
1390,293,65,2,1
1390,293,66,2,1
1390,293,67,2,1
1390,293,68,2,1
1390,293,69,2,1
1390,293,70,2,1
1390,293,71,2,1
1390,293,72,2,1
1390,293,73,2,1
1390,293,74,2,1
1390,293,75,2,1
1391,293,1,2,1
1391,293,2,2,1
1391,293,3,2,1
1391,293,4,2,1
1391,293,5,2,1
1391,293,6,2,1
1391,293,7,2,1
1391,293,8,2,1
1391,293,9,2,1
1391,293,10,2,1
1391,293,11,2,1
1391,293,12,2,1
1391,293,13,2,1
1391,293,14,2,1
1391,293,15,2,1
1391,293,16,2,1
1391,293,17,2,1
1391,293,18,2,1
1391,293,19,2,1
1391,293,20,2,1
1391,293,21,2,1
1391,293,22,2,1
1391,293,23,2,1
1391,293,24,2,1
1391,293,25,2,1
1391,293,26,2,1
1391,293,27,2,1
1391,293,28,2,1
1391,293,29,2,1
1391,293,30,2,1
1391,293,31,2,1
1391,293,32,2,1
1391,293,33,2,1
1391,293,34,2,1
1391,293,35,2,1
1391,293,36,2,1
1391,293,37,2,1
1391,293,38,2,1
1391,293,39,2,1
1391,293,40,2,1
1391,293,41,2,1
1391,293,42,2,1
1391,293,43,2,1
1391,293,44,2,1
1391,293,45,2,1
1391,293,46,2,1
1391,293,47,2,1
1391,293,48,2,1
1391,293,49,2,1
1391,293,50,2,1
1391,293,51,2,1
1391,293,52,2,1
1391,293,53,2,1
1391,293,54,2,1
1391,293,55,2,1
1391,293,56,2,1
1391,293,57,2,1
1391,293,58,2,1
1391,293,59,2,1
1391,293,60,2,1
1391,293,61,2,1
1391,293,62,2,1
1391,293,63,2,1
1391,293,64,2,1
1391,293,65,2,1
1391,293,66,2,1
1391,293,67,2,1
1391,293,68,2,1
1391,293,69,2,1
1391,293,70,2,1
1391,293,71,2,1
1391,293,72,2,1
1391,293,73,2,1
1391,293,74,2,1
1391,293,75,2,1
1392,293,1,2,1
1392,293,2,2,1
1392,293,3,2,1
1392,293,4,2,1
1392,293,5,2,1
1392,293,6,2,1
1392,293,7,2,1
1392,293,8,2,1
1392,293,9,2,1
1392,293,10,2,1
1392,293,11,2,1
1392,293,12,2,1
1392,293,13,2,1
1392,293,14,2,1
1392,293,15,2,1
1392,293,16,2,1
1392,293,17,2,1
1392,293,18,2,1
1392,293,19,2,1
1392,293,20,2,1
1392,293,21,2,1
1392,293,22,2,1
1392,293,23,2,1
1392,293,24,2,1
1392,293,25,2,1
1392,293,26,2,1
1392,293,27,2,1
1392,293,28,2,1
1392,293,29,2,1
1392,293,30,2,1
1392,293,31,2,1
1392,293,32,2,1
1392,293,33,2,1
1392,293,34,2,1
1392,293,35,2,1
1392,293,36,2,1
1392,293,37,2,1
1392,293,38,2,1
1392,293,39,2,1
1392,293,40,2,1
1392,293,41,2,1
1392,293,42,2,1
1392,293,43,2,1
1392,293,44,2,1
1392,293,45,2,1
1392,293,46,2,1
1392,293,47,2,1
1392,293,48,2,1
1392,293,49,2,1
1392,293,50,2,1
1392,293,51,2,1
1392,293,52,2,1
1392,293,53,2,1
1392,293,54,2,1
1392,293,55,2,1
1392,293,56,2,1
1392,293,57,2,1
1392,293,58,2,1
1392,293,59,2,1
1392,293,60,2,1
1392,293,61,2,1
1392,293,62,2,1
1392,293,63,2,1
1392,293,64,2,1
1392,293,65,2,1
1392,293,66,2,1
1392,293,67,2,1
1392,293,68,2,1
1392,293,69,2,1
1392,293,70,2,1
1392,293,71,2,1
1392,293,72,2,1
1392,293,73,2,1
1392,293,74,2,1
1392,293,75,2,1
1393,293,1,2,1
1393,293,2,2,1
1393,293,3,2,1
1393,293,4,2,1
1393,293,5,2,1
1393,293,6,2,1
1393,293,7,2,1
1393,293,8,2,1
1393,293,9,2,1
1393,293,10,2,1
1393,293,11,2,1
1393,293,12,2,1
1393,293,13,2,1
1393,293,14,2,1
1393,293,15,2,1
1393,293,16,2,1
1393,293,17,2,1
1393,293,18,2,1
1393,293,19,2,1
1393,293,20,2,1
1393,293,21,2,1
1393,293,22,2,1
1393,293,23,2,1
1393,293,24,2,1
1393,293,25,2,1
1393,293,26,2,1
1393,293,27,2,1
1393,293,28,2,1
1393,293,29,2,1
1393,293,30,2,1
1393,293,31,2,1
1393,293,32,2,1
1393,293,33,2,1
1393,293,34,2,1
1393,293,35,2,1
1393,293,36,2,1
1393,293,37,2,1
1393,293,38,2,1
1393,293,39,2,1
1393,293,40,2,1
1393,293,41,2,1
1393,293,42,2,1
1393,293,43,2,1
1393,293,44,2,1
1393,293,45,2,1
1393,293,46,2,1
1393,293,47,2,1
1393,293,48,2,1
1393,293,49,2,1
1393,293,50,2,1
1393,293,51,2,1
1393,293,52,2,1
1393,293,53,2,1
1393,293,54,2,1
1393,293,55,2,1
1393,293,56,2,1
1393,293,57,2,1
1393,293,58,2,1
1393,293,59,2,1
1393,293,60,2,1
1393,293,61,2,1
1393,293,62,2,1
1393,293,63,2,1
1393,293,64,2,1
1393,293,65,2,1
1393,293,66,2,1
1393,293,67,2,1
1393,293,68,2,1
1393,293,69,2,1
1393,293,70,2,1
1393,293,71,2,1
1393,293,72,2,1
1393,293,73,2,1
1393,293,74,2,1
1393,293,75,2,1
1394,293,1,2,1
1394,293,2,2,1
1394,293,3,2,1
1394,293,4,2,1
1394,293,5,2,1
1394,293,6,2,1
1394,293,7,2,1
1394,293,8,2,1
1394,293,9,2,1
1394,293,10,2,1
1394,293,11,2,1
1394,293,12,2,1
1394,293,13,2,1
1394,293,14,2,1
1394,293,15,2,1
1394,293,16,2,1
1394,293,17,2,1
1394,293,18,2,1
1394,293,19,2,1
1394,293,20,2,1
1394,293,21,2,1
1394,293,22,2,1
1394,293,23,2,1
1394,293,24,2,1
1394,293,25,2,1
1394,293,26,2,1
1394,293,27,2,1
1394,293,28,2,1
1394,293,29,2,1
1394,293,30,2,1
1394,293,31,2,1
1394,293,32,2,1
1394,293,33,2,1
1394,293,34,2,1
1394,293,35,2,1
1394,293,36,2,1
1394,293,37,2,1
1394,293,38,2,1
1394,293,39,2,1
1394,293,40,2,1
1394,293,41,2,1
1394,293,42,2,1
1394,293,43,2,1
1394,293,44,2,1
1394,293,45,2,1
1394,293,46,2,1
1394,293,47,2,1
1394,293,48,2,1
1394,293,49,2,1
1394,293,50,2,1
1394,293,51,2,1
1394,293,52,2,1
1394,293,53,2,1
1394,293,54,2,1
1394,293,55,2,1
1394,293,56,2,1
1394,293,57,2,1
1394,293,58,2,1
1394,293,59,2,1
1394,293,60,2,1
1394,293,61,2,1
1394,293,62,2,1
1394,293,63,2,1
1394,293,64,2,1
1394,293,65,2,1
1394,293,66,2,1
1394,293,67,2,1
1394,293,68,2,1
1394,293,69,2,1
1394,293,70,2,1
1394,293,71,2,1
1394,293,72,2,1
1394,293,73,2,1
1394,293,74,2,1
1394,293,75,2,1
1395,293,1,2,1
1395,293,2,2,1
1395,293,3,2,1
1395,293,4,2,1
1395,293,5,2,1
1395,293,6,2,1
1395,293,7,2,1
1395,293,8,2,1
1395,293,9,2,1
1395,293,10,2,1
1395,293,11,2,1
1395,293,12,2,1
1395,293,13,2,1
1395,293,14,2,1
1395,293,15,2,1
1395,293,16,2,1
1395,293,17,2,1
1395,293,18,2,1
1395,293,19,2,1
1395,293,20,2,1
1395,293,21,2,1
1395,293,22,2,1
1395,293,23,2,1
1395,293,24,2,1
1395,293,25,2,1
1395,293,26,2,1
1395,293,27,2,1
1395,293,28,2,1
1395,293,29,2,1
1395,293,30,2,1
1395,293,31,2,1
1395,293,32,2,1
1395,293,33,2,1
1395,293,34,2,1
1395,293,35,2,1
1395,293,36,2,1
1395,293,37,2,1
1395,293,38,2,1
1395,293,39,2,1
1395,293,40,2,1
1395,293,41,2,1
1395,293,42,2,1
1395,293,43,2,1
1395,293,44,2,1
1395,293,45,2,1
1395,293,46,2,1
1395,293,47,2,1
1395,293,48,2,1
1395,293,49,2,1
1395,293,50,2,1
1395,293,51,2,1
1395,293,52,2,1
1395,293,53,2,1
1395,293,54,2,1
1395,293,55,2,1
1395,293,56,2,1
1395,293,57,2,1
1395,293,58,2,1
1395,293,59,2,1
1395,293,60,2,1
1395,293,61,2,1
1395,293,62,2,1
1395,293,63,2,1
1395,293,64,2,1
1395,293,65,2,1
1395,293,66,2,1
1395,293,67,2,1
1395,293,68,2,1
1395,293,69,2,1
1395,293,70,2,1
1395,293,71,2,1
1395,293,72,2,1
1395,293,73,2,1
1395,293,74,2,1
1395,293,75,2,1
1396,293,1,2,1
1396,293,2,2,1
1396,293,3,2,1
1396,293,4,2,1
1396,293,5,2,1
1396,293,6,2,1
1396,293,7,2,1
1396,293,8,2,1
1396,293,9,2,1
1396,293,10,2,1
1396,293,11,2,1
1396,293,12,2,1
1396,293,13,2,1
1396,293,14,2,1
1396,293,15,2,1
1396,293,16,2,1
1396,293,17,2,1
1396,293,18,2,1
1396,293,19,2,1
1396,293,20,2,1
1396,293,21,2,1
1396,293,22,2,1
1396,293,23,2,1
1396,293,24,2,1
1396,293,25,2,1
1396,293,26,2,1
1396,293,27,2,1
1396,293,28,2,1
1396,293,29,2,1
1396,293,30,2,1
1396,293,31,2,1
1396,293,32,2,1
1396,293,33,2,1
1396,293,34,2,1
1396,293,35,2,1
1396,293,36,2,1
1396,293,37,2,1
1396,293,38,2,1
1396,293,39,2,1
1396,293,40,2,1
1396,293,41,2,1
1396,293,42,2,1
1396,293,43,2,1
1396,293,44,2,1
1396,293,45,2,1
1396,293,46,2,1
1396,293,47,2,1
1396,293,48,2,1
1396,293,49,2,1
1396,293,50,2,1
1396,293,51,2,1
1396,293,52,2,1
1396,293,53,2,1
1396,293,54,2,1
1396,293,55,2,1
1396,293,56,2,1
1396,293,57,2,1
1396,293,58,2,1
1396,293,59,2,1
1396,293,60,2,1
1396,293,61,2,1
1396,293,62,2,1
1396,293,63,2,1
1396,293,64,2,1
1396,293,65,2,1
1396,293,66,2,1
1396,293,67,2,1
1396,293,68,2,1
1396,293,69,2,1
1396,293,70,2,1
1396,293,71,2,1
1396,293,72,2,1
1396,293,73,2,1
1396,293,74,2,1
1396,293,75,2,1
1397,293,1,2,1
1397,293,2,2,1
1397,293,3,2,1
1397,293,4,2,1
1397,293,5,2,1
1397,293,6,2,1
1397,293,7,2,1
1397,293,8,2,1
1397,293,9,2,1
1397,293,10,2,1
1397,293,11,2,1
1397,293,12,2,1
1397,293,13,2,1
1397,293,14,2,1
1397,293,15,2,1
1397,293,16,2,1
1397,293,17,2,1
1397,293,18,2,1
1397,293,19,2,1
1397,293,20,2,1
1397,293,21,2,1
1397,293,22,2,1
1397,293,23,2,1
1397,293,24,2,1
1397,293,25,2,1
1397,293,26,2,1
1397,293,27,2,1
1397,293,28,2,1
1397,293,29,2,1
1397,293,30,2,1
1397,293,31,2,1
1397,293,32,2,1
1397,293,33,2,1
1397,293,34,2,1
1397,293,35,2,1
1397,293,36,2,1
1397,293,37,2,1
1397,293,38,2,1
1397,293,39,2,1
1397,293,40,2,1
1397,293,41,2,1
1397,293,42,2,1
1397,293,43,2,1
1397,293,44,2,1
1397,293,45,2,1
1397,293,46,2,1
1397,293,47,2,1
1397,293,48,2,1
1397,293,49,2,1
1397,293,50,2,1
1397,293,51,2,1
1397,293,52,2,1
1397,293,53,2,1
1397,293,54,2,1
1397,293,55,2,1
1397,293,56,2,1
1397,293,57,2,1
1397,293,58,2,1
1397,293,59,2,1
1397,293,60,2,1
1397,293,61,2,1
1397,293,62,2,1
1397,293,63,2,1
1397,293,64,2,1
1397,293,65,2,1
1397,293,66,2,1
1397,293,67,2,1
1397,293,68,2,1
1397,293,69,2,1
1397,293,70,2,1
1397,293,71,2,1
1397,293,72,2,1
1397,293,73,2,1
1397,293,74,2,1
1397,293,75,2,1
1398,293,1,2,1
1398,293,2,2,1
1398,293,3,2,1
1398,293,4,2,1
1398,293,5,2,1
1398,293,6,2,1
1398,293,7,2,1
1398,293,8,2,1
1398,293,9,2,1
1398,293,10,2,1
1398,293,11,2,1
1398,293,12,2,1
1398,293,13,2,1
1398,293,14,2,1
1398,293,15,2,1
1398,293,16,2,1
1398,293,17,2,1
1398,293,18,2,1
1398,293,19,2,1
1398,293,20,2,1
1398,293,21,2,1
1398,293,22,2,1
1398,293,23,2,1
1398,293,24,2,1
1398,293,25,2,1
1398,293,26,2,1
1398,293,27,2,1
1398,293,28,2,1
1398,293,29,2,1
1398,293,30,2,1
1398,293,31,2,1
1398,293,32,2,1
1398,293,33,2,1
1398,293,34,2,1
1398,293,35,2,1
1398,293,36,2,1
1398,293,37,2,1
1398,293,38,2,1
1398,293,39,2,1
1398,293,40,2,1
1398,293,41,2,1
1398,293,42,2,1
1398,293,43,2,1
1398,293,44,2,1
1398,293,45,2,1
1398,293,46,2,1
1398,293,47,2,1
1398,293,48,2,1
1398,293,49,2,1
1398,293,50,2,1
1398,293,51,2,1
1398,293,52,2,1
1398,293,53,2,1
1398,293,54,2,1
1398,293,55,2,1
1398,293,56,2,1
1398,293,57,2,1
1398,293,58,2,1
1398,293,59,2,1
1398,293,60,2,1
1398,293,61,2,1
1398,293,62,2,1
1398,293,63,2,1
1398,293,64,2,1
1398,293,65,2,1
1398,293,66,2,1
1398,293,67,2,1
1398,293,68,2,1
1398,293,69,2,1
1398,293,70,2,1
1398,293,71,2,1
1398,293,72,2,1
1398,293,73,2,1
1398,293,74,2,1
1398,293,75,2,1
1398,292,1,1,1
1398,292,2,1,1
1398,292,3,1,1
1398,292,4,1,1
1398,292,5,1,1
1398,292,6,1,1
1398,292,7,1,1
1398,292,8,1,1
1398,292,9,1,1
1398,292,10,1,1
1398,292,11,1,1
1398,292,12,1,1
1398,292,13,1,1
1398,292,14,1,1
1398,292,15,1,1
1398,292,16,1,1
1398,292,17,1,1
1398,292,18,1,1
1398,292,19,1,1
1398,292,20,1,1
1398,292,21,1,1
1398,292,22,1,1
1398,292,23,1,1
1398,292,24,1,1
1398,292,25,1,1
1398,292,26,1,1
1398,292,27,1,1
1398,292,28,1,1
1398,292,29,1,1
1398,292,30,1,1
1398,292,31,1,1
1398,292,32,1,1
1398,292,33,1,1
1398,292,34,1,1
1398,292,35,1,1
1398,292,36,1,1
1398,292,37,1,1
1398,292,38,1,1
1398,292,39,1,1
1398,292,40,1,1
1398,292,41,1,1
1398,292,42,1,1
1398,292,43,1,1
1398,292,44,1,1
1398,292,45,1,1
1398,292,46,1,1
1398,292,47,1,1
1398,292,48,1,1
1398,292,49,1,1
1398,292,50,1,1
1398,292,51,1,1
1398,292,52,1,1
1398,292,53,1,1
1398,292,54,1,1
1398,292,55,1,1
1398,292,56,1,1
1398,292,57,1,1
1398,292,58,1,1
1398,292,59,1,1
1398,292,60,1,1
1398,292,61,1,1
1398,292,62,1,1
1398,292,63,1,1
1398,292,64,1,1
1398,292,65,1,1
1398,292,66,1,1
1398,292,67,1,1
1398,292,68,1,1
1398,292,69,1,1
1398,292,70,1,1
1398,292,71,1,1
1398,292,72,1,1
1398,292,73,1,1
1398,292,74,1,1
1398,292,75,1,1
1399,293,1,2,1
1399,293,2,2,1
1399,293,3,2,1
1399,293,4,2,1
1399,293,5,2,1
1399,293,6,2,1
1399,293,7,2,1
1399,293,8,2,1
1399,293,9,2,1
1399,293,10,2,1
1399,293,11,2,1
1399,293,12,2,1
1399,293,13,2,1
1399,293,14,2,1
1399,293,15,2,1
1399,293,16,2,1
1399,293,17,2,1
1399,293,18,2,1
1399,293,19,2,1
1399,293,20,2,1
1399,293,21,2,1
1399,293,22,2,1
1399,293,23,2,1
1399,293,24,2,1
1399,293,25,2,1
1399,293,26,2,1
1399,293,27,2,1
1399,293,28,2,1
1399,293,29,2,1
1399,293,30,2,1
1399,293,31,2,1
1399,293,32,2,1
1399,293,33,2,1
1399,293,34,2,1
1399,293,35,2,1
1399,293,36,2,1
1399,293,37,2,1
1399,293,38,2,1
1399,293,39,2,1
1399,293,40,2,1
1399,293,41,2,1
1399,293,42,2,1
1399,293,43,2,1
1399,293,44,2,1
1399,293,45,2,1
1399,293,46,2,1
1399,293,47,2,1
1399,293,48,2,1
1399,293,49,2,1
1399,293,50,2,1
1399,293,51,2,1
1399,293,52,2,1
1399,293,53,2,1
1399,293,54,2,1
1399,293,55,2,1
1399,293,56,2,1
1399,293,57,2,1
1399,293,58,2,1
1399,293,59,2,1
1399,293,60,2,1
1399,293,61,2,1
1399,293,62,2,1
1399,293,63,2,1
1399,293,64,2,1
1399,293,65,2,1
1399,293,66,2,1
1399,293,67,2,1
1399,293,68,2,1
1399,293,69,2,1
1399,293,70,2,1
1399,293,71,2,1
1399,293,72,2,1
1399,293,73,2,1
1399,293,74,2,1
1399,293,75,2,1
1400,292,1,2,1
1400,292,2,2,1
1400,292,3,2,1
1400,292,4,2,1
1400,292,5,2,1
1400,292,6,2,1
1400,292,7,2,1
1400,292,8,2,1
1400,292,9,2,1
1400,292,10,2,1
1400,292,11,2,1
1400,292,12,2,1
1400,292,13,2,1
1400,292,14,2,1
1400,292,15,2,1
1400,292,16,2,1
1400,292,17,2,1
1400,292,18,2,1
1400,292,19,2,1
1400,292,20,2,1
1400,292,21,2,1
1400,292,22,2,1
1400,292,23,2,1
1400,292,24,2,1
1400,292,25,2,1
1400,292,26,2,1
1400,292,27,2,1
1400,292,28,2,1
1400,292,29,2,1
1400,292,30,2,1
1400,292,31,2,1
1400,292,32,2,1
1400,292,33,2,1
1400,292,34,2,1
1400,292,35,2,1
1400,292,36,2,1
1400,292,37,2,1
1400,292,38,2,1
1400,292,39,2,1
1400,292,40,2,1
1400,292,41,2,1
1400,292,42,2,1
1400,292,43,2,1
1400,292,44,2,1
1400,292,45,2,1
1400,292,46,2,1
1400,292,47,2,1
1400,292,48,2,1
1400,292,49,2,1
1400,292,50,2,1
1400,292,51,2,1
1400,292,52,2,1
1400,292,53,2,1
1400,292,54,2,1
1400,292,55,2,1
1400,292,56,2,1
1400,292,57,2,1
1400,292,58,2,1
1400,292,59,2,1
1400,292,60,2,1
1400,292,61,2,1
1400,292,62,2,1
1400,292,63,2,1
1400,292,64,2,1
1400,292,65,2,1
1400,292,66,2,1
1400,292,67,2,1
1400,292,68,2,1
1400,292,69,2,1
1400,292,70,2,1
1400,292,71,2,1
1400,292,72,2,1
1400,292,73,2,1
1400,292,74,2,1
1400,292,75,2,1
1401,292,1,2,1
1401,292,2,2,1
1401,292,3,2,1
1401,292,4,2,1
1401,292,5,2,1
1401,292,6,2,1
1401,292,7,2,1
1401,292,8,2,1
1401,292,9,2,1
1401,292,10,2,1
1401,292,11,2,1
1401,292,12,2,1
1401,292,13,2,1
1401,292,14,2,1
1401,292,15,2,1
1401,292,16,2,1
1401,292,17,2,1
1401,292,18,2,1
1401,292,19,2,1
1401,292,20,2,1
1401,292,21,2,1
1401,292,22,2,1
1401,292,23,2,1
1401,292,24,2,1
1401,292,25,2,1
1401,292,26,2,1
1401,292,27,2,1
1401,292,28,2,1
1401,292,29,2,1
1401,292,30,2,1
1401,292,31,2,1
1401,292,32,2,1
1401,292,33,2,1
1401,292,34,2,1
1401,292,35,2,1
1401,292,36,2,1
1401,292,37,2,1
1401,292,38,2,1
1401,292,39,2,1
1401,292,40,2,1
1401,292,41,2,1
1401,292,42,2,1
1401,292,43,2,1
1401,292,44,2,1
1401,292,45,2,1
1401,292,46,2,1
1401,292,47,2,1
1401,292,48,2,1
1401,292,49,2,1
1401,292,50,2,1
1401,292,51,2,1
1401,292,52,2,1
1401,292,53,2,1
1401,292,54,2,1
1401,292,55,2,1
1401,292,56,2,1
1401,292,57,2,1
1401,292,58,2,1
1401,292,59,2,1
1401,292,60,2,1
1401,292,61,2,1
1401,292,62,2,1
1401,292,63,2,1
1401,292,64,2,1
1401,292,65,2,1
1401,292,66,2,1
1401,292,67,2,1
1401,292,68,2,1
1401,292,69,2,1
1401,292,70,2,1
1401,292,71,2,1
1401,292,72,2,1
1401,292,73,2,1
1401,292,74,2,1
1401,292,75,2,1
1402,292,1,2,1
1402,292,2,2,1
1402,292,3,2,1
1402,292,4,2,1
1402,292,5,2,1
1402,292,6,2,1
1402,292,7,2,1
1402,292,8,2,1
1402,292,9,2,1
1402,292,10,2,1
1402,292,11,2,1
1402,292,12,2,1
1402,292,13,2,1
1402,292,14,2,1
1402,292,15,2,1
1402,292,16,2,1
1402,292,17,2,1
1402,292,18,2,1
1402,292,19,2,1
1402,292,20,2,1
1402,292,21,2,1
1402,292,22,2,1
1402,292,23,2,1
1402,292,24,2,1
1402,292,25,2,1
1402,292,26,2,1
1402,292,27,2,1
1402,292,28,2,1
1402,292,29,2,1
1402,292,30,2,1
1402,292,31,2,1
1402,292,32,2,1
1402,292,33,2,1
1402,292,34,2,1
1402,292,35,2,1
1402,292,36,2,1
1402,292,37,2,1
1402,292,38,2,1
1402,292,39,2,1
1402,292,40,2,1
1402,292,41,2,1
1402,292,42,2,1
1402,292,43,2,1
1402,292,44,2,1
1402,292,45,2,1
1402,292,46,2,1
1402,292,47,2,1
1402,292,48,2,1
1402,292,49,2,1
1402,292,50,2,1
1402,292,51,2,1
1402,292,52,2,1
1402,292,53,2,1
1402,292,54,2,1
1402,292,55,2,1
1402,292,56,2,1
1402,292,57,2,1
1402,292,58,2,1
1402,292,59,2,1
1402,292,60,2,1
1402,292,61,2,1
1402,292,62,2,1
1402,292,63,2,1
1402,292,64,2,1
1402,292,65,2,1
1402,292,66,2,1
1402,292,67,2,1
1402,292,68,2,1
1402,292,69,2,1
1402,292,70,2,1
1402,292,71,2,1
1402,292,72,2,1
1402,292,73,2,1
1402,292,74,2,1
1402,292,75,2,1
1403,292,1,2,1
1403,292,2,2,1
1403,292,3,2,1
1403,292,4,2,1
1403,292,5,2,1
1403,292,6,2,1
1403,292,7,2,1
1403,292,8,2,1
1403,292,9,2,1
1403,292,10,2,1
1403,292,11,2,1
1403,292,12,2,1
1403,292,13,2,1
1403,292,14,2,1
1403,292,15,2,1
1403,292,16,2,1
1403,292,17,2,1
1403,292,18,2,1
1403,292,19,2,1
1403,292,20,2,1
1403,292,21,2,1
1403,292,22,2,1
1403,292,23,2,1
1403,292,24,2,1
1403,292,25,2,1
1403,292,26,2,1
1403,292,27,2,1
1403,292,28,2,1
1403,292,29,2,1
1403,292,30,2,1
1403,292,31,2,1
1403,292,32,2,1
1403,292,33,2,1
1403,292,34,2,1
1403,292,35,2,1
1403,292,36,2,1
1403,292,37,2,1
1403,292,38,2,1
1403,292,39,2,1
1403,292,40,2,1
1403,292,41,2,1
1403,292,42,2,1
1403,292,43,2,1
1403,292,44,2,1
1403,292,45,2,1
1403,292,46,2,1
1403,292,47,2,1
1403,292,48,2,1
1403,292,49,2,1
1403,292,50,2,1
1403,292,51,2,1
1403,292,52,2,1
1403,292,53,2,1
1403,292,54,2,1
1403,292,55,2,1
1403,292,56,2,1
1403,292,57,2,1
1403,292,58,2,1
1403,292,59,2,1
1403,292,60,2,1
1403,292,61,2,1
1403,292,62,2,1
1403,292,63,2,1
1403,292,64,2,1
1403,292,65,2,1
1403,292,66,2,1
1403,292,67,2,1
1403,292,68,2,1
1403,292,69,2,1
1403,292,70,2,1
1403,292,71,2,1
1403,292,72,2,1
1403,292,73,2,1
1403,292,74,2,1
1403,292,75,2,1
1404,292,1,2,1
1404,292,2,2,1
1404,292,3,2,1
1404,292,4,2,1
1404,292,5,2,1
1404,292,6,2,1
1404,292,7,2,1
1404,292,8,2,1
1404,292,9,2,1
1404,292,10,2,1
1404,292,11,2,1
1404,292,12,2,1
1404,292,13,2,1
1404,292,14,2,1
1404,292,15,2,1
1404,292,16,2,1
1404,292,17,2,1
1404,292,18,2,1
1404,292,19,2,1
1404,292,20,2,1
1404,292,21,2,1
1404,292,22,2,1
1404,292,23,2,1
1404,292,24,2,1
1404,292,25,2,1
1404,292,26,2,1
1404,292,27,2,1
1404,292,28,2,1
1404,292,29,2,1
1404,292,30,2,1
1404,292,31,2,1
1404,292,32,2,1
1404,292,33,2,1
1404,292,34,2,1
1404,292,35,2,1
1404,292,36,2,1
1404,292,37,2,1
1404,292,38,2,1
1404,292,39,2,1
1404,292,40,2,1
1404,292,41,2,1
1404,292,42,2,1
1404,292,43,2,1
1404,292,44,2,1
1404,292,45,2,1
1404,292,46,2,1
1404,292,47,2,1
1404,292,48,2,1
1404,292,49,2,1
1404,292,50,2,1
1404,292,51,2,1
1404,292,52,2,1
1404,292,53,2,1
1404,292,54,2,1
1404,292,55,2,1
1404,292,56,2,1
1404,292,57,2,1
1404,292,58,2,1
1404,292,59,2,1
1404,292,60,2,1
1404,292,61,2,1
1404,292,62,2,1
1404,292,63,2,1
1404,292,64,2,1
1404,292,65,2,1
1404,292,66,2,1
1404,292,67,2,1
1404,292,68,2,1
1404,292,69,2,1
1404,292,70,2,1
1404,292,71,2,1
1404,292,72,2,1
1404,292,73,2,1
1404,292,74,2,1
1404,292,75,2,1
1405,292,1,2,1
1405,292,2,2,1
1405,292,3,2,1
1405,292,4,2,1
1405,292,5,2,1
1405,292,6,2,1
1405,292,7,2,1
1405,292,8,2,1
1405,292,9,2,1
1405,292,10,2,1
1405,292,11,2,1
1405,292,12,2,1
1405,292,13,2,1
1405,292,14,2,1
1405,292,15,2,1
1405,292,16,2,1
1405,292,17,2,1
1405,292,18,2,1
1405,292,19,2,1
1405,292,20,2,1
1405,292,21,2,1
1405,292,22,2,1
1405,292,23,2,1
1405,292,24,2,1
1405,292,25,2,1
1405,292,26,2,1
1405,292,27,2,1
1405,292,28,2,1
1405,292,29,2,1
1405,292,30,2,1
1405,292,31,2,1
1405,292,32,2,1
1405,292,33,2,1
1405,292,34,2,1
1405,292,35,2,1
1405,292,36,2,1
1405,292,37,2,1
1405,292,38,2,1
1405,292,39,2,1
1405,292,40,2,1
1405,292,41,2,1
1405,292,42,2,1
1405,292,43,2,1
1405,292,44,2,1
1405,292,45,2,1
1405,292,46,2,1
1405,292,47,2,1
1405,292,48,2,1
1405,292,49,2,1
1405,292,50,2,1
1405,292,51,2,1
1405,292,52,2,1
1405,292,53,2,1
1405,292,54,2,1
1405,292,55,2,1
1405,292,56,2,1
1405,292,57,2,1
1405,292,58,2,1
1405,292,59,2,1
1405,292,60,2,1
1405,292,61,2,1
1405,292,62,2,1
1405,292,63,2,1
1405,292,64,2,1
1405,292,65,2,1
1405,292,66,2,1
1405,292,67,2,1
1405,292,68,2,1
1405,292,69,2,1
1405,292,70,2,1
1405,292,71,2,1
1405,292,72,2,1
1405,292,73,2,1
1405,292,74,2,1
1405,292,75,2,1
1406,292,1,2,1
1406,292,2,2,1
1406,292,3,2,1
1406,292,4,2,1
1406,292,5,2,1
1406,292,6,2,1
1406,292,7,2,1
1406,292,8,2,1
1406,292,9,2,1
1406,292,10,2,1
1406,292,11,2,1
1406,292,12,2,1
1406,292,13,2,1
1406,292,14,2,1
1406,292,15,2,1
1406,292,16,2,1
1406,292,17,2,1
1406,292,18,2,1
1406,292,19,2,1
1406,292,20,2,1
1406,292,21,2,1
1406,292,22,2,1
1406,292,23,2,1
1406,292,24,2,1
1406,292,25,2,1
1406,292,26,2,1
1406,292,27,2,1
1406,292,28,2,1
1406,292,29,2,1
1406,292,30,2,1
1406,292,31,2,1
1406,292,32,2,1
1406,292,33,2,1
1406,292,34,2,1
1406,292,35,2,1
1406,292,36,2,1
1406,292,37,2,1
1406,292,38,2,1
1406,292,39,2,1
1406,292,40,2,1
1406,292,41,2,1
1406,292,42,2,1
1406,292,43,2,1
1406,292,44,2,1
1406,292,45,2,1
1406,292,46,2,1
1406,292,47,2,1
1406,292,48,2,1
1406,292,49,2,1
1406,292,50,2,1
1406,292,51,2,1
1406,292,52,2,1
1406,292,53,2,1
1406,292,54,2,1
1406,292,55,2,1
1406,292,56,2,1
1406,292,57,2,1
1406,292,58,2,1
1406,292,59,2,1
1406,292,60,2,1
1406,292,61,2,1
1406,292,62,2,1
1406,292,63,2,1
1406,292,64,2,1
1406,292,65,2,1
1406,292,66,2,1
1406,292,67,2,1
1406,292,68,2,1
1406,292,69,2,1
1406,292,70,2,1
1406,292,71,2,1
1406,292,72,2,1
1406,292,73,2,1
1406,292,74,2,1
1406,292,75,2,1
1407,292,1,2,1
1407,292,2,2,1
1407,292,3,2,1
1407,292,4,2,1
1407,292,5,2,1
1407,292,6,2,1
1407,292,7,2,1
1407,292,8,2,1
1407,292,9,2,1
1407,292,10,2,1
1407,292,11,2,1
1407,292,12,2,1
1407,292,13,2,1
1407,292,14,2,1
1407,292,15,2,1
1407,292,16,2,1
1407,292,17,2,1
1407,292,18,2,1
1407,292,19,2,1
1407,292,20,2,1
1407,292,21,2,1
1407,292,22,2,1
1407,292,23,2,1
1407,292,24,2,1
1407,292,25,2,1
1407,292,26,2,1
1407,292,27,2,1
1407,292,28,2,1
1407,292,29,2,1
1407,292,30,2,1
1407,292,31,2,1
1407,292,32,2,1
1407,292,33,2,1
1407,292,34,2,1
1407,292,35,2,1
1407,292,36,2,1
1407,292,37,2,1
1407,292,38,2,1
1407,292,39,2,1
1407,292,40,2,1
1407,292,41,2,1
1407,292,42,2,1
1407,292,43,2,1
1407,292,44,2,1
1407,292,45,2,1
1407,292,46,2,1
1407,292,47,2,1
1407,292,48,2,1
1407,292,49,2,1
1407,292,50,2,1
1407,292,51,2,1
1407,292,52,2,1
1407,292,53,2,1
1407,292,54,2,1
1407,292,55,2,1
1407,292,56,2,1
1407,292,57,2,1
1407,292,58,2,1
1407,292,59,2,1
1407,292,60,2,1
1407,292,61,2,1
1407,292,62,2,1
1407,292,63,2,1
1407,292,64,2,1
1407,292,65,2,1
1407,292,66,2,1
1407,292,67,2,1
1407,292,68,2,1
1407,292,69,2,1
1407,292,70,2,1
1407,292,71,2,1
1407,292,72,2,1
1407,292,73,2,1
1407,292,74,2,1
1407,292,75,2,1
1408,292,1,2,1
1408,292,2,2,1
1408,292,3,2,1
1408,292,4,2,1
1408,292,5,2,1
1408,292,6,2,1
1408,292,7,2,1
1408,292,8,2,1
1408,292,9,2,1
1408,292,10,2,1
1408,292,11,2,1
1408,292,12,2,1
1408,292,13,2,1
1408,292,14,2,1
1408,292,15,2,1
1408,292,16,2,1
1408,292,17,2,1
1408,292,18,2,1
1408,292,19,2,1
1408,292,20,2,1
1408,292,21,2,1
1408,292,22,2,1
1408,292,23,2,1
1408,292,24,2,1
1408,292,25,2,1
1408,292,26,2,1
1408,292,27,2,1
1408,292,28,2,1
1408,292,29,2,1
1408,292,30,2,1
1408,292,31,2,1
1408,292,32,2,1
1408,292,33,2,1
1408,292,34,2,1
1408,292,35,2,1
1408,292,36,2,1
1408,292,37,2,1
1408,292,38,2,1
1408,292,39,2,1
1408,292,40,2,1
1408,292,41,2,1
1408,292,42,2,1
1408,292,43,2,1
1408,292,44,2,1
1408,292,45,2,1
1408,292,46,2,1
1408,292,47,2,1
1408,292,48,2,1
1408,292,49,2,1
1408,292,50,2,1
1408,292,51,2,1
1408,292,52,2,1
1408,292,53,2,1
1408,292,54,2,1
1408,292,55,2,1
1408,292,56,2,1
1408,292,57,2,1
1408,292,58,2,1
1408,292,59,2,1
1408,292,60,2,1
1408,292,61,2,1
1408,292,62,2,1
1408,292,63,2,1
1408,292,64,2,1
1408,292,65,2,1
1408,292,66,2,1
1408,292,67,2,1
1408,292,68,2,1
1408,292,69,2,1
1408,292,70,2,1
1408,292,71,2,1
1408,292,72,2,1
1408,292,73,2,1
1408,292,74,2,1
1408,292,75,2,1
1409,292,1,2,1
1409,292,2,2,1
1409,292,3,2,1
1409,292,4,2,1
1409,292,5,2,1
1409,292,6,2,1
1409,292,7,2,1
1409,292,8,2,1
1409,292,9,2,1
1409,292,10,2,1
1409,292,11,2,1
1409,292,12,2,1
1409,292,13,2,1
1409,292,14,2,1
1409,292,15,2,1
1409,292,16,2,1
1409,292,17,2,1
1409,292,18,2,1
1409,292,19,2,1
1409,292,20,2,1
1409,292,21,2,1
1409,292,22,2,1
1409,292,23,2,1
1409,292,24,2,1
1409,292,25,2,1
1409,292,26,2,1
1409,292,27,2,1
1409,292,28,2,1
1409,292,29,2,1
1409,292,30,2,1
1409,292,31,2,1
1409,292,32,2,1
1409,292,33,2,1
1409,292,34,2,1
1409,292,35,2,1
1409,292,36,2,1
1409,292,37,2,1
1409,292,38,2,1
1409,292,39,2,1
1409,292,40,2,1
1409,292,41,2,1
1409,292,42,2,1
1409,292,43,2,1
1409,292,44,2,1
1409,292,45,2,1
1409,292,46,2,1
1409,292,47,2,1
1409,292,48,2,1
1409,292,49,2,1
1409,292,50,2,1
1409,292,51,2,1
1409,292,52,2,1
1409,292,53,2,1
1409,292,54,2,1
1409,292,55,2,1
1409,292,56,2,1
1409,292,57,2,1
1409,292,58,2,1
1409,292,59,2,1
1409,292,60,2,1
1409,292,61,2,1
1409,292,62,2,1
1409,292,63,2,1
1409,292,64,2,1
1409,292,65,2,1
1409,292,66,2,1
1409,292,67,2,1
1409,292,68,2,1
1409,292,69,2,1
1409,292,70,2,1
1409,292,71,2,1
1409,292,72,2,1
1409,292,73,2,1
1409,292,74,2,1
1409,292,75,2,1
1409,291,1,1,1
1409,291,2,1,1
1409,291,3,1,1
1409,291,4,1,1
1409,291,5,1,1
1409,291,6,1,1
1409,291,7,1,1
1409,291,8,1,1
1409,291,9,1,1
1409,291,10,1,1
1409,291,11,1,1
1409,291,12,1,1
1409,291,13,1,1
1409,291,14,1,1
1409,291,15,1,1
1409,291,16,1,1
1409,291,17,1,1
1409,291,18,1,1
1409,291,19,1,1
1409,291,20,1,1
1409,291,21,1,1
1409,291,22,1,1
1409,291,23,1,1
1409,291,24,1,1
1409,291,25,1,1
1409,291,26,1,1
1409,291,27,1,1
1409,291,28,1,1
1409,291,29,1,1
1409,291,30,1,1
1409,291,31,1,1
1409,291,32,1,1
1409,291,33,1,1
1409,291,34,1,1
1409,291,35,1,1
1409,291,36,1,1
1409,291,37,1,1
1409,291,38,1,1
1409,291,39,1,1
1409,291,40,1,1
1409,291,41,1,1
1409,291,42,1,1
1409,291,43,1,1
1409,291,44,1,1
1409,291,45,1,1
1409,291,46,1,1
1409,291,47,1,1
1409,291,48,1,1
1409,291,49,1,1
1409,291,50,1,1
1409,291,51,1,1
1409,291,52,1,1
1409,291,53,1,1
1409,291,54,1,1
1409,291,55,1,1
1409,291,56,1,1
1409,291,57,1,1
1409,291,58,1,1
1409,291,59,1,1
1409,291,60,1,1
1409,291,61,1,1
1409,291,62,1,1
1409,291,63,1,1
1409,291,64,1,1
1409,291,65,1,1
1409,291,66,1,1
1409,291,67,1,1
1409,291,68,1,1
1409,291,69,1,1
1409,291,70,1,1
1409,291,71,1,1
1409,291,72,1,1
1409,291,73,1,1
1409,291,74,1,1
1409,291,75,1,1
1410,292,1,2,1
1410,292,2,2,1
1410,292,3,2,1
1410,292,4,2,1
1410,292,5,2,1
1410,292,6,2,1
1410,292,7,2,1
1410,292,8,2,1
1410,292,9,2,1
1410,292,10,2,1
1410,292,11,2,1
1410,292,12,2,1
1410,292,13,2,1
1410,292,14,2,1
1410,292,15,2,1
1410,292,16,2,1
1410,292,17,2,1
1410,292,18,2,1
1410,292,19,2,1
1410,292,20,2,1
1410,292,21,2,1
1410,292,22,2,1
1410,292,23,2,1
1410,292,24,2,1
1410,292,25,2,1
1410,292,26,2,1
1410,292,27,2,1
1410,292,28,2,1
1410,292,29,2,1
1410,292,30,2,1
1410,292,31,2,1
1410,292,32,2,1
1410,292,33,2,1
1410,292,34,2,1
1410,292,35,2,1
1410,292,36,2,1
1410,292,37,2,1
1410,292,38,2,1
1410,292,39,2,1
1410,292,40,2,1
1410,292,41,2,1
1410,292,42,2,1
1410,292,43,2,1
1410,292,44,2,1
1410,292,45,2,1
1410,292,46,2,1
1410,292,47,2,1
1410,292,48,2,1
1410,292,49,2,1
1410,292,50,2,1
1410,292,51,2,1
1410,292,52,2,1
1410,292,53,2,1
1410,292,54,2,1
1410,292,55,2,1
1410,292,56,2,1
1410,292,57,2,1
1410,292,58,2,1
1410,292,59,2,1
1410,292,60,2,1
1410,292,61,2,1
1410,292,62,2,1
1410,292,63,2,1
1410,292,64,2,1
1410,292,65,2,1
1410,292,66,2,1
1410,292,67,2,1
1410,292,68,2,1
1410,292,69,2,1
1410,292,70,2,1
1410,292,71,2,1
1410,292,72,2,1
1410,292,73,2,1
1410,292,74,2,1
1410,292,75,2,1
2776,387,1,1,1
2776,387,2,1,1
2776,387,3,1,1
2776,387,4,1,1
2776,387,5,1,1
2776,387,6,1,1
2776,387,7,1,1
2776,387,8,1,1
2776,387,9,1,1
2776,387,10,1,1
2776,387,11,1,1
2776,387,12,1,1
2776,387,13,1,1
2776,387,14,1,1
2776,387,15,1,1
2776,387,16,1,1
2776,387,17,1,1
2776,387,18,1,1
2776,387,19,1,1
2776,387,20,1,1
2776,387,21,1,1
2776,387,22,1,1
2776,387,23,1,1
2776,387,24,1,1
2776,387,25,1,1
2776,387,26,1,1
2776,387,27,1,1
2776,387,28,1,1
2776,387,29,1,1
2776,387,30,1,1
2776,387,31,1,1
2776,387,32,1,1
2776,387,33,1,1
2776,387,34,1,1
2776,387,35,1,1
2776,387,36,1,1
2776,387,37,1,1
2776,387,38,1,1
2776,387,39,1,1
2776,387,40,1,1
2776,387,41,1,1
2776,387,42,1,1
2776,387,43,1,1
2776,387,44,1,1
2776,387,45,1,1
2776,387,46,1,1
2776,387,47,1,1
2776,387,48,1,1
2776,387,49,1,1
2776,387,50,1,1
2776,387,51,1,1
2776,387,52,1,1
2776,387,53,1,1
2776,387,54,1,1
2776,387,55,1,1
2776,387,56,1,1
2776,387,57,1,1
2776,387,58,1,1
2776,387,59,1,1
2776,387,60,1,1
2776,387,61,1,1
2776,387,62,1,1
2776,387,63,1,1
2776,387,64,1,1
2776,387,65,1,1
2776,387,66,1,1
2776,387,67,1,1
2776,387,68,1,1
2776,387,69,1,1
2776,387,70,1,1
2776,387,71,1,1
2776,387,72,1,1
2776,387,73,1,1
2776,387,74,1,1
2776,387,75,1,1
2776,387,1,2,1
2776,387,2,2,1
2776,387,3,2,1
2776,387,4,2,1
2776,387,5,2,1
2776,387,6,2,1
2776,387,7,2,1
2776,387,8,2,1
2776,387,9,2,1
2776,387,10,2,1
2776,387,11,2,1
2776,387,12,2,1
2776,387,13,2,1
2776,387,14,2,1
2776,387,15,2,1
2776,387,16,2,1
2776,387,17,2,1
2776,387,18,2,1
2776,387,19,2,1
2776,387,20,2,1
2776,387,21,2,1
2776,387,22,2,1
2776,387,23,2,1
2776,387,24,2,1
2776,387,25,2,1
2776,387,26,2,1
2776,387,27,2,1
2776,387,28,2,1
2776,387,29,2,1
2776,387,30,2,1
2776,387,31,2,1
2776,387,32,2,1
2776,387,33,2,1
2776,387,34,2,1
2776,387,35,2,1
2776,387,36,2,1
2776,387,37,2,1
2776,387,38,2,1
2776,387,39,2,1
2776,387,40,2,1
2776,387,41,2,1
2776,387,42,2,1
2776,387,43,2,1
2776,387,44,2,1
2776,387,45,2,1
2776,387,46,2,1
2776,387,47,2,1
2776,387,48,2,1
2776,387,49,2,1
2776,387,50,2,1
2776,387,51,2,1
2776,387,52,2,1
2776,387,53,2,1
2776,387,54,2,1
2776,387,55,2,1
2776,387,56,2,1
2776,387,57,2,1
2776,387,58,2,1
2776,387,59,2,1
2776,387,60,2,1
2776,387,61,2,1
2776,387,62,2,1
2776,387,63,2,1
2776,387,64,2,1
2776,387,65,2,1
2776,387,66,2,1
2776,387,67,2,1
2776,387,68,2,1
2776,387,69,2,1
2776,387,70,2,1
2776,387,71,2,1
2776,387,72,2,1
2776,387,73,2,1
2776,387,74,2,1
2776,387,75,2,1
2777,387,1,2,1
2777,387,2,2,1
2777,387,3,2,1
2777,387,4,2,1
2777,387,5,2,1
2777,387,6,2,1
2777,387,7,2,1
2777,387,8,2,1
2777,387,9,2,1
2777,387,10,2,1
2777,387,11,2,1
2777,387,12,2,1
2777,387,13,2,1
2777,387,14,2,1
2777,387,15,2,1
2777,387,16,2,1
2777,387,17,2,1
2777,387,18,2,1
2777,387,19,2,1
2777,387,20,2,1
2777,387,21,2,1
2777,387,22,2,1
2777,387,23,2,1
2777,387,24,2,1
2777,387,25,2,1
2777,387,26,2,1
2777,387,27,2,1
2777,387,28,2,1
2777,387,29,2,1
2777,387,30,2,1
2777,387,31,2,1
2777,387,32,2,1
2777,387,33,2,1
2777,387,34,2,1
2777,387,35,2,1
2777,387,36,2,1
2777,387,37,2,1
2777,387,38,2,1
2777,387,39,2,1
2777,387,40,2,1
2777,387,41,2,1
2777,387,42,2,1
2777,387,43,2,1
2777,387,44,2,1
2777,387,45,2,1
2777,387,46,2,1
2777,387,47,2,1
2777,387,48,2,1
2777,387,49,2,1
2777,387,50,2,1
2777,387,51,2,1
2777,387,52,2,1
2777,387,53,2,1
2777,387,54,2,1
2777,387,55,2,1
2777,387,56,2,1
2777,387,57,2,1
2777,387,58,2,1
2777,387,59,2,1
2777,387,60,2,1
2777,387,61,2,1
2777,387,62,2,1
2777,387,63,2,1
2777,387,64,2,1
2777,387,65,2,1
2777,387,66,2,1
2777,387,67,2,1
2777,387,68,2,1
2777,387,69,2,1
2777,387,70,2,1
2777,387,71,2,1
2777,387,72,2,1
2777,387,73,2,1
2777,387,74,2,1
2777,387,75,2,1
2778,386,1,1,1
2778,386,2,1,1
2778,386,3,1,1
2778,386,4,1,1
2778,386,5,1,1
2778,386,6,1,1
2778,386,7,1,1
2778,386,8,1,1
2778,386,9,1,1
2778,386,10,1,1
2778,386,11,1,1
2778,386,12,1,1
2778,386,13,1,1
2778,386,14,1,1
2778,386,15,1,1
2778,386,16,1,1
2778,386,17,1,1
2778,386,18,1,1
2778,386,19,1,1
2778,386,20,1,1
2778,386,21,1,1
2778,386,22,1,1
2778,386,23,1,1
2778,386,24,1,1
2778,386,25,1,1
2778,386,26,1,1
2778,386,27,1,1
2778,386,28,1,1
2778,386,29,1,1
2778,386,30,1,1
2778,386,31,1,1
2778,386,32,1,1
2778,386,33,1,1
2778,386,34,1,1
2778,386,35,1,1
2778,386,36,1,1
2778,386,37,1,1
2778,386,38,1,1
2778,386,39,1,1
2778,386,40,1,1
2778,386,41,1,1
2778,386,42,1,1
2778,386,43,1,1
2778,386,44,1,1
2778,386,45,1,1
2778,386,46,1,1
2778,386,47,1,1
2778,386,48,1,1
2778,386,49,1,1
2778,386,50,1,1
2778,386,51,1,1
2778,386,52,1,1
2778,386,53,1,1
2778,386,54,1,1
2778,386,55,1,1
2778,386,56,1,1
2778,386,57,1,1
2778,386,58,1,1
2778,386,59,1,1
2778,386,60,1,1
2778,386,61,1,1
2778,386,62,1,1
2778,386,63,1,1
2778,386,64,1,1
2778,386,65,1,1
2778,386,66,1,1
2778,386,67,1,1
2778,386,68,1,1
2778,386,69,1,1
2778,386,70,1,1
2778,386,71,1,1
2778,386,72,1,1
2778,386,73,1,1
2778,386,74,1,1
2778,386,75,1,1
2778,386,1,2,1
2778,386,2,2,1
2778,386,3,2,1
2778,386,4,2,1
2778,386,5,2,1
2778,386,6,2,1
2778,386,7,2,1
2778,386,8,2,1
2778,386,9,2,1
2778,386,10,2,1
2778,386,11,2,1
2778,386,12,2,1
2778,386,13,2,1
2778,386,14,2,1
2778,386,15,2,1
2778,386,16,2,1
2778,386,17,2,1
2778,386,18,2,1
2778,386,19,2,1
2778,386,20,2,1
2778,386,21,2,1
2778,386,22,2,1
2778,386,23,2,1
2778,386,24,2,1
2778,386,25,2,1
2778,386,26,2,1
2778,386,27,2,1
2778,386,28,2,1
2778,386,29,2,1
2778,386,30,2,1
2778,386,31,2,1
2778,386,32,2,1
2778,386,33,2,1
2778,386,34,2,1
2778,386,35,2,1
2778,386,36,2,1
2778,386,37,2,1
2778,386,38,2,1
2778,386,39,2,1
2778,386,40,2,1
2778,386,41,2,1
2778,386,42,2,1
2778,386,43,2,1
2778,386,44,2,1
2778,386,45,2,1
2778,386,46,2,1
2778,386,47,2,1
2778,386,48,2,1
2778,386,49,2,1
2778,386,50,2,1
2778,386,51,2,1
2778,386,52,2,1
2778,386,53,2,1
2778,386,54,2,1
2778,386,55,2,1
2778,386,56,2,1
2778,386,57,2,1
2778,386,58,2,1
2778,386,59,2,1
2778,386,60,2,1
2778,386,61,2,1
2778,386,62,2,1
2778,386,63,2,1
2778,386,64,2,1
2778,386,65,2,1
2778,386,66,2,1
2778,386,67,2,1
2778,386,68,2,1
2778,386,69,2,1
2778,386,70,2,1
2778,386,71,2,1
2778,386,72,2,1
2778,386,73,2,1
2778,386,74,2,1
2778,386,75,2,1
2779,386,1,2,1
2779,386,2,2,1
2779,386,3,2,1
2779,386,4,2,1
2779,386,5,2,1
2779,386,6,2,1
2779,386,7,2,1
2779,386,8,2,1
2779,386,9,2,1
2779,386,10,2,1
2779,386,11,2,1
2779,386,12,2,1
2779,386,13,2,1
2779,386,14,2,1
2779,386,15,2,1
2779,386,16,2,1
2779,386,17,2,1
2779,386,18,2,1
2779,386,19,2,1
2779,386,20,2,1
2779,386,21,2,1
2779,386,22,2,1
2779,386,23,2,1
2779,386,24,2,1
2779,386,25,2,1
2779,386,26,2,1
2779,386,27,2,1
2779,386,28,2,1
2779,386,29,2,1
2779,386,30,2,1
2779,386,31,2,1
2779,386,32,2,1
2779,386,33,2,1
2779,386,34,2,1
2779,386,35,2,1
2779,386,36,2,1
2779,386,37,2,1
2779,386,38,2,1
2779,386,39,2,1
2779,386,40,2,1
2779,386,41,2,1
2779,386,42,2,1
2779,386,43,2,1
2779,386,44,2,1
2779,386,45,2,1
2779,386,46,2,1
2779,386,47,2,1
2779,386,48,2,1
2779,386,49,2,1
2779,386,50,2,1
2779,386,51,2,1
2779,386,52,2,1
2779,386,53,2,1
2779,386,54,2,1
2779,386,55,2,1
2779,386,56,2,1
2779,386,57,2,1
2779,386,58,2,1
2779,386,59,2,1
2779,386,60,2,1
2779,386,61,2,1
2779,386,62,2,1
2779,386,63,2,1
2779,386,64,2,1
2779,386,65,2,1
2779,386,66,2,1
2779,386,67,2,1
2779,386,68,2,1
2779,386,69,2,1
2779,386,70,2,1
2779,386,71,2,1
2779,386,72,2,1
2779,386,73,2,1
2779,386,74,2,1
2779,386,75,2,1
2780,386,1,2,1
2780,386,2,2,1
2780,386,3,2,1
2780,386,4,2,1
2780,386,5,2,1
2780,386,6,2,1
2780,386,7,2,1
2780,386,8,2,1
2780,386,9,2,1
2780,386,10,2,1
2780,386,11,2,1
2780,386,12,2,1
2780,386,13,2,1
2780,386,14,2,1
2780,386,15,2,1
2780,386,16,2,1
2780,386,17,2,1
2780,386,18,2,1
2780,386,19,2,1
2780,386,20,2,1
2780,386,21,2,1
2780,386,22,2,1
2780,386,23,2,1
2780,386,24,2,1
2780,386,25,2,1
2780,386,26,2,1
2780,386,27,2,1
2780,386,28,2,1
2780,386,29,2,1
2780,386,30,2,1
2780,386,31,2,1
2780,386,32,2,1
2780,386,33,2,1
2780,386,34,2,1
2780,386,35,2,1
2780,386,36,2,1
2780,386,37,2,1
2780,386,38,2,1
2780,386,39,2,1
2780,386,40,2,1
2780,386,41,2,1
2780,386,42,2,1
2780,386,43,2,1
2780,386,44,2,1
2780,386,45,2,1
2780,386,46,2,1
2780,386,47,2,1
2780,386,48,2,1
2780,386,49,2,1
2780,386,50,2,1
2780,386,51,2,1
2780,386,52,2,1
2780,386,53,2,1
2780,386,54,2,1
2780,386,55,2,1
2780,386,56,2,1
2780,386,57,2,1
2780,386,58,2,1
2780,386,59,2,1
2780,386,60,2,1
2780,386,61,2,1
2780,386,62,2,1
2780,386,63,2,1
2780,386,64,2,1
2780,386,65,2,1
2780,386,66,2,1
2780,386,67,2,1
2780,386,68,2,1
2780,386,69,2,1
2780,386,70,2,1
2780,386,71,2,1
2780,386,72,2,1
2780,386,73,2,1
2780,386,74,2,1
2780,386,75,2,1
2781,385,1,1,1
2781,385,2,1,1
2781,385,3,1,1
2781,385,4,1,1
2781,385,5,1,1
2781,385,6,1,1
2781,385,7,1,1
2781,385,8,1,1
2781,385,9,1,1
2781,385,10,1,1
2781,385,11,1,1
2781,385,12,1,1
2781,385,13,1,1
2781,385,14,1,1
2781,385,15,1,1
2781,385,16,1,1
2781,385,17,1,1
2781,385,18,1,1
2781,385,19,1,1
2781,385,20,1,1
2781,385,21,1,1
2781,385,22,1,1
2781,385,23,1,1
2781,385,24,1,1
2781,385,25,1,1
2781,385,26,1,1
2781,385,27,1,1
2781,385,28,1,1
2781,385,29,1,1
2781,385,30,1,1
2781,385,31,1,1
2781,385,32,1,1
2781,385,33,1,1
2781,385,34,1,1
2781,385,35,1,1
2781,385,36,1,1
2781,385,37,1,1
2781,385,38,1,1
2781,385,39,1,1
2781,385,40,1,1
2781,385,41,1,1
2781,385,42,1,1
2781,385,43,1,1
2781,385,44,1,1
2781,385,45,1,1
2781,385,46,1,1
2781,385,47,1,1
2781,385,48,1,1
2781,385,49,1,1
2781,385,50,1,1
2781,385,51,1,1
2781,385,52,1,1
2781,385,53,1,1
2781,385,54,1,1
2781,385,55,1,1
2781,385,56,1,1
2781,385,57,1,1
2781,385,58,1,1
2781,385,59,1,1
2781,385,60,1,1
2781,385,61,1,1
2781,385,62,1,1
2781,385,63,1,1
2781,385,64,1,1
2781,385,65,1,1
2781,385,66,1,1
2781,385,67,1,1
2781,385,68,1,1
2781,385,69,1,1
2781,385,70,1,1
2781,385,71,1,1
2781,385,72,1,1
2781,385,73,1,1
2781,385,74,1,1
2781,385,75,1,1
2781,385,1,2,1
2781,385,2,2,1
2781,385,3,2,1
2781,385,4,2,1
2781,385,5,2,1
2781,385,6,2,1
2781,385,7,2,1
2781,385,8,2,1
2781,385,9,2,1
2781,385,10,2,1
2781,385,11,2,1
2781,385,12,2,1
2781,385,13,2,1
2781,385,14,2,1
2781,385,15,2,1
2781,385,16,2,1
2781,385,17,2,1
2781,385,18,2,1
2781,385,19,2,1
2781,385,20,2,1
2781,385,21,2,1
2781,385,22,2,1
2781,385,23,2,1
2781,385,24,2,1
2781,385,25,2,1
2781,385,26,2,1
2781,385,27,2,1
2781,385,28,2,1
2781,385,29,2,1
2781,385,30,2,1
2781,385,31,2,1
2781,385,32,2,1
2781,385,33,2,1
2781,385,34,2,1
2781,385,35,2,1
2781,385,36,2,1
2781,385,37,2,1
2781,385,38,2,1
2781,385,39,2,1
2781,385,40,2,1
2781,385,41,2,1
2781,385,42,2,1
2781,385,43,2,1
2781,385,44,2,1
2781,385,45,2,1
2781,385,46,2,1
2781,385,47,2,1
2781,385,48,2,1
2781,385,49,2,1
2781,385,50,2,1
2781,385,51,2,1
2781,385,52,2,1
2781,385,53,2,1
2781,385,54,2,1
2781,385,55,2,1
2781,385,56,2,1
2781,385,57,2,1
2781,385,58,2,1
2781,385,59,2,1
2781,385,60,2,1
2781,385,61,2,1
2781,385,62,2,1
2781,385,63,2,1
2781,385,64,2,1
2781,385,65,2,1
2781,385,66,2,1
2781,385,67,2,1
2781,385,68,2,1
2781,385,69,2,1
2781,385,70,2,1
2781,385,71,2,1
2781,385,72,2,1
2781,385,73,2,1
2781,385,74,2,1
2781,385,75,2,1
2782,385,1,2,1
2782,385,2,2,1
2782,385,3,2,1
2782,385,4,2,1
2782,385,5,2,1
2782,385,6,2,1
2782,385,7,2,1
2782,385,8,2,1
2782,385,9,2,1
2782,385,10,2,1
2782,385,11,2,1
2782,385,12,2,1
2782,385,13,2,1
2782,385,14,2,1
2782,385,15,2,1
2782,385,16,2,1
2782,385,17,2,1
2782,385,18,2,1
2782,385,19,2,1
2782,385,20,2,1
2782,385,21,2,1
2782,385,22,2,1
2782,385,23,2,1
2782,385,24,2,1
2782,385,25,2,1
2782,385,26,2,1
2782,385,27,2,1
2782,385,28,2,1
2782,385,29,2,1
2782,385,30,2,1
2782,385,31,2,1
2782,385,32,2,1
2782,385,33,2,1
2782,385,34,2,1
2782,385,35,2,1
2782,385,36,2,1
2782,385,37,2,1
2782,385,38,2,1
2782,385,39,2,1
2782,385,40,2,1
2782,385,41,2,1
2782,385,42,2,1
2782,385,43,2,1
2782,385,44,2,1
2782,385,45,2,1
2782,385,46,2,1
2782,385,47,2,1
2782,385,48,2,1
2782,385,49,2,1
2782,385,50,2,1
2782,385,51,2,1
2782,385,52,2,1
2782,385,53,2,1
2782,385,54,2,1
2782,385,55,2,1
2782,385,56,2,1
2782,385,57,2,1
2782,385,58,2,1
2782,385,59,2,1
2782,385,60,2,1
2782,385,61,2,1
2782,385,62,2,1
2782,385,63,2,1
2782,385,64,2,1
2782,385,65,2,1
2782,385,66,2,1
2782,385,67,2,1
2782,385,68,2,1
2782,385,69,2,1
2782,385,70,2,1
2782,385,71,2,1
2782,385,72,2,1
2782,385,73,2,1
2782,385,74,2,1
2782,385,75,2,1
2783,384,1,1,1
2783,384,2,1,1
2783,384,3,1,1
2783,384,4,1,1
2783,384,5,1,1
2783,384,6,1,1
2783,384,7,1,1
2783,384,8,1,1
2783,384,9,1,1
2783,384,10,1,1
2783,384,11,1,1
2783,384,12,1,1
2783,384,13,1,1
2783,384,14,1,1
2783,384,15,1,1
2783,384,16,1,1
2783,384,17,1,1
2783,384,18,1,1
2783,384,19,1,1
2783,384,20,1,1
2783,384,21,1,1
2783,384,22,1,1
2783,384,23,1,1
2783,384,24,1,1
2783,384,25,1,1
2783,384,26,1,1
2783,384,27,1,1
2783,384,28,1,1
2783,384,29,1,1
2783,384,30,1,1
2783,384,31,1,1
2783,384,32,1,1
2783,384,33,1,1
2783,384,34,1,1
2783,384,35,1,1
2783,384,36,1,1
2783,384,37,1,1
2783,384,38,1,1
2783,384,39,1,1
2783,384,40,1,1
2783,384,41,1,1
2783,384,42,1,1
2783,384,43,1,1
2783,384,44,1,1
2783,384,45,1,1
2783,384,46,1,1
2783,384,47,1,1
2783,384,48,1,1
2783,384,49,1,1
2783,384,50,1,1
2783,384,51,1,1
2783,384,52,1,1
2783,384,53,1,1
2783,384,54,1,1
2783,384,55,1,1
2783,384,56,1,1
2783,384,57,1,1
2783,384,58,1,1
2783,384,59,1,1
2783,384,60,1,1
2783,384,61,1,1
2783,384,62,1,1
2783,384,63,1,1
2783,384,64,1,1
2783,384,65,1,1
2783,384,66,1,1
2783,384,67,1,1
2783,384,68,1,1
2783,384,69,1,1
2783,384,70,1,1
2783,384,71,1,1
2783,384,72,1,1
2783,384,73,1,1
2783,384,74,1,1
2783,384,75,1,1
2783,384,1,2,1
2783,384,2,2,1
2783,384,3,2,1
2783,384,4,2,1
2783,384,5,2,1
2783,384,6,2,1
2783,384,7,2,1
2783,384,8,2,1
2783,384,9,2,1
2783,384,10,2,1
2783,384,11,2,1
2783,384,12,2,1
2783,384,13,2,1
2783,384,14,2,1
2783,384,15,2,1
2783,384,16,2,1
2783,384,17,2,1
2783,384,18,2,1
2783,384,19,2,1
2783,384,20,2,1
2783,384,21,2,1
2783,384,22,2,1
2783,384,23,2,1
2783,384,24,2,1
2783,384,25,2,1
2783,384,26,2,1
2783,384,27,2,1
2783,384,28,2,1
2783,384,29,2,1
2783,384,30,2,1
2783,384,31,2,1
2783,384,32,2,1
2783,384,33,2,1
2783,384,34,2,1
2783,384,35,2,1
2783,384,36,2,1
2783,384,37,2,1
2783,384,38,2,1
2783,384,39,2,1
2783,384,40,2,1
2783,384,41,2,1
2783,384,42,2,1
2783,384,43,2,1
2783,384,44,2,1
2783,384,45,2,1
2783,384,46,2,1
2783,384,47,2,1
2783,384,48,2,1
2783,384,49,2,1
2783,384,50,2,1
2783,384,51,2,1
2783,384,52,2,1
2783,384,53,2,1
2783,384,54,2,1
2783,384,55,2,1
2783,384,56,2,1
2783,384,57,2,1
2783,384,58,2,1
2783,384,59,2,1
2783,384,60,2,1
2783,384,61,2,1
2783,384,62,2,1
2783,384,63,2,1
2783,384,64,2,1
2783,384,65,2,1
2783,384,66,2,1
2783,384,67,2,1
2783,384,68,2,1
2783,384,69,2,1
2783,384,70,2,1
2783,384,71,2,1
2783,384,72,2,1
2783,384,73,2,1
2783,384,74,2,1
2783,384,75,2,1
2784,384,1,2,1
2784,384,2,2,1
2784,384,3,2,1
2784,384,4,2,1
2784,384,5,2,1
2784,384,6,2,1
2784,384,7,2,1
2784,384,8,2,1
2784,384,9,2,1
2784,384,10,2,1
2784,384,11,2,1
2784,384,12,2,1
2784,384,13,2,1
2784,384,14,2,1
2784,384,15,2,1
2784,384,16,2,1
2784,384,17,2,1
2784,384,18,2,1
2784,384,19,2,1
2784,384,20,2,1
2784,384,21,2,1
2784,384,22,2,1
2784,384,23,2,1
2784,384,24,2,1
2784,384,25,2,1
2784,384,26,2,1
2784,384,27,2,1
2784,384,28,2,1
2784,384,29,2,1
2784,384,30,2,1
2784,384,31,2,1
2784,384,32,2,1
2784,384,33,2,1
2784,384,34,2,1
2784,384,35,2,1
2784,384,36,2,1
2784,384,37,2,1
2784,384,38,2,1
2784,384,39,2,1
2784,384,40,2,1
2784,384,41,2,1
2784,384,42,2,1
2784,384,43,2,1
2784,384,44,2,1
2784,384,45,2,1
2784,384,46,2,1
2784,384,47,2,1
2784,384,48,2,1
2784,384,49,2,1
2784,384,50,2,1
2784,384,51,2,1
2784,384,52,2,1
2784,384,53,2,1
2784,384,54,2,1
2784,384,55,2,1
2784,384,56,2,1
2784,384,57,2,1
2784,384,58,2,1
2784,384,59,2,1
2784,384,60,2,1
2784,384,61,2,1
2784,384,62,2,1
2784,384,63,2,1
2784,384,64,2,1
2784,384,65,2,1
2784,384,66,2,1
2784,384,67,2,1
2784,384,68,2,1
2784,384,69,2,1
2784,384,70,2,1
2784,384,71,2,1
2784,384,72,2,1
2784,384,73,2,1
2784,384,74,2,1
2784,384,75,2,1
2785,383,1,1,1
2785,383,2,1,1
2785,383,3,1,1
2785,383,4,1,1
2785,383,5,1,1
2785,383,6,1,1
2785,383,7,1,1
2785,383,8,1,1
2785,383,9,1,1
2785,383,10,1,1
2785,383,11,1,1
2785,383,12,1,1
2785,383,13,1,1
2785,383,14,1,1
2785,383,15,1,1
2785,383,16,1,1
2785,383,17,1,1
2785,383,18,1,1
2785,383,19,1,1
2785,383,20,1,1
2785,383,21,1,1
2785,383,22,1,1
2785,383,23,1,1
2785,383,24,1,1
2785,383,25,1,1
2785,383,26,1,1
2785,383,27,1,1
2785,383,28,1,1
2785,383,29,1,1
2785,383,30,1,1
2785,383,31,1,1
2785,383,32,1,1
2785,383,33,1,1
2785,383,34,1,1
2785,383,35,1,1
2785,383,36,1,1
2785,383,37,1,1
2785,383,38,1,1
2785,383,39,1,1
2785,383,40,1,1
2785,383,41,1,1
2785,383,42,1,1
2785,383,43,1,1
2785,383,44,1,1
2785,383,45,1,1
2785,383,46,1,1
2785,383,47,1,1
2785,383,48,1,1
2785,383,49,1,1
2785,383,50,1,1
2785,383,51,1,1
2785,383,52,1,1
2785,383,53,1,1
2785,383,54,1,1
2785,383,55,1,1
2785,383,56,1,1
2785,383,57,1,1
2785,383,58,1,1
2785,383,59,1,1
2785,383,60,1,1
2785,383,61,1,1
2785,383,62,1,1
2785,383,63,1,1
2785,383,64,1,1
2785,383,65,1,1
2785,383,66,1,1
2785,383,67,1,1
2785,383,68,1,1
2785,383,69,1,1
2785,383,70,1,1
2785,383,71,1,1
2785,383,72,1,1
2785,383,73,1,1
2785,383,74,1,1
2785,383,75,1,1
2785,383,1,2,1
2785,383,2,2,1
2785,383,3,2,1
2785,383,4,2,1
2785,383,5,2,1
2785,383,6,2,1
2785,383,7,2,1
2785,383,8,2,1
2785,383,9,2,1
2785,383,10,2,1
2785,383,11,2,1
2785,383,12,2,1
2785,383,13,2,1
2785,383,14,2,1
2785,383,15,2,1
2785,383,16,2,1
2785,383,17,2,1
2785,383,18,2,1
2785,383,19,2,1
2785,383,20,2,1
2785,383,21,2,1
2785,383,22,2,1
2785,383,23,2,1
2785,383,24,2,1
2785,383,25,2,1
2785,383,26,2,1
2785,383,27,2,1
2785,383,28,2,1
2785,383,29,2,1
2785,383,30,2,1
2785,383,31,2,1
2785,383,32,2,1
2785,383,33,2,1
2785,383,34,2,1
2785,383,35,2,1
2785,383,36,2,1
2785,383,37,2,1
2785,383,38,2,1
2785,383,39,2,1
2785,383,40,2,1
2785,383,41,2,1
2785,383,42,2,1
2785,383,43,2,1
2785,383,44,2,1
2785,383,45,2,1
2785,383,46,2,1
2785,383,47,2,1
2785,383,48,2,1
2785,383,49,2,1
2785,383,50,2,1
2785,383,51,2,1
2785,383,52,2,1
2785,383,53,2,1
2785,383,54,2,1
2785,383,55,2,1
2785,383,56,2,1
2785,383,57,2,1
2785,383,58,2,1
2785,383,59,2,1
2785,383,60,2,1
2785,383,61,2,1
2785,383,62,2,1
2785,383,63,2,1
2785,383,64,2,1
2785,383,65,2,1
2785,383,66,2,1
2785,383,67,2,1
2785,383,68,2,1
2785,383,69,2,1
2785,383,70,2,1
2785,383,71,2,1
2785,383,72,2,1
2785,383,73,2,1
2785,383,74,2,1
2785,383,75,2,1
2786,383,1,2,1
2786,383,2,2,1
2786,383,3,2,1
2786,383,4,2,1
2786,383,5,2,1
2786,383,6,2,1
2786,383,7,2,1
2786,383,8,2,1
2786,383,9,2,1
2786,383,10,2,1
2786,383,11,2,1
2786,383,12,2,1
2786,383,13,2,1
2786,383,14,2,1
2786,383,15,2,1
2786,383,16,2,1
2786,383,17,2,1
2786,383,18,2,1
2786,383,19,2,1
2786,383,20,2,1
2786,383,21,2,1
2786,383,22,2,1
2786,383,23,2,1
2786,383,24,2,1
2786,383,25,2,1
2786,383,26,2,1
2786,383,27,2,1
2786,383,28,2,1
2786,383,29,2,1
2786,383,30,2,1
2786,383,31,2,1
2786,383,32,2,1
2786,383,33,2,1
2786,383,34,2,1
2786,383,35,2,1
2786,383,36,2,1
2786,383,37,2,1
2786,383,38,2,1
2786,383,39,2,1
2786,383,40,2,1
2786,383,41,2,1
2786,383,42,2,1
2786,383,43,2,1
2786,383,44,2,1
2786,383,45,2,1
2786,383,46,2,1
2786,383,47,2,1
2786,383,48,2,1
2786,383,49,2,1
2786,383,50,2,1
2786,383,51,2,1
2786,383,52,2,1
2786,383,53,2,1
2786,383,54,2,1
2786,383,55,2,1
2786,383,56,2,1
2786,383,57,2,1
2786,383,58,2,1
2786,383,59,2,1
2786,383,60,2,1
2786,383,61,2,1
2786,383,62,2,1
2786,383,63,2,1
2786,383,64,2,1
2786,383,65,2,1
2786,383,66,2,1
2786,383,67,2,1
2786,383,68,2,1
2786,383,69,2,1
2786,383,70,2,1
2786,383,71,2,1
2786,383,72,2,1
2786,383,73,2,1
2786,383,74,2,1
2786,383,75,2,1
2787,382,1,1,1
2787,382,2,1,1
2787,382,3,1,1
2787,382,4,1,1
2787,382,5,1,1
2787,382,6,1,1
2787,382,7,1,1
2787,382,8,1,1
2787,382,9,1,1
2787,382,10,1,1
2787,382,11,1,1
2787,382,12,1,1
2787,382,13,1,1
2787,382,14,1,1
2787,382,15,1,1
2787,382,16,1,1
2787,382,17,1,1
2787,382,18,1,1
2787,382,19,1,1
2787,382,20,1,1
2787,382,21,1,1
2787,382,22,1,1
2787,382,23,1,1
2787,382,24,1,1
2787,382,25,1,1
2787,382,26,1,1
2787,382,27,1,1
2787,382,28,1,1
2787,382,29,1,1
2787,382,30,1,1
2787,382,31,1,1
2787,382,32,1,1
2787,382,33,1,1
2787,382,34,1,1
2787,382,35,1,1
2787,382,36,1,1
2787,382,37,1,1
2787,382,38,1,1
2787,382,39,1,1
2787,382,40,1,1
2787,382,41,1,1
2787,382,42,1,1
2787,382,43,1,1
2787,382,44,1,1
2787,382,45,1,1
2787,382,46,1,1
2787,382,47,1,1
2787,382,48,1,1
2787,382,49,1,1
2787,382,50,1,1
2787,382,51,1,1
2787,382,52,1,1
2787,382,53,1,1
2787,382,54,1,1
2787,382,55,1,1
2787,382,56,1,1
2787,382,57,1,1
2787,382,58,1,1
2787,382,59,1,1
2787,382,60,1,1
2787,382,61,1,1
2787,382,62,1,1
2787,382,63,1,1
2787,382,64,1,1
2787,382,65,1,1
2787,382,66,1,1
2787,382,67,1,1
2787,382,68,1,1
2787,382,69,1,1
2787,382,70,1,1
2787,382,71,1,1
2787,382,72,1,1
2787,382,73,1,1
2787,382,74,1,1
2787,382,75,1,1
2787,382,1,2,1
2787,382,2,2,1
2787,382,3,2,1
2787,382,4,2,1
2787,382,5,2,1
2787,382,6,2,1
2787,382,7,2,1
2787,382,8,2,1
2787,382,9,2,1
2787,382,10,2,1
2787,382,11,2,1
2787,382,12,2,1
2787,382,13,2,1
2787,382,14,2,1
2787,382,15,2,1
2787,382,16,2,1
2787,382,17,2,1
2787,382,18,2,1
2787,382,19,2,1
2787,382,20,2,1
2787,382,21,2,1
2787,382,22,2,1
2787,382,23,2,1
2787,382,24,2,1
2787,382,25,2,1
2787,382,26,2,1
2787,382,27,2,1
2787,382,28,2,1
2787,382,29,2,1
2787,382,30,2,1
2787,382,31,2,1
2787,382,32,2,1
2787,382,33,2,1
2787,382,34,2,1
2787,382,35,2,1
2787,382,36,2,1
2787,382,37,2,1
2787,382,38,2,1
2787,382,39,2,1
2787,382,40,2,1
2787,382,41,2,1
2787,382,42,2,1
2787,382,43,2,1
2787,382,44,2,1
2787,382,45,2,1
2787,382,46,2,1
2787,382,47,2,1
2787,382,48,2,1
2787,382,49,2,1
2787,382,50,2,1
2787,382,51,2,1
2787,382,52,2,1
2787,382,53,2,1
2787,382,54,2,1
2787,382,55,2,1
2787,382,56,2,1
2787,382,57,2,1
2787,382,58,2,1
2787,382,59,2,1
2787,382,60,2,1
2787,382,61,2,1
2787,382,62,2,1
2787,382,63,2,1
2787,382,64,2,1
2787,382,65,2,1
2787,382,66,2,1
2787,382,67,2,1
2787,382,68,2,1
2787,382,69,2,1
2787,382,70,2,1
2787,382,71,2,1
2787,382,72,2,1
2787,382,73,2,1
2787,382,74,2,1
2787,382,75,2,1
2788,382,1,2,1
2788,382,2,2,1
2788,382,3,2,1
2788,382,4,2,1
2788,382,5,2,1
2788,382,6,2,1
2788,382,7,2,1
2788,382,8,2,1
2788,382,9,2,1
2788,382,10,2,1
2788,382,11,2,1
2788,382,12,2,1
2788,382,13,2,1
2788,382,14,2,1
2788,382,15,2,1
2788,382,16,2,1
2788,382,17,2,1
2788,382,18,2,1
2788,382,19,2,1
2788,382,20,2,1
2788,382,21,2,1
2788,382,22,2,1
2788,382,23,2,1
2788,382,24,2,1
2788,382,25,2,1
2788,382,26,2,1
2788,382,27,2,1
2788,382,28,2,1
2788,382,29,2,1
2788,382,30,2,1
2788,382,31,2,1
2788,382,32,2,1
2788,382,33,2,1
2788,382,34,2,1
2788,382,35,2,1
2788,382,36,2,1
2788,382,37,2,1
2788,382,38,2,1
2788,382,39,2,1
2788,382,40,2,1
2788,382,41,2,1
2788,382,42,2,1
2788,382,43,2,1
2788,382,44,2,1
2788,382,45,2,1
2788,382,46,2,1
2788,382,47,2,1
2788,382,48,2,1
2788,382,49,2,1
2788,382,50,2,1
2788,382,51,2,1
2788,382,52,2,1
2788,382,53,2,1
2788,382,54,2,1
2788,382,55,2,1
2788,382,56,2,1
2788,382,57,2,1
2788,382,58,2,1
2788,382,59,2,1
2788,382,60,2,1
2788,382,61,2,1
2788,382,62,2,1
2788,382,63,2,1
2788,382,64,2,1
2788,382,65,2,1
2788,382,66,2,1
2788,382,67,2,1
2788,382,68,2,1
2788,382,69,2,1
2788,382,70,2,1
2788,382,71,2,1
2788,382,72,2,1
2788,382,73,2,1
2788,382,74,2,1
2788,382,75,2,1
2789,381,1,1,1
2789,381,2,1,1
2789,381,3,1,1
2789,381,4,1,1
2789,381,5,1,1
2789,381,6,1,1
2789,381,7,1,1
2789,381,8,1,1
2789,381,9,1,1
2789,381,10,1,1
2789,381,11,1,1
2789,381,12,1,1
2789,381,13,1,1
2789,381,14,1,1
2789,381,15,1,1
2789,381,16,1,1
2789,381,17,1,1
2789,381,18,1,1
2789,381,19,1,1
2789,381,20,1,1
2789,381,21,1,1
2789,381,22,1,1
2789,381,23,1,1
2789,381,24,1,1
2789,381,25,1,1
2789,381,26,1,1
2789,381,27,1,1
2789,381,28,1,1
2789,381,29,1,1
2789,381,30,1,1
2789,381,31,1,1
2789,381,32,1,1
2789,381,33,1,1
2789,381,34,1,1
2789,381,35,1,1
2789,381,36,1,1
2789,381,37,1,1
2789,381,38,1,1
2789,381,39,1,1
2789,381,40,1,1
2789,381,41,1,1
2789,381,42,1,1
2789,381,43,1,1
2789,381,44,1,1
2789,381,45,1,1
2789,381,46,1,1
2789,381,47,1,1
2789,381,48,1,1
2789,381,49,1,1
2789,381,50,1,1
2789,381,51,1,1
2789,381,52,1,1
2789,381,53,1,1
2789,381,54,1,1
2789,381,55,1,1
2789,381,56,1,1
2789,381,57,1,1
2789,381,58,1,1
2789,381,59,1,1
2789,381,60,1,1
2789,381,61,1,1
2789,381,62,1,1
2789,381,63,1,1
2789,381,64,1,1
2789,381,65,1,1
2789,381,66,1,1
2789,381,67,1,1
2789,381,68,1,1
2789,381,69,1,1
2789,381,70,1,1
2789,381,71,1,1
2789,381,72,1,1
2789,381,73,1,1
2789,381,74,1,1
2789,381,75,1,1
2789,381,1,2,1
2789,381,2,2,1
2789,381,3,2,1
2789,381,4,2,1
2789,381,5,2,1
2789,381,6,2,1
2789,381,7,2,1
2789,381,8,2,1
2789,381,9,2,1
2789,381,10,2,1
2789,381,11,2,1
2789,381,12,2,1
2789,381,13,2,1
2789,381,14,2,1
2789,381,15,2,1
2789,381,16,2,1
2789,381,17,2,1
2789,381,18,2,1
2789,381,19,2,1
2789,381,20,2,1
2789,381,21,2,1
2789,381,22,2,1
2789,381,23,2,1
2789,381,24,2,1
2789,381,25,2,1
2789,381,26,2,1
2789,381,27,2,1
2789,381,28,2,1
2789,381,29,2,1
2789,381,30,2,1
2789,381,31,2,1
2789,381,32,2,1
2789,381,33,2,1
2789,381,34,2,1
2789,381,35,2,1
2789,381,36,2,1
2789,381,37,2,1
2789,381,38,2,1
2789,381,39,2,1
2789,381,40,2,1
2789,381,41,2,1
2789,381,42,2,1
2789,381,43,2,1
2789,381,44,2,1
2789,381,45,2,1
2789,381,46,2,1
2789,381,47,2,1
2789,381,48,2,1
2789,381,49,2,1
2789,381,50,2,1
2789,381,51,2,1
2789,381,52,2,1
2789,381,53,2,1
2789,381,54,2,1
2789,381,55,2,1
2789,381,56,2,1
2789,381,57,2,1
2789,381,58,2,1
2789,381,59,2,1
2789,381,60,2,1
2789,381,61,2,1
2789,381,62,2,1
2789,381,63,2,1
2789,381,64,2,1
2789,381,65,2,1
2789,381,66,2,1
2789,381,67,2,1
2789,381,68,2,1
2789,381,69,2,1
2789,381,70,2,1
2789,381,71,2,1
2789,381,72,2,1
2789,381,73,2,1
2789,381,74,2,1
2789,381,75,2,1
2790,381,1,2,1
2790,381,2,2,1
2790,381,3,2,1
2790,381,4,2,1
2790,381,5,2,1
2790,381,6,2,1
2790,381,7,2,1
2790,381,8,2,1
2790,381,9,2,1
2790,381,10,2,1
2790,381,11,2,1
2790,381,12,2,1
2790,381,13,2,1
2790,381,14,2,1
2790,381,15,2,1
2790,381,16,2,1
2790,381,17,2,1
2790,381,18,2,1
2790,381,19,2,1
2790,381,20,2,1
2790,381,21,2,1
2790,381,22,2,1
2790,381,23,2,1
2790,381,24,2,1
2790,381,25,2,1
2790,381,26,2,1
2790,381,27,2,1
2790,381,28,2,1
2790,381,29,2,1
2790,381,30,2,1
2790,381,31,2,1
2790,381,32,2,1
2790,381,33,2,1
2790,381,34,2,1
2790,381,35,2,1
2790,381,36,2,1
2790,381,37,2,1
2790,381,38,2,1
2790,381,39,2,1
2790,381,40,2,1
2790,381,41,2,1
2790,381,42,2,1
2790,381,43,2,1
2790,381,44,2,1
2790,381,45,2,1
2790,381,46,2,1
2790,381,47,2,1
2790,381,48,2,1
2790,381,49,2,1
2790,381,50,2,1
2790,381,51,2,1
2790,381,52,2,1
2790,381,53,2,1
2790,381,54,2,1
2790,381,55,2,1
2790,381,56,2,1
2790,381,57,2,1
2790,381,58,2,1
2790,381,59,2,1
2790,381,60,2,1
2790,381,61,2,1
2790,381,62,2,1
2790,381,63,2,1
2790,381,64,2,1
2790,381,65,2,1
2790,381,66,2,1
2790,381,67,2,1
2790,381,68,2,1
2790,381,69,2,1
2790,381,70,2,1
2790,381,71,2,1
2790,381,72,2,1
2790,381,73,2,1
2790,381,74,2,1
2790,381,75,2,1
2791,381,1,2,1
2791,381,2,2,1
2791,381,3,2,1
2791,381,4,2,1
2791,381,5,2,1
2791,381,6,2,1
2791,381,7,2,1
2791,381,8,2,1
2791,381,9,2,1
2791,381,10,2,1
2791,381,11,2,1
2791,381,12,2,1
2791,381,13,2,1
2791,381,14,2,1
2791,381,15,2,1
2791,381,16,2,1
2791,381,17,2,1
2791,381,18,2,1
2791,381,19,2,1
2791,381,20,2,1
2791,381,21,2,1
2791,381,22,2,1
2791,381,23,2,1
2791,381,24,2,1
2791,381,25,2,1
2791,381,26,2,1
2791,381,27,2,1
2791,381,28,2,1
2791,381,29,2,1
2791,381,30,2,1
2791,381,31,2,1
2791,381,32,2,1
2791,381,33,2,1
2791,381,34,2,1
2791,381,35,2,1
2791,381,36,2,1
2791,381,37,2,1
2791,381,38,2,1
2791,381,39,2,1
2791,381,40,2,1
2791,381,41,2,1
2791,381,42,2,1
2791,381,43,2,1
2791,381,44,2,1
2791,381,45,2,1
2791,381,46,2,1
2791,381,47,2,1
2791,381,48,2,1
2791,381,49,2,1
2791,381,50,2,1
2791,381,51,2,1
2791,381,52,2,1
2791,381,53,2,1
2791,381,54,2,1
2791,381,55,2,1
2791,381,56,2,1
2791,381,57,2,1
2791,381,58,2,1
2791,381,59,2,1
2791,381,60,2,1
2791,381,61,2,1
2791,381,62,2,1
2791,381,63,2,1
2791,381,64,2,1
2791,381,65,2,1
2791,381,66,2,1
2791,381,67,2,1
2791,381,68,2,1
2791,381,69,2,1
2791,381,70,2,1
2791,381,71,2,1
2791,381,72,2,1
2791,381,73,2,1
2791,381,74,2,1
2791,381,75,2,1
2792,380,1,1,1
2792,380,2,1,1
2792,380,3,1,1
2792,380,4,1,1
2792,380,5,1,1
2792,380,6,1,1
2792,380,7,1,1
2792,380,8,1,1
2792,380,9,1,1
2792,380,10,1,1
2792,380,11,1,1
2792,380,12,1,1
2792,380,13,1,1
2792,380,14,1,1
2792,380,15,1,1
2792,380,16,1,1
2792,380,17,1,1
2792,380,18,1,1
2792,380,19,1,1
2792,380,20,1,1
2792,380,21,1,1
2792,380,22,1,1
2792,380,23,1,1
2792,380,24,1,1
2792,380,25,1,1
2792,380,26,1,1
2792,380,27,1,1
2792,380,28,1,1
2792,380,29,1,1
2792,380,30,1,1
2792,380,31,1,1
2792,380,32,1,1
2792,380,33,1,1
2792,380,34,1,1
2792,380,35,1,1
2792,380,36,1,1
2792,380,37,1,1
2792,380,38,1,1
2792,380,39,1,1
2792,380,40,1,1
2792,380,41,1,1
2792,380,42,1,1
2792,380,43,1,1
2792,380,44,1,1
2792,380,45,1,1
2792,380,46,1,1
2792,380,47,1,1
2792,380,48,1,1
2792,380,49,1,1
2792,380,50,1,1
2792,380,51,1,1
2792,380,52,1,1
2792,380,53,1,1
2792,380,54,1,1
2792,380,55,1,1
2792,380,56,1,1
2792,380,57,1,1
2792,380,58,1,1
2792,380,59,1,1
2792,380,60,1,1
2792,380,61,1,1
2792,380,62,1,1
2792,380,63,1,1
2792,380,64,1,1
2792,380,65,1,1
2792,380,66,1,1
2792,380,67,1,1
2792,380,68,1,1
2792,380,69,1,1
2792,380,70,1,1
2792,380,71,1,1
2792,380,72,1,1
2792,380,73,1,1
2792,380,74,1,1
2792,380,75,1,1
2792,380,1,2,1
2792,380,2,2,1
2792,380,3,2,1
2792,380,4,2,1
2792,380,5,2,1
2792,380,6,2,1
2792,380,7,2,1
2792,380,8,2,1
2792,380,9,2,1
2792,380,10,2,1
2792,380,11,2,1
2792,380,12,2,1
2792,380,13,2,1
2792,380,14,2,1
2792,380,15,2,1
2792,380,16,2,1
2792,380,17,2,1
2792,380,18,2,1
2792,380,19,2,1
2792,380,20,2,1
2792,380,21,2,1
2792,380,22,2,1
2792,380,23,2,1
2792,380,24,2,1
2792,380,25,2,1
2792,380,26,2,1
2792,380,27,2,1
2792,380,28,2,1
2792,380,29,2,1
2792,380,30,2,1
2792,380,31,2,1
2792,380,32,2,1
2792,380,33,2,1
2792,380,34,2,1
2792,380,35,2,1
2792,380,36,2,1
2792,380,37,2,1
2792,380,38,2,1
2792,380,39,2,1
2792,380,40,2,1
2792,380,41,2,1
2792,380,42,2,1
2792,380,43,2,1
2792,380,44,2,1
2792,380,45,2,1
2792,380,46,2,1
2792,380,47,2,1
2792,380,48,2,1
2792,380,49,2,1
2792,380,50,2,1
2792,380,51,2,1
2792,380,52,2,1
2792,380,53,2,1
2792,380,54,2,1
2792,380,55,2,1
2792,380,56,2,1
2792,380,57,2,1
2792,380,58,2,1
2792,380,59,2,1
2792,380,60,2,1
2792,380,61,2,1
2792,380,62,2,1
2792,380,63,2,1
2792,380,64,2,1
2792,380,65,2,1
2792,380,66,2,1
2792,380,67,2,1
2792,380,68,2,1
2792,380,69,2,1
2792,380,70,2,1
2792,380,71,2,1
2792,380,72,2,1
2792,380,73,2,1
2792,380,74,2,1
2792,380,75,2,1
2793,380,1,2,1
2793,380,2,2,1
2793,380,3,2,1
2793,380,4,2,1
2793,380,5,2,1
2793,380,6,2,1
2793,380,7,2,1
2793,380,8,2,1
2793,380,9,2,1
2793,380,10,2,1
2793,380,11,2,1
2793,380,12,2,1
2793,380,13,2,1
2793,380,14,2,1
2793,380,15,2,1
2793,380,16,2,1
2793,380,17,2,1
2793,380,18,2,1
2793,380,19,2,1
2793,380,20,2,1
2793,380,21,2,1
2793,380,22,2,1
2793,380,23,2,1
2793,380,24,2,1
2793,380,25,2,1
2793,380,26,2,1
2793,380,27,2,1
2793,380,28,2,1
2793,380,29,2,1
2793,380,30,2,1
2793,380,31,2,1
2793,380,32,2,1
2793,380,33,2,1
2793,380,34,2,1
2793,380,35,2,1
2793,380,36,2,1
2793,380,37,2,1
2793,380,38,2,1
2793,380,39,2,1
2793,380,40,2,1
2793,380,41,2,1
2793,380,42,2,1
2793,380,43,2,1
2793,380,44,2,1
2793,380,45,2,1
2793,380,46,2,1
2793,380,47,2,1
2793,380,48,2,1
2793,380,49,2,1
2793,380,50,2,1
2793,380,51,2,1
2793,380,52,2,1
2793,380,53,2,1
2793,380,54,2,1
2793,380,55,2,1
2793,380,56,2,1
2793,380,57,2,1
2793,380,58,2,1
2793,380,59,2,1
2793,380,60,2,1
2793,380,61,2,1
2793,380,62,2,1
2793,380,63,2,1
2793,380,64,2,1
2793,380,65,2,1
2793,380,66,2,1
2793,380,67,2,1
2793,380,68,2,1
2793,380,69,2,1
2793,380,70,2,1
2793,380,71,2,1
2793,380,72,2,1
2793,380,73,2,1
2793,380,74,2,1
2793,380,75,2,1
2794,379,1,1,1
2794,379,2,1,1
2794,379,3,1,1
2794,379,4,1,1
2794,379,5,1,1
2794,379,6,1,1
2794,379,7,1,1
2794,379,8,1,1
2794,379,9,1,1
2794,379,10,1,1
2794,379,11,1,1
2794,379,12,1,1
2794,379,13,1,1
2794,379,14,1,1
2794,379,15,1,1
2794,379,16,1,1
2794,379,17,1,1
2794,379,18,1,1
2794,379,19,1,1
2794,379,20,1,1
2794,379,21,1,1
2794,379,22,1,1
2794,379,23,1,1
2794,379,24,1,1
2794,379,25,1,1
2794,379,26,1,1
2794,379,27,1,1
2794,379,28,1,1
2794,379,29,1,1
2794,379,30,1,1
2794,379,31,1,1
2794,379,32,1,1
2794,379,33,1,1
2794,379,34,1,1
2794,379,35,1,1
2794,379,36,1,1
2794,379,37,1,1
2794,379,38,1,1
2794,379,39,1,1
2794,379,40,1,1
2794,379,41,1,1
2794,379,42,1,1
2794,379,43,1,1
2794,379,44,1,1
2794,379,45,1,1
2794,379,46,1,1
2794,379,47,1,1
2794,379,48,1,1
2794,379,49,1,1
2794,379,50,1,1
2794,379,51,1,1
2794,379,52,1,1
2794,379,53,1,1
2794,379,54,1,1
2794,379,55,1,1
2794,379,56,1,1
2794,379,57,1,1
2794,379,58,1,1
2794,379,59,1,1
2794,379,60,1,1
2794,379,61,1,1
2794,379,62,1,1
2794,379,63,1,1
2794,379,64,1,1
2794,379,65,1,1
2794,379,66,1,1
2794,379,67,1,1
2794,379,68,1,1
2794,379,69,1,1
2794,379,70,1,1
2794,379,71,1,1
2794,379,72,1,1
2794,379,73,1,1
2794,379,74,1,1
2794,379,75,1,1
2794,379,1,2,1
2794,379,2,2,1
2794,379,3,2,1
2794,379,4,2,1
2794,379,5,2,1
2794,379,6,2,1
2794,379,7,2,1
2794,379,8,2,1
2794,379,9,2,1
2794,379,10,2,1
2794,379,11,2,1
2794,379,12,2,1
2794,379,13,2,1
2794,379,14,2,1
2794,379,15,2,1
2794,379,16,2,1
2794,379,17,2,1
2794,379,18,2,1
2794,379,19,2,1
2794,379,20,2,1
2794,379,21,2,1
2794,379,22,2,1
2794,379,23,2,1
2794,379,24,2,1
2794,379,25,2,1
2794,379,26,2,1
2794,379,27,2,1
2794,379,28,2,1
2794,379,29,2,1
2794,379,30,2,1
2794,379,31,2,1
2794,379,32,2,1
2794,379,33,2,1
2794,379,34,2,1
2794,379,35,2,1
2794,379,36,2,1
2794,379,37,2,1
2794,379,38,2,1
2794,379,39,2,1
2794,379,40,2,1
2794,379,41,2,1
2794,379,42,2,1
2794,379,43,2,1
2794,379,44,2,1
2794,379,45,2,1
2794,379,46,2,1
2794,379,47,2,1
2794,379,48,2,1
2794,379,49,2,1
2794,379,50,2,1
2794,379,51,2,1
2794,379,52,2,1
2794,379,53,2,1
2794,379,54,2,1
2794,379,55,2,1
2794,379,56,2,1
2794,379,57,2,1
2794,379,58,2,1
2794,379,59,2,1
2794,379,60,2,1
2794,379,61,2,1
2794,379,62,2,1
2794,379,63,2,1
2794,379,64,2,1
2794,379,65,2,1
2794,379,66,2,1
2794,379,67,2,1
2794,379,68,2,1
2794,379,69,2,1
2794,379,70,2,1
2794,379,71,2,1
2794,379,72,2,1
2794,379,73,2,1
2794,379,74,2,1
2794,379,75,2,1
2795,379,1,2,1
2795,379,2,2,1
2795,379,3,2,1
2795,379,4,2,1
2795,379,5,2,1
2795,379,6,2,1
2795,379,7,2,1
2795,379,8,2,1
2795,379,9,2,1
2795,379,10,2,1
2795,379,11,2,1
2795,379,12,2,1
2795,379,13,2,1
2795,379,14,2,1
2795,379,15,2,1
2795,379,16,2,1
2795,379,17,2,1
2795,379,18,2,1
2795,379,19,2,1
2795,379,20,2,1
2795,379,21,2,1
2795,379,22,2,1
2795,379,23,2,1
2795,379,24,2,1
2795,379,25,2,1
2795,379,26,2,1
2795,379,27,2,1
2795,379,28,2,1
2795,379,29,2,1
2795,379,30,2,1
2795,379,31,2,1
2795,379,32,2,1
2795,379,33,2,1
2795,379,34,2,1
2795,379,35,2,1
2795,379,36,2,1
2795,379,37,2,1
2795,379,38,2,1
2795,379,39,2,1
2795,379,40,2,1
2795,379,41,2,1
2795,379,42,2,1
2795,379,43,2,1
2795,379,44,2,1
2795,379,45,2,1
2795,379,46,2,1
2795,379,47,2,1
2795,379,48,2,1
2795,379,49,2,1
2795,379,50,2,1
2795,379,51,2,1
2795,379,52,2,1
2795,379,53,2,1
2795,379,54,2,1
2795,379,55,2,1
2795,379,56,2,1
2795,379,57,2,1
2795,379,58,2,1
2795,379,59,2,1
2795,379,60,2,1
2795,379,61,2,1
2795,379,62,2,1
2795,379,63,2,1
2795,379,64,2,1
2795,379,65,2,1
2795,379,66,2,1
2795,379,67,2,1
2795,379,68,2,1
2795,379,69,2,1
2795,379,70,2,1
2795,379,71,2,1
2795,379,72,2,1
2795,379,73,2,1
2795,379,74,2,1
2795,379,75,2,1
2796,378,1,1,1
2796,378,2,1,1
2796,378,3,1,1
2796,378,4,1,1
2796,378,5,1,1
2796,378,6,1,1
2796,378,7,1,1
2796,378,8,1,1
2796,378,9,1,1
2796,378,10,1,1
2796,378,11,1,1
2796,378,12,1,1
2796,378,13,1,1
2796,378,14,1,1
2796,378,15,1,1
2796,378,16,1,1
2796,378,17,1,1
2796,378,18,1,1
2796,378,19,1,1
2796,378,20,1,1
2796,378,21,1,1
2796,378,22,1,1
2796,378,23,1,1
2796,378,24,1,1
2796,378,25,1,1
2796,378,26,1,1
2796,378,27,1,1
2796,378,28,1,1
2796,378,29,1,1
2796,378,30,1,1
2796,378,31,1,1
2796,378,32,1,1
2796,378,33,1,1
2796,378,34,1,1
2796,378,35,1,1
2796,378,36,1,1
2796,378,37,1,1
2796,378,38,1,1
2796,378,39,1,1
2796,378,40,1,1
2796,378,41,1,1
2796,378,42,1,1
2796,378,43,1,1
2796,378,44,1,1
2796,378,45,1,1
2796,378,46,1,1
2796,378,47,1,1
2796,378,48,1,1
2796,378,49,1,1
2796,378,50,1,1
2796,378,51,1,1
2796,378,52,1,1
2796,378,53,1,1
2796,378,54,1,1
2796,378,55,1,1
2796,378,56,1,1
2796,378,57,1,1
2796,378,58,1,1
2796,378,59,1,1
2796,378,60,1,1
2796,378,61,1,1
2796,378,62,1,1
2796,378,63,1,1
2796,378,64,1,1
2796,378,65,1,1
2796,378,66,1,1
2796,378,67,1,1
2796,378,68,1,1
2796,378,69,1,1
2796,378,70,1,1
2796,378,71,1,1
2796,378,72,1,1
2796,378,73,1,1
2796,378,74,1,1
2796,378,75,1,1
2796,378,1,2,1
2796,378,2,2,1
2796,378,3,2,1
2796,378,4,2,1
2796,378,5,2,1
2796,378,6,2,1
2796,378,7,2,1
2796,378,8,2,1
2796,378,9,2,1
2796,378,10,2,1
2796,378,11,2,1
2796,378,12,2,1
2796,378,13,2,1
2796,378,14,2,1
2796,378,15,2,1
2796,378,16,2,1
2796,378,17,2,1
2796,378,18,2,1
2796,378,19,2,1
2796,378,20,2,1
2796,378,21,2,1
2796,378,22,2,1
2796,378,23,2,1
2796,378,24,2,1
2796,378,25,2,1
2796,378,26,2,1
2796,378,27,2,1
2796,378,28,2,1
2796,378,29,2,1
2796,378,30,2,1
2796,378,31,2,1
2796,378,32,2,1
2796,378,33,2,1
2796,378,34,2,1
2796,378,35,2,1
2796,378,36,2,1
2796,378,37,2,1
2796,378,38,2,1
2796,378,39,2,1
2796,378,40,2,1
2796,378,41,2,1
2796,378,42,2,1
2796,378,43,2,1
2796,378,44,2,1
2796,378,45,2,1
2796,378,46,2,1
2796,378,47,2,1
2796,378,48,2,1
2796,378,49,2,1
2796,378,50,2,1
2796,378,51,2,1
2796,378,52,2,1
2796,378,53,2,1
2796,378,54,2,1
2796,378,55,2,1
2796,378,56,2,1
2796,378,57,2,1
2796,378,58,2,1
2796,378,59,2,1
2796,378,60,2,1
2796,378,61,2,1
2796,378,62,2,1
2796,378,63,2,1
2796,378,64,2,1
2796,378,65,2,1
2796,378,66,2,1
2796,378,67,2,1
2796,378,68,2,1
2796,378,69,2,1
2796,378,70,2,1
2796,378,71,2,1
2796,378,72,2,1
2796,378,73,2,1
2796,378,74,2,1
2796,378,75,2,1
2797,378,1,2,1
2797,378,2,2,1
2797,378,3,2,1
2797,378,4,2,1
2797,378,5,2,1
2797,378,6,2,1
2797,378,7,2,1
2797,378,8,2,1
2797,378,9,2,1
2797,378,10,2,1
2797,378,11,2,1
2797,378,12,2,1
2797,378,13,2,1
2797,378,14,2,1
2797,378,15,2,1
2797,378,16,2,1
2797,378,17,2,1
2797,378,18,2,1
2797,378,19,2,1
2797,378,20,2,1
2797,378,21,2,1
2797,378,22,2,1
2797,378,23,2,1
2797,378,24,2,1
2797,378,25,2,1
2797,378,26,2,1
2797,378,27,2,1
2797,378,28,2,1
2797,378,29,2,1
2797,378,30,2,1
2797,378,31,2,1
2797,378,32,2,1
2797,378,33,2,1
2797,378,34,2,1
2797,378,35,2,1
2797,378,36,2,1
2797,378,37,2,1
2797,378,38,2,1
2797,378,39,2,1
2797,378,40,2,1
2797,378,41,2,1
2797,378,42,2,1
2797,378,43,2,1
2797,378,44,2,1
2797,378,45,2,1
2797,378,46,2,1
2797,378,47,2,1
2797,378,48,2,1
2797,378,49,2,1
2797,378,50,2,1
2797,378,51,2,1
2797,378,52,2,1
2797,378,53,2,1
2797,378,54,2,1
2797,378,55,2,1
2797,378,56,2,1
2797,378,57,2,1
2797,378,58,2,1
2797,378,59,2,1
2797,378,60,2,1
2797,378,61,2,1
2797,378,62,2,1
2797,378,63,2,1
2797,378,64,2,1
2797,378,65,2,1
2797,378,66,2,1
2797,378,67,2,1
2797,378,68,2,1
2797,378,69,2,1
2797,378,70,2,1
2797,378,71,2,1
2797,378,72,2,1
2797,378,73,2,1
2797,378,74,2,1
2797,378,75,2,1
2798,378,1,2,1
2798,378,2,2,1
2798,378,3,2,1
2798,378,4,2,1
2798,378,5,2,1
2798,378,6,2,1
2798,378,7,2,1
2798,378,8,2,1
2798,378,9,2,1
2798,378,10,2,1
2798,378,11,2,1
2798,378,12,2,1
2798,378,13,2,1
2798,378,14,2,1
2798,378,15,2,1
2798,378,16,2,1
2798,378,17,2,1
2798,378,18,2,1
2798,378,19,2,1
2798,378,20,2,1
2798,378,21,2,1
2798,378,22,2,1
2798,378,23,2,1
2798,378,24,2,1
2798,378,25,2,1
2798,378,26,2,1
2798,378,27,2,1
2798,378,28,2,1
2798,378,29,2,1
2798,378,30,2,1
2798,378,31,2,1
2798,378,32,2,1
2798,378,33,2,1
2798,378,34,2,1
2798,378,35,2,1
2798,378,36,2,1
2798,378,37,2,1
2798,378,38,2,1
2798,378,39,2,1
2798,378,40,2,1
2798,378,41,2,1
2798,378,42,2,1
2798,378,43,2,1
2798,378,44,2,1
2798,378,45,2,1
2798,378,46,2,1
2798,378,47,2,1
2798,378,48,2,1
2798,378,49,2,1
2798,378,50,2,1
2798,378,51,2,1
2798,378,52,2,1
2798,378,53,2,1
2798,378,54,2,1
2798,378,55,2,1
2798,378,56,2,1
2798,378,57,2,1
2798,378,58,2,1
2798,378,59,2,1
2798,378,60,2,1
2798,378,61,2,1
2798,378,62,2,1
2798,378,63,2,1
2798,378,64,2,1
2798,378,65,2,1
2798,378,66,2,1
2798,378,67,2,1
2798,378,68,2,1
2798,378,69,2,1
2798,378,70,2,1
2798,378,71,2,1
2798,378,72,2,1
2798,378,73,2,1
2798,378,74,2,1
2798,378,75,2,1
2799,377,1,1,1
2799,377,2,1,1
2799,377,3,1,1
2799,377,4,1,1
2799,377,5,1,1
2799,377,6,1,1
2799,377,7,1,1
2799,377,8,1,1
2799,377,9,1,1
2799,377,10,1,1
2799,377,11,1,1
2799,377,12,1,1
2799,377,13,1,1
2799,377,14,1,1
2799,377,15,1,1
2799,377,16,1,1
2799,377,17,1,1
2799,377,18,1,1
2799,377,19,1,1
2799,377,20,1,1
2799,377,21,1,1
2799,377,22,1,1
2799,377,23,1,1
2799,377,24,1,1
2799,377,25,1,1
2799,377,26,1,1
2799,377,27,1,1
2799,377,28,1,1
2799,377,29,1,1
2799,377,30,1,1
2799,377,31,1,1
2799,377,32,1,1
2799,377,33,1,1
2799,377,34,1,1
2799,377,35,1,1
2799,377,36,1,1
2799,377,37,1,1
2799,377,38,1,1
2799,377,39,1,1
2799,377,40,1,1
2799,377,41,1,1
2799,377,42,1,1
2799,377,43,1,1
2799,377,44,1,1
2799,377,45,1,1
2799,377,46,1,1
2799,377,47,1,1
2799,377,48,1,1
2799,377,49,1,1
2799,377,50,1,1
2799,377,51,1,1
2799,377,52,1,1
2799,377,53,1,1
2799,377,54,1,1
2799,377,55,1,1
2799,377,56,1,1
2799,377,57,1,1
2799,377,58,1,1
2799,377,59,1,1
2799,377,60,1,1
2799,377,61,1,1
2799,377,62,1,1
2799,377,63,1,1
2799,377,64,1,1
2799,377,65,1,1
2799,377,66,1,1
2799,377,67,1,1
2799,377,68,1,1
2799,377,69,1,1
2799,377,70,1,1
2799,377,71,1,1
2799,377,72,1,1
2799,377,73,1,1
2799,377,74,1,1
2799,377,75,1,1
2799,377,1,2,1
2799,377,2,2,1
2799,377,3,2,1
2799,377,4,2,1
2799,377,5,2,1
2799,377,6,2,1
2799,377,7,2,1
2799,377,8,2,1
2799,377,9,2,1
2799,377,10,2,1
2799,377,11,2,1
2799,377,12,2,1
2799,377,13,2,1
2799,377,14,2,1
2799,377,15,2,1
2799,377,16,2,1
2799,377,17,2,1
2799,377,18,2,1
2799,377,19,2,1
2799,377,20,2,1
2799,377,21,2,1
2799,377,22,2,1
2799,377,23,2,1
2799,377,24,2,1
2799,377,25,2,1
2799,377,26,2,1
2799,377,27,2,1
2799,377,28,2,1
2799,377,29,2,1
2799,377,30,2,1
2799,377,31,2,1
2799,377,32,2,1
2799,377,33,2,1
2799,377,34,2,1
2799,377,35,2,1
2799,377,36,2,1
2799,377,37,2,1
2799,377,38,2,1
2799,377,39,2,1
2799,377,40,2,1
2799,377,41,2,1
2799,377,42,2,1
2799,377,43,2,1
2799,377,44,2,1
2799,377,45,2,1
2799,377,46,2,1
2799,377,47,2,1
2799,377,48,2,1
2799,377,49,2,1
2799,377,50,2,1
2799,377,51,2,1
2799,377,52,2,1
2799,377,53,2,1
2799,377,54,2,1
2799,377,55,2,1
2799,377,56,2,1
2799,377,57,2,1
2799,377,58,2,1
2799,377,59,2,1
2799,377,60,2,1
2799,377,61,2,1
2799,377,62,2,1
2799,377,63,2,1
2799,377,64,2,1
2799,377,65,2,1
2799,377,66,2,1
2799,377,67,2,1
2799,377,68,2,1
2799,377,69,2,1
2799,377,70,2,1
2799,377,71,2,1
2799,377,72,2,1
2799,377,73,2,1
2799,377,74,2,1
2799,377,75,2,1
2800,377,1,2,1
2800,377,2,2,1
2800,377,3,2,1
2800,377,4,2,1
2800,377,5,2,1
2800,377,6,2,1
2800,377,7,2,1
2800,377,8,2,1
2800,377,9,2,1
2800,377,10,2,1
2800,377,11,2,1
2800,377,12,2,1
2800,377,13,2,1
2800,377,14,2,1
2800,377,15,2,1
2800,377,16,2,1
2800,377,17,2,1
2800,377,18,2,1
2800,377,19,2,1
2800,377,20,2,1
2800,377,21,2,1
2800,377,22,2,1
2800,377,23,2,1
2800,377,24,2,1
2800,377,25,2,1
2800,377,26,2,1
2800,377,27,2,1
2800,377,28,2,1
2800,377,29,2,1
2800,377,30,2,1
2800,377,31,2,1
2800,377,32,2,1
2800,377,33,2,1
2800,377,34,2,1
2800,377,35,2,1
2800,377,36,2,1
2800,377,37,2,1
2800,377,38,2,1
2800,377,39,2,1
2800,377,40,2,1
2800,377,41,2,1
2800,377,42,2,1
2800,377,43,2,1
2800,377,44,2,1
2800,377,45,2,1
2800,377,46,2,1
2800,377,47,2,1
2800,377,48,2,1
2800,377,49,2,1
2800,377,50,2,1
2800,377,51,2,1
2800,377,52,2,1
2800,377,53,2,1
2800,377,54,2,1
2800,377,55,2,1
2800,377,56,2,1
2800,377,57,2,1
2800,377,58,2,1
2800,377,59,2,1
2800,377,60,2,1
2800,377,61,2,1
2800,377,62,2,1
2800,377,63,2,1
2800,377,64,2,1
2800,377,65,2,1
2800,377,66,2,1
2800,377,67,2,1
2800,377,68,2,1
2800,377,69,2,1
2800,377,70,2,1
2800,377,71,2,1
2800,377,72,2,1
2800,377,73,2,1
2800,377,74,2,1
2800,377,75,2,1
2801,376,1,1,1
2801,376,2,1,1
2801,376,3,1,1
2801,376,4,1,1
2801,376,5,1,1
2801,376,6,1,1
2801,376,7,1,1
2801,376,8,1,1
2801,376,9,1,1
2801,376,10,1,1
2801,376,11,1,1
2801,376,12,1,1
2801,376,13,1,1
2801,376,14,1,1
2801,376,15,1,1
2801,376,16,1,1
2801,376,17,1,1
2801,376,18,1,1
2801,376,19,1,1
2801,376,20,1,1
2801,376,21,1,1
2801,376,22,1,1
2801,376,23,1,1
2801,376,24,1,1
2801,376,25,1,1
2801,376,26,1,1
2801,376,27,1,1
2801,376,28,1,1
2801,376,29,1,1
2801,376,30,1,1
2801,376,31,1,1
2801,376,32,1,1
2801,376,33,1,1
2801,376,34,1,1
2801,376,35,1,1
2801,376,36,1,1
2801,376,37,1,1
2801,376,38,1,1
2801,376,39,1,1
2801,376,40,1,1
2801,376,41,1,1
2801,376,42,1,1
2801,376,43,1,1
2801,376,44,1,1
2801,376,45,1,1
2801,376,46,1,1
2801,376,47,1,1
2801,376,48,1,1
2801,376,49,1,1
2801,376,50,1,1
2801,376,51,1,1
2801,376,52,1,1
2801,376,53,1,1
2801,376,54,1,1
2801,376,55,1,1
2801,376,56,1,1
2801,376,57,1,1
2801,376,58,1,1
2801,376,59,1,1
2801,376,60,1,1
2801,376,61,1,1
2801,376,62,1,1
2801,376,63,1,1
2801,376,64,1,1
2801,376,65,1,1
2801,376,66,1,1
2801,376,67,1,1
2801,376,68,1,1
2801,376,69,1,1
2801,376,70,1,1
2801,376,71,1,1
2801,376,72,1,1
2801,376,73,1,1
2801,376,74,1,1
2801,376,75,1,1
2801,376,1,2,1
2801,376,2,2,1
2801,376,3,2,1
2801,376,4,2,1
2801,376,5,2,1
2801,376,6,2,1
2801,376,7,2,1
2801,376,8,2,1
2801,376,9,2,1
2801,376,10,2,1
2801,376,11,2,1
2801,376,12,2,1
2801,376,13,2,1
2801,376,14,2,1
2801,376,15,2,1
2801,376,16,2,1
2801,376,17,2,1
2801,376,18,2,1
2801,376,19,2,1
2801,376,20,2,1
2801,376,21,2,1
2801,376,22,2,1
2801,376,23,2,1
2801,376,24,2,1
2801,376,25,2,1
2801,376,26,2,1
2801,376,27,2,1
2801,376,28,2,1
2801,376,29,2,1
2801,376,30,2,1
2801,376,31,2,1
2801,376,32,2,1
2801,376,33,2,1
2801,376,34,2,1
2801,376,35,2,1
2801,376,36,2,1
2801,376,37,2,1
2801,376,38,2,1
2801,376,39,2,1
2801,376,40,2,1
2801,376,41,2,1
2801,376,42,2,1
2801,376,43,2,1
2801,376,44,2,1
2801,376,45,2,1
2801,376,46,2,1
2801,376,47,2,1
2801,376,48,2,1
2801,376,49,2,1
2801,376,50,2,1
2801,376,51,2,1
2801,376,52,2,1
2801,376,53,2,1
2801,376,54,2,1
2801,376,55,2,1
2801,376,56,2,1
2801,376,57,2,1
2801,376,58,2,1
2801,376,59,2,1
2801,376,60,2,1
2801,376,61,2,1
2801,376,62,2,1
2801,376,63,2,1
2801,376,64,2,1
2801,376,65,2,1
2801,376,66,2,1
2801,376,67,2,1
2801,376,68,2,1
2801,376,69,2,1
2801,376,70,2,1
2801,376,71,2,1
2801,376,72,2,1
2801,376,73,2,1
2801,376,74,2,1
2801,376,75,2,1
2802,376,1,2,1
2802,376,2,2,1
2802,376,3,2,1
2802,376,4,2,1
2802,376,5,2,1
2802,376,6,2,1
2802,376,7,2,1
2802,376,8,2,1
2802,376,9,2,1
2802,376,10,2,1
2802,376,11,2,1
2802,376,12,2,1
2802,376,13,2,1
2802,376,14,2,1
2802,376,15,2,1
2802,376,16,2,1
2802,376,17,2,1
2802,376,18,2,1
2802,376,19,2,1
2802,376,20,2,1
2802,376,21,2,1
2802,376,22,2,1
2802,376,23,2,1
2802,376,24,2,1
2802,376,25,2,1
2802,376,26,2,1
2802,376,27,2,1
2802,376,28,2,1
2802,376,29,2,1
2802,376,30,2,1
2802,376,31,2,1
2802,376,32,2,1
2802,376,33,2,1
2802,376,34,2,1
2802,376,35,2,1
2802,376,36,2,1
2802,376,37,2,1
2802,376,38,2,1
2802,376,39,2,1
2802,376,40,2,1
2802,376,41,2,1
2802,376,42,2,1
2802,376,43,2,1
2802,376,44,2,1
2802,376,45,2,1
2802,376,46,2,1
2802,376,47,2,1
2802,376,48,2,1
2802,376,49,2,1
2802,376,50,2,1
2802,376,51,2,1
2802,376,52,2,1
2802,376,53,2,1
2802,376,54,2,1
2802,376,55,2,1
2802,376,56,2,1
2802,376,57,2,1
2802,376,58,2,1
2802,376,59,2,1
2802,376,60,2,1
2802,376,61,2,1
2802,376,62,2,1
2802,376,63,2,1
2802,376,64,2,1
2802,376,65,2,1
2802,376,66,2,1
2802,376,67,2,1
2802,376,68,2,1
2802,376,69,2,1
2802,376,70,2,1
2802,376,71,2,1
2802,376,72,2,1
2802,376,73,2,1
2802,376,74,2,1
2802,376,75,2,1
2803,375,1,1,1
2803,375,2,1,1
2803,375,3,1,1
2803,375,4,1,1
2803,375,5,1,1
2803,375,6,1,1
2803,375,7,1,1
2803,375,8,1,1
2803,375,9,1,1
2803,375,10,1,1
2803,375,11,1,1
2803,375,12,1,1
2803,375,13,1,1
2803,375,14,1,1
2803,375,15,1,1
2803,375,16,1,1
2803,375,17,1,1
2803,375,18,1,1
2803,375,19,1,1
2803,375,20,1,1
2803,375,21,1,1
2803,375,22,1,1
2803,375,23,1,1
2803,375,24,1,1
2803,375,25,1,1
2803,375,26,1,1
2803,375,27,1,1
2803,375,28,1,1
2803,375,29,1,1
2803,375,30,1,1
2803,375,31,1,1
2803,375,32,1,1
2803,375,33,1,1
2803,375,34,1,1
2803,375,35,1,1
2803,375,36,1,1
2803,375,37,1,1
2803,375,38,1,1
2803,375,39,1,1
2803,375,40,1,1
2803,375,41,1,1
2803,375,42,1,1
2803,375,43,1,1
2803,375,44,1,1
2803,375,45,1,1
2803,375,46,1,1
2803,375,47,1,1
2803,375,48,1,1
2803,375,49,1,1
2803,375,50,1,1
2803,375,51,1,1
2803,375,52,1,1
2803,375,53,1,1
2803,375,54,1,1
2803,375,55,1,1
2803,375,56,1,1
2803,375,57,1,1
2803,375,58,1,1
2803,375,59,1,1
2803,375,60,1,1
2803,375,61,1,1
2803,375,62,1,1
2803,375,63,1,1
2803,375,64,1,1
2803,375,65,1,1
2803,375,66,1,1
2803,375,67,1,1
2803,375,68,1,1
2803,375,69,1,1
2803,375,70,1,1
2803,375,71,1,1
2803,375,72,1,1
2803,375,73,1,1
2803,375,74,1,1
2803,375,75,1,1
2803,375,1,2,1
2803,375,2,2,1
2803,375,3,2,1
2803,375,4,2,1
2803,375,5,2,1
2803,375,6,2,1
2803,375,7,2,1
2803,375,8,2,1
2803,375,9,2,1
2803,375,10,2,1
2803,375,11,2,1
2803,375,12,2,1
2803,375,13,2,1
2803,375,14,2,1
2803,375,15,2,1
2803,375,16,2,1
2803,375,17,2,1
2803,375,18,2,1
2803,375,19,2,1
2803,375,20,2,1
2803,375,21,2,1
2803,375,22,2,1
2803,375,23,2,1
2803,375,24,2,1
2803,375,25,2,1
2803,375,26,2,1
2803,375,27,2,1
2803,375,28,2,1
2803,375,29,2,1
2803,375,30,2,1
2803,375,31,2,1
2803,375,32,2,1
2803,375,33,2,1
2803,375,34,2,1
2803,375,35,2,1
2803,375,36,2,1
2803,375,37,2,1
2803,375,38,2,1
2803,375,39,2,1
2803,375,40,2,1
2803,375,41,2,1
2803,375,42,2,1
2803,375,43,2,1
2803,375,44,2,1
2803,375,45,2,1
2803,375,46,2,1
2803,375,47,2,1
2803,375,48,2,1
2803,375,49,2,1
2803,375,50,2,1
2803,375,51,2,1
2803,375,52,2,1
2803,375,53,2,1
2803,375,54,2,1
2803,375,55,2,1
2803,375,56,2,1
2803,375,57,2,1
2803,375,58,2,1
2803,375,59,2,1
2803,375,60,2,1
2803,375,61,2,1
2803,375,62,2,1
2803,375,63,2,1
2803,375,64,2,1
2803,375,65,2,1
2803,375,66,2,1
2803,375,67,2,1
2803,375,68,2,1
2803,375,69,2,1
2803,375,70,2,1
2803,375,71,2,1
2803,375,72,2,1
2803,375,73,2,1
2803,375,74,2,1
2803,375,75,2,1
2804,375,1,2,1
2804,375,2,2,1
2804,375,3,2,1
2804,375,4,2,1
2804,375,5,2,1
2804,375,6,2,1
2804,375,7,2,1
2804,375,8,2,1
2804,375,9,2,1
2804,375,10,2,1
2804,375,11,2,1
2804,375,12,2,1
2804,375,13,2,1
2804,375,14,2,1
2804,375,15,2,1
2804,375,16,2,1
2804,375,17,2,1
2804,375,18,2,1
2804,375,19,2,1
2804,375,20,2,1
2804,375,21,2,1
2804,375,22,2,1
2804,375,23,2,1
2804,375,24,2,1
2804,375,25,2,1
2804,375,26,2,1
2804,375,27,2,1
2804,375,28,2,1
2804,375,29,2,1
2804,375,30,2,1
2804,375,31,2,1
2804,375,32,2,1
2804,375,33,2,1
2804,375,34,2,1
2804,375,35,2,1
2804,375,36,2,1
2804,375,37,2,1
2804,375,38,2,1
2804,375,39,2,1
2804,375,40,2,1
2804,375,41,2,1
2804,375,42,2,1
2804,375,43,2,1
2804,375,44,2,1
2804,375,45,2,1
2804,375,46,2,1
2804,375,47,2,1
2804,375,48,2,1
2804,375,49,2,1
2804,375,50,2,1
2804,375,51,2,1
2804,375,52,2,1
2804,375,53,2,1
2804,375,54,2,1
2804,375,55,2,1
2804,375,56,2,1
2804,375,57,2,1
2804,375,58,2,1
2804,375,59,2,1
2804,375,60,2,1
2804,375,61,2,1
2804,375,62,2,1
2804,375,63,2,1
2804,375,64,2,1
2804,375,65,2,1
2804,375,66,2,1
2804,375,67,2,1
2804,375,68,2,1
2804,375,69,2,1
2804,375,70,2,1
2804,375,71,2,1
2804,375,72,2,1
2804,375,73,2,1
2804,375,74,2,1
2804,375,75,2,1
2805,375,1,2,1
2805,375,2,2,1
2805,375,3,2,1
2805,375,4,2,1
2805,375,5,2,1
2805,375,6,2,1
2805,375,7,2,1
2805,375,8,2,1
2805,375,9,2,1
2805,375,10,2,1
2805,375,11,2,1
2805,375,12,2,1
2805,375,13,2,1
2805,375,14,2,1
2805,375,15,2,1
2805,375,16,2,1
2805,375,17,2,1
2805,375,18,2,1
2805,375,19,2,1
2805,375,20,2,1
2805,375,21,2,1
2805,375,22,2,1
2805,375,23,2,1
2805,375,24,2,1
2805,375,25,2,1
2805,375,26,2,1
2805,375,27,2,1
2805,375,28,2,1
2805,375,29,2,1
2805,375,30,2,1
2805,375,31,2,1
2805,375,32,2,1
2805,375,33,2,1
2805,375,34,2,1
2805,375,35,2,1
2805,375,36,2,1
2805,375,37,2,1
2805,375,38,2,1
2805,375,39,2,1
2805,375,40,2,1
2805,375,41,2,1
2805,375,42,2,1
2805,375,43,2,1
2805,375,44,2,1
2805,375,45,2,1
2805,375,46,2,1
2805,375,47,2,1
2805,375,48,2,1
2805,375,49,2,1
2805,375,50,2,1
2805,375,51,2,1
2805,375,52,2,1
2805,375,53,2,1
2805,375,54,2,1
2805,375,55,2,1
2805,375,56,2,1
2805,375,57,2,1
2805,375,58,2,1
2805,375,59,2,1
2805,375,60,2,1
2805,375,61,2,1
2805,375,62,2,1
2805,375,63,2,1
2805,375,64,2,1
2805,375,65,2,1
2805,375,66,2,1
2805,375,67,2,1
2805,375,68,2,1
2805,375,69,2,1
2805,375,70,2,1
2805,375,71,2,1
2805,375,72,2,1
2805,375,73,2,1
2805,375,74,2,1
2805,375,75,2,1
2806,374,1,1,1
2806,374,2,1,1
2806,374,3,1,1
2806,374,4,1,1
2806,374,5,1,1
2806,374,6,1,1
2806,374,7,1,1
2806,374,8,1,1
2806,374,9,1,1
2806,374,10,1,1
2806,374,11,1,1
2806,374,12,1,1
2806,374,13,1,1
2806,374,14,1,1
2806,374,15,1,1
2806,374,16,1,1
2806,374,17,1,1
2806,374,18,1,1
2806,374,19,1,1
2806,374,20,1,1
2806,374,21,1,1
2806,374,22,1,1
2806,374,23,1,1
2806,374,24,1,1
2806,374,25,1,1
2806,374,26,1,1
2806,374,27,1,1
2806,374,28,1,1
2806,374,29,1,1
2806,374,30,1,1
2806,374,31,1,1
2806,374,32,1,1
2806,374,33,1,1
2806,374,34,1,1
2806,374,35,1,1
2806,374,36,1,1
2806,374,37,1,1
2806,374,38,1,1
2806,374,39,1,1
2806,374,40,1,1
2806,374,41,1,1
2806,374,42,1,1
2806,374,43,1,1
2806,374,44,1,1
2806,374,45,1,1
2806,374,46,1,1
2806,374,47,1,1
2806,374,48,1,1
2806,374,49,1,1
2806,374,50,1,1
2806,374,51,1,1
2806,374,52,1,1
2806,374,53,1,1
2806,374,54,1,1
2806,374,55,1,1
2806,374,56,1,1
2806,374,57,1,1
2806,374,58,1,1
2806,374,59,1,1
2806,374,60,1,1
2806,374,61,1,1
2806,374,62,1,1
2806,374,63,1,1
2806,374,64,1,1
2806,374,65,1,1
2806,374,66,1,1
2806,374,67,1,1
2806,374,68,1,1
2806,374,69,1,1
2806,374,70,1,1
2806,374,71,1,1
2806,374,72,1,1
2806,374,73,1,1
2806,374,74,1,1
2806,374,75,1,1
2806,374,1,2,1
2806,374,2,2,1
2806,374,3,2,1
2806,374,4,2,1
2806,374,5,2,1
2806,374,6,2,1
2806,374,7,2,1
2806,374,8,2,1
2806,374,9,2,1
2806,374,10,2,1
2806,374,11,2,1
2806,374,12,2,1
2806,374,13,2,1
2806,374,14,2,1
2806,374,15,2,1
2806,374,16,2,1
2806,374,17,2,1
2806,374,18,2,1
2806,374,19,2,1
2806,374,20,2,1
2806,374,21,2,1
2806,374,22,2,1
2806,374,23,2,1
2806,374,24,2,1
2806,374,25,2,1
2806,374,26,2,1
2806,374,27,2,1
2806,374,28,2,1
2806,374,29,2,1
2806,374,30,2,1
2806,374,31,2,1
2806,374,32,2,1
2806,374,33,2,1
2806,374,34,2,1
2806,374,35,2,1
2806,374,36,2,1
2806,374,37,2,1
2806,374,38,2,1
2806,374,39,2,1
2806,374,40,2,1
2806,374,41,2,1
2806,374,42,2,1
2806,374,43,2,1
2806,374,44,2,1
2806,374,45,2,1
2806,374,46,2,1
2806,374,47,2,1
2806,374,48,2,1
2806,374,49,2,1
2806,374,50,2,1
2806,374,51,2,1
2806,374,52,2,1
2806,374,53,2,1
2806,374,54,2,1
2806,374,55,2,1
2806,374,56,2,1
2806,374,57,2,1
2806,374,58,2,1
2806,374,59,2,1
2806,374,60,2,1
2806,374,61,2,1
2806,374,62,2,1
2806,374,63,2,1
2806,374,64,2,1
2806,374,65,2,1
2806,374,66,2,1
2806,374,67,2,1
2806,374,68,2,1
2806,374,69,2,1
2806,374,70,2,1
2806,374,71,2,1
2806,374,72,2,1
2806,374,73,2,1
2806,374,74,2,1
2806,374,75,2,1
2807,374,1,2,1
2807,374,2,2,1
2807,374,3,2,1
2807,374,4,2,1
2807,374,5,2,1
2807,374,6,2,1
2807,374,7,2,1
2807,374,8,2,1
2807,374,9,2,1
2807,374,10,2,1
2807,374,11,2,1
2807,374,12,2,1
2807,374,13,2,1
2807,374,14,2,1
2807,374,15,2,1
2807,374,16,2,1
2807,374,17,2,1
2807,374,18,2,1
2807,374,19,2,1
2807,374,20,2,1
2807,374,21,2,1
2807,374,22,2,1
2807,374,23,2,1
2807,374,24,2,1
2807,374,25,2,1
2807,374,26,2,1
2807,374,27,2,1
2807,374,28,2,1
2807,374,29,2,1
2807,374,30,2,1
2807,374,31,2,1
2807,374,32,2,1
2807,374,33,2,1
2807,374,34,2,1
2807,374,35,2,1
2807,374,36,2,1
2807,374,37,2,1
2807,374,38,2,1
2807,374,39,2,1
2807,374,40,2,1
2807,374,41,2,1
2807,374,42,2,1
2807,374,43,2,1
2807,374,44,2,1
2807,374,45,2,1
2807,374,46,2,1
2807,374,47,2,1
2807,374,48,2,1
2807,374,49,2,1
2807,374,50,2,1
2807,374,51,2,1
2807,374,52,2,1
2807,374,53,2,1
2807,374,54,2,1
2807,374,55,2,1
2807,374,56,2,1
2807,374,57,2,1
2807,374,58,2,1
2807,374,59,2,1
2807,374,60,2,1
2807,374,61,2,1
2807,374,62,2,1
2807,374,63,2,1
2807,374,64,2,1
2807,374,65,2,1
2807,374,66,2,1
2807,374,67,2,1
2807,374,68,2,1
2807,374,69,2,1
2807,374,70,2,1
2807,374,71,2,1
2807,374,72,2,1
2807,374,73,2,1
2807,374,74,2,1
2807,374,75,2,1
2808,373,1,1,1
2808,373,2,1,1
2808,373,3,1,1
2808,373,4,1,1
2808,373,5,1,1
2808,373,6,1,1
2808,373,7,1,1
2808,373,8,1,1
2808,373,9,1,1
2808,373,10,1,1
2808,373,11,1,1
2808,373,12,1,1
2808,373,13,1,1
2808,373,14,1,1
2808,373,15,1,1
2808,373,16,1,1
2808,373,17,1,1
2808,373,18,1,1
2808,373,19,1,1
2808,373,20,1,1
2808,373,21,1,1
2808,373,22,1,1
2808,373,23,1,1
2808,373,24,1,1
2808,373,25,1,1
2808,373,26,1,1
2808,373,27,1,1
2808,373,28,1,1
2808,373,29,1,1
2808,373,30,1,1
2808,373,31,1,1
2808,373,32,1,1
2808,373,33,1,1
2808,373,34,1,1
2808,373,35,1,1
2808,373,36,1,1
2808,373,37,1,1
2808,373,38,1,1
2808,373,39,1,1
2808,373,40,1,1
2808,373,41,1,1
2808,373,42,1,1
2808,373,43,1,1
2808,373,44,1,1
2808,373,45,1,1
2808,373,46,1,1
2808,373,47,1,1
2808,373,48,1,1
2808,373,49,1,1
2808,373,50,1,1
2808,373,51,1,1
2808,373,52,1,1
2808,373,53,1,1
2808,373,54,1,1
2808,373,55,1,1
2808,373,56,1,1
2808,373,57,1,1
2808,373,58,1,1
2808,373,59,1,1
2808,373,60,1,1
2808,373,61,1,1
2808,373,62,1,1
2808,373,63,1,1
2808,373,64,1,1
2808,373,65,1,1
2808,373,66,1,1
2808,373,67,1,1
2808,373,68,1,1
2808,373,69,1,1
2808,373,70,1,1
2808,373,71,1,1
2808,373,72,1,1
2808,373,73,1,1
2808,373,74,1,1
2808,373,75,1,1
2808,373,1,2,1
2808,373,2,2,1
2808,373,3,2,1
2808,373,4,2,1
2808,373,5,2,1
2808,373,6,2,1
2808,373,7,2,1
2808,373,8,2,1
2808,373,9,2,1
2808,373,10,2,1
2808,373,11,2,1
2808,373,12,2,1
2808,373,13,2,1
2808,373,14,2,1
2808,373,15,2,1
2808,373,16,2,1
2808,373,17,2,1
2808,373,18,2,1
2808,373,19,2,1
2808,373,20,2,1
2808,373,21,2,1
2808,373,22,2,1
2808,373,23,2,1
2808,373,24,2,1
2808,373,25,2,1
2808,373,26,2,1
2808,373,27,2,1
2808,373,28,2,1
2808,373,29,2,1
2808,373,30,2,1
2808,373,31,2,1
2808,373,32,2,1
2808,373,33,2,1
2808,373,34,2,1
2808,373,35,2,1
2808,373,36,2,1
2808,373,37,2,1
2808,373,38,2,1
2808,373,39,2,1
2808,373,40,2,1
2808,373,41,2,1
2808,373,42,2,1
2808,373,43,2,1
2808,373,44,2,1
2808,373,45,2,1
2808,373,46,2,1
2808,373,47,2,1
2808,373,48,2,1
2808,373,49,2,1
2808,373,50,2,1
2808,373,51,2,1
2808,373,52,2,1
2808,373,53,2,1
2808,373,54,2,1
2808,373,55,2,1
2808,373,56,2,1
2808,373,57,2,1
2808,373,58,2,1
2808,373,59,2,1
2808,373,60,2,1
2808,373,61,2,1
2808,373,62,2,1
2808,373,63,2,1
2808,373,64,2,1
2808,373,65,2,1
2808,373,66,2,1
2808,373,67,2,1
2808,373,68,2,1
2808,373,69,2,1
2808,373,70,2,1
2808,373,71,2,1
2808,373,72,2,1
2808,373,73,2,1
2808,373,74,2,1
2808,373,75,2,1
2809,373,1,2,1
2809,373,2,2,1
2809,373,3,2,1
2809,373,4,2,1
2809,373,5,2,1
2809,373,6,2,1
2809,373,7,2,1
2809,373,8,2,1
2809,373,9,2,1
2809,373,10,2,1
2809,373,11,2,1
2809,373,12,2,1
2809,373,13,2,1
2809,373,14,2,1
2809,373,15,2,1
2809,373,16,2,1
2809,373,17,2,1
2809,373,18,2,1
2809,373,19,2,1
2809,373,20,2,1
2809,373,21,2,1
2809,373,22,2,1
2809,373,23,2,1
2809,373,24,2,1
2809,373,25,2,1
2809,373,26,2,1
2809,373,27,2,1
2809,373,28,2,1
2809,373,29,2,1
2809,373,30,2,1
2809,373,31,2,1
2809,373,32,2,1
2809,373,33,2,1
2809,373,34,2,1
2809,373,35,2,1
2809,373,36,2,1
2809,373,37,2,1
2809,373,38,2,1
2809,373,39,2,1
2809,373,40,2,1
2809,373,41,2,1
2809,373,42,2,1
2809,373,43,2,1
2809,373,44,2,1
2809,373,45,2,1
2809,373,46,2,1
2809,373,47,2,1
2809,373,48,2,1
2809,373,49,2,1
2809,373,50,2,1
2809,373,51,2,1
2809,373,52,2,1
2809,373,53,2,1
2809,373,54,2,1
2809,373,55,2,1
2809,373,56,2,1
2809,373,57,2,1
2809,373,58,2,1
2809,373,59,2,1
2809,373,60,2,1
2809,373,61,2,1
2809,373,62,2,1
2809,373,63,2,1
2809,373,64,2,1
2809,373,65,2,1
2809,373,66,2,1
2809,373,67,2,1
2809,373,68,2,1
2809,373,69,2,1
2809,373,70,2,1
2809,373,71,2,1
2809,373,72,2,1
2809,373,73,2,1
2809,373,74,2,1
2809,373,75,2,1
2810,372,1,1,1
2810,372,2,1,1
2810,372,3,1,1
2810,372,4,1,1
2810,372,5,1,1
2810,372,6,1,1
2810,372,7,1,1
2810,372,8,1,1
2810,372,9,1,1
2810,372,10,1,1
2810,372,11,1,1
2810,372,12,1,1
2810,372,13,1,1
2810,372,14,1,1
2810,372,15,1,1
2810,372,16,1,1
2810,372,17,1,1
2810,372,18,1,1
2810,372,19,1,1
2810,372,20,1,1
2810,372,21,1,1
2810,372,22,1,1
2810,372,23,1,1
2810,372,24,1,1
2810,372,25,1,1
2810,372,26,1,1
2810,372,27,1,1
2810,372,28,1,1
2810,372,29,1,1
2810,372,30,1,1
2810,372,31,1,1
2810,372,32,1,1
2810,372,33,1,1
2810,372,34,1,1
2810,372,35,1,1
2810,372,36,1,1
2810,372,37,1,1
2810,372,38,1,1
2810,372,39,1,1
2810,372,40,1,1
2810,372,41,1,1
2810,372,42,1,1
2810,372,43,1,1
2810,372,44,1,1
2810,372,45,1,1
2810,372,46,1,1
2810,372,47,1,1
2810,372,48,1,1
2810,372,49,1,1
2810,372,50,1,1
2810,372,51,1,1
2810,372,52,1,1
2810,372,53,1,1
2810,372,54,1,1
2810,372,55,1,1
2810,372,56,1,1
2810,372,57,1,1
2810,372,58,1,1
2810,372,59,1,1
2810,372,60,1,1
2810,372,61,1,1
2810,372,62,1,1
2810,372,63,1,1
2810,372,64,1,1
2810,372,65,1,1
2810,372,66,1,1
2810,372,67,1,1
2810,372,68,1,1
2810,372,69,1,1
2810,372,70,1,1
2810,372,71,1,1
2810,372,72,1,1
2810,372,73,1,1
2810,372,74,1,1
2810,372,75,1,1
2810,372,1,2,1
2810,372,2,2,1
2810,372,3,2,1
2810,372,4,2,1
2810,372,5,2,1
2810,372,6,2,1
2810,372,7,2,1
2810,372,8,2,1
2810,372,9,2,1
2810,372,10,2,1
2810,372,11,2,1
2810,372,12,2,1
2810,372,13,2,1
2810,372,14,2,1
2810,372,15,2,1
2810,372,16,2,1
2810,372,17,2,1
2810,372,18,2,1
2810,372,19,2,1
2810,372,20,2,1
2810,372,21,2,1
2810,372,22,2,1
2810,372,23,2,1
2810,372,24,2,1
2810,372,25,2,1
2810,372,26,2,1
2810,372,27,2,1
2810,372,28,2,1
2810,372,29,2,1
2810,372,30,2,1
2810,372,31,2,1
2810,372,32,2,1
2810,372,33,2,1
2810,372,34,2,1
2810,372,35,2,1
2810,372,36,2,1
2810,372,37,2,1
2810,372,38,2,1
2810,372,39,2,1
2810,372,40,2,1
2810,372,41,2,1
2810,372,42,2,1
2810,372,43,2,1
2810,372,44,2,1
2810,372,45,2,1
2810,372,46,2,1
2810,372,47,2,1
2810,372,48,2,1
2810,372,49,2,1
2810,372,50,2,1
2810,372,51,2,1
2810,372,52,2,1
2810,372,53,2,1
2810,372,54,2,1
2810,372,55,2,1
2810,372,56,2,1
2810,372,57,2,1
2810,372,58,2,1
2810,372,59,2,1
2810,372,60,2,1
2810,372,61,2,1
2810,372,62,2,1
2810,372,63,2,1
2810,372,64,2,1
2810,372,65,2,1
2810,372,66,2,1
2810,372,67,2,1
2810,372,68,2,1
2810,372,69,2,1
2810,372,70,2,1
2810,372,71,2,1
2810,372,72,2,1
2810,372,73,2,1
2810,372,74,2,1
2810,372,75,2,1
2811,372,1,2,1
2811,372,2,2,1
2811,372,3,2,1
2811,372,4,2,1
2811,372,5,2,1
2811,372,6,2,1
2811,372,7,2,1
2811,372,8,2,1
2811,372,9,2,1
2811,372,10,2,1
2811,372,11,2,1
2811,372,12,2,1
2811,372,13,2,1
2811,372,14,2,1
2811,372,15,2,1
2811,372,16,2,1
2811,372,17,2,1
2811,372,18,2,1
2811,372,19,2,1
2811,372,20,2,1
2811,372,21,2,1
2811,372,22,2,1
2811,372,23,2,1
2811,372,24,2,1
2811,372,25,2,1
2811,372,26,2,1
2811,372,27,2,1
2811,372,28,2,1
2811,372,29,2,1
2811,372,30,2,1
2811,372,31,2,1
2811,372,32,2,1
2811,372,33,2,1
2811,372,34,2,1
2811,372,35,2,1
2811,372,36,2,1
2811,372,37,2,1
2811,372,38,2,1
2811,372,39,2,1
2811,372,40,2,1
2811,372,41,2,1
2811,372,42,2,1
2811,372,43,2,1
2811,372,44,2,1
2811,372,45,2,1
2811,372,46,2,1
2811,372,47,2,1
2811,372,48,2,1
2811,372,49,2,1
2811,372,50,2,1
2811,372,51,2,1
2811,372,52,2,1
2811,372,53,2,1
2811,372,54,2,1
2811,372,55,2,1
2811,372,56,2,1
2811,372,57,2,1
2811,372,58,2,1
2811,372,59,2,1
2811,372,60,2,1
2811,372,61,2,1
2811,372,62,2,1
2811,372,63,2,1
2811,372,64,2,1
2811,372,65,2,1
2811,372,66,2,1
2811,372,67,2,1
2811,372,68,2,1
2811,372,69,2,1
2811,372,70,2,1
2811,372,71,2,1
2811,372,72,2,1
2811,372,73,2,1
2811,372,74,2,1
2811,372,75,2,1
2812,372,1,2,1
2812,372,2,2,1
2812,372,3,2,1
2812,372,4,2,1
2812,372,5,2,1
2812,372,6,2,1
2812,372,7,2,1
2812,372,8,2,1
2812,372,9,2,1
2812,372,10,2,1
2812,372,11,2,1
2812,372,12,2,1
2812,372,13,2,1
2812,372,14,2,1
2812,372,15,2,1
2812,372,16,2,1
2812,372,17,2,1
2812,372,18,2,1
2812,372,19,2,1
2812,372,20,2,1
2812,372,21,2,1
2812,372,22,2,1
2812,372,23,2,1
2812,372,24,2,1
2812,372,25,2,1
2812,372,26,2,1
2812,372,27,2,1
2812,372,28,2,1
2812,372,29,2,1
2812,372,30,2,1
2812,372,31,2,1
2812,372,32,2,1
2812,372,33,2,1
2812,372,34,2,1
2812,372,35,2,1
2812,372,36,2,1
2812,372,37,2,1
2812,372,38,2,1
2812,372,39,2,1
2812,372,40,2,1
2812,372,41,2,1
2812,372,42,2,1
2812,372,43,2,1
2812,372,44,2,1
2812,372,45,2,1
2812,372,46,2,1
2812,372,47,2,1
2812,372,48,2,1
2812,372,49,2,1
2812,372,50,2,1
2812,372,51,2,1
2812,372,52,2,1
2812,372,53,2,1
2812,372,54,2,1
2812,372,55,2,1
2812,372,56,2,1
2812,372,57,2,1
2812,372,58,2,1
2812,372,59,2,1
2812,372,60,2,1
2812,372,61,2,1
2812,372,62,2,1
2812,372,63,2,1
2812,372,64,2,1
2812,372,65,2,1
2812,372,66,2,1
2812,372,67,2,1
2812,372,68,2,1
2812,372,69,2,1
2812,372,70,2,1
2812,372,71,2,1
2812,372,72,2,1
2812,372,73,2,1
2812,372,74,2,1
2812,372,75,2,1
2813,371,1,1,1
2813,371,2,1,1
2813,371,3,1,1
2813,371,4,1,1
2813,371,5,1,1
2813,371,6,1,1
2813,371,7,1,1
2813,371,8,1,1
2813,371,9,1,1
2813,371,10,1,1
2813,371,11,1,1
2813,371,12,1,1
2813,371,13,1,1
2813,371,14,1,1
2813,371,15,1,1
2813,371,16,1,1
2813,371,17,1,1
2813,371,18,1,1
2813,371,19,1,1
2813,371,20,1,1
2813,371,21,1,1
2813,371,22,1,1
2813,371,23,1,1
2813,371,24,1,1
2813,371,25,1,1
2813,371,26,1,1
2813,371,27,1,1
2813,371,28,1,1
2813,371,29,1,1
2813,371,30,1,1
2813,371,31,1,1
2813,371,32,1,1
2813,371,33,1,1
2813,371,34,1,1
2813,371,35,1,1
2813,371,36,1,1
2813,371,37,1,1
2813,371,38,1,1
2813,371,39,1,1
2813,371,40,1,1
2813,371,41,1,1
2813,371,42,1,1
2813,371,43,1,1
2813,371,44,1,1
2813,371,45,1,1
2813,371,46,1,1
2813,371,47,1,1
2813,371,48,1,1
2813,371,49,1,1
2813,371,50,1,1
2813,371,51,1,1
2813,371,52,1,1
2813,371,53,1,1
2813,371,54,1,1
2813,371,55,1,1
2813,371,56,1,1
2813,371,57,1,1
2813,371,58,1,1
2813,371,59,1,1
2813,371,60,1,1
2813,371,61,1,1
2813,371,62,1,1
2813,371,63,1,1
2813,371,64,1,1
2813,371,65,1,1
2813,371,66,1,1
2813,371,67,1,1
2813,371,68,1,1
2813,371,69,1,1
2813,371,70,1,1
2813,371,71,1,1
2813,371,72,1,1
2813,371,73,1,1
2813,371,74,1,1
2813,371,75,1,1
2813,371,1,2,1
2813,371,2,2,1
2813,371,3,2,1
2813,371,4,2,1
2813,371,5,2,1
2813,371,6,2,1
2813,371,7,2,1
2813,371,8,2,1
2813,371,9,2,1
2813,371,10,2,1
2813,371,11,2,1
2813,371,12,2,1
2813,371,13,2,1
2813,371,14,2,1
2813,371,15,2,1
2813,371,16,2,1
2813,371,17,2,1
2813,371,18,2,1
2813,371,19,2,1
2813,371,20,2,1
2813,371,21,2,1
2813,371,22,2,1
2813,371,23,2,1
2813,371,24,2,1
2813,371,25,2,1
2813,371,26,2,1
2813,371,27,2,1
2813,371,28,2,1
2813,371,29,2,1
2813,371,30,2,1
2813,371,31,2,1
2813,371,32,2,1
2813,371,33,2,1
2813,371,34,2,1
2813,371,35,2,1
2813,371,36,2,1
2813,371,37,2,1
2813,371,38,2,1
2813,371,39,2,1
2813,371,40,2,1
2813,371,41,2,1
2813,371,42,2,1
2813,371,43,2,1
2813,371,44,2,1
2813,371,45,2,1
2813,371,46,2,1
2813,371,47,2,1
2813,371,48,2,1
2813,371,49,2,1
2813,371,50,2,1
2813,371,51,2,1
2813,371,52,2,1
2813,371,53,2,1
2813,371,54,2,1
2813,371,55,2,1
2813,371,56,2,1
2813,371,57,2,1
2813,371,58,2,1
2813,371,59,2,1
2813,371,60,2,1
2813,371,61,2,1
2813,371,62,2,1
2813,371,63,2,1
2813,371,64,2,1
2813,371,65,2,1
2813,371,66,2,1
2813,371,67,2,1
2813,371,68,2,1
2813,371,69,2,1
2813,371,70,2,1
2813,371,71,2,1
2813,371,72,2,1
2813,371,73,2,1
2813,371,74,2,1
2813,371,75,2,1
2814,371,1,2,1
2814,371,2,2,1
2814,371,3,2,1
2814,371,4,2,1
2814,371,5,2,1
2814,371,6,2,1
2814,371,7,2,1
2814,371,8,2,1
2814,371,9,2,1
2814,371,10,2,1
2814,371,11,2,1
2814,371,12,2,1
2814,371,13,2,1
2814,371,14,2,1
2814,371,15,2,1
2814,371,16,2,1
2814,371,17,2,1
2814,371,18,2,1
2814,371,19,2,1
2814,371,20,2,1
2814,371,21,2,1
2814,371,22,2,1
2814,371,23,2,1
2814,371,24,2,1
2814,371,25,2,1
2814,371,26,2,1
2814,371,27,2,1
2814,371,28,2,1
2814,371,29,2,1
2814,371,30,2,1
2814,371,31,2,1
2814,371,32,2,1
2814,371,33,2,1
2814,371,34,2,1
2814,371,35,2,1
2814,371,36,2,1
2814,371,37,2,1
2814,371,38,2,1
2814,371,39,2,1
2814,371,40,2,1
2814,371,41,2,1
2814,371,42,2,1
2814,371,43,2,1
2814,371,44,2,1
2814,371,45,2,1
2814,371,46,2,1
2814,371,47,2,1
2814,371,48,2,1
2814,371,49,2,1
2814,371,50,2,1
2814,371,51,2,1
2814,371,52,2,1
2814,371,53,2,1
2814,371,54,2,1
2814,371,55,2,1
2814,371,56,2,1
2814,371,57,2,1
2814,371,58,2,1
2814,371,59,2,1
2814,371,60,2,1
2814,371,61,2,1
2814,371,62,2,1
2814,371,63,2,1
2814,371,64,2,1
2814,371,65,2,1
2814,371,66,2,1
2814,371,67,2,1
2814,371,68,2,1
2814,371,69,2,1
2814,371,70,2,1
2814,371,71,2,1
2814,371,72,2,1
2814,371,73,2,1
2814,371,74,2,1
2814,371,75,2,1
2815,370,1,1,1
2815,370,2,1,1
2815,370,3,1,1
2815,370,4,1,1
2815,370,5,1,1
2815,370,6,1,1
2815,370,7,1,1
2815,370,8,1,1
2815,370,9,1,1
2815,370,10,1,1
2815,370,11,1,1
2815,370,12,1,1
2815,370,13,1,1
2815,370,14,1,1
2815,370,15,1,1
2815,370,16,1,1
2815,370,17,1,1
2815,370,18,1,1
2815,370,19,1,1
2815,370,20,1,1
2815,370,21,1,1
2815,370,22,1,1
2815,370,23,1,1
2815,370,24,1,1
2815,370,25,1,1
2815,370,26,1,1
2815,370,27,1,1
2815,370,28,1,1
2815,370,29,1,1
2815,370,30,1,1
2815,370,31,1,1
2815,370,32,1,1
2815,370,33,1,1
2815,370,34,1,1
2815,370,35,1,1
2815,370,36,1,1
2815,370,37,1,1
2815,370,38,1,1
2815,370,39,1,1
2815,370,40,1,1
2815,370,41,1,1
2815,370,42,1,1
2815,370,43,1,1
2815,370,44,1,1
2815,370,45,1,1
2815,370,46,1,1
2815,370,47,1,1
2815,370,48,1,1
2815,370,49,1,1
2815,370,50,1,1
2815,370,51,1,1
2815,370,52,1,1
2815,370,53,1,1
2815,370,54,1,1
2815,370,55,1,1
2815,370,56,1,1
2815,370,57,1,1
2815,370,58,1,1
2815,370,59,1,1
2815,370,60,1,1
2815,370,61,1,1
2815,370,62,1,1
2815,370,63,1,1
2815,370,64,1,1
2815,370,65,1,1
2815,370,66,1,1
2815,370,67,1,1
2815,370,68,1,1
2815,370,69,1,1
2815,370,70,1,1
2815,370,71,1,1
2815,370,72,1,1
2815,370,73,1,1
2815,370,74,1,1
2815,370,75,1,1
2815,370,1,2,1
2815,370,2,2,1
2815,370,3,2,1
2815,370,4,2,1
2815,370,5,2,1
2815,370,6,2,1
2815,370,7,2,1
2815,370,8,2,1
2815,370,9,2,1
2815,370,10,2,1
2815,370,11,2,1
2815,370,12,2,1
2815,370,13,2,1
2815,370,14,2,1
2815,370,15,2,1
2815,370,16,2,1
2815,370,17,2,1
2815,370,18,2,1
2815,370,19,2,1
2815,370,20,2,1
2815,370,21,2,1
2815,370,22,2,1
2815,370,23,2,1
2815,370,24,2,1
2815,370,25,2,1
2815,370,26,2,1
2815,370,27,2,1
2815,370,28,2,1
2815,370,29,2,1
2815,370,30,2,1
2815,370,31,2,1
2815,370,32,2,1
2815,370,33,2,1
2815,370,34,2,1
2815,370,35,2,1
2815,370,36,2,1
2815,370,37,2,1
2815,370,38,2,1
2815,370,39,2,1
2815,370,40,2,1
2815,370,41,2,1
2815,370,42,2,1
2815,370,43,2,1
2815,370,44,2,1
2815,370,45,2,1
2815,370,46,2,1
2815,370,47,2,1
2815,370,48,2,1
2815,370,49,2,1
2815,370,50,2,1
2815,370,51,2,1
2815,370,52,2,1
2815,370,53,2,1
2815,370,54,2,1
2815,370,55,2,1
2815,370,56,2,1
2815,370,57,2,1
2815,370,58,2,1
2815,370,59,2,1
2815,370,60,2,1
2815,370,61,2,1
2815,370,62,2,1
2815,370,63,2,1
2815,370,64,2,1
2815,370,65,2,1
2815,370,66,2,1
2815,370,67,2,1
2815,370,68,2,1
2815,370,69,2,1
2815,370,70,2,1
2815,370,71,2,1
2815,370,72,2,1
2815,370,73,2,1
2815,370,74,2,1
2815,370,75,2,1
2816,370,1,2,1
2816,370,2,2,1
2816,370,3,2,1
2816,370,4,2,1
2816,370,5,2,1
2816,370,6,2,1
2816,370,7,2,1
2816,370,8,2,1
2816,370,9,2,1
2816,370,10,2,1
2816,370,11,2,1
2816,370,12,2,1
2816,370,13,2,1
2816,370,14,2,1
2816,370,15,2,1
2816,370,16,2,1
2816,370,17,2,1
2816,370,18,2,1
2816,370,19,2,1
2816,370,20,2,1
2816,370,21,2,1
2816,370,22,2,1
2816,370,23,2,1
2816,370,24,2,1
2816,370,25,2,1
2816,370,26,2,1
2816,370,27,2,1
2816,370,28,2,1
2816,370,29,2,1
2816,370,30,2,1
2816,370,31,2,1
2816,370,32,2,1
2816,370,33,2,1
2816,370,34,2,1
2816,370,35,2,1
2816,370,36,2,1
2816,370,37,2,1
2816,370,38,2,1
2816,370,39,2,1
2816,370,40,2,1
2816,370,41,2,1
2816,370,42,2,1
2816,370,43,2,1
2816,370,44,2,1
2816,370,45,2,1
2816,370,46,2,1
2816,370,47,2,1
2816,370,48,2,1
2816,370,49,2,1
2816,370,50,2,1
2816,370,51,2,1
2816,370,52,2,1
2816,370,53,2,1
2816,370,54,2,1
2816,370,55,2,1
2816,370,56,2,1
2816,370,57,2,1
2816,370,58,2,1
2816,370,59,2,1
2816,370,60,2,1
2816,370,61,2,1
2816,370,62,2,1
2816,370,63,2,1
2816,370,64,2,1
2816,370,65,2,1
2816,370,66,2,1
2816,370,67,2,1
2816,370,68,2,1
2816,370,69,2,1
2816,370,70,2,1
2816,370,71,2,1
2816,370,72,2,1
2816,370,73,2,1
2816,370,74,2,1
2816,370,75,2,1
2817,370,1,2,1
2817,370,2,2,1
2817,370,3,2,1
2817,370,4,2,1
2817,370,5,2,1
2817,370,6,2,1
2817,370,7,2,1
2817,370,8,2,1
2817,370,9,2,1
2817,370,10,2,1
2817,370,11,2,1
2817,370,12,2,1
2817,370,13,2,1
2817,370,14,2,1
2817,370,15,2,1
2817,370,16,2,1
2817,370,17,2,1
2817,370,18,2,1
2817,370,19,2,1
2817,370,20,2,1
2817,370,21,2,1
2817,370,22,2,1
2817,370,23,2,1
2817,370,24,2,1
2817,370,25,2,1
2817,370,26,2,1
2817,370,27,2,1
2817,370,28,2,1
2817,370,29,2,1
2817,370,30,2,1
2817,370,31,2,1
2817,370,32,2,1
2817,370,33,2,1
2817,370,34,2,1
2817,370,35,2,1
2817,370,36,2,1
2817,370,37,2,1
2817,370,38,2,1
2817,370,39,2,1
2817,370,40,2,1
2817,370,41,2,1
2817,370,42,2,1
2817,370,43,2,1
2817,370,44,2,1
2817,370,45,2,1
2817,370,46,2,1
2817,370,47,2,1
2817,370,48,2,1
2817,370,49,2,1
2817,370,50,2,1
2817,370,51,2,1
2817,370,52,2,1
2817,370,53,2,1
2817,370,54,2,1
2817,370,55,2,1
2817,370,56,2,1
2817,370,57,2,1
2817,370,58,2,1
2817,370,59,2,1
2817,370,60,2,1
2817,370,61,2,1
2817,370,62,2,1
2817,370,63,2,1
2817,370,64,2,1
2817,370,65,2,1
2817,370,66,2,1
2817,370,67,2,1
2817,370,68,2,1
2817,370,69,2,1
2817,370,70,2,1
2817,370,71,2,1
2817,370,72,2,1
2817,370,73,2,1
2817,370,74,2,1
2817,370,75,2,1
2818,369,1,1,1
2818,369,2,1,1
2818,369,3,1,1
2818,369,4,1,1
2818,369,5,1,1
2818,369,6,1,1
2818,369,7,1,1
2818,369,8,1,1
2818,369,9,1,1
2818,369,10,1,1
2818,369,11,1,1
2818,369,12,1,1
2818,369,13,1,1
2818,369,14,1,1
2818,369,15,1,1
2818,369,16,1,1
2818,369,17,1,1
2818,369,18,1,1
2818,369,19,1,1
2818,369,20,1,1
2818,369,21,1,1
2818,369,22,1,1
2818,369,23,1,1
2818,369,24,1,1
2818,369,25,1,1
2818,369,26,1,1
2818,369,27,1,1
2818,369,28,1,1
2818,369,29,1,1
2818,369,30,1,1
2818,369,31,1,1
2818,369,32,1,1
2818,369,33,1,1
2818,369,34,1,1
2818,369,35,1,1
2818,369,36,1,1
2818,369,37,1,1
2818,369,38,1,1
2818,369,39,1,1
2818,369,40,1,1
2818,369,41,1,1
2818,369,42,1,1
2818,369,43,1,1
2818,369,44,1,1
2818,369,45,1,1
2818,369,46,1,1
2818,369,47,1,1
2818,369,48,1,1
2818,369,49,1,1
2818,369,50,1,1
2818,369,51,1,1
2818,369,52,1,1
2818,369,53,1,1
2818,369,54,1,1
2818,369,55,1,1
2818,369,56,1,1
2818,369,57,1,1
2818,369,58,1,1
2818,369,59,1,1
2818,369,60,1,1
2818,369,61,1,1
2818,369,62,1,1
2818,369,63,1,1
2818,369,64,1,1
2818,369,65,1,1
2818,369,66,1,1
2818,369,67,1,1
2818,369,68,1,1
2818,369,69,1,1
2818,369,70,1,1
2818,369,71,1,1
2818,369,72,1,1
2818,369,73,1,1
2818,369,74,1,1
2818,369,75,1,1
2818,369,1,2,1
2818,369,2,2,1
2818,369,3,2,1
2818,369,4,2,1
2818,369,5,2,1
2818,369,6,2,1
2818,369,7,2,1
2818,369,8,2,1
2818,369,9,2,1
2818,369,10,2,1
2818,369,11,2,1
2818,369,12,2,1
2818,369,13,2,1
2818,369,14,2,1
2818,369,15,2,1
2818,369,16,2,1
2818,369,17,2,1
2818,369,18,2,1
2818,369,19,2,1
2818,369,20,2,1
2818,369,21,2,1
2818,369,22,2,1
2818,369,23,2,1
2818,369,24,2,1
2818,369,25,2,1
2818,369,26,2,1
2818,369,27,2,1
2818,369,28,2,1
2818,369,29,2,1
2818,369,30,2,1
2818,369,31,2,1
2818,369,32,2,1
2818,369,33,2,1
2818,369,34,2,1
2818,369,35,2,1
2818,369,36,2,1
2818,369,37,2,1
2818,369,38,2,1
2818,369,39,2,1
2818,369,40,2,1
2818,369,41,2,1
2818,369,42,2,1
2818,369,43,2,1
2818,369,44,2,1
2818,369,45,2,1
2818,369,46,2,1
2818,369,47,2,1
2818,369,48,2,1
2818,369,49,2,1
2818,369,50,2,1
2818,369,51,2,1
2818,369,52,2,1
2818,369,53,2,1
2818,369,54,2,1
2818,369,55,2,1
2818,369,56,2,1
2818,369,57,2,1
2818,369,58,2,1
2818,369,59,2,1
2818,369,60,2,1
2818,369,61,2,1
2818,369,62,2,1
2818,369,63,2,1
2818,369,64,2,1
2818,369,65,2,1
2818,369,66,2,1
2818,369,67,2,1
2818,369,68,2,1
2818,369,69,2,1
2818,369,70,2,1
2818,369,71,2,1
2818,369,72,2,1
2818,369,73,2,1
2818,369,74,2,1
2818,369,75,2,1
2819,369,1,2,1
2819,369,2,2,1
2819,369,3,2,1
2819,369,4,2,1
2819,369,5,2,1
2819,369,6,2,1
2819,369,7,2,1
2819,369,8,2,1
2819,369,9,2,1
2819,369,10,2,1
2819,369,11,2,1
2819,369,12,2,1
2819,369,13,2,1
2819,369,14,2,1
2819,369,15,2,1
2819,369,16,2,1
2819,369,17,2,1
2819,369,18,2,1
2819,369,19,2,1
2819,369,20,2,1
2819,369,21,2,1
2819,369,22,2,1
2819,369,23,2,1
2819,369,24,2,1
2819,369,25,2,1
2819,369,26,2,1
2819,369,27,2,1
2819,369,28,2,1
2819,369,29,2,1
2819,369,30,2,1
2819,369,31,2,1
2819,369,32,2,1
2819,369,33,2,1
2819,369,34,2,1
2819,369,35,2,1
2819,369,36,2,1
2819,369,37,2,1
2819,369,38,2,1
2819,369,39,2,1
2819,369,40,2,1
2819,369,41,2,1
2819,369,42,2,1
2819,369,43,2,1
2819,369,44,2,1
2819,369,45,2,1
2819,369,46,2,1
2819,369,47,2,1
2819,369,48,2,1
2819,369,49,2,1
2819,369,50,2,1
2819,369,51,2,1
2819,369,52,2,1
2819,369,53,2,1
2819,369,54,2,1
2819,369,55,2,1
2819,369,56,2,1
2819,369,57,2,1
2819,369,58,2,1
2819,369,59,2,1
2819,369,60,2,1
2819,369,61,2,1
2819,369,62,2,1
2819,369,63,2,1
2819,369,64,2,1
2819,369,65,2,1
2819,369,66,2,1
2819,369,67,2,1
2819,369,68,2,1
2819,369,69,2,1
2819,369,70,2,1
2819,369,71,2,1
2819,369,72,2,1
2819,369,73,2,1
2819,369,74,2,1
2819,369,75,2,1
2820,368,1,1,1
2820,368,2,1,1
2820,368,3,1,1
2820,368,4,1,1
2820,368,5,1,1
2820,368,6,1,1
2820,368,7,1,1
2820,368,8,1,1
2820,368,9,1,1
2820,368,10,1,1
2820,368,11,1,1
2820,368,12,1,1
2820,368,13,1,1
2820,368,14,1,1
2820,368,15,1,1
2820,368,16,1,1
2820,368,17,1,1
2820,368,18,1,1
2820,368,19,1,1
2820,368,20,1,1
2820,368,21,1,1
2820,368,22,1,1
2820,368,23,1,1
2820,368,24,1,1
2820,368,25,1,1
2820,368,26,1,1
2820,368,27,1,1
2820,368,28,1,1
2820,368,29,1,1
2820,368,30,1,1
2820,368,31,1,1
2820,368,32,1,1
2820,368,33,1,1
2820,368,34,1,1
2820,368,35,1,1
2820,368,36,1,1
2820,368,37,1,1
2820,368,38,1,1
2820,368,39,1,1
2820,368,40,1,1
2820,368,41,1,1
2820,368,42,1,1
2820,368,43,1,1
2820,368,44,1,1
2820,368,45,1,1
2820,368,46,1,1
2820,368,47,1,1
2820,368,48,1,1
2820,368,49,1,1
2820,368,50,1,1
2820,368,51,1,1
2820,368,52,1,1
2820,368,53,1,1
2820,368,54,1,1
2820,368,55,1,1
2820,368,56,1,1
2820,368,57,1,1
2820,368,58,1,1
2820,368,59,1,1
2820,368,60,1,1
2820,368,61,1,1
2820,368,62,1,1
2820,368,63,1,1
2820,368,64,1,1
2820,368,65,1,1
2820,368,66,1,1
2820,368,67,1,1
2820,368,68,1,1
2820,368,69,1,1
2820,368,70,1,1
2820,368,71,1,1
2820,368,72,1,1
2820,368,73,1,1
2820,368,74,1,1
2820,368,75,1,1
2820,368,1,2,1
2820,368,2,2,1
2820,368,3,2,1
2820,368,4,2,1
2820,368,5,2,1
2820,368,6,2,1
2820,368,7,2,1
2820,368,8,2,1
2820,368,9,2,1
2820,368,10,2,1
2820,368,11,2,1
2820,368,12,2,1
2820,368,13,2,1
2820,368,14,2,1
2820,368,15,2,1
2820,368,16,2,1
2820,368,17,2,1
2820,368,18,2,1
2820,368,19,2,1
2820,368,20,2,1
2820,368,21,2,1
2820,368,22,2,1
2820,368,23,2,1
2820,368,24,2,1
2820,368,25,2,1
2820,368,26,2,1
2820,368,27,2,1
2820,368,28,2,1
2820,368,29,2,1
2820,368,30,2,1
2820,368,31,2,1
2820,368,32,2,1
2820,368,33,2,1
2820,368,34,2,1
2820,368,35,2,1
2820,368,36,2,1
2820,368,37,2,1
2820,368,38,2,1
2820,368,39,2,1
2820,368,40,2,1
2820,368,41,2,1
2820,368,42,2,1
2820,368,43,2,1
2820,368,44,2,1
2820,368,45,2,1
2820,368,46,2,1
2820,368,47,2,1
2820,368,48,2,1
2820,368,49,2,1
2820,368,50,2,1
2820,368,51,2,1
2820,368,52,2,1
2820,368,53,2,1
2820,368,54,2,1
2820,368,55,2,1
2820,368,56,2,1
2820,368,57,2,1
2820,368,58,2,1
2820,368,59,2,1
2820,368,60,2,1
2820,368,61,2,1
2820,368,62,2,1
2820,368,63,2,1
2820,368,64,2,1
2820,368,65,2,1
2820,368,66,2,1
2820,368,67,2,1
2820,368,68,2,1
2820,368,69,2,1
2820,368,70,2,1
2820,368,71,2,1
2820,368,72,2,1
2820,368,73,2,1
2820,368,74,2,1
2820,368,75,2,1
2821,368,1,2,1
2821,368,2,2,1
2821,368,3,2,1
2821,368,4,2,1
2821,368,5,2,1
2821,368,6,2,1
2821,368,7,2,1
2821,368,8,2,1
2821,368,9,2,1
2821,368,10,2,1
2821,368,11,2,1
2821,368,12,2,1
2821,368,13,2,1
2821,368,14,2,1
2821,368,15,2,1
2821,368,16,2,1
2821,368,17,2,1
2821,368,18,2,1
2821,368,19,2,1
2821,368,20,2,1
2821,368,21,2,1
2821,368,22,2,1
2821,368,23,2,1
2821,368,24,2,1
2821,368,25,2,1
2821,368,26,2,1
2821,368,27,2,1
2821,368,28,2,1
2821,368,29,2,1
2821,368,30,2,1
2821,368,31,2,1
2821,368,32,2,1
2821,368,33,2,1
2821,368,34,2,1
2821,368,35,2,1
2821,368,36,2,1
2821,368,37,2,1
2821,368,38,2,1
2821,368,39,2,1
2821,368,40,2,1
2821,368,41,2,1
2821,368,42,2,1
2821,368,43,2,1
2821,368,44,2,1
2821,368,45,2,1
2821,368,46,2,1
2821,368,47,2,1
2821,368,48,2,1
2821,368,49,2,1
2821,368,50,2,1
2821,368,51,2,1
2821,368,52,2,1
2821,368,53,2,1
2821,368,54,2,1
2821,368,55,2,1
2821,368,56,2,1
2821,368,57,2,1
2821,368,58,2,1
2821,368,59,2,1
2821,368,60,2,1
2821,368,61,2,1
2821,368,62,2,1
2821,368,63,2,1
2821,368,64,2,1
2821,368,65,2,1
2821,368,66,2,1
2821,368,67,2,1
2821,368,68,2,1
2821,368,69,2,1
2821,368,70,2,1
2821,368,71,2,1
2821,368,72,2,1
2821,368,73,2,1
2821,368,74,2,1
2821,368,75,2,1
2822,368,1,2,1
2822,368,2,2,1
2822,368,3,2,1
2822,368,4,2,1
2822,368,5,2,1
2822,368,6,2,1
2822,368,7,2,1
2822,368,8,2,1
2822,368,9,2,1
2822,368,10,2,1
2822,368,11,2,1
2822,368,12,2,1
2822,368,13,2,1
2822,368,14,2,1
2822,368,15,2,1
2822,368,16,2,1
2822,368,17,2,1
2822,368,18,2,1
2822,368,19,2,1
2822,368,20,2,1
2822,368,21,2,1
2822,368,22,2,1
2822,368,23,2,1
2822,368,24,2,1
2822,368,25,2,1
2822,368,26,2,1
2822,368,27,2,1
2822,368,28,2,1
2822,368,29,2,1
2822,368,30,2,1
2822,368,31,2,1
2822,368,32,2,1
2822,368,33,2,1
2822,368,34,2,1
2822,368,35,2,1
2822,368,36,2,1
2822,368,37,2,1
2822,368,38,2,1
2822,368,39,2,1
2822,368,40,2,1
2822,368,41,2,1
2822,368,42,2,1
2822,368,43,2,1
2822,368,44,2,1
2822,368,45,2,1
2822,368,46,2,1
2822,368,47,2,1
2822,368,48,2,1
2822,368,49,2,1
2822,368,50,2,1
2822,368,51,2,1
2822,368,52,2,1
2822,368,53,2,1
2822,368,54,2,1
2822,368,55,2,1
2822,368,56,2,1
2822,368,57,2,1
2822,368,58,2,1
2822,368,59,2,1
2822,368,60,2,1
2822,368,61,2,1
2822,368,62,2,1
2822,368,63,2,1
2822,368,64,2,1
2822,368,65,2,1
2822,368,66,2,1
2822,368,67,2,1
2822,368,68,2,1
2822,368,69,2,1
2822,368,70,2,1
2822,368,71,2,1
2822,368,72,2,1
2822,368,73,2,1
2822,368,74,2,1
2822,368,75,2,1
2823,367,1,1,1
2823,367,2,1,1
2823,367,3,1,1
2823,367,4,1,1
2823,367,5,1,1
2823,367,6,1,1
2823,367,7,1,1
2823,367,8,1,1
2823,367,9,1,1
2823,367,10,1,1
2823,367,11,1,1
2823,367,12,1,1
2823,367,13,1,1
2823,367,14,1,1
2823,367,15,1,1
2823,367,16,1,1
2823,367,17,1,1
2823,367,18,1,1
2823,367,19,1,1
2823,367,20,1,1
2823,367,21,1,1
2823,367,22,1,1
2823,367,23,1,1
2823,367,24,1,1
2823,367,25,1,1
2823,367,26,1,1
2823,367,27,1,1
2823,367,28,1,1
2823,367,29,1,1
2823,367,30,1,1
2823,367,31,1,1
2823,367,32,1,1
2823,367,33,1,1
2823,367,34,1,1
2823,367,35,1,1
2823,367,36,1,1
2823,367,37,1,1
2823,367,38,1,1
2823,367,39,1,1
2823,367,40,1,1
2823,367,41,1,1
2823,367,42,1,1
2823,367,43,1,1
2823,367,44,1,1
2823,367,45,1,1
2823,367,46,1,1
2823,367,47,1,1
2823,367,48,1,1
2823,367,49,1,1
2823,367,50,1,1
2823,367,51,1,1
2823,367,52,1,1
2823,367,53,1,1
2823,367,54,1,1
2823,367,55,1,1
2823,367,56,1,1
2823,367,57,1,1
2823,367,58,1,1
2823,367,59,1,1
2823,367,60,1,1
2823,367,61,1,1
2823,367,62,1,1
2823,367,63,1,1
2823,367,64,1,1
2823,367,65,1,1
2823,367,66,1,1
2823,367,67,1,1
2823,367,68,1,1
2823,367,69,1,1
2823,367,70,1,1
2823,367,71,1,1
2823,367,72,1,1
2823,367,73,1,1
2823,367,74,1,1
2823,367,75,1,1
2823,367,1,2,1
2823,367,2,2,1
2823,367,3,2,1
2823,367,4,2,1
2823,367,5,2,1
2823,367,6,2,1
2823,367,7,2,1
2823,367,8,2,1
2823,367,9,2,1
2823,367,10,2,1
2823,367,11,2,1
2823,367,12,2,1
2823,367,13,2,1
2823,367,14,2,1
2823,367,15,2,1
2823,367,16,2,1
2823,367,17,2,1
2823,367,18,2,1
2823,367,19,2,1
2823,367,20,2,1
2823,367,21,2,1
2823,367,22,2,1
2823,367,23,2,1
2823,367,24,2,1
2823,367,25,2,1
2823,367,26,2,1
2823,367,27,2,1
2823,367,28,2,1
2823,367,29,2,1
2823,367,30,2,1
2823,367,31,2,1
2823,367,32,2,1
2823,367,33,2,1
2823,367,34,2,1
2823,367,35,2,1
2823,367,36,2,1
2823,367,37,2,1
2823,367,38,2,1
2823,367,39,2,1
2823,367,40,2,1
2823,367,41,2,1
2823,367,42,2,1
2823,367,43,2,1
2823,367,44,2,1
2823,367,45,2,1
2823,367,46,2,1
2823,367,47,2,1
2823,367,48,2,1
2823,367,49,2,1
2823,367,50,2,1
2823,367,51,2,1
2823,367,52,2,1
2823,367,53,2,1
2823,367,54,2,1
2823,367,55,2,1
2823,367,56,2,1
2823,367,57,2,1
2823,367,58,2,1
2823,367,59,2,1
2823,367,60,2,1
2823,367,61,2,1
2823,367,62,2,1
2823,367,63,2,1
2823,367,64,2,1
2823,367,65,2,1
2823,367,66,2,1
2823,367,67,2,1
2823,367,68,2,1
2823,367,69,2,1
2823,367,70,2,1
2823,367,71,2,1
2823,367,72,2,1
2823,367,73,2,1
2823,367,74,2,1
2823,367,75,2,1
2824,367,1,2,1
2824,367,2,2,1
2824,367,3,2,1
2824,367,4,2,1
2824,367,5,2,1
2824,367,6,2,1
2824,367,7,2,1
2824,367,8,2,1
2824,367,9,2,1
2824,367,10,2,1
2824,367,11,2,1
2824,367,12,2,1
2824,367,13,2,1
2824,367,14,2,1
2824,367,15,2,1
2824,367,16,2,1
2824,367,17,2,1
2824,367,18,2,1
2824,367,19,2,1
2824,367,20,2,1
2824,367,21,2,1
2824,367,22,2,1
2824,367,23,2,1
2824,367,24,2,1
2824,367,25,2,1
2824,367,26,2,1
2824,367,27,2,1
2824,367,28,2,1
2824,367,29,2,1
2824,367,30,2,1
2824,367,31,2,1
2824,367,32,2,1
2824,367,33,2,1
2824,367,34,2,1
2824,367,35,2,1
2824,367,36,2,1
2824,367,37,2,1
2824,367,38,2,1
2824,367,39,2,1
2824,367,40,2,1
2824,367,41,2,1
2824,367,42,2,1
2824,367,43,2,1
2824,367,44,2,1
2824,367,45,2,1
2824,367,46,2,1
2824,367,47,2,1
2824,367,48,2,1
2824,367,49,2,1
2824,367,50,2,1
2824,367,51,2,1
2824,367,52,2,1
2824,367,53,2,1
2824,367,54,2,1
2824,367,55,2,1
2824,367,56,2,1
2824,367,57,2,1
2824,367,58,2,1
2824,367,59,2,1
2824,367,60,2,1
2824,367,61,2,1
2824,367,62,2,1
2824,367,63,2,1
2824,367,64,2,1
2824,367,65,2,1
2824,367,66,2,1
2824,367,67,2,1
2824,367,68,2,1
2824,367,69,2,1
2824,367,70,2,1
2824,367,71,2,1
2824,367,72,2,1
2824,367,73,2,1
2824,367,74,2,1
2824,367,75,2,1
2825,367,1,2,1
2825,367,2,2,1
2825,367,3,2,1
2825,367,4,2,1
2825,367,5,2,1
2825,367,6,2,1
2825,367,7,2,1
2825,367,8,2,1
2825,367,9,2,1
2825,367,10,2,1
2825,367,11,2,1
2825,367,12,2,1
2825,367,13,2,1
2825,367,14,2,1
2825,367,15,2,1
2825,367,16,2,1
2825,367,17,2,1
2825,367,18,2,1
2825,367,19,2,1
2825,367,20,2,1
2825,367,21,2,1
2825,367,22,2,1
2825,367,23,2,1
2825,367,24,2,1
2825,367,25,2,1
2825,367,26,2,1
2825,367,27,2,1
2825,367,28,2,1
2825,367,29,2,1
2825,367,30,2,1
2825,367,31,2,1
2825,367,32,2,1
2825,367,33,2,1
2825,367,34,2,1
2825,367,35,2,1
2825,367,36,2,1
2825,367,37,2,1
2825,367,38,2,1
2825,367,39,2,1
2825,367,40,2,1
2825,367,41,2,1
2825,367,42,2,1
2825,367,43,2,1
2825,367,44,2,1
2825,367,45,2,1
2825,367,46,2,1
2825,367,47,2,1
2825,367,48,2,1
2825,367,49,2,1
2825,367,50,2,1
2825,367,51,2,1
2825,367,52,2,1
2825,367,53,2,1
2825,367,54,2,1
2825,367,55,2,1
2825,367,56,2,1
2825,367,57,2,1
2825,367,58,2,1
2825,367,59,2,1
2825,367,60,2,1
2825,367,61,2,1
2825,367,62,2,1
2825,367,63,2,1
2825,367,64,2,1
2825,367,65,2,1
2825,367,66,2,1
2825,367,67,2,1
2825,367,68,2,1
2825,367,69,2,1
2825,367,70,2,1
2825,367,71,2,1
2825,367,72,2,1
2825,367,73,2,1
2825,367,74,2,1
2825,367,75,2,1
2826,366,1,1,1
2826,366,2,1,1
2826,366,3,1,1
2826,366,4,1,1
2826,366,5,1,1
2826,366,6,1,1
2826,366,7,1,1
2826,366,8,1,1
2826,366,9,1,1
2826,366,10,1,1
2826,366,11,1,1
2826,366,12,1,1
2826,366,13,1,1
2826,366,14,1,1
2826,366,15,1,1
2826,366,16,1,1
2826,366,17,1,1
2826,366,18,1,1
2826,366,19,1,1
2826,366,20,1,1
2826,366,21,1,1
2826,366,22,1,1
2826,366,23,1,1
2826,366,24,1,1
2826,366,25,1,1
2826,366,26,1,1
2826,366,27,1,1
2826,366,28,1,1
2826,366,29,1,1
2826,366,30,1,1
2826,366,31,1,1
2826,366,32,1,1
2826,366,33,1,1
2826,366,34,1,1
2826,366,35,1,1
2826,366,36,1,1
2826,366,37,1,1
2826,366,38,1,1
2826,366,39,1,1
2826,366,40,1,1
2826,366,41,1,1
2826,366,42,1,1
2826,366,43,1,1
2826,366,44,1,1
2826,366,45,1,1
2826,366,46,1,1
2826,366,47,1,1
2826,366,48,1,1
2826,366,49,1,1
2826,366,50,1,1
2826,366,51,1,1
2826,366,52,1,1
2826,366,53,1,1
2826,366,54,1,1
2826,366,55,1,1
2826,366,56,1,1
2826,366,57,1,1
2826,366,58,1,1
2826,366,59,1,1
2826,366,60,1,1
2826,366,61,1,1
2826,366,62,1,1
2826,366,63,1,1
2826,366,64,1,1
2826,366,65,1,1
2826,366,66,1,1
2826,366,67,1,1
2826,366,68,1,1
2826,366,69,1,1
2826,366,70,1,1
2826,366,71,1,1
2826,366,72,1,1
2826,366,73,1,1
2826,366,74,1,1
2826,366,75,1,1
2826,366,1,2,1
2826,366,2,2,1
2826,366,3,2,1
2826,366,4,2,1
2826,366,5,2,1
2826,366,6,2,1
2826,366,7,2,1
2826,366,8,2,1
2826,366,9,2,1
2826,366,10,2,1
2826,366,11,2,1
2826,366,12,2,1
2826,366,13,2,1
2826,366,14,2,1
2826,366,15,2,1
2826,366,16,2,1
2826,366,17,2,1
2826,366,18,2,1
2826,366,19,2,1
2826,366,20,2,1
2826,366,21,2,1
2826,366,22,2,1
2826,366,23,2,1
2826,366,24,2,1
2826,366,25,2,1
2826,366,26,2,1
2826,366,27,2,1
2826,366,28,2,1
2826,366,29,2,1
2826,366,30,2,1
2826,366,31,2,1
2826,366,32,2,1
2826,366,33,2,1
2826,366,34,2,1
2826,366,35,2,1
2826,366,36,2,1
2826,366,37,2,1
2826,366,38,2,1
2826,366,39,2,1
2826,366,40,2,1
2826,366,41,2,1
2826,366,42,2,1
2826,366,43,2,1
2826,366,44,2,1
2826,366,45,2,1
2826,366,46,2,1
2826,366,47,2,1
2826,366,48,2,1
2826,366,49,2,1
2826,366,50,2,1
2826,366,51,2,1
2826,366,52,2,1
2826,366,53,2,1
2826,366,54,2,1
2826,366,55,2,1
2826,366,56,2,1
2826,366,57,2,1
2826,366,58,2,1
2826,366,59,2,1
2826,366,60,2,1
2826,366,61,2,1
2826,366,62,2,1
2826,366,63,2,1
2826,366,64,2,1
2826,366,65,2,1
2826,366,66,2,1
2826,366,67,2,1
2826,366,68,2,1
2826,366,69,2,1
2826,366,70,2,1
2826,366,71,2,1
2826,366,72,2,1
2826,366,73,2,1
2826,366,74,2,1
2826,366,75,2,1
2827,366,1,2,1
2827,366,2,2,1
2827,366,3,2,1
2827,366,4,2,1
2827,366,5,2,1
2827,366,6,2,1
2827,366,7,2,1
2827,366,8,2,1
2827,366,9,2,1
2827,366,10,2,1
2827,366,11,2,1
2827,366,12,2,1
2827,366,13,2,1
2827,366,14,2,1
2827,366,15,2,1
2827,366,16,2,1
2827,366,17,2,1
2827,366,18,2,1
2827,366,19,2,1
2827,366,20,2,1
2827,366,21,2,1
2827,366,22,2,1
2827,366,23,2,1
2827,366,24,2,1
2827,366,25,2,1
2827,366,26,2,1
2827,366,27,2,1
2827,366,28,2,1
2827,366,29,2,1
2827,366,30,2,1
2827,366,31,2,1
2827,366,32,2,1
2827,366,33,2,1
2827,366,34,2,1
2827,366,35,2,1
2827,366,36,2,1
2827,366,37,2,1
2827,366,38,2,1
2827,366,39,2,1
2827,366,40,2,1
2827,366,41,2,1
2827,366,42,2,1
2827,366,43,2,1
2827,366,44,2,1
2827,366,45,2,1
2827,366,46,2,1
2827,366,47,2,1
2827,366,48,2,1
2827,366,49,2,1
2827,366,50,2,1
2827,366,51,2,1
2827,366,52,2,1
2827,366,53,2,1
2827,366,54,2,1
2827,366,55,2,1
2827,366,56,2,1
2827,366,57,2,1
2827,366,58,2,1
2827,366,59,2,1
2827,366,60,2,1
2827,366,61,2,1
2827,366,62,2,1
2827,366,63,2,1
2827,366,64,2,1
2827,366,65,2,1
2827,366,66,2,1
2827,366,67,2,1
2827,366,68,2,1
2827,366,69,2,1
2827,366,70,2,1
2827,366,71,2,1
2827,366,72,2,1
2827,366,73,2,1
2827,366,74,2,1
2827,366,75,2,1
2828,365,1,1,1
2828,365,2,1,1
2828,365,3,1,1
2828,365,4,1,1
2828,365,5,1,1
2828,365,6,1,1
2828,365,7,1,1
2828,365,8,1,1
2828,365,9,1,1
2828,365,10,1,1
2828,365,11,1,1
2828,365,12,1,1
2828,365,13,1,1
2828,365,14,1,1
2828,365,15,1,1
2828,365,16,1,1
2828,365,17,1,1
2828,365,18,1,1
2828,365,19,1,1
2828,365,20,1,1
2828,365,21,1,1
2828,365,22,1,1
2828,365,23,1,1
2828,365,24,1,1
2828,365,25,1,1
2828,365,26,1,1
2828,365,27,1,1
2828,365,28,1,1
2828,365,29,1,1
2828,365,30,1,1
2828,365,31,1,1
2828,365,32,1,1
2828,365,33,1,1
2828,365,34,1,1
2828,365,35,1,1
2828,365,36,1,1
2828,365,37,1,1
2828,365,38,1,1
2828,365,39,1,1
2828,365,40,1,1
2828,365,41,1,1
2828,365,42,1,1
2828,365,43,1,1
2828,365,44,1,1
2828,365,45,1,1
2828,365,46,1,1
2828,365,47,1,1
2828,365,48,1,1
2828,365,49,1,1
2828,365,50,1,1
2828,365,51,1,1
2828,365,52,1,1
2828,365,53,1,1
2828,365,54,1,1
2828,365,55,1,1
2828,365,56,1,1
2828,365,57,1,1
2828,365,58,1,1
2828,365,59,1,1
2828,365,60,1,1
2828,365,61,1,1
2828,365,62,1,1
2828,365,63,1,1
2828,365,64,1,1
2828,365,65,1,1
2828,365,66,1,1
2828,365,67,1,1
2828,365,68,1,1
2828,365,69,1,1
2828,365,70,1,1
2828,365,71,1,1
2828,365,72,1,1
2828,365,73,1,1
2828,365,74,1,1
2828,365,75,1,1
2828,365,1,2,1
2828,365,2,2,1
2828,365,3,2,1
2828,365,4,2,1
2828,365,5,2,1
2828,365,6,2,1
2828,365,7,2,1
2828,365,8,2,1
2828,365,9,2,1
2828,365,10,2,1
2828,365,11,2,1
2828,365,12,2,1
2828,365,13,2,1
2828,365,14,2,1
2828,365,15,2,1
2828,365,16,2,1
2828,365,17,2,1
2828,365,18,2,1
2828,365,19,2,1
2828,365,20,2,1
2828,365,21,2,1
2828,365,22,2,1
2828,365,23,2,1
2828,365,24,2,1
2828,365,25,2,1
2828,365,26,2,1
2828,365,27,2,1
2828,365,28,2,1
2828,365,29,2,1
2828,365,30,2,1
2828,365,31,2,1
2828,365,32,2,1
2828,365,33,2,1
2828,365,34,2,1
2828,365,35,2,1
2828,365,36,2,1
2828,365,37,2,1
2828,365,38,2,1
2828,365,39,2,1
2828,365,40,2,1
2828,365,41,2,1
2828,365,42,2,1
2828,365,43,2,1
2828,365,44,2,1
2828,365,45,2,1
2828,365,46,2,1
2828,365,47,2,1
2828,365,48,2,1
2828,365,49,2,1
2828,365,50,2,1
2828,365,51,2,1
2828,365,52,2,1
2828,365,53,2,1
2828,365,54,2,1
2828,365,55,2,1
2828,365,56,2,1
2828,365,57,2,1
2828,365,58,2,1
2828,365,59,2,1
2828,365,60,2,1
2828,365,61,2,1
2828,365,62,2,1
2828,365,63,2,1
2828,365,64,2,1
2828,365,65,2,1
2828,365,66,2,1
2828,365,67,2,1
2828,365,68,2,1
2828,365,69,2,1
2828,365,70,2,1
2828,365,71,2,1
2828,365,72,2,1
2828,365,73,2,1
2828,365,74,2,1
2828,365,75,2,1
2829,365,1,2,1
2829,365,2,2,1
2829,365,3,2,1
2829,365,4,2,1
2829,365,5,2,1
2829,365,6,2,1
2829,365,7,2,1
2829,365,8,2,1
2829,365,9,2,1
2829,365,10,2,1
2829,365,11,2,1
2829,365,12,2,1
2829,365,13,2,1
2829,365,14,2,1
2829,365,15,2,1
2829,365,16,2,1
2829,365,17,2,1
2829,365,18,2,1
2829,365,19,2,1
2829,365,20,2,1
2829,365,21,2,1
2829,365,22,2,1
2829,365,23,2,1
2829,365,24,2,1
2829,365,25,2,1
2829,365,26,2,1
2829,365,27,2,1
2829,365,28,2,1
2829,365,29,2,1
2829,365,30,2,1
2829,365,31,2,1
2829,365,32,2,1
2829,365,33,2,1
2829,365,34,2,1
2829,365,35,2,1
2829,365,36,2,1
2829,365,37,2,1
2829,365,38,2,1
2829,365,39,2,1
2829,365,40,2,1
2829,365,41,2,1
2829,365,42,2,1
2829,365,43,2,1
2829,365,44,2,1
2829,365,45,2,1
2829,365,46,2,1
2829,365,47,2,1
2829,365,48,2,1
2829,365,49,2,1
2829,365,50,2,1
2829,365,51,2,1
2829,365,52,2,1
2829,365,53,2,1
2829,365,54,2,1
2829,365,55,2,1
2829,365,56,2,1
2829,365,57,2,1
2829,365,58,2,1
2829,365,59,2,1
2829,365,60,2,1
2829,365,61,2,1
2829,365,62,2,1
2829,365,63,2,1
2829,365,64,2,1
2829,365,65,2,1
2829,365,66,2,1
2829,365,67,2,1
2829,365,68,2,1
2829,365,69,2,1
2829,365,70,2,1
2829,365,71,2,1
2829,365,72,2,1
2829,365,73,2,1
2829,365,74,2,1
2829,365,75,2,1
2830,365,1,2,1
2830,365,2,2,1
2830,365,3,2,1
2830,365,4,2,1
2830,365,5,2,1
2830,365,6,2,1
2830,365,7,2,1
2830,365,8,2,1
2830,365,9,2,1
2830,365,10,2,1
2830,365,11,2,1
2830,365,12,2,1
2830,365,13,2,1
2830,365,14,2,1
2830,365,15,2,1
2830,365,16,2,1
2830,365,17,2,1
2830,365,18,2,1
2830,365,19,2,1
2830,365,20,2,1
2830,365,21,2,1
2830,365,22,2,1
2830,365,23,2,1
2830,365,24,2,1
2830,365,25,2,1
2830,365,26,2,1
2830,365,27,2,1
2830,365,28,2,1
2830,365,29,2,1
2830,365,30,2,1
2830,365,31,2,1
2830,365,32,2,1
2830,365,33,2,1
2830,365,34,2,1
2830,365,35,2,1
2830,365,36,2,1
2830,365,37,2,1
2830,365,38,2,1
2830,365,39,2,1
2830,365,40,2,1
2830,365,41,2,1
2830,365,42,2,1
2830,365,43,2,1
2830,365,44,2,1
2830,365,45,2,1
2830,365,46,2,1
2830,365,47,2,1
2830,365,48,2,1
2830,365,49,2,1
2830,365,50,2,1
2830,365,51,2,1
2830,365,52,2,1
2830,365,53,2,1
2830,365,54,2,1
2830,365,55,2,1
2830,365,56,2,1
2830,365,57,2,1
2830,365,58,2,1
2830,365,59,2,1
2830,365,60,2,1
2830,365,61,2,1
2830,365,62,2,1
2830,365,63,2,1
2830,365,64,2,1
2830,365,65,2,1
2830,365,66,2,1
2830,365,67,2,1
2830,365,68,2,1
2830,365,69,2,1
2830,365,70,2,1
2830,365,71,2,1
2830,365,72,2,1
2830,365,73,2,1
2830,365,74,2,1
2830,365,75,2,1
2831,364,1,1,1
2831,364,2,1,1
2831,364,3,1,1
2831,364,4,1,1
2831,364,5,1,1
2831,364,6,1,1
2831,364,7,1,1
2831,364,8,1,1
2831,364,9,1,1
2831,364,10,1,1
2831,364,11,1,1
2831,364,12,1,1
2831,364,13,1,1
2831,364,14,1,1
2831,364,15,1,1
2831,364,16,1,1
2831,364,17,1,1
2831,364,18,1,1
2831,364,19,1,1
2831,364,20,1,1
2831,364,21,1,1
2831,364,22,1,1
2831,364,23,1,1
2831,364,24,1,1
2831,364,25,1,1
2831,364,26,1,1
2831,364,27,1,1
2831,364,28,1,1
2831,364,29,1,1
2831,364,30,1,1
2831,364,31,1,1
2831,364,32,1,1
2831,364,33,1,1
2831,364,34,1,1
2831,364,35,1,1
2831,364,36,1,1
2831,364,37,1,1
2831,364,38,1,1
2831,364,39,1,1
2831,364,40,1,1
2831,364,41,1,1
2831,364,42,1,1
2831,364,43,1,1
2831,364,44,1,1
2831,364,45,1,1
2831,364,46,1,1
2831,364,47,1,1
2831,364,48,1,1
2831,364,49,1,1
2831,364,50,1,1
2831,364,51,1,1
2831,364,52,1,1
2831,364,53,1,1
2831,364,54,1,1
2831,364,55,1,1
2831,364,56,1,1
2831,364,57,1,1
2831,364,58,1,1
2831,364,59,1,1
2831,364,60,1,1
2831,364,61,1,1
2831,364,62,1,1
2831,364,63,1,1
2831,364,64,1,1
2831,364,65,1,1
2831,364,66,1,1
2831,364,67,1,1
2831,364,68,1,1
2831,364,69,1,1
2831,364,70,1,1
2831,364,71,1,1
2831,364,72,1,1
2831,364,73,1,1
2831,364,74,1,1
2831,364,75,1,1
2831,364,1,2,1
2831,364,2,2,1
2831,364,3,2,1
2831,364,4,2,1
2831,364,5,2,1
2831,364,6,2,1
2831,364,7,2,1
2831,364,8,2,1
2831,364,9,2,1
2831,364,10,2,1
2831,364,11,2,1
2831,364,12,2,1
2831,364,13,2,1
2831,364,14,2,1
2831,364,15,2,1
2831,364,16,2,1
2831,364,17,2,1
2831,364,18,2,1
2831,364,19,2,1
2831,364,20,2,1
2831,364,21,2,1
2831,364,22,2,1
2831,364,23,2,1
2831,364,24,2,1
2831,364,25,2,1
2831,364,26,2,1
2831,364,27,2,1
2831,364,28,2,1
2831,364,29,2,1
2831,364,30,2,1
2831,364,31,2,1
2831,364,32,2,1
2831,364,33,2,1
2831,364,34,2,1
2831,364,35,2,1
2831,364,36,2,1
2831,364,37,2,1
2831,364,38,2,1
2831,364,39,2,1
2831,364,40,2,1
2831,364,41,2,1
2831,364,42,2,1
2831,364,43,2,1
2831,364,44,2,1
2831,364,45,2,1
2831,364,46,2,1
2831,364,47,2,1
2831,364,48,2,1
2831,364,49,2,1
2831,364,50,2,1
2831,364,51,2,1
2831,364,52,2,1
2831,364,53,2,1
2831,364,54,2,1
2831,364,55,2,1
2831,364,56,2,1
2831,364,57,2,1
2831,364,58,2,1
2831,364,59,2,1
2831,364,60,2,1
2831,364,61,2,1
2831,364,62,2,1
2831,364,63,2,1
2831,364,64,2,1
2831,364,65,2,1
2831,364,66,2,1
2831,364,67,2,1
2831,364,68,2,1
2831,364,69,2,1
2831,364,70,2,1
2831,364,71,2,1
2831,364,72,2,1
2831,364,73,2,1
2831,364,74,2,1
2831,364,75,2,1
2832,364,1,2,1
2832,364,2,2,1
2832,364,3,2,1
2832,364,4,2,1
2832,364,5,2,1
2832,364,6,2,1
2832,364,7,2,1
2832,364,8,2,1
2832,364,9,2,1
2832,364,10,2,1
2832,364,11,2,1
2832,364,12,2,1
2832,364,13,2,1
2832,364,14,2,1
2832,364,15,2,1
2832,364,16,2,1
2832,364,17,2,1
2832,364,18,2,1
2832,364,19,2,1
2832,364,20,2,1
2832,364,21,2,1
2832,364,22,2,1
2832,364,23,2,1
2832,364,24,2,1
2832,364,25,2,1
2832,364,26,2,1
2832,364,27,2,1
2832,364,28,2,1
2832,364,29,2,1
2832,364,30,2,1
2832,364,31,2,1
2832,364,32,2,1
2832,364,33,2,1
2832,364,34,2,1
2832,364,35,2,1
2832,364,36,2,1
2832,364,37,2,1
2832,364,38,2,1
2832,364,39,2,1
2832,364,40,2,1
2832,364,41,2,1
2832,364,42,2,1
2832,364,43,2,1
2832,364,44,2,1
2832,364,45,2,1
2832,364,46,2,1
2832,364,47,2,1
2832,364,48,2,1
2832,364,49,2,1
2832,364,50,2,1
2832,364,51,2,1
2832,364,52,2,1
2832,364,53,2,1
2832,364,54,2,1
2832,364,55,2,1
2832,364,56,2,1
2832,364,57,2,1
2832,364,58,2,1
2832,364,59,2,1
2832,364,60,2,1
2832,364,61,2,1
2832,364,62,2,1
2832,364,63,2,1
2832,364,64,2,1
2832,364,65,2,1
2832,364,66,2,1
2832,364,67,2,1
2832,364,68,2,1
2832,364,69,2,1
2832,364,70,2,1
2832,364,71,2,1
2832,364,72,2,1
2832,364,73,2,1
2832,364,74,2,1
2832,364,75,2,1
2833,363,1,1,1
2833,363,2,1,1
2833,363,3,1,1
2833,363,4,1,1
2833,363,5,1,1
2833,363,6,1,1
2833,363,7,1,1
2833,363,8,1,1
2833,363,9,1,1
2833,363,10,1,1
2833,363,11,1,1
2833,363,12,1,1
2833,363,13,1,1
2833,363,14,1,1
2833,363,15,1,1
2833,363,16,1,1
2833,363,17,1,1
2833,363,18,1,1
2833,363,19,1,1
2833,363,20,1,1
2833,363,21,1,1
2833,363,22,1,1
2833,363,23,1,1
2833,363,24,1,1
2833,363,25,1,1
2833,363,26,1,1
2833,363,27,1,1
2833,363,28,1,1
2833,363,29,1,1
2833,363,30,1,1
2833,363,31,1,1
2833,363,32,1,1
2833,363,33,1,1
2833,363,34,1,1
2833,363,35,1,1
2833,363,36,1,1
2833,363,37,1,1
2833,363,38,1,1
2833,363,39,1,1
2833,363,40,1,1
2833,363,41,1,1
2833,363,42,1,1
2833,363,43,1,1
2833,363,44,1,1
2833,363,45,1,1
2833,363,46,1,1
2833,363,47,1,1
2833,363,48,1,1
2833,363,49,1,1
2833,363,50,1,1
2833,363,51,1,1
2833,363,52,1,1
2833,363,53,1,1
2833,363,54,1,1
2833,363,55,1,1
2833,363,56,1,1
2833,363,57,1,1
2833,363,58,1,1
2833,363,59,1,1
2833,363,60,1,1
2833,363,61,1,1
2833,363,62,1,1
2833,363,63,1,1
2833,363,64,1,1
2833,363,65,1,1
2833,363,66,1,1
2833,363,67,1,1
2833,363,68,1,1
2833,363,69,1,1
2833,363,70,1,1
2833,363,71,1,1
2833,363,72,1,1
2833,363,73,1,1
2833,363,74,1,1
2833,363,75,1,1
2833,363,1,2,1
2833,363,2,2,1
2833,363,3,2,1
2833,363,4,2,1
2833,363,5,2,1
2833,363,6,2,1
2833,363,7,2,1
2833,363,8,2,1
2833,363,9,2,1
2833,363,10,2,1
2833,363,11,2,1
2833,363,12,2,1
2833,363,13,2,1
2833,363,14,2,1
2833,363,15,2,1
2833,363,16,2,1
2833,363,17,2,1
2833,363,18,2,1
2833,363,19,2,1
2833,363,20,2,1
2833,363,21,2,1
2833,363,22,2,1
2833,363,23,2,1
2833,363,24,2,1
2833,363,25,2,1
2833,363,26,2,1
2833,363,27,2,1
2833,363,28,2,1
2833,363,29,2,1
2833,363,30,2,1
2833,363,31,2,1
2833,363,32,2,1
2833,363,33,2,1
2833,363,34,2,1
2833,363,35,2,1
2833,363,36,2,1
2833,363,37,2,1
2833,363,38,2,1
2833,363,39,2,1
2833,363,40,2,1
2833,363,41,2,1
2833,363,42,2,1
2833,363,43,2,1
2833,363,44,2,1
2833,363,45,2,1
2833,363,46,2,1
2833,363,47,2,1
2833,363,48,2,1
2833,363,49,2,1
2833,363,50,2,1
2833,363,51,2,1
2833,363,52,2,1
2833,363,53,2,1
2833,363,54,2,1
2833,363,55,2,1
2833,363,56,2,1
2833,363,57,2,1
2833,363,58,2,1
2833,363,59,2,1
2833,363,60,2,1
2833,363,61,2,1
2833,363,62,2,1
2833,363,63,2,1
2833,363,64,2,1
2833,363,65,2,1
2833,363,66,2,1
2833,363,67,2,1
2833,363,68,2,1
2833,363,69,2,1
2833,363,70,2,1
2833,363,71,2,1
2833,363,72,2,1
2833,363,73,2,1
2833,363,74,2,1
2833,363,75,2,1
2834,363,1,2,1
2834,363,2,2,1
2834,363,3,2,1
2834,363,4,2,1
2834,363,5,2,1
2834,363,6,2,1
2834,363,7,2,1
2834,363,8,2,1
2834,363,9,2,1
2834,363,10,2,1
2834,363,11,2,1
2834,363,12,2,1
2834,363,13,2,1
2834,363,14,2,1
2834,363,15,2,1
2834,363,16,2,1
2834,363,17,2,1
2834,363,18,2,1
2834,363,19,2,1
2834,363,20,2,1
2834,363,21,2,1
2834,363,22,2,1
2834,363,23,2,1
2834,363,24,2,1
2834,363,25,2,1
2834,363,26,2,1
2834,363,27,2,1
2834,363,28,2,1
2834,363,29,2,1
2834,363,30,2,1
2834,363,31,2,1
2834,363,32,2,1
2834,363,33,2,1
2834,363,34,2,1
2834,363,35,2,1
2834,363,36,2,1
2834,363,37,2,1
2834,363,38,2,1
2834,363,39,2,1
2834,363,40,2,1
2834,363,41,2,1
2834,363,42,2,1
2834,363,43,2,1
2834,363,44,2,1
2834,363,45,2,1
2834,363,46,2,1
2834,363,47,2,1
2834,363,48,2,1
2834,363,49,2,1
2834,363,50,2,1
2834,363,51,2,1
2834,363,52,2,1
2834,363,53,2,1
2834,363,54,2,1
2834,363,55,2,1
2834,363,56,2,1
2834,363,57,2,1
2834,363,58,2,1
2834,363,59,2,1
2834,363,60,2,1
2834,363,61,2,1
2834,363,62,2,1
2834,363,63,2,1
2834,363,64,2,1
2834,363,65,2,1
2834,363,66,2,1
2834,363,67,2,1
2834,363,68,2,1
2834,363,69,2,1
2834,363,70,2,1
2834,363,71,2,1
2834,363,72,2,1
2834,363,73,2,1
2834,363,74,2,1
2834,363,75,2,1
2835,363,1,2,1
2835,363,2,2,1
2835,363,3,2,1
2835,363,4,2,1
2835,363,5,2,1
2835,363,6,2,1
2835,363,7,2,1
2835,363,8,2,1
2835,363,9,2,1
2835,363,10,2,1
2835,363,11,2,1
2835,363,12,2,1
2835,363,13,2,1
2835,363,14,2,1
2835,363,15,2,1
2835,363,16,2,1
2835,363,17,2,1
2835,363,18,2,1
2835,363,19,2,1
2835,363,20,2,1
2835,363,21,2,1
2835,363,22,2,1
2835,363,23,2,1
2835,363,24,2,1
2835,363,25,2,1
2835,363,26,2,1
2835,363,27,2,1
2835,363,28,2,1
2835,363,29,2,1
2835,363,30,2,1
2835,363,31,2,1
2835,363,32,2,1
2835,363,33,2,1
2835,363,34,2,1
2835,363,35,2,1
2835,363,36,2,1
2835,363,37,2,1
2835,363,38,2,1
2835,363,39,2,1
2835,363,40,2,1
2835,363,41,2,1
2835,363,42,2,1
2835,363,43,2,1
2835,363,44,2,1
2835,363,45,2,1
2835,363,46,2,1
2835,363,47,2,1
2835,363,48,2,1
2835,363,49,2,1
2835,363,50,2,1
2835,363,51,2,1
2835,363,52,2,1
2835,363,53,2,1
2835,363,54,2,1
2835,363,55,2,1
2835,363,56,2,1
2835,363,57,2,1
2835,363,58,2,1
2835,363,59,2,1
2835,363,60,2,1
2835,363,61,2,1
2835,363,62,2,1
2835,363,63,2,1
2835,363,64,2,1
2835,363,65,2,1
2835,363,66,2,1
2835,363,67,2,1
2835,363,68,2,1
2835,363,69,2,1
2835,363,70,2,1
2835,363,71,2,1
2835,363,72,2,1
2835,363,73,2,1
2835,363,74,2,1
2835,363,75,2,1
2836,362,1,1,1
2836,362,2,1,1
2836,362,3,1,1
2836,362,4,1,1
2836,362,5,1,1
2836,362,6,1,1
2836,362,7,1,1
2836,362,8,1,1
2836,362,9,1,1
2836,362,10,1,1
2836,362,11,1,1
2836,362,12,1,1
2836,362,13,1,1
2836,362,14,1,1
2836,362,15,1,1
2836,362,16,1,1
2836,362,17,1,1
2836,362,18,1,1
2836,362,19,1,1
2836,362,20,1,1
2836,362,21,1,1
2836,362,22,1,1
2836,362,23,1,1
2836,362,24,1,1
2836,362,25,1,1
2836,362,26,1,1
2836,362,27,1,1
2836,362,28,1,1
2836,362,29,1,1
2836,362,30,1,1
2836,362,31,1,1
2836,362,32,1,1
2836,362,33,1,1
2836,362,34,1,1
2836,362,35,1,1
2836,362,36,1,1
2836,362,37,1,1
2836,362,38,1,1
2836,362,39,1,1
2836,362,40,1,1
2836,362,41,1,1
2836,362,42,1,1
2836,362,43,1,1
2836,362,44,1,1
2836,362,45,1,1
2836,362,46,1,1
2836,362,47,1,1
2836,362,48,1,1
2836,362,49,1,1
2836,362,50,1,1
2836,362,51,1,1
2836,362,52,1,1
2836,362,53,1,1
2836,362,54,1,1
2836,362,55,1,1
2836,362,56,1,1
2836,362,57,1,1
2836,362,58,1,1
2836,362,59,1,1
2836,362,60,1,1
2836,362,61,1,1
2836,362,62,1,1
2836,362,63,1,1
2836,362,64,1,1
2836,362,65,1,1
2836,362,66,1,1
2836,362,67,1,1
2836,362,68,1,1
2836,362,69,1,1
2836,362,70,1,1
2836,362,71,1,1
2836,362,72,1,1
2836,362,73,1,1
2836,362,74,1,1
2836,362,75,1,1
2836,362,1,2,1
2836,362,2,2,1
2836,362,3,2,1
2836,362,4,2,1
2836,362,5,2,1
2836,362,6,2,1
2836,362,7,2,1
2836,362,8,2,1
2836,362,9,2,1
2836,362,10,2,1
2836,362,11,2,1
2836,362,12,2,1
2836,362,13,2,1
2836,362,14,2,1
2836,362,15,2,1
2836,362,16,2,1
2836,362,17,2,1
2836,362,18,2,1
2836,362,19,2,1
2836,362,20,2,1
2836,362,21,2,1
2836,362,22,2,1
2836,362,23,2,1
2836,362,24,2,1
2836,362,25,2,1
2836,362,26,2,1
2836,362,27,2,1
2836,362,28,2,1
2836,362,29,2,1
2836,362,30,2,1
2836,362,31,2,1
2836,362,32,2,1
2836,362,33,2,1
2836,362,34,2,1
2836,362,35,2,1
2836,362,36,2,1
2836,362,37,2,1
2836,362,38,2,1
2836,362,39,2,1
2836,362,40,2,1
2836,362,41,2,1
2836,362,42,2,1
2836,362,43,2,1
2836,362,44,2,1
2836,362,45,2,1
2836,362,46,2,1
2836,362,47,2,1
2836,362,48,2,1
2836,362,49,2,1
2836,362,50,2,1
2836,362,51,2,1
2836,362,52,2,1
2836,362,53,2,1
2836,362,54,2,1
2836,362,55,2,1
2836,362,56,2,1
2836,362,57,2,1
2836,362,58,2,1
2836,362,59,2,1
2836,362,60,2,1
2836,362,61,2,1
2836,362,62,2,1
2836,362,63,2,1
2836,362,64,2,1
2836,362,65,2,1
2836,362,66,2,1
2836,362,67,2,1
2836,362,68,2,1
2836,362,69,2,1
2836,362,70,2,1
2836,362,71,2,1
2836,362,72,2,1
2836,362,73,2,1
2836,362,74,2,1
2836,362,75,2,1
2837,362,1,2,1
2837,362,2,2,1
2837,362,3,2,1
2837,362,4,2,1
2837,362,5,2,1
2837,362,6,2,1
2837,362,7,2,1
2837,362,8,2,1
2837,362,9,2,1
2837,362,10,2,1
2837,362,11,2,1
2837,362,12,2,1
2837,362,13,2,1
2837,362,14,2,1
2837,362,15,2,1
2837,362,16,2,1
2837,362,17,2,1
2837,362,18,2,1
2837,362,19,2,1
2837,362,20,2,1
2837,362,21,2,1
2837,362,22,2,1
2837,362,23,2,1
2837,362,24,2,1
2837,362,25,2,1
2837,362,26,2,1
2837,362,27,2,1
2837,362,28,2,1
2837,362,29,2,1
2837,362,30,2,1
2837,362,31,2,1
2837,362,32,2,1
2837,362,33,2,1
2837,362,34,2,1
2837,362,35,2,1
2837,362,36,2,1
2837,362,37,2,1
2837,362,38,2,1
2837,362,39,2,1
2837,362,40,2,1
2837,362,41,2,1
2837,362,42,2,1
2837,362,43,2,1
2837,362,44,2,1
2837,362,45,2,1
2837,362,46,2,1
2837,362,47,2,1
2837,362,48,2,1
2837,362,49,2,1
2837,362,50,2,1
2837,362,51,2,1
2837,362,52,2,1
2837,362,53,2,1
2837,362,54,2,1
2837,362,55,2,1
2837,362,56,2,1
2837,362,57,2,1
2837,362,58,2,1
2837,362,59,2,1
2837,362,60,2,1
2837,362,61,2,1
2837,362,62,2,1
2837,362,63,2,1
2837,362,64,2,1
2837,362,65,2,1
2837,362,66,2,1
2837,362,67,2,1
2837,362,68,2,1
2837,362,69,2,1
2837,362,70,2,1
2837,362,71,2,1
2837,362,72,2,1
2837,362,73,2,1
2837,362,74,2,1
2837,362,75,2,1
2838,362,1,2,1
2838,362,2,2,1
2838,362,3,2,1
2838,362,4,2,1
2838,362,5,2,1
2838,362,6,2,1
2838,362,7,2,1
2838,362,8,2,1
2838,362,9,2,1
2838,362,10,2,1
2838,362,11,2,1
2838,362,12,2,1
2838,362,13,2,1
2838,362,14,2,1
2838,362,15,2,1
2838,362,16,2,1
2838,362,17,2,1
2838,362,18,2,1
2838,362,19,2,1
2838,362,20,2,1
2838,362,21,2,1
2838,362,22,2,1
2838,362,23,2,1
2838,362,24,2,1
2838,362,25,2,1
2838,362,26,2,1
2838,362,27,2,1
2838,362,28,2,1
2838,362,29,2,1
2838,362,30,2,1
2838,362,31,2,1
2838,362,32,2,1
2838,362,33,2,1
2838,362,34,2,1
2838,362,35,2,1
2838,362,36,2,1
2838,362,37,2,1
2838,362,38,2,1
2838,362,39,2,1
2838,362,40,2,1
2838,362,41,2,1
2838,362,42,2,1
2838,362,43,2,1
2838,362,44,2,1
2838,362,45,2,1
2838,362,46,2,1
2838,362,47,2,1
2838,362,48,2,1
2838,362,49,2,1
2838,362,50,2,1
2838,362,51,2,1
2838,362,52,2,1
2838,362,53,2,1
2838,362,54,2,1
2838,362,55,2,1
2838,362,56,2,1
2838,362,57,2,1
2838,362,58,2,1
2838,362,59,2,1
2838,362,60,2,1
2838,362,61,2,1
2838,362,62,2,1
2838,362,63,2,1
2838,362,64,2,1
2838,362,65,2,1
2838,362,66,2,1
2838,362,67,2,1
2838,362,68,2,1
2838,362,69,2,1
2838,362,70,2,1
2838,362,71,2,1
2838,362,72,2,1
2838,362,73,2,1
2838,362,74,2,1
2838,362,75,2,1
2839,361,1,1,1
2839,361,2,1,1
2839,361,3,1,1
2839,361,4,1,1
2839,361,5,1,1
2839,361,6,1,1
2839,361,7,1,1
2839,361,8,1,1
2839,361,9,1,1
2839,361,10,1,1
2839,361,11,1,1
2839,361,12,1,1
2839,361,13,1,1
2839,361,14,1,1
2839,361,15,1,1
2839,361,16,1,1
2839,361,17,1,1
2839,361,18,1,1
2839,361,19,1,1
2839,361,20,1,1
2839,361,21,1,1
2839,361,22,1,1
2839,361,23,1,1
2839,361,24,1,1
2839,361,25,1,1
2839,361,26,1,1
2839,361,27,1,1
2839,361,28,1,1
2839,361,29,1,1
2839,361,30,1,1
2839,361,31,1,1
2839,361,32,1,1
2839,361,33,1,1
2839,361,34,1,1
2839,361,35,1,1
2839,361,36,1,1
2839,361,37,1,1
2839,361,38,1,1
2839,361,39,1,1
2839,361,40,1,1
2839,361,41,1,1
2839,361,42,1,1
2839,361,43,1,1
2839,361,44,1,1
2839,361,45,1,1
2839,361,46,1,1
2839,361,47,1,1
2839,361,48,1,1
2839,361,49,1,1
2839,361,50,1,1
2839,361,51,1,1
2839,361,52,1,1
2839,361,53,1,1
2839,361,54,1,1
2839,361,55,1,1
2839,361,56,1,1
2839,361,57,1,1
2839,361,58,1,1
2839,361,59,1,1
2839,361,60,1,1
2839,361,61,1,1
2839,361,62,1,1
2839,361,63,1,1
2839,361,64,1,1
2839,361,65,1,1
2839,361,66,1,1
2839,361,67,1,1
2839,361,68,1,1
2839,361,69,1,1
2839,361,70,1,1
2839,361,71,1,1
2839,361,72,1,1
2839,361,73,1,1
2839,361,74,1,1
2839,361,75,1,1
2839,361,1,2,1
2839,361,2,2,1
2839,361,3,2,1
2839,361,4,2,1
2839,361,5,2,1
2839,361,6,2,1
2839,361,7,2,1
2839,361,8,2,1
2839,361,9,2,1
2839,361,10,2,1
2839,361,11,2,1
2839,361,12,2,1
2839,361,13,2,1
2839,361,14,2,1
2839,361,15,2,1
2839,361,16,2,1
2839,361,17,2,1
2839,361,18,2,1
2839,361,19,2,1
2839,361,20,2,1
2839,361,21,2,1
2839,361,22,2,1
2839,361,23,2,1
2839,361,24,2,1
2839,361,25,2,1
2839,361,26,2,1
2839,361,27,2,1
2839,361,28,2,1
2839,361,29,2,1
2839,361,30,2,1
2839,361,31,2,1
2839,361,32,2,1
2839,361,33,2,1
2839,361,34,2,1
2839,361,35,2,1
2839,361,36,2,1
2839,361,37,2,1
2839,361,38,2,1
2839,361,39,2,1
2839,361,40,2,1
2839,361,41,2,1
2839,361,42,2,1
2839,361,43,2,1
2839,361,44,2,1
2839,361,45,2,1
2839,361,46,2,1
2839,361,47,2,1
2839,361,48,2,1
2839,361,49,2,1
2839,361,50,2,1
2839,361,51,2,1
2839,361,52,2,1
2839,361,53,2,1
2839,361,54,2,1
2839,361,55,2,1
2839,361,56,2,1
2839,361,57,2,1
2839,361,58,2,1
2839,361,59,2,1
2839,361,60,2,1
2839,361,61,2,1
2839,361,62,2,1
2839,361,63,2,1
2839,361,64,2,1
2839,361,65,2,1
2839,361,66,2,1
2839,361,67,2,1
2839,361,68,2,1
2839,361,69,2,1
2839,361,70,2,1
2839,361,71,2,1
2839,361,72,2,1
2839,361,73,2,1
2839,361,74,2,1
2839,361,75,2,1
2840,361,1,2,1
2840,361,2,2,1
2840,361,3,2,1
2840,361,4,2,1
2840,361,5,2,1
2840,361,6,2,1
2840,361,7,2,1
2840,361,8,2,1
2840,361,9,2,1
2840,361,10,2,1
2840,361,11,2,1
2840,361,12,2,1
2840,361,13,2,1
2840,361,14,2,1
2840,361,15,2,1
2840,361,16,2,1
2840,361,17,2,1
2840,361,18,2,1
2840,361,19,2,1
2840,361,20,2,1
2840,361,21,2,1
2840,361,22,2,1
2840,361,23,2,1
2840,361,24,2,1
2840,361,25,2,1
2840,361,26,2,1
2840,361,27,2,1
2840,361,28,2,1
2840,361,29,2,1
2840,361,30,2,1
2840,361,31,2,1
2840,361,32,2,1
2840,361,33,2,1
2840,361,34,2,1
2840,361,35,2,1
2840,361,36,2,1
2840,361,37,2,1
2840,361,38,2,1
2840,361,39,2,1
2840,361,40,2,1
2840,361,41,2,1
2840,361,42,2,1
2840,361,43,2,1
2840,361,44,2,1
2840,361,45,2,1
2840,361,46,2,1
2840,361,47,2,1
2840,361,48,2,1
2840,361,49,2,1
2840,361,50,2,1
2840,361,51,2,1
2840,361,52,2,1
2840,361,53,2,1
2840,361,54,2,1
2840,361,55,2,1
2840,361,56,2,1
2840,361,57,2,1
2840,361,58,2,1
2840,361,59,2,1
2840,361,60,2,1
2840,361,61,2,1
2840,361,62,2,1
2840,361,63,2,1
2840,361,64,2,1
2840,361,65,2,1
2840,361,66,2,1
2840,361,67,2,1
2840,361,68,2,1
2840,361,69,2,1
2840,361,70,2,1
2840,361,71,2,1
2840,361,72,2,1
2840,361,73,2,1
2840,361,74,2,1
2840,361,75,2,1
2841,361,1,2,1
2841,361,2,2,1
2841,361,3,2,1
2841,361,4,2,1
2841,361,5,2,1
2841,361,6,2,1
2841,361,7,2,1
2841,361,8,2,1
2841,361,9,2,1
2841,361,10,2,1
2841,361,11,2,1
2841,361,12,2,1
2841,361,13,2,1
2841,361,14,2,1
2841,361,15,2,1
2841,361,16,2,1
2841,361,17,2,1
2841,361,18,2,1
2841,361,19,2,1
2841,361,20,2,1
2841,361,21,2,1
2841,361,22,2,1
2841,361,23,2,1
2841,361,24,2,1
2841,361,25,2,1
2841,361,26,2,1
2841,361,27,2,1
2841,361,28,2,1
2841,361,29,2,1
2841,361,30,2,1
2841,361,31,2,1
2841,361,32,2,1
2841,361,33,2,1
2841,361,34,2,1
2841,361,35,2,1
2841,361,36,2,1
2841,361,37,2,1
2841,361,38,2,1
2841,361,39,2,1
2841,361,40,2,1
2841,361,41,2,1
2841,361,42,2,1
2841,361,43,2,1
2841,361,44,2,1
2841,361,45,2,1
2841,361,46,2,1
2841,361,47,2,1
2841,361,48,2,1
2841,361,49,2,1
2841,361,50,2,1
2841,361,51,2,1
2841,361,52,2,1
2841,361,53,2,1
2841,361,54,2,1
2841,361,55,2,1
2841,361,56,2,1
2841,361,57,2,1
2841,361,58,2,1
2841,361,59,2,1
2841,361,60,2,1
2841,361,61,2,1
2841,361,62,2,1
2841,361,63,2,1
2841,361,64,2,1
2841,361,65,2,1
2841,361,66,2,1
2841,361,67,2,1
2841,361,68,2,1
2841,361,69,2,1
2841,361,70,2,1
2841,361,71,2,1
2841,361,72,2,1
2841,361,73,2,1
2841,361,74,2,1
2841,361,75,2,1
2842,360,1,1,1
2842,360,2,1,1
2842,360,3,1,1
2842,360,4,1,1
2842,360,5,1,1
2842,360,6,1,1
2842,360,7,1,1
2842,360,8,1,1
2842,360,9,1,1
2842,360,10,1,1
2842,360,11,1,1
2842,360,12,1,1
2842,360,13,1,1
2842,360,14,1,1
2842,360,15,1,1
2842,360,16,1,1
2842,360,17,1,1
2842,360,18,1,1
2842,360,19,1,1
2842,360,20,1,1
2842,360,21,1,1
2842,360,22,1,1
2842,360,23,1,1
2842,360,24,1,1
2842,360,25,1,1
2842,360,26,1,1
2842,360,27,1,1
2842,360,28,1,1
2842,360,29,1,1
2842,360,30,1,1
2842,360,31,1,1
2842,360,32,1,1
2842,360,33,1,1
2842,360,34,1,1
2842,360,35,1,1
2842,360,36,1,1
2842,360,37,1,1
2842,360,38,1,1
2842,360,39,1,1
2842,360,40,1,1
2842,360,41,1,1
2842,360,42,1,1
2842,360,43,1,1
2842,360,44,1,1
2842,360,45,1,1
2842,360,46,1,1
2842,360,47,1,1
2842,360,48,1,1
2842,360,49,1,1
2842,360,50,1,1
2842,360,51,1,1
2842,360,52,1,1
2842,360,53,1,1
2842,360,54,1,1
2842,360,55,1,1
2842,360,56,1,1
2842,360,57,1,1
2842,360,58,1,1
2842,360,59,1,1
2842,360,60,1,1
2842,360,61,1,1
2842,360,62,1,1
2842,360,63,1,1
2842,360,64,1,1
2842,360,65,1,1
2842,360,66,1,1
2842,360,67,1,1
2842,360,68,1,1
2842,360,69,1,1
2842,360,70,1,1
2842,360,71,1,1
2842,360,72,1,1
2842,360,73,1,1
2842,360,74,1,1
2842,360,75,1,1
2842,360,1,2,1
2842,360,2,2,1
2842,360,3,2,1
2842,360,4,2,1
2842,360,5,2,1
2842,360,6,2,1
2842,360,7,2,1
2842,360,8,2,1
2842,360,9,2,1
2842,360,10,2,1
2842,360,11,2,1
2842,360,12,2,1
2842,360,13,2,1
2842,360,14,2,1
2842,360,15,2,1
2842,360,16,2,1
2842,360,17,2,1
2842,360,18,2,1
2842,360,19,2,1
2842,360,20,2,1
2842,360,21,2,1
2842,360,22,2,1
2842,360,23,2,1
2842,360,24,2,1
2842,360,25,2,1
2842,360,26,2,1
2842,360,27,2,1
2842,360,28,2,1
2842,360,29,2,1
2842,360,30,2,1
2842,360,31,2,1
2842,360,32,2,1
2842,360,33,2,1
2842,360,34,2,1
2842,360,35,2,1
2842,360,36,2,1
2842,360,37,2,1
2842,360,38,2,1
2842,360,39,2,1
2842,360,40,2,1
2842,360,41,2,1
2842,360,42,2,1
2842,360,43,2,1
2842,360,44,2,1
2842,360,45,2,1
2842,360,46,2,1
2842,360,47,2,1
2842,360,48,2,1
2842,360,49,2,1
2842,360,50,2,1
2842,360,51,2,1
2842,360,52,2,1
2842,360,53,2,1
2842,360,54,2,1
2842,360,55,2,1
2842,360,56,2,1
2842,360,57,2,1
2842,360,58,2,1
2842,360,59,2,1
2842,360,60,2,1
2842,360,61,2,1
2842,360,62,2,1
2842,360,63,2,1
2842,360,64,2,1
2842,360,65,2,1
2842,360,66,2,1
2842,360,67,2,1
2842,360,68,2,1
2842,360,69,2,1
2842,360,70,2,1
2842,360,71,2,1
2842,360,72,2,1
2842,360,73,2,1
2842,360,74,2,1
2842,360,75,2,1
2843,360,1,2,1
2843,360,2,2,1
2843,360,3,2,1
2843,360,4,2,1
2843,360,5,2,1
2843,360,6,2,1
2843,360,7,2,1
2843,360,8,2,1
2843,360,9,2,1
2843,360,10,2,1
2843,360,11,2,1
2843,360,12,2,1
2843,360,13,2,1
2843,360,14,2,1
2843,360,15,2,1
2843,360,16,2,1
2843,360,17,2,1
2843,360,18,2,1
2843,360,19,2,1
2843,360,20,2,1
2843,360,21,2,1
2843,360,22,2,1
2843,360,23,2,1
2843,360,24,2,1
2843,360,25,2,1
2843,360,26,2,1
2843,360,27,2,1
2843,360,28,2,1
2843,360,29,2,1
2843,360,30,2,1
2843,360,31,2,1
2843,360,32,2,1
2843,360,33,2,1
2843,360,34,2,1
2843,360,35,2,1
2843,360,36,2,1
2843,360,37,2,1
2843,360,38,2,1
2843,360,39,2,1
2843,360,40,2,1
2843,360,41,2,1
2843,360,42,2,1
2843,360,43,2,1
2843,360,44,2,1
2843,360,45,2,1
2843,360,46,2,1
2843,360,47,2,1
2843,360,48,2,1
2843,360,49,2,1
2843,360,50,2,1
2843,360,51,2,1
2843,360,52,2,1
2843,360,53,2,1
2843,360,54,2,1
2843,360,55,2,1
2843,360,56,2,1
2843,360,57,2,1
2843,360,58,2,1
2843,360,59,2,1
2843,360,60,2,1
2843,360,61,2,1
2843,360,62,2,1
2843,360,63,2,1
2843,360,64,2,1
2843,360,65,2,1
2843,360,66,2,1
2843,360,67,2,1
2843,360,68,2,1
2843,360,69,2,1
2843,360,70,2,1
2843,360,71,2,1
2843,360,72,2,1
2843,360,73,2,1
2843,360,74,2,1
2843,360,75,2,1
2844,359,1,1,1
2844,359,2,1,1
2844,359,3,1,1
2844,359,4,1,1
2844,359,5,1,1
2844,359,6,1,1
2844,359,7,1,1
2844,359,8,1,1
2844,359,9,1,1
2844,359,10,1,1
2844,359,11,1,1
2844,359,12,1,1
2844,359,13,1,1
2844,359,14,1,1
2844,359,15,1,1
2844,359,16,1,1
2844,359,17,1,1
2844,359,18,1,1
2844,359,19,1,1
2844,359,20,1,1
2844,359,21,1,1
2844,359,22,1,1
2844,359,23,1,1
2844,359,24,1,1
2844,359,25,1,1
2844,359,26,1,1
2844,359,27,1,1
2844,359,28,1,1
2844,359,29,1,1
2844,359,30,1,1
2844,359,31,1,1
2844,359,32,1,1
2844,359,33,1,1
2844,359,34,1,1
2844,359,35,1,1
2844,359,36,1,1
2844,359,37,1,1
2844,359,38,1,1
2844,359,39,1,1
2844,359,40,1,1
2844,359,41,1,1
2844,359,42,1,1
2844,359,43,1,1
2844,359,44,1,1
2844,359,45,1,1
2844,359,46,1,1
2844,359,47,1,1
2844,359,48,1,1
2844,359,49,1,1
2844,359,50,1,1
2844,359,51,1,1
2844,359,52,1,1
2844,359,53,1,1
2844,359,54,1,1
2844,359,55,1,1
2844,359,56,1,1
2844,359,57,1,1
2844,359,58,1,1
2844,359,59,1,1
2844,359,60,1,1
2844,359,61,1,1
2844,359,62,1,1
2844,359,63,1,1
2844,359,64,1,1
2844,359,65,1,1
2844,359,66,1,1
2844,359,67,1,1
2844,359,68,1,1
2844,359,69,1,1
2844,359,70,1,1
2844,359,71,1,1
2844,359,72,1,1
2844,359,73,1,1
2844,359,74,1,1
2844,359,75,1,1
2844,359,1,2,1
2844,359,2,2,1
2844,359,3,2,1
2844,359,4,2,1
2844,359,5,2,1
2844,359,6,2,1
2844,359,7,2,1
2844,359,8,2,1
2844,359,9,2,1
2844,359,10,2,1
2844,359,11,2,1
2844,359,12,2,1
2844,359,13,2,1
2844,359,14,2,1
2844,359,15,2,1
2844,359,16,2,1
2844,359,17,2,1
2844,359,18,2,1
2844,359,19,2,1
2844,359,20,2,1
2844,359,21,2,1
2844,359,22,2,1
2844,359,23,2,1
2844,359,24,2,1
2844,359,25,2,1
2844,359,26,2,1
2844,359,27,2,1
2844,359,28,2,1
2844,359,29,2,1
2844,359,30,2,1
2844,359,31,2,1
2844,359,32,2,1
2844,359,33,2,1
2844,359,34,2,1
2844,359,35,2,1
2844,359,36,2,1
2844,359,37,2,1
2844,359,38,2,1
2844,359,39,2,1
2844,359,40,2,1
2844,359,41,2,1
2844,359,42,2,1
2844,359,43,2,1
2844,359,44,2,1
2844,359,45,2,1
2844,359,46,2,1
2844,359,47,2,1
2844,359,48,2,1
2844,359,49,2,1
2844,359,50,2,1
2844,359,51,2,1
2844,359,52,2,1
2844,359,53,2,1
2844,359,54,2,1
2844,359,55,2,1
2844,359,56,2,1
2844,359,57,2,1
2844,359,58,2,1
2844,359,59,2,1
2844,359,60,2,1
2844,359,61,2,1
2844,359,62,2,1
2844,359,63,2,1
2844,359,64,2,1
2844,359,65,2,1
2844,359,66,2,1
2844,359,67,2,1
2844,359,68,2,1
2844,359,69,2,1
2844,359,70,2,1
2844,359,71,2,1
2844,359,72,2,1
2844,359,73,2,1
2844,359,74,2,1
2844,359,75,2,1
2845,359,1,2,1
2845,359,2,2,1
2845,359,3,2,1
2845,359,4,2,1
2845,359,5,2,1
2845,359,6,2,1
2845,359,7,2,1
2845,359,8,2,1
2845,359,9,2,1
2845,359,10,2,1
2845,359,11,2,1
2845,359,12,2,1
2845,359,13,2,1
2845,359,14,2,1
2845,359,15,2,1
2845,359,16,2,1
2845,359,17,2,1
2845,359,18,2,1
2845,359,19,2,1
2845,359,20,2,1
2845,359,21,2,1
2845,359,22,2,1
2845,359,23,2,1
2845,359,24,2,1
2845,359,25,2,1
2845,359,26,2,1
2845,359,27,2,1
2845,359,28,2,1
2845,359,29,2,1
2845,359,30,2,1
2845,359,31,2,1
2845,359,32,2,1
2845,359,33,2,1
2845,359,34,2,1
2845,359,35,2,1
2845,359,36,2,1
2845,359,37,2,1
2845,359,38,2,1
2845,359,39,2,1
2845,359,40,2,1
2845,359,41,2,1
2845,359,42,2,1
2845,359,43,2,1
2845,359,44,2,1
2845,359,45,2,1
2845,359,46,2,1
2845,359,47,2,1
2845,359,48,2,1
2845,359,49,2,1
2845,359,50,2,1
2845,359,51,2,1
2845,359,52,2,1
2845,359,53,2,1
2845,359,54,2,1
2845,359,55,2,1
2845,359,56,2,1
2845,359,57,2,1
2845,359,58,2,1
2845,359,59,2,1
2845,359,60,2,1
2845,359,61,2,1
2845,359,62,2,1
2845,359,63,2,1
2845,359,64,2,1
2845,359,65,2,1
2845,359,66,2,1
2845,359,67,2,1
2845,359,68,2,1
2845,359,69,2,1
2845,359,70,2,1
2845,359,71,2,1
2845,359,72,2,1
2845,359,73,2,1
2845,359,74,2,1
2845,359,75,2,1
2846,359,1,2,1
2846,359,2,2,1
2846,359,3,2,1
2846,359,4,2,1
2846,359,5,2,1
2846,359,6,2,1
2846,359,7,2,1
2846,359,8,2,1
2846,359,9,2,1
2846,359,10,2,1
2846,359,11,2,1
2846,359,12,2,1
2846,359,13,2,1
2846,359,14,2,1
2846,359,15,2,1
2846,359,16,2,1
2846,359,17,2,1
2846,359,18,2,1
2846,359,19,2,1
2846,359,20,2,1
2846,359,21,2,1
2846,359,22,2,1
2846,359,23,2,1
2846,359,24,2,1
2846,359,25,2,1
2846,359,26,2,1
2846,359,27,2,1
2846,359,28,2,1
2846,359,29,2,1
2846,359,30,2,1
2846,359,31,2,1
2846,359,32,2,1
2846,359,33,2,1
2846,359,34,2,1
2846,359,35,2,1
2846,359,36,2,1
2846,359,37,2,1
2846,359,38,2,1
2846,359,39,2,1
2846,359,40,2,1
2846,359,41,2,1
2846,359,42,2,1
2846,359,43,2,1
2846,359,44,2,1
2846,359,45,2,1
2846,359,46,2,1
2846,359,47,2,1
2846,359,48,2,1
2846,359,49,2,1
2846,359,50,2,1
2846,359,51,2,1
2846,359,52,2,1
2846,359,53,2,1
2846,359,54,2,1
2846,359,55,2,1
2846,359,56,2,1
2846,359,57,2,1
2846,359,58,2,1
2846,359,59,2,1
2846,359,60,2,1
2846,359,61,2,1
2846,359,62,2,1
2846,359,63,2,1
2846,359,64,2,1
2846,359,65,2,1
2846,359,66,2,1
2846,359,67,2,1
2846,359,68,2,1
2846,359,69,2,1
2846,359,70,2,1
2846,359,71,2,1
2846,359,72,2,1
2846,359,73,2,1
2846,359,74,2,1
2846,359,75,2,1
2847,358,1,1,1
2847,358,2,1,1
2847,358,3,1,1
2847,358,4,1,1
2847,358,5,1,1
2847,358,6,1,1
2847,358,7,1,1
2847,358,8,1,1
2847,358,9,1,1
2847,358,10,1,1
2847,358,11,1,1
2847,358,12,1,1
2847,358,13,1,1
2847,358,14,1,1
2847,358,15,1,1
2847,358,16,1,1
2847,358,17,1,1
2847,358,18,1,1
2847,358,19,1,1
2847,358,20,1,1
2847,358,21,1,1
2847,358,22,1,1
2847,358,23,1,1
2847,358,24,1,1
2847,358,25,1,1
2847,358,26,1,1
2847,358,27,1,1
2847,358,28,1,1
2847,358,29,1,1
2847,358,30,1,1
2847,358,31,1,1
2847,358,32,1,1
2847,358,33,1,1
2847,358,34,1,1
2847,358,35,1,1
2847,358,36,1,1
2847,358,37,1,1
2847,358,38,1,1
2847,358,39,1,1
2847,358,40,1,1
2847,358,41,1,1
2847,358,42,1,1
2847,358,43,1,1
2847,358,44,1,1
2847,358,45,1,1
2847,358,46,1,1
2847,358,47,1,1
2847,358,48,1,1
2847,358,49,1,1
2847,358,50,1,1
2847,358,51,1,1
2847,358,52,1,1
2847,358,53,1,1
2847,358,54,1,1
2847,358,55,1,1
2847,358,56,1,1
2847,358,57,1,1
2847,358,58,1,1
2847,358,59,1,1
2847,358,60,1,1
2847,358,61,1,1
2847,358,62,1,1
2847,358,63,1,1
2847,358,64,1,1
2847,358,65,1,1
2847,358,66,1,1
2847,358,67,1,1
2847,358,68,1,1
2847,358,69,1,1
2847,358,70,1,1
2847,358,71,1,1
2847,358,72,1,1
2847,358,73,1,1
2847,358,74,1,1
2847,358,75,1,1
2847,358,1,2,1
2847,358,2,2,1
2847,358,3,2,1
2847,358,4,2,1
2847,358,5,2,1
2847,358,6,2,1
2847,358,7,2,1
2847,358,8,2,1
2847,358,9,2,1
2847,358,10,2,1
2847,358,11,2,1
2847,358,12,2,1
2847,358,13,2,1
2847,358,14,2,1
2847,358,15,2,1
2847,358,16,2,1
2847,358,17,2,1
2847,358,18,2,1
2847,358,19,2,1
2847,358,20,2,1
2847,358,21,2,1
2847,358,22,2,1
2847,358,23,2,1
2847,358,24,2,1
2847,358,25,2,1
2847,358,26,2,1
2847,358,27,2,1
2847,358,28,2,1
2847,358,29,2,1
2847,358,30,2,1
2847,358,31,2,1
2847,358,32,2,1
2847,358,33,2,1
2847,358,34,2,1
2847,358,35,2,1
2847,358,36,2,1
2847,358,37,2,1
2847,358,38,2,1
2847,358,39,2,1
2847,358,40,2,1
2847,358,41,2,1
2847,358,42,2,1
2847,358,43,2,1
2847,358,44,2,1
2847,358,45,2,1
2847,358,46,2,1
2847,358,47,2,1
2847,358,48,2,1
2847,358,49,2,1
2847,358,50,2,1
2847,358,51,2,1
2847,358,52,2,1
2847,358,53,2,1
2847,358,54,2,1
2847,358,55,2,1
2847,358,56,2,1
2847,358,57,2,1
2847,358,58,2,1
2847,358,59,2,1
2847,358,60,2,1
2847,358,61,2,1
2847,358,62,2,1
2847,358,63,2,1
2847,358,64,2,1
2847,358,65,2,1
2847,358,66,2,1
2847,358,67,2,1
2847,358,68,2,1
2847,358,69,2,1
2847,358,70,2,1
2847,358,71,2,1
2847,358,72,2,1
2847,358,73,2,1
2847,358,74,2,1
2847,358,75,2,1
2848,358,1,2,1
2848,358,2,2,1
2848,358,3,2,1
2848,358,4,2,1
2848,358,5,2,1
2848,358,6,2,1
2848,358,7,2,1
2848,358,8,2,1
2848,358,9,2,1
2848,358,10,2,1
2848,358,11,2,1
2848,358,12,2,1
2848,358,13,2,1
2848,358,14,2,1
2848,358,15,2,1
2848,358,16,2,1
2848,358,17,2,1
2848,358,18,2,1
2848,358,19,2,1
2848,358,20,2,1
2848,358,21,2,1
2848,358,22,2,1
2848,358,23,2,1
2848,358,24,2,1
2848,358,25,2,1
2848,358,26,2,1
2848,358,27,2,1
2848,358,28,2,1
2848,358,29,2,1
2848,358,30,2,1
2848,358,31,2,1
2848,358,32,2,1
2848,358,33,2,1
2848,358,34,2,1
2848,358,35,2,1
2848,358,36,2,1
2848,358,37,2,1
2848,358,38,2,1
2848,358,39,2,1
2848,358,40,2,1
2848,358,41,2,1
2848,358,42,2,1
2848,358,43,2,1
2848,358,44,2,1
2848,358,45,2,1
2848,358,46,2,1
2848,358,47,2,1
2848,358,48,2,1
2848,358,49,2,1
2848,358,50,2,1
2848,358,51,2,1
2848,358,52,2,1
2848,358,53,2,1
2848,358,54,2,1
2848,358,55,2,1
2848,358,56,2,1
2848,358,57,2,1
2848,358,58,2,1
2848,358,59,2,1
2848,358,60,2,1
2848,358,61,2,1
2848,358,62,2,1
2848,358,63,2,1
2848,358,64,2,1
2848,358,65,2,1
2848,358,66,2,1
2848,358,67,2,1
2848,358,68,2,1
2848,358,69,2,1
2848,358,70,2,1
2848,358,71,2,1
2848,358,72,2,1
2848,358,73,2,1
2848,358,74,2,1
2848,358,75,2,1
2849,358,1,2,1
2849,358,2,2,1
2849,358,3,2,1
2849,358,4,2,1
2849,358,5,2,1
2849,358,6,2,1
2849,358,7,2,1
2849,358,8,2,1
2849,358,9,2,1
2849,358,10,2,1
2849,358,11,2,1
2849,358,12,2,1
2849,358,13,2,1
2849,358,14,2,1
2849,358,15,2,1
2849,358,16,2,1
2849,358,17,2,1
2849,358,18,2,1
2849,358,19,2,1
2849,358,20,2,1
2849,358,21,2,1
2849,358,22,2,1
2849,358,23,2,1
2849,358,24,2,1
2849,358,25,2,1
2849,358,26,2,1
2849,358,27,2,1
2849,358,28,2,1
2849,358,29,2,1
2849,358,30,2,1
2849,358,31,2,1
2849,358,32,2,1
2849,358,33,2,1
2849,358,34,2,1
2849,358,35,2,1
2849,358,36,2,1
2849,358,37,2,1
2849,358,38,2,1
2849,358,39,2,1
2849,358,40,2,1
2849,358,41,2,1
2849,358,42,2,1
2849,358,43,2,1
2849,358,44,2,1
2849,358,45,2,1
2849,358,46,2,1
2849,358,47,2,1
2849,358,48,2,1
2849,358,49,2,1
2849,358,50,2,1
2849,358,51,2,1
2849,358,52,2,1
2849,358,53,2,1
2849,358,54,2,1
2849,358,55,2,1
2849,358,56,2,1
2849,358,57,2,1
2849,358,58,2,1
2849,358,59,2,1
2849,358,60,2,1
2849,358,61,2,1
2849,358,62,2,1
2849,358,63,2,1
2849,358,64,2,1
2849,358,65,2,1
2849,358,66,2,1
2849,358,67,2,1
2849,358,68,2,1
2849,358,69,2,1
2849,358,70,2,1
2849,358,71,2,1
2849,358,72,2,1
2849,358,73,2,1
2849,358,74,2,1
2849,358,75,2,1
2850,357,1,1,1
2850,357,2,1,1
2850,357,3,1,1
2850,357,4,1,1
2850,357,5,1,1
2850,357,6,1,1
2850,357,7,1,1
2850,357,8,1,1
2850,357,9,1,1
2850,357,10,1,1
2850,357,11,1,1
2850,357,12,1,1
2850,357,13,1,1
2850,357,14,1,1
2850,357,15,1,1
2850,357,16,1,1
2850,357,17,1,1
2850,357,18,1,1
2850,357,19,1,1
2850,357,20,1,1
2850,357,21,1,1
2850,357,22,1,1
2850,357,23,1,1
2850,357,24,1,1
2850,357,25,1,1
2850,357,26,1,1
2850,357,27,1,1
2850,357,28,1,1
2850,357,29,1,1
2850,357,30,1,1
2850,357,31,1,1
2850,357,32,1,1
2850,357,33,1,1
2850,357,34,1,1
2850,357,35,1,1
2850,357,36,1,1
2850,357,37,1,1
2850,357,38,1,1
2850,357,39,1,1
2850,357,40,1,1
2850,357,41,1,1
2850,357,42,1,1
2850,357,43,1,1
2850,357,44,1,1
2850,357,45,1,1
2850,357,46,1,1
2850,357,47,1,1
2850,357,48,1,1
2850,357,49,1,1
2850,357,50,1,1
2850,357,51,1,1
2850,357,52,1,1
2850,357,53,1,1
2850,357,54,1,1
2850,357,55,1,1
2850,357,56,1,1
2850,357,57,1,1
2850,357,58,1,1
2850,357,59,1,1
2850,357,60,1,1
2850,357,61,1,1
2850,357,62,1,1
2850,357,63,1,1
2850,357,64,1,1
2850,357,65,1,1
2850,357,66,1,1
2850,357,67,1,1
2850,357,68,1,1
2850,357,69,1,1
2850,357,70,1,1
2850,357,71,1,1
2850,357,72,1,1
2850,357,73,1,1
2850,357,74,1,1
2850,357,75,1,1
2850,357,1,2,1
2850,357,2,2,1
2850,357,3,2,1
2850,357,4,2,1
2850,357,5,2,1
2850,357,6,2,1
2850,357,7,2,1
2850,357,8,2,1
2850,357,9,2,1
2850,357,10,2,1
2850,357,11,2,1
2850,357,12,2,1
2850,357,13,2,1
2850,357,14,2,1
2850,357,15,2,1
2850,357,16,2,1
2850,357,17,2,1
2850,357,18,2,1
2850,357,19,2,1
2850,357,20,2,1
2850,357,21,2,1
2850,357,22,2,1
2850,357,23,2,1
2850,357,24,2,1
2850,357,25,2,1
2850,357,26,2,1
2850,357,27,2,1
2850,357,28,2,1
2850,357,29,2,1
2850,357,30,2,1
2850,357,31,2,1
2850,357,32,2,1
2850,357,33,2,1
2850,357,34,2,1
2850,357,35,2,1
2850,357,36,2,1
2850,357,37,2,1
2850,357,38,2,1
2850,357,39,2,1
2850,357,40,2,1
2850,357,41,2,1
2850,357,42,2,1
2850,357,43,2,1
2850,357,44,2,1
2850,357,45,2,1
2850,357,46,2,1
2850,357,47,2,1
2850,357,48,2,1
2850,357,49,2,1
2850,357,50,2,1
2850,357,51,2,1
2850,357,52,2,1
2850,357,53,2,1
2850,357,54,2,1
2850,357,55,2,1
2850,357,56,2,1
2850,357,57,2,1
2850,357,58,2,1
2850,357,59,2,1
2850,357,60,2,1
2850,357,61,2,1
2850,357,62,2,1
2850,357,63,2,1
2850,357,64,2,1
2850,357,65,2,1
2850,357,66,2,1
2850,357,67,2,1
2850,357,68,2,1
2850,357,69,2,1
2850,357,70,2,1
2850,357,71,2,1
2850,357,72,2,1
2850,357,73,2,1
2850,357,74,2,1
2850,357,75,2,1
2851,357,1,2,1
2851,357,2,2,1
2851,357,3,2,1
2851,357,4,2,1
2851,357,5,2,1
2851,357,6,2,1
2851,357,7,2,1
2851,357,8,2,1
2851,357,9,2,1
2851,357,10,2,1
2851,357,11,2,1
2851,357,12,2,1
2851,357,13,2,1
2851,357,14,2,1
2851,357,15,2,1
2851,357,16,2,1
2851,357,17,2,1
2851,357,18,2,1
2851,357,19,2,1
2851,357,20,2,1
2851,357,21,2,1
2851,357,22,2,1
2851,357,23,2,1
2851,357,24,2,1
2851,357,25,2,1
2851,357,26,2,1
2851,357,27,2,1
2851,357,28,2,1
2851,357,29,2,1
2851,357,30,2,1
2851,357,31,2,1
2851,357,32,2,1
2851,357,33,2,1
2851,357,34,2,1
2851,357,35,2,1
2851,357,36,2,1
2851,357,37,2,1
2851,357,38,2,1
2851,357,39,2,1
2851,357,40,2,1
2851,357,41,2,1
2851,357,42,2,1
2851,357,43,2,1
2851,357,44,2,1
2851,357,45,2,1
2851,357,46,2,1
2851,357,47,2,1
2851,357,48,2,1
2851,357,49,2,1
2851,357,50,2,1
2851,357,51,2,1
2851,357,52,2,1
2851,357,53,2,1
2851,357,54,2,1
2851,357,55,2,1
2851,357,56,2,1
2851,357,57,2,1
2851,357,58,2,1
2851,357,59,2,1
2851,357,60,2,1
2851,357,61,2,1
2851,357,62,2,1
2851,357,63,2,1
2851,357,64,2,1
2851,357,65,2,1
2851,357,66,2,1
2851,357,67,2,1
2851,357,68,2,1
2851,357,69,2,1
2851,357,70,2,1
2851,357,71,2,1
2851,357,72,2,1
2851,357,73,2,1
2851,357,74,2,1
2851,357,75,2,1
2852,357,1,2,1
2852,357,2,2,1
2852,357,3,2,1
2852,357,4,2,1
2852,357,5,2,1
2852,357,6,2,1
2852,357,7,2,1
2852,357,8,2,1
2852,357,9,2,1
2852,357,10,2,1
2852,357,11,2,1
2852,357,12,2,1
2852,357,13,2,1
2852,357,14,2,1
2852,357,15,2,1
2852,357,16,2,1
2852,357,17,2,1
2852,357,18,2,1
2852,357,19,2,1
2852,357,20,2,1
2852,357,21,2,1
2852,357,22,2,1
2852,357,23,2,1
2852,357,24,2,1
2852,357,25,2,1
2852,357,26,2,1
2852,357,27,2,1
2852,357,28,2,1
2852,357,29,2,1
2852,357,30,2,1
2852,357,31,2,1
2852,357,32,2,1
2852,357,33,2,1
2852,357,34,2,1
2852,357,35,2,1
2852,357,36,2,1
2852,357,37,2,1
2852,357,38,2,1
2852,357,39,2,1
2852,357,40,2,1
2852,357,41,2,1
2852,357,42,2,1
2852,357,43,2,1
2852,357,44,2,1
2852,357,45,2,1
2852,357,46,2,1
2852,357,47,2,1
2852,357,48,2,1
2852,357,49,2,1
2852,357,50,2,1
2852,357,51,2,1
2852,357,52,2,1
2852,357,53,2,1
2852,357,54,2,1
2852,357,55,2,1
2852,357,56,2,1
2852,357,57,2,1
2852,357,58,2,1
2852,357,59,2,1
2852,357,60,2,1
2852,357,61,2,1
2852,357,62,2,1
2852,357,63,2,1
2852,357,64,2,1
2852,357,65,2,1
2852,357,66,2,1
2852,357,67,2,1
2852,357,68,2,1
2852,357,69,2,1
2852,357,70,2,1
2852,357,71,2,1
2852,357,72,2,1
2852,357,73,2,1
2852,357,74,2,1
2852,357,75,2,1
2853,356,1,1,1
2853,356,2,1,1
2853,356,3,1,1
2853,356,4,1,1
2853,356,5,1,1
2853,356,6,1,1
2853,356,7,1,1
2853,356,8,1,1
2853,356,9,1,1
2853,356,10,1,1
2853,356,11,1,1
2853,356,12,1,1
2853,356,13,1,1
2853,356,14,1,1
2853,356,15,1,1
2853,356,16,1,1
2853,356,17,1,1
2853,356,18,1,1
2853,356,19,1,1
2853,356,20,1,1
2853,356,21,1,1
2853,356,22,1,1
2853,356,23,1,1
2853,356,24,1,1
2853,356,25,1,1
2853,356,26,1,1
2853,356,27,1,1
2853,356,28,1,1
2853,356,29,1,1
2853,356,30,1,1
2853,356,31,1,1
2853,356,32,1,1
2853,356,33,1,1
2853,356,34,1,1
2853,356,35,1,1
2853,356,36,1,1
2853,356,37,1,1
2853,356,38,1,1
2853,356,39,1,1
2853,356,40,1,1
2853,356,41,1,1
2853,356,42,1,1
2853,356,43,1,1
2853,356,44,1,1
2853,356,45,1,1
2853,356,46,1,1
2853,356,47,1,1
2853,356,48,1,1
2853,356,49,1,1
2853,356,50,1,1
2853,356,51,1,1
2853,356,52,1,1
2853,356,53,1,1
2853,356,54,1,1
2853,356,55,1,1
2853,356,56,1,1
2853,356,57,1,1
2853,356,58,1,1
2853,356,59,1,1
2853,356,60,1,1
2853,356,61,1,1
2853,356,62,1,1
2853,356,63,1,1
2853,356,64,1,1
2853,356,65,1,1
2853,356,66,1,1
2853,356,67,1,1
2853,356,68,1,1
2853,356,69,1,1
2853,356,70,1,1
2853,356,71,1,1
2853,356,72,1,1
2853,356,73,1,1
2853,356,74,1,1
2853,356,75,1,1
2853,356,1,2,1
2853,356,2,2,1
2853,356,3,2,1
2853,356,4,2,1
2853,356,5,2,1
2853,356,6,2,1
2853,356,7,2,1
2853,356,8,2,1
2853,356,9,2,1
2853,356,10,2,1
2853,356,11,2,1
2853,356,12,2,1
2853,356,13,2,1
2853,356,14,2,1
2853,356,15,2,1
2853,356,16,2,1
2853,356,17,2,1
2853,356,18,2,1
2853,356,19,2,1
2853,356,20,2,1
2853,356,21,2,1
2853,356,22,2,1
2853,356,23,2,1
2853,356,24,2,1
2853,356,25,2,1
2853,356,26,2,1
2853,356,27,2,1
2853,356,28,2,1
2853,356,29,2,1
2853,356,30,2,1
2853,356,31,2,1
2853,356,32,2,1
2853,356,33,2,1
2853,356,34,2,1
2853,356,35,2,1
2853,356,36,2,1
2853,356,37,2,1
2853,356,38,2,1
2853,356,39,2,1
2853,356,40,2,1
2853,356,41,2,1
2853,356,42,2,1
2853,356,43,2,1
2853,356,44,2,1
2853,356,45,2,1
2853,356,46,2,1
2853,356,47,2,1
2853,356,48,2,1
2853,356,49,2,1
2853,356,50,2,1
2853,356,51,2,1
2853,356,52,2,1
2853,356,53,2,1
2853,356,54,2,1
2853,356,55,2,1
2853,356,56,2,1
2853,356,57,2,1
2853,356,58,2,1
2853,356,59,2,1
2853,356,60,2,1
2853,356,61,2,1
2853,356,62,2,1
2853,356,63,2,1
2853,356,64,2,1
2853,356,65,2,1
2853,356,66,2,1
2853,356,67,2,1
2853,356,68,2,1
2853,356,69,2,1
2853,356,70,2,1
2853,356,71,2,1
2853,356,72,2,1
2853,356,73,2,1
2853,356,74,2,1
2853,356,75,2,1
2854,356,1,2,1
2854,356,2,2,1
2854,356,3,2,1
2854,356,4,2,1
2854,356,5,2,1
2854,356,6,2,1
2854,356,7,2,1
2854,356,8,2,1
2854,356,9,2,1
2854,356,10,2,1
2854,356,11,2,1
2854,356,12,2,1
2854,356,13,2,1
2854,356,14,2,1
2854,356,15,2,1
2854,356,16,2,1
2854,356,17,2,1
2854,356,18,2,1
2854,356,19,2,1
2854,356,20,2,1
2854,356,21,2,1
2854,356,22,2,1
2854,356,23,2,1
2854,356,24,2,1
2854,356,25,2,1
2854,356,26,2,1
2854,356,27,2,1
2854,356,28,2,1
2854,356,29,2,1
2854,356,30,2,1
2854,356,31,2,1
2854,356,32,2,1
2854,356,33,2,1
2854,356,34,2,1
2854,356,35,2,1
2854,356,36,2,1
2854,356,37,2,1
2854,356,38,2,1
2854,356,39,2,1
2854,356,40,2,1
2854,356,41,2,1
2854,356,42,2,1
2854,356,43,2,1
2854,356,44,2,1
2854,356,45,2,1
2854,356,46,2,1
2854,356,47,2,1
2854,356,48,2,1
2854,356,49,2,1
2854,356,50,2,1
2854,356,51,2,1
2854,356,52,2,1
2854,356,53,2,1
2854,356,54,2,1
2854,356,55,2,1
2854,356,56,2,1
2854,356,57,2,1
2854,356,58,2,1
2854,356,59,2,1
2854,356,60,2,1
2854,356,61,2,1
2854,356,62,2,1
2854,356,63,2,1
2854,356,64,2,1
2854,356,65,2,1
2854,356,66,2,1
2854,356,67,2,1
2854,356,68,2,1
2854,356,69,2,1
2854,356,70,2,1
2854,356,71,2,1
2854,356,72,2,1
2854,356,73,2,1
2854,356,74,2,1
2854,356,75,2,1
2855,356,1,2,1
2855,356,2,2,1
2855,356,3,2,1
2855,356,4,2,1
2855,356,5,2,1
2855,356,6,2,1
2855,356,7,2,1
2855,356,8,2,1
2855,356,9,2,1
2855,356,10,2,1
2855,356,11,2,1
2855,356,12,2,1
2855,356,13,2,1
2855,356,14,2,1
2855,356,15,2,1
2855,356,16,2,1
2855,356,17,2,1
2855,356,18,2,1
2855,356,19,2,1
2855,356,20,2,1
2855,356,21,2,1
2855,356,22,2,1
2855,356,23,2,1
2855,356,24,2,1
2855,356,25,2,1
2855,356,26,2,1
2855,356,27,2,1
2855,356,28,2,1
2855,356,29,2,1
2855,356,30,2,1
2855,356,31,2,1
2855,356,32,2,1
2855,356,33,2,1
2855,356,34,2,1
2855,356,35,2,1
2855,356,36,2,1
2855,356,37,2,1
2855,356,38,2,1
2855,356,39,2,1
2855,356,40,2,1
2855,356,41,2,1
2855,356,42,2,1
2855,356,43,2,1
2855,356,44,2,1
2855,356,45,2,1
2855,356,46,2,1
2855,356,47,2,1
2855,356,48,2,1
2855,356,49,2,1
2855,356,50,2,1
2855,356,51,2,1
2855,356,52,2,1
2855,356,53,2,1
2855,356,54,2,1
2855,356,55,2,1
2855,356,56,2,1
2855,356,57,2,1
2855,356,58,2,1
2855,356,59,2,1
2855,356,60,2,1
2855,356,61,2,1
2855,356,62,2,1
2855,356,63,2,1
2855,356,64,2,1
2855,356,65,2,1
2855,356,66,2,1
2855,356,67,2,1
2855,356,68,2,1
2855,356,69,2,1
2855,356,70,2,1
2855,356,71,2,1
2855,356,72,2,1
2855,356,73,2,1
2855,356,74,2,1
2855,356,75,2,1
2856,355,1,1,1
2856,355,2,1,1
2856,355,3,1,1
2856,355,4,1,1
2856,355,5,1,1
2856,355,6,1,1
2856,355,7,1,1
2856,355,8,1,1
2856,355,9,1,1
2856,355,10,1,1
2856,355,11,1,1
2856,355,12,1,1
2856,355,13,1,1
2856,355,14,1,1
2856,355,15,1,1
2856,355,16,1,1
2856,355,17,1,1
2856,355,18,1,1
2856,355,19,1,1
2856,355,20,1,1
2856,355,21,1,1
2856,355,22,1,1
2856,355,23,1,1
2856,355,24,1,1
2856,355,25,1,1
2856,355,26,1,1
2856,355,27,1,1
2856,355,28,1,1
2856,355,29,1,1
2856,355,30,1,1
2856,355,31,1,1
2856,355,32,1,1
2856,355,33,1,1
2856,355,34,1,1
2856,355,35,1,1
2856,355,36,1,1
2856,355,37,1,1
2856,355,38,1,1
2856,355,39,1,1
2856,355,40,1,1
2856,355,41,1,1
2856,355,42,1,1
2856,355,43,1,1
2856,355,44,1,1
2856,355,45,1,1
2856,355,46,1,1
2856,355,47,1,1
2856,355,48,1,1
2856,355,49,1,1
2856,355,50,1,1
2856,355,51,1,1
2856,355,52,1,1
2856,355,53,1,1
2856,355,54,1,1
2856,355,55,1,1
2856,355,56,1,1
2856,355,57,1,1
2856,355,58,1,1
2856,355,59,1,1
2856,355,60,1,1
2856,355,61,1,1
2856,355,62,1,1
2856,355,63,1,1
2856,355,64,1,1
2856,355,65,1,1
2856,355,66,1,1
2856,355,67,1,1
2856,355,68,1,1
2856,355,69,1,1
2856,355,70,1,1
2856,355,71,1,1
2856,355,72,1,1
2856,355,73,1,1
2856,355,74,1,1
2856,355,75,1,1
2856,355,1,2,1
2856,355,2,2,1
2856,355,3,2,1
2856,355,4,2,1
2856,355,5,2,1
2856,355,6,2,1
2856,355,7,2,1
2856,355,8,2,1
2856,355,9,2,1
2856,355,10,2,1
2856,355,11,2,1
2856,355,12,2,1
2856,355,13,2,1
2856,355,14,2,1
2856,355,15,2,1
2856,355,16,2,1
2856,355,17,2,1
2856,355,18,2,1
2856,355,19,2,1
2856,355,20,2,1
2856,355,21,2,1
2856,355,22,2,1
2856,355,23,2,1
2856,355,24,2,1
2856,355,25,2,1
2856,355,26,2,1
2856,355,27,2,1
2856,355,28,2,1
2856,355,29,2,1
2856,355,30,2,1
2856,355,31,2,1
2856,355,32,2,1
2856,355,33,2,1
2856,355,34,2,1
2856,355,35,2,1
2856,355,36,2,1
2856,355,37,2,1
2856,355,38,2,1
2856,355,39,2,1
2856,355,40,2,1
2856,355,41,2,1
2856,355,42,2,1
2856,355,43,2,1
2856,355,44,2,1
2856,355,45,2,1
2856,355,46,2,1
2856,355,47,2,1
2856,355,48,2,1
2856,355,49,2,1
2856,355,50,2,1
2856,355,51,2,1
2856,355,52,2,1
2856,355,53,2,1
2856,355,54,2,1
2856,355,55,2,1
2856,355,56,2,1
2856,355,57,2,1
2856,355,58,2,1
2856,355,59,2,1
2856,355,60,2,1
2856,355,61,2,1
2856,355,62,2,1
2856,355,63,2,1
2856,355,64,2,1
2856,355,65,2,1
2856,355,66,2,1
2856,355,67,2,1
2856,355,68,2,1
2856,355,69,2,1
2856,355,70,2,1
2856,355,71,2,1
2856,355,72,2,1
2856,355,73,2,1
2856,355,74,2,1
2856,355,75,2,1
2857,355,1,2,1
2857,355,2,2,1
2857,355,3,2,1
2857,355,4,2,1
2857,355,5,2,1
2857,355,6,2,1
2857,355,7,2,1
2857,355,8,2,1
2857,355,9,2,1
2857,355,10,2,1
2857,355,11,2,1
2857,355,12,2,1
2857,355,13,2,1
2857,355,14,2,1
2857,355,15,2,1
2857,355,16,2,1
2857,355,17,2,1
2857,355,18,2,1
2857,355,19,2,1
2857,355,20,2,1
2857,355,21,2,1
2857,355,22,2,1
2857,355,23,2,1
2857,355,24,2,1
2857,355,25,2,1
2857,355,26,2,1
2857,355,27,2,1
2857,355,28,2,1
2857,355,29,2,1
2857,355,30,2,1
2857,355,31,2,1
2857,355,32,2,1
2857,355,33,2,1
2857,355,34,2,1
2857,355,35,2,1
2857,355,36,2,1
2857,355,37,2,1
2857,355,38,2,1
2857,355,39,2,1
2857,355,40,2,1
2857,355,41,2,1
2857,355,42,2,1
2857,355,43,2,1
2857,355,44,2,1
2857,355,45,2,1
2857,355,46,2,1
2857,355,47,2,1
2857,355,48,2,1
2857,355,49,2,1
2857,355,50,2,1
2857,355,51,2,1
2857,355,52,2,1
2857,355,53,2,1
2857,355,54,2,1
2857,355,55,2,1
2857,355,56,2,1
2857,355,57,2,1
2857,355,58,2,1
2857,355,59,2,1
2857,355,60,2,1
2857,355,61,2,1
2857,355,62,2,1
2857,355,63,2,1
2857,355,64,2,1
2857,355,65,2,1
2857,355,66,2,1
2857,355,67,2,1
2857,355,68,2,1
2857,355,69,2,1
2857,355,70,2,1
2857,355,71,2,1
2857,355,72,2,1
2857,355,73,2,1
2857,355,74,2,1
2857,355,75,2,1
2858,355,1,2,1
2858,355,2,2,1
2858,355,3,2,1
2858,355,4,2,1
2858,355,5,2,1
2858,355,6,2,1
2858,355,7,2,1
2858,355,8,2,1
2858,355,9,2,1
2858,355,10,2,1
2858,355,11,2,1
2858,355,12,2,1
2858,355,13,2,1
2858,355,14,2,1
2858,355,15,2,1
2858,355,16,2,1
2858,355,17,2,1
2858,355,18,2,1
2858,355,19,2,1
2858,355,20,2,1
2858,355,21,2,1
2858,355,22,2,1
2858,355,23,2,1
2858,355,24,2,1
2858,355,25,2,1
2858,355,26,2,1
2858,355,27,2,1
2858,355,28,2,1
2858,355,29,2,1
2858,355,30,2,1
2858,355,31,2,1
2858,355,32,2,1
2858,355,33,2,1
2858,355,34,2,1
2858,355,35,2,1
2858,355,36,2,1
2858,355,37,2,1
2858,355,38,2,1
2858,355,39,2,1
2858,355,40,2,1
2858,355,41,2,1
2858,355,42,2,1
2858,355,43,2,1
2858,355,44,2,1
2858,355,45,2,1
2858,355,46,2,1
2858,355,47,2,1
2858,355,48,2,1
2858,355,49,2,1
2858,355,50,2,1
2858,355,51,2,1
2858,355,52,2,1
2858,355,53,2,1
2858,355,54,2,1
2858,355,55,2,1
2858,355,56,2,1
2858,355,57,2,1
2858,355,58,2,1
2858,355,59,2,1
2858,355,60,2,1
2858,355,61,2,1
2858,355,62,2,1
2858,355,63,2,1
2858,355,64,2,1
2858,355,65,2,1
2858,355,66,2,1
2858,355,67,2,1
2858,355,68,2,1
2858,355,69,2,1
2858,355,70,2,1
2858,355,71,2,1
2858,355,72,2,1
2858,355,73,2,1
2858,355,74,2,1
2858,355,75,2,1
2859,354,1,1,1
2859,354,2,1,1
2859,354,3,1,1
2859,354,4,1,1
2859,354,5,1,1
2859,354,6,1,1
2859,354,7,1,1
2859,354,8,1,1
2859,354,9,1,1
2859,354,10,1,1
2859,354,11,1,1
2859,354,12,1,1
2859,354,13,1,1
2859,354,14,1,1
2859,354,15,1,1
2859,354,16,1,1
2859,354,17,1,1
2859,354,18,1,1
2859,354,19,1,1
2859,354,20,1,1
2859,354,21,1,1
2859,354,22,1,1
2859,354,23,1,1
2859,354,24,1,1
2859,354,25,1,1
2859,354,26,1,1
2859,354,27,1,1
2859,354,28,1,1
2859,354,29,1,1
2859,354,30,1,1
2859,354,31,1,1
2859,354,32,1,1
2859,354,33,1,1
2859,354,34,1,1
2859,354,35,1,1
2859,354,36,1,1
2859,354,37,1,1
2859,354,38,1,1
2859,354,39,1,1
2859,354,40,1,1
2859,354,41,1,1
2859,354,42,1,1
2859,354,43,1,1
2859,354,44,1,1
2859,354,45,1,1
2859,354,46,1,1
2859,354,47,1,1
2859,354,48,1,1
2859,354,49,1,1
2859,354,50,1,1
2859,354,51,1,1
2859,354,52,1,1
2859,354,53,1,1
2859,354,54,1,1
2859,354,55,1,1
2859,354,56,1,1
2859,354,57,1,1
2859,354,58,1,1
2859,354,59,1,1
2859,354,60,1,1
2859,354,61,1,1
2859,354,62,1,1
2859,354,63,1,1
2859,354,64,1,1
2859,354,65,1,1
2859,354,66,1,1
2859,354,67,1,1
2859,354,68,1,1
2859,354,69,1,1
2859,354,70,1,1
2859,354,71,1,1
2859,354,72,1,1
2859,354,73,1,1
2859,354,74,1,1
2859,354,75,1,1
2859,354,1,2,1
2859,354,2,2,1
2859,354,3,2,1
2859,354,4,2,1
2859,354,5,2,1
2859,354,6,2,1
2859,354,7,2,1
2859,354,8,2,1
2859,354,9,2,1
2859,354,10,2,1
2859,354,11,2,1
2859,354,12,2,1
2859,354,13,2,1
2859,354,14,2,1
2859,354,15,2,1
2859,354,16,2,1
2859,354,17,2,1
2859,354,18,2,1
2859,354,19,2,1
2859,354,20,2,1
2859,354,21,2,1
2859,354,22,2,1
2859,354,23,2,1
2859,354,24,2,1
2859,354,25,2,1
2859,354,26,2,1
2859,354,27,2,1
2859,354,28,2,1
2859,354,29,2,1
2859,354,30,2,1
2859,354,31,2,1
2859,354,32,2,1
2859,354,33,2,1
2859,354,34,2,1
2859,354,35,2,1
2859,354,36,2,1
2859,354,37,2,1
2859,354,38,2,1
2859,354,39,2,1
2859,354,40,2,1
2859,354,41,2,1
2859,354,42,2,1
2859,354,43,2,1
2859,354,44,2,1
2859,354,45,2,1
2859,354,46,2,1
2859,354,47,2,1
2859,354,48,2,1
2859,354,49,2,1
2859,354,50,2,1
2859,354,51,2,1
2859,354,52,2,1
2859,354,53,2,1
2859,354,54,2,1
2859,354,55,2,1
2859,354,56,2,1
2859,354,57,2,1
2859,354,58,2,1
2859,354,59,2,1
2859,354,60,2,1
2859,354,61,2,1
2859,354,62,2,1
2859,354,63,2,1
2859,354,64,2,1
2859,354,65,2,1
2859,354,66,2,1
2859,354,67,2,1
2859,354,68,2,1
2859,354,69,2,1
2859,354,70,2,1
2859,354,71,2,1
2859,354,72,2,1
2859,354,73,2,1
2859,354,74,2,1
2859,354,75,2,1
2860,354,1,2,1
2860,354,2,2,1
2860,354,3,2,1
2860,354,4,2,1
2860,354,5,2,1
2860,354,6,2,1
2860,354,7,2,1
2860,354,8,2,1
2860,354,9,2,1
2860,354,10,2,1
2860,354,11,2,1
2860,354,12,2,1
2860,354,13,2,1
2860,354,14,2,1
2860,354,15,2,1
2860,354,16,2,1
2860,354,17,2,1
2860,354,18,2,1
2860,354,19,2,1
2860,354,20,2,1
2860,354,21,2,1
2860,354,22,2,1
2860,354,23,2,1
2860,354,24,2,1
2860,354,25,2,1
2860,354,26,2,1
2860,354,27,2,1
2860,354,28,2,1
2860,354,29,2,1
2860,354,30,2,1
2860,354,31,2,1
2860,354,32,2,1
2860,354,33,2,1
2860,354,34,2,1
2860,354,35,2,1
2860,354,36,2,1
2860,354,37,2,1
2860,354,38,2,1
2860,354,39,2,1
2860,354,40,2,1
2860,354,41,2,1
2860,354,42,2,1
2860,354,43,2,1
2860,354,44,2,1
2860,354,45,2,1
2860,354,46,2,1
2860,354,47,2,1
2860,354,48,2,1
2860,354,49,2,1
2860,354,50,2,1
2860,354,51,2,1
2860,354,52,2,1
2860,354,53,2,1
2860,354,54,2,1
2860,354,55,2,1
2860,354,56,2,1
2860,354,57,2,1
2860,354,58,2,1
2860,354,59,2,1
2860,354,60,2,1
2860,354,61,2,1
2860,354,62,2,1
2860,354,63,2,1
2860,354,64,2,1
2860,354,65,2,1
2860,354,66,2,1
2860,354,67,2,1
2860,354,68,2,1
2860,354,69,2,1
2860,354,70,2,1
2860,354,71,2,1
2860,354,72,2,1
2860,354,73,2,1
2860,354,74,2,1
2860,354,75,2,1
2861,354,1,2,1
2861,354,2,2,1
2861,354,3,2,1
2861,354,4,2,1
2861,354,5,2,1
2861,354,6,2,1
2861,354,7,2,1
2861,354,8,2,1
2861,354,9,2,1
2861,354,10,2,1
2861,354,11,2,1
2861,354,12,2,1
2861,354,13,2,1
2861,354,14,2,1
2861,354,15,2,1
2861,354,16,2,1
2861,354,17,2,1
2861,354,18,2,1
2861,354,19,2,1
2861,354,20,2,1
2861,354,21,2,1
2861,354,22,2,1
2861,354,23,2,1
2861,354,24,2,1
2861,354,25,2,1
2861,354,26,2,1
2861,354,27,2,1
2861,354,28,2,1
2861,354,29,2,1
2861,354,30,2,1
2861,354,31,2,1
2861,354,32,2,1
2861,354,33,2,1
2861,354,34,2,1
2861,354,35,2,1
2861,354,36,2,1
2861,354,37,2,1
2861,354,38,2,1
2861,354,39,2,1
2861,354,40,2,1
2861,354,41,2,1
2861,354,42,2,1
2861,354,43,2,1
2861,354,44,2,1
2861,354,45,2,1
2861,354,46,2,1
2861,354,47,2,1
2861,354,48,2,1
2861,354,49,2,1
2861,354,50,2,1
2861,354,51,2,1
2861,354,52,2,1
2861,354,53,2,1
2861,354,54,2,1
2861,354,55,2,1
2861,354,56,2,1
2861,354,57,2,1
2861,354,58,2,1
2861,354,59,2,1
2861,354,60,2,1
2861,354,61,2,1
2861,354,62,2,1
2861,354,63,2,1
2861,354,64,2,1
2861,354,65,2,1
2861,354,66,2,1
2861,354,67,2,1
2861,354,68,2,1
2861,354,69,2,1
2861,354,70,2,1
2861,354,71,2,1
2861,354,72,2,1
2861,354,73,2,1
2861,354,74,2,1
2861,354,75,2,1
2862,353,1,1,1
2862,353,2,1,1
2862,353,3,1,1
2862,353,4,1,1
2862,353,5,1,1
2862,353,6,1,1
2862,353,7,1,1
2862,353,8,1,1
2862,353,9,1,1
2862,353,10,1,1
2862,353,11,1,1
2862,353,12,1,1
2862,353,13,1,1
2862,353,14,1,1
2862,353,15,1,1
2862,353,16,1,1
2862,353,17,1,1
2862,353,18,1,1
2862,353,19,1,1
2862,353,20,1,1
2862,353,21,1,1
2862,353,22,1,1
2862,353,23,1,1
2862,353,24,1,1
2862,353,25,1,1
2862,353,26,1,1
2862,353,27,1,1
2862,353,28,1,1
2862,353,29,1,1
2862,353,30,1,1
2862,353,31,1,1
2862,353,32,1,1
2862,353,33,1,1
2862,353,34,1,1
2862,353,35,1,1
2862,353,36,1,1
2862,353,37,1,1
2862,353,38,1,1
2862,353,39,1,1
2862,353,40,1,1
2862,353,41,1,1
2862,353,42,1,1
2862,353,43,1,1
2862,353,44,1,1
2862,353,45,1,1
2862,353,46,1,1
2862,353,47,1,1
2862,353,48,1,1
2862,353,49,1,1
2862,353,50,1,1
2862,353,51,1,1
2862,353,52,1,1
2862,353,53,1,1
2862,353,54,1,1
2862,353,55,1,1
2862,353,56,1,1
2862,353,57,1,1
2862,353,58,1,1
2862,353,59,1,1
2862,353,60,1,1
2862,353,61,1,1
2862,353,62,1,1
2862,353,63,1,1
2862,353,64,1,1
2862,353,65,1,1
2862,353,66,1,1
2862,353,67,1,1
2862,353,68,1,1
2862,353,69,1,1
2862,353,70,1,1
2862,353,71,1,1
2862,353,72,1,1
2862,353,73,1,1
2862,353,74,1,1
2862,353,75,1,1
2862,353,1,2,1
2862,353,2,2,1
2862,353,3,2,1
2862,353,4,2,1
2862,353,5,2,1
2862,353,6,2,1
2862,353,7,2,1
2862,353,8,2,1
2862,353,9,2,1
2862,353,10,2,1
2862,353,11,2,1
2862,353,12,2,1
2862,353,13,2,1
2862,353,14,2,1
2862,353,15,2,1
2862,353,16,2,1
2862,353,17,2,1
2862,353,18,2,1
2862,353,19,2,1
2862,353,20,2,1
2862,353,21,2,1
2862,353,22,2,1
2862,353,23,2,1
2862,353,24,2,1
2862,353,25,2,1
2862,353,26,2,1
2862,353,27,2,1
2862,353,28,2,1
2862,353,29,2,1
2862,353,30,2,1
2862,353,31,2,1
2862,353,32,2,1
2862,353,33,2,1
2862,353,34,2,1
2862,353,35,2,1
2862,353,36,2,1
2862,353,37,2,1
2862,353,38,2,1
2862,353,39,2,1
2862,353,40,2,1
2862,353,41,2,1
2862,353,42,2,1
2862,353,43,2,1
2862,353,44,2,1
2862,353,45,2,1
2862,353,46,2,1
2862,353,47,2,1
2862,353,48,2,1
2862,353,49,2,1
2862,353,50,2,1
2862,353,51,2,1
2862,353,52,2,1
2862,353,53,2,1
2862,353,54,2,1
2862,353,55,2,1
2862,353,56,2,1
2862,353,57,2,1
2862,353,58,2,1
2862,353,59,2,1
2862,353,60,2,1
2862,353,61,2,1
2862,353,62,2,1
2862,353,63,2,1
2862,353,64,2,1
2862,353,65,2,1
2862,353,66,2,1
2862,353,67,2,1
2862,353,68,2,1
2862,353,69,2,1
2862,353,70,2,1
2862,353,71,2,1
2862,353,72,2,1
2862,353,73,2,1
2862,353,74,2,1
2862,353,75,2,1
2863,353,1,2,1
2863,353,2,2,1
2863,353,3,2,1
2863,353,4,2,1
2863,353,5,2,1
2863,353,6,2,1
2863,353,7,2,1
2863,353,8,2,1
2863,353,9,2,1
2863,353,10,2,1
2863,353,11,2,1
2863,353,12,2,1
2863,353,13,2,1
2863,353,14,2,1
2863,353,15,2,1
2863,353,16,2,1
2863,353,17,2,1
2863,353,18,2,1
2863,353,19,2,1
2863,353,20,2,1
2863,353,21,2,1
2863,353,22,2,1
2863,353,23,2,1
2863,353,24,2,1
2863,353,25,2,1
2863,353,26,2,1
2863,353,27,2,1
2863,353,28,2,1
2863,353,29,2,1
2863,353,30,2,1
2863,353,31,2,1
2863,353,32,2,1
2863,353,33,2,1
2863,353,34,2,1
2863,353,35,2,1
2863,353,36,2,1
2863,353,37,2,1
2863,353,38,2,1
2863,353,39,2,1
2863,353,40,2,1
2863,353,41,2,1
2863,353,42,2,1
2863,353,43,2,1
2863,353,44,2,1
2863,353,45,2,1
2863,353,46,2,1
2863,353,47,2,1
2863,353,48,2,1
2863,353,49,2,1
2863,353,50,2,1
2863,353,51,2,1
2863,353,52,2,1
2863,353,53,2,1
2863,353,54,2,1
2863,353,55,2,1
2863,353,56,2,1
2863,353,57,2,1
2863,353,58,2,1
2863,353,59,2,1
2863,353,60,2,1
2863,353,61,2,1
2863,353,62,2,1
2863,353,63,2,1
2863,353,64,2,1
2863,353,65,2,1
2863,353,66,2,1
2863,353,67,2,1
2863,353,68,2,1
2863,353,69,2,1
2863,353,70,2,1
2863,353,71,2,1
2863,353,72,2,1
2863,353,73,2,1
2863,353,74,2,1
2863,353,75,2,1
2864,353,1,2,1
2864,353,2,2,1
2864,353,3,2,1
2864,353,4,2,1
2864,353,5,2,1
2864,353,6,2,1
2864,353,7,2,1
2864,353,8,2,1
2864,353,9,2,1
2864,353,10,2,1
2864,353,11,2,1
2864,353,12,2,1
2864,353,13,2,1
2864,353,14,2,1
2864,353,15,2,1
2864,353,16,2,1
2864,353,17,2,1
2864,353,18,2,1
2864,353,19,2,1
2864,353,20,2,1
2864,353,21,2,1
2864,353,22,2,1
2864,353,23,2,1
2864,353,24,2,1
2864,353,25,2,1
2864,353,26,2,1
2864,353,27,2,1
2864,353,28,2,1
2864,353,29,2,1
2864,353,30,2,1
2864,353,31,2,1
2864,353,32,2,1
2864,353,33,2,1
2864,353,34,2,1
2864,353,35,2,1
2864,353,36,2,1
2864,353,37,2,1
2864,353,38,2,1
2864,353,39,2,1
2864,353,40,2,1
2864,353,41,2,1
2864,353,42,2,1
2864,353,43,2,1
2864,353,44,2,1
2864,353,45,2,1
2864,353,46,2,1
2864,353,47,2,1
2864,353,48,2,1
2864,353,49,2,1
2864,353,50,2,1
2864,353,51,2,1
2864,353,52,2,1
2864,353,53,2,1
2864,353,54,2,1
2864,353,55,2,1
2864,353,56,2,1
2864,353,57,2,1
2864,353,58,2,1
2864,353,59,2,1
2864,353,60,2,1
2864,353,61,2,1
2864,353,62,2,1
2864,353,63,2,1
2864,353,64,2,1
2864,353,65,2,1
2864,353,66,2,1
2864,353,67,2,1
2864,353,68,2,1
2864,353,69,2,1
2864,353,70,2,1
2864,353,71,2,1
2864,353,72,2,1
2864,353,73,2,1
2864,353,74,2,1
2864,353,75,2,1
2865,352,1,1,1
2865,352,2,1,1
2865,352,3,1,1
2865,352,4,1,1
2865,352,5,1,1
2865,352,6,1,1
2865,352,7,1,1
2865,352,8,1,1
2865,352,9,1,1
2865,352,10,1,1
2865,352,11,1,1
2865,352,12,1,1
2865,352,13,1,1
2865,352,14,1,1
2865,352,15,1,1
2865,352,16,1,1
2865,352,17,1,1
2865,352,18,1,1
2865,352,19,1,1
2865,352,20,1,1
2865,352,21,1,1
2865,352,22,1,1
2865,352,23,1,1
2865,352,24,1,1
2865,352,25,1,1
2865,352,26,1,1
2865,352,27,1,1
2865,352,28,1,1
2865,352,29,1,1
2865,352,30,1,1
2865,352,31,1,1
2865,352,32,1,1
2865,352,33,1,1
2865,352,34,1,1
2865,352,35,1,1
2865,352,36,1,1
2865,352,37,1,1
2865,352,38,1,1
2865,352,39,1,1
2865,352,40,1,1
2865,352,41,1,1
2865,352,42,1,1
2865,352,43,1,1
2865,352,44,1,1
2865,352,45,1,1
2865,352,46,1,1
2865,352,47,1,1
2865,352,48,1,1
2865,352,49,1,1
2865,352,50,1,1
2865,352,51,1,1
2865,352,52,1,1
2865,352,53,1,1
2865,352,54,1,1
2865,352,55,1,1
2865,352,56,1,1
2865,352,57,1,1
2865,352,58,1,1
2865,352,59,1,1
2865,352,60,1,1
2865,352,61,1,1
2865,352,62,1,1
2865,352,63,1,1
2865,352,64,1,1
2865,352,65,1,1
2865,352,66,1,1
2865,352,67,1,1
2865,352,68,1,1
2865,352,69,1,1
2865,352,70,1,1
2865,352,71,1,1
2865,352,72,1,1
2865,352,73,1,1
2865,352,74,1,1
2865,352,75,1,1
2865,352,1,2,1
2865,352,2,2,1
2865,352,3,2,1
2865,352,4,2,1
2865,352,5,2,1
2865,352,6,2,1
2865,352,7,2,1
2865,352,8,2,1
2865,352,9,2,1
2865,352,10,2,1
2865,352,11,2,1
2865,352,12,2,1
2865,352,13,2,1
2865,352,14,2,1
2865,352,15,2,1
2865,352,16,2,1
2865,352,17,2,1
2865,352,18,2,1
2865,352,19,2,1
2865,352,20,2,1
2865,352,21,2,1
2865,352,22,2,1
2865,352,23,2,1
2865,352,24,2,1
2865,352,25,2,1
2865,352,26,2,1
2865,352,27,2,1
2865,352,28,2,1
2865,352,29,2,1
2865,352,30,2,1
2865,352,31,2,1
2865,352,32,2,1
2865,352,33,2,1
2865,352,34,2,1
2865,352,35,2,1
2865,352,36,2,1
2865,352,37,2,1
2865,352,38,2,1
2865,352,39,2,1
2865,352,40,2,1
2865,352,41,2,1
2865,352,42,2,1
2865,352,43,2,1
2865,352,44,2,1
2865,352,45,2,1
2865,352,46,2,1
2865,352,47,2,1
2865,352,48,2,1
2865,352,49,2,1
2865,352,50,2,1
2865,352,51,2,1
2865,352,52,2,1
2865,352,53,2,1
2865,352,54,2,1
2865,352,55,2,1
2865,352,56,2,1
2865,352,57,2,1
2865,352,58,2,1
2865,352,59,2,1
2865,352,60,2,1
2865,352,61,2,1
2865,352,62,2,1
2865,352,63,2,1
2865,352,64,2,1
2865,352,65,2,1
2865,352,66,2,1
2865,352,67,2,1
2865,352,68,2,1
2865,352,69,2,1
2865,352,70,2,1
2865,352,71,2,1
2865,352,72,2,1
2865,352,73,2,1
2865,352,74,2,1
2865,352,75,2,1
2866,352,1,2,1
2866,352,2,2,1
2866,352,3,2,1
2866,352,4,2,1
2866,352,5,2,1
2866,352,6,2,1
2866,352,7,2,1
2866,352,8,2,1
2866,352,9,2,1
2866,352,10,2,1
2866,352,11,2,1
2866,352,12,2,1
2866,352,13,2,1
2866,352,14,2,1
2866,352,15,2,1
2866,352,16,2,1
2866,352,17,2,1
2866,352,18,2,1
2866,352,19,2,1
2866,352,20,2,1
2866,352,21,2,1
2866,352,22,2,1
2866,352,23,2,1
2866,352,24,2,1
2866,352,25,2,1
2866,352,26,2,1
2866,352,27,2,1
2866,352,28,2,1
2866,352,29,2,1
2866,352,30,2,1
2866,352,31,2,1
2866,352,32,2,1
2866,352,33,2,1
2866,352,34,2,1
2866,352,35,2,1
2866,352,36,2,1
2866,352,37,2,1
2866,352,38,2,1
2866,352,39,2,1
2866,352,40,2,1
2866,352,41,2,1
2866,352,42,2,1
2866,352,43,2,1
2866,352,44,2,1
2866,352,45,2,1
2866,352,46,2,1
2866,352,47,2,1
2866,352,48,2,1
2866,352,49,2,1
2866,352,50,2,1
2866,352,51,2,1
2866,352,52,2,1
2866,352,53,2,1
2866,352,54,2,1
2866,352,55,2,1
2866,352,56,2,1
2866,352,57,2,1
2866,352,58,2,1
2866,352,59,2,1
2866,352,60,2,1
2866,352,61,2,1
2866,352,62,2,1
2866,352,63,2,1
2866,352,64,2,1
2866,352,65,2,1
2866,352,66,2,1
2866,352,67,2,1
2866,352,68,2,1
2866,352,69,2,1
2866,352,70,2,1
2866,352,71,2,1
2866,352,72,2,1
2866,352,73,2,1
2866,352,74,2,1
2866,352,75,2,1
2867,352,1,2,1
2867,352,2,2,1
2867,352,3,2,1
2867,352,4,2,1
2867,352,5,2,1
2867,352,6,2,1
2867,352,7,2,1
2867,352,8,2,1
2867,352,9,2,1
2867,352,10,2,1
2867,352,11,2,1
2867,352,12,2,1
2867,352,13,2,1
2867,352,14,2,1
2867,352,15,2,1
2867,352,16,2,1
2867,352,17,2,1
2867,352,18,2,1
2867,352,19,2,1
2867,352,20,2,1
2867,352,21,2,1
2867,352,22,2,1
2867,352,23,2,1
2867,352,24,2,1
2867,352,25,2,1
2867,352,26,2,1
2867,352,27,2,1
2867,352,28,2,1
2867,352,29,2,1
2867,352,30,2,1
2867,352,31,2,1
2867,352,32,2,1
2867,352,33,2,1
2867,352,34,2,1
2867,352,35,2,1
2867,352,36,2,1
2867,352,37,2,1
2867,352,38,2,1
2867,352,39,2,1
2867,352,40,2,1
2867,352,41,2,1
2867,352,42,2,1
2867,352,43,2,1
2867,352,44,2,1
2867,352,45,2,1
2867,352,46,2,1
2867,352,47,2,1
2867,352,48,2,1
2867,352,49,2,1
2867,352,50,2,1
2867,352,51,2,1
2867,352,52,2,1
2867,352,53,2,1
2867,352,54,2,1
2867,352,55,2,1
2867,352,56,2,1
2867,352,57,2,1
2867,352,58,2,1
2867,352,59,2,1
2867,352,60,2,1
2867,352,61,2,1
2867,352,62,2,1
2867,352,63,2,1
2867,352,64,2,1
2867,352,65,2,1
2867,352,66,2,1
2867,352,67,2,1
2867,352,68,2,1
2867,352,69,2,1
2867,352,70,2,1
2867,352,71,2,1
2867,352,72,2,1
2867,352,73,2,1
2867,352,74,2,1
2867,352,75,2,1
2868,351,1,1,1
2868,351,2,1,1
2868,351,3,1,1
2868,351,4,1,1
2868,351,5,1,1
2868,351,6,1,1
2868,351,7,1,1
2868,351,8,1,1
2868,351,9,1,1
2868,351,10,1,1
2868,351,11,1,1
2868,351,12,1,1
2868,351,13,1,1
2868,351,14,1,1
2868,351,15,1,1
2868,351,16,1,1
2868,351,17,1,1
2868,351,18,1,1
2868,351,19,1,1
2868,351,20,1,1
2868,351,21,1,1
2868,351,22,1,1
2868,351,23,1,1
2868,351,24,1,1
2868,351,25,1,1
2868,351,26,1,1
2868,351,27,1,1
2868,351,28,1,1
2868,351,29,1,1
2868,351,30,1,1
2868,351,31,1,1
2868,351,32,1,1
2868,351,33,1,1
2868,351,34,1,1
2868,351,35,1,1
2868,351,36,1,1
2868,351,37,1,1
2868,351,38,1,1
2868,351,39,1,1
2868,351,40,1,1
2868,351,41,1,1
2868,351,42,1,1
2868,351,43,1,1
2868,351,44,1,1
2868,351,45,1,1
2868,351,46,1,1
2868,351,47,1,1
2868,351,48,1,1
2868,351,49,1,1
2868,351,50,1,1
2868,351,51,1,1
2868,351,52,1,1
2868,351,53,1,1
2868,351,54,1,1
2868,351,55,1,1
2868,351,56,1,1
2868,351,57,1,1
2868,351,58,1,1
2868,351,59,1,1
2868,351,60,1,1
2868,351,61,1,1
2868,351,62,1,1
2868,351,63,1,1
2868,351,64,1,1
2868,351,65,1,1
2868,351,66,1,1
2868,351,67,1,1
2868,351,68,1,1
2868,351,69,1,1
2868,351,70,1,1
2868,351,71,1,1
2868,351,72,1,1
2868,351,73,1,1
2868,351,74,1,1
2868,351,75,1,1
2868,351,1,2,1
2868,351,2,2,1
2868,351,3,2,1
2868,351,4,2,1
2868,351,5,2,1
2868,351,6,2,1
2868,351,7,2,1
2868,351,8,2,1
2868,351,9,2,1
2868,351,10,2,1
2868,351,11,2,1
2868,351,12,2,1
2868,351,13,2,1
2868,351,14,2,1
2868,351,15,2,1
2868,351,16,2,1
2868,351,17,2,1
2868,351,18,2,1
2868,351,19,2,1
2868,351,20,2,1
2868,351,21,2,1
2868,351,22,2,1
2868,351,23,2,1
2868,351,24,2,1
2868,351,25,2,1
2868,351,26,2,1
2868,351,27,2,1
2868,351,28,2,1
2868,351,29,2,1
2868,351,30,2,1
2868,351,31,2,1
2868,351,32,2,1
2868,351,33,2,1
2868,351,34,2,1
2868,351,35,2,1
2868,351,36,2,1
2868,351,37,2,1
2868,351,38,2,1
2868,351,39,2,1
2868,351,40,2,1
2868,351,41,2,1
2868,351,42,2,1
2868,351,43,2,1
2868,351,44,2,1
2868,351,45,2,1
2868,351,46,2,1
2868,351,47,2,1
2868,351,48,2,1
2868,351,49,2,1
2868,351,50,2,1
2868,351,51,2,1
2868,351,52,2,1
2868,351,53,2,1
2868,351,54,2,1
2868,351,55,2,1
2868,351,56,2,1
2868,351,57,2,1
2868,351,58,2,1
2868,351,59,2,1
2868,351,60,2,1
2868,351,61,2,1
2868,351,62,2,1
2868,351,63,2,1
2868,351,64,2,1
2868,351,65,2,1
2868,351,66,2,1
2868,351,67,2,1
2868,351,68,2,1
2868,351,69,2,1
2868,351,70,2,1
2868,351,71,2,1
2868,351,72,2,1
2868,351,73,2,1
2868,351,74,2,1
2868,351,75,2,1
2869,351,1,2,1
2869,351,2,2,1
2869,351,3,2,1
2869,351,4,2,1
2869,351,5,2,1
2869,351,6,2,1
2869,351,7,2,1
2869,351,8,2,1
2869,351,9,2,1
2869,351,10,2,1
2869,351,11,2,1
2869,351,12,2,1
2869,351,13,2,1
2869,351,14,2,1
2869,351,15,2,1
2869,351,16,2,1
2869,351,17,2,1
2869,351,18,2,1
2869,351,19,2,1
2869,351,20,2,1
2869,351,21,2,1
2869,351,22,2,1
2869,351,23,2,1
2869,351,24,2,1
2869,351,25,2,1
2869,351,26,2,1
2869,351,27,2,1
2869,351,28,2,1
2869,351,29,2,1
2869,351,30,2,1
2869,351,31,2,1
2869,351,32,2,1
2869,351,33,2,1
2869,351,34,2,1
2869,351,35,2,1
2869,351,36,2,1
2869,351,37,2,1
2869,351,38,2,1
2869,351,39,2,1
2869,351,40,2,1
2869,351,41,2,1
2869,351,42,2,1
2869,351,43,2,1
2869,351,44,2,1
2869,351,45,2,1
2869,351,46,2,1
2869,351,47,2,1
2869,351,48,2,1
2869,351,49,2,1
2869,351,50,2,1
2869,351,51,2,1
2869,351,52,2,1
2869,351,53,2,1
2869,351,54,2,1
2869,351,55,2,1
2869,351,56,2,1
2869,351,57,2,1
2869,351,58,2,1
2869,351,59,2,1
2869,351,60,2,1
2869,351,61,2,1
2869,351,62,2,1
2869,351,63,2,1
2869,351,64,2,1
2869,351,65,2,1
2869,351,66,2,1
2869,351,67,2,1
2869,351,68,2,1
2869,351,69,2,1
2869,351,70,2,1
2869,351,71,2,1
2869,351,72,2,1
2869,351,73,2,1
2869,351,74,2,1
2869,351,75,2,1
2870,351,1,2,1
2870,351,2,2,1
2870,351,3,2,1
2870,351,4,2,1
2870,351,5,2,1
2870,351,6,2,1
2870,351,7,2,1
2870,351,8,2,1
2870,351,9,2,1
2870,351,10,2,1
2870,351,11,2,1
2870,351,12,2,1
2870,351,13,2,1
2870,351,14,2,1
2870,351,15,2,1
2870,351,16,2,1
2870,351,17,2,1
2870,351,18,2,1
2870,351,19,2,1
2870,351,20,2,1
2870,351,21,2,1
2870,351,22,2,1
2870,351,23,2,1
2870,351,24,2,1
2870,351,25,2,1
2870,351,26,2,1
2870,351,27,2,1
2870,351,28,2,1
2870,351,29,2,1
2870,351,30,2,1
2870,351,31,2,1
2870,351,32,2,1
2870,351,33,2,1
2870,351,34,2,1
2870,351,35,2,1
2870,351,36,2,1
2870,351,37,2,1
2870,351,38,2,1
2870,351,39,2,1
2870,351,40,2,1
2870,351,41,2,1
2870,351,42,2,1
2870,351,43,2,1
2870,351,44,2,1
2870,351,45,2,1
2870,351,46,2,1
2870,351,47,2,1
2870,351,48,2,1
2870,351,49,2,1
2870,351,50,2,1
2870,351,51,2,1
2870,351,52,2,1
2870,351,53,2,1
2870,351,54,2,1
2870,351,55,2,1
2870,351,56,2,1
2870,351,57,2,1
2870,351,58,2,1
2870,351,59,2,1
2870,351,60,2,1
2870,351,61,2,1
2870,351,62,2,1
2870,351,63,2,1
2870,351,64,2,1
2870,351,65,2,1
2870,351,66,2,1
2870,351,67,2,1
2870,351,68,2,1
2870,351,69,2,1
2870,351,70,2,1
2870,351,71,2,1
2870,351,72,2,1
2870,351,73,2,1
2870,351,74,2,1
2870,351,75,2,1
2871,350,1,1,1
2871,350,2,1,1
2871,350,3,1,1
2871,350,4,1,1
2871,350,5,1,1
2871,350,6,1,1
2871,350,7,1,1
2871,350,8,1,1
2871,350,9,1,1
2871,350,10,1,1
2871,350,11,1,1
2871,350,12,1,1
2871,350,13,1,1
2871,350,14,1,1
2871,350,15,1,1
2871,350,16,1,1
2871,350,17,1,1
2871,350,18,1,1
2871,350,19,1,1
2871,350,20,1,1
2871,350,21,1,1
2871,350,22,1,1
2871,350,23,1,1
2871,350,24,1,1
2871,350,25,1,1
2871,350,26,1,1
2871,350,27,1,1
2871,350,28,1,1
2871,350,29,1,1
2871,350,30,1,1
2871,350,31,1,1
2871,350,32,1,1
2871,350,33,1,1
2871,350,34,1,1
2871,350,35,1,1
2871,350,36,1,1
2871,350,37,1,1
2871,350,38,1,1
2871,350,39,1,1
2871,350,40,1,1
2871,350,41,1,1
2871,350,42,1,1
2871,350,43,1,1
2871,350,44,1,1
2871,350,45,1,1
2871,350,46,1,1
2871,350,47,1,1
2871,350,48,1,1
2871,350,49,1,1
2871,350,50,1,1
2871,350,51,1,1
2871,350,52,1,1
2871,350,53,1,1
2871,350,54,1,1
2871,350,55,1,1
2871,350,56,1,1
2871,350,57,1,1
2871,350,58,1,1
2871,350,59,1,1
2871,350,60,1,1
2871,350,61,1,1
2871,350,62,1,1
2871,350,63,1,1
2871,350,64,1,1
2871,350,65,1,1
2871,350,66,1,1
2871,350,67,1,1
2871,350,68,1,1
2871,350,69,1,1
2871,350,70,1,1
2871,350,71,1,1
2871,350,72,1,1
2871,350,73,1,1
2871,350,74,1,1
2871,350,75,1,1
2871,350,1,2,1
2871,350,2,2,1
2871,350,3,2,1
2871,350,4,2,1
2871,350,5,2,1
2871,350,6,2,1
2871,350,7,2,1
2871,350,8,2,1
2871,350,9,2,1
2871,350,10,2,1
2871,350,11,2,1
2871,350,12,2,1
2871,350,13,2,1
2871,350,14,2,1
2871,350,15,2,1
2871,350,16,2,1
2871,350,17,2,1
2871,350,18,2,1
2871,350,19,2,1
2871,350,20,2,1
2871,350,21,2,1
2871,350,22,2,1
2871,350,23,2,1
2871,350,24,2,1
2871,350,25,2,1
2871,350,26,2,1
2871,350,27,2,1
2871,350,28,2,1
2871,350,29,2,1
2871,350,30,2,1
2871,350,31,2,1
2871,350,32,2,1
2871,350,33,2,1
2871,350,34,2,1
2871,350,35,2,1
2871,350,36,2,1
2871,350,37,2,1
2871,350,38,2,1
2871,350,39,2,1
2871,350,40,2,1
2871,350,41,2,1
2871,350,42,2,1
2871,350,43,2,1
2871,350,44,2,1
2871,350,45,2,1
2871,350,46,2,1
2871,350,47,2,1
2871,350,48,2,1
2871,350,49,2,1
2871,350,50,2,1
2871,350,51,2,1
2871,350,52,2,1
2871,350,53,2,1
2871,350,54,2,1
2871,350,55,2,1
2871,350,56,2,1
2871,350,57,2,1
2871,350,58,2,1
2871,350,59,2,1
2871,350,60,2,1
2871,350,61,2,1
2871,350,62,2,1
2871,350,63,2,1
2871,350,64,2,1
2871,350,65,2,1
2871,350,66,2,1
2871,350,67,2,1
2871,350,68,2,1
2871,350,69,2,1
2871,350,70,2,1
2871,350,71,2,1
2871,350,72,2,1
2871,350,73,2,1
2871,350,74,2,1
2871,350,75,2,1
2872,350,1,2,1
2872,350,2,2,1
2872,350,3,2,1
2872,350,4,2,1
2872,350,5,2,1
2872,350,6,2,1
2872,350,7,2,1
2872,350,8,2,1
2872,350,9,2,1
2872,350,10,2,1
2872,350,11,2,1
2872,350,12,2,1
2872,350,13,2,1
2872,350,14,2,1
2872,350,15,2,1
2872,350,16,2,1
2872,350,17,2,1
2872,350,18,2,1
2872,350,19,2,1
2872,350,20,2,1
2872,350,21,2,1
2872,350,22,2,1
2872,350,23,2,1
2872,350,24,2,1
2872,350,25,2,1
2872,350,26,2,1
2872,350,27,2,1
2872,350,28,2,1
2872,350,29,2,1
2872,350,30,2,1
2872,350,31,2,1
2872,350,32,2,1
2872,350,33,2,1
2872,350,34,2,1
2872,350,35,2,1
2872,350,36,2,1
2872,350,37,2,1
2872,350,38,2,1
2872,350,39,2,1
2872,350,40,2,1
2872,350,41,2,1
2872,350,42,2,1
2872,350,43,2,1
2872,350,44,2,1
2872,350,45,2,1
2872,350,46,2,1
2872,350,47,2,1
2872,350,48,2,1
2872,350,49,2,1
2872,350,50,2,1
2872,350,51,2,1
2872,350,52,2,1
2872,350,53,2,1
2872,350,54,2,1
2872,350,55,2,1
2872,350,56,2,1
2872,350,57,2,1
2872,350,58,2,1
2872,350,59,2,1
2872,350,60,2,1
2872,350,61,2,1
2872,350,62,2,1
2872,350,63,2,1
2872,350,64,2,1
2872,350,65,2,1
2872,350,66,2,1
2872,350,67,2,1
2872,350,68,2,1
2872,350,69,2,1
2872,350,70,2,1
2872,350,71,2,1
2872,350,72,2,1
2872,350,73,2,1
2872,350,74,2,1
2872,350,75,2,1
2873,350,1,2,1
2873,350,2,2,1
2873,350,3,2,1
2873,350,4,2,1
2873,350,5,2,1
2873,350,6,2,1
2873,350,7,2,1
2873,350,8,2,1
2873,350,9,2,1
2873,350,10,2,1
2873,350,11,2,1
2873,350,12,2,1
2873,350,13,2,1
2873,350,14,2,1
2873,350,15,2,1
2873,350,16,2,1
2873,350,17,2,1
2873,350,18,2,1
2873,350,19,2,1
2873,350,20,2,1
2873,350,21,2,1
2873,350,22,2,1
2873,350,23,2,1
2873,350,24,2,1
2873,350,25,2,1
2873,350,26,2,1
2873,350,27,2,1
2873,350,28,2,1
2873,350,29,2,1
2873,350,30,2,1
2873,350,31,2,1
2873,350,32,2,1
2873,350,33,2,1
2873,350,34,2,1
2873,350,35,2,1
2873,350,36,2,1
2873,350,37,2,1
2873,350,38,2,1
2873,350,39,2,1
2873,350,40,2,1
2873,350,41,2,1
2873,350,42,2,1
2873,350,43,2,1
2873,350,44,2,1
2873,350,45,2,1
2873,350,46,2,1
2873,350,47,2,1
2873,350,48,2,1
2873,350,49,2,1
2873,350,50,2,1
2873,350,51,2,1
2873,350,52,2,1
2873,350,53,2,1
2873,350,54,2,1
2873,350,55,2,1
2873,350,56,2,1
2873,350,57,2,1
2873,350,58,2,1
2873,350,59,2,1
2873,350,60,2,1
2873,350,61,2,1
2873,350,62,2,1
2873,350,63,2,1
2873,350,64,2,1
2873,350,65,2,1
2873,350,66,2,1
2873,350,67,2,1
2873,350,68,2,1
2873,350,69,2,1
2873,350,70,2,1
2873,350,71,2,1
2873,350,72,2,1
2873,350,73,2,1
2873,350,74,2,1
2873,350,75,2,1
2874,349,1,1,1
2874,349,2,1,1
2874,349,3,1,1
2874,349,4,1,1
2874,349,5,1,1
2874,349,6,1,1
2874,349,7,1,1
2874,349,8,1,1
2874,349,9,1,1
2874,349,10,1,1
2874,349,11,1,1
2874,349,12,1,1
2874,349,13,1,1
2874,349,14,1,1
2874,349,15,1,1
2874,349,16,1,1
2874,349,17,1,1
2874,349,18,1,1
2874,349,19,1,1
2874,349,20,1,1
2874,349,21,1,1
2874,349,22,1,1
2874,349,23,1,1
2874,349,24,1,1
2874,349,25,1,1
2874,349,26,1,1
2874,349,27,1,1
2874,349,28,1,1
2874,349,29,1,1
2874,349,30,1,1
2874,349,31,1,1
2874,349,32,1,1
2874,349,33,1,1
2874,349,34,1,1
2874,349,35,1,1
2874,349,36,1,1
2874,349,37,1,1
2874,349,38,1,1
2874,349,39,1,1
2874,349,40,1,1
2874,349,41,1,1
2874,349,42,1,1
2874,349,43,1,1
2874,349,44,1,1
2874,349,45,1,1
2874,349,46,1,1
2874,349,47,1,1
2874,349,48,1,1
2874,349,49,1,1
2874,349,50,1,1
2874,349,51,1,1
2874,349,52,1,1
2874,349,53,1,1
2874,349,54,1,1
2874,349,55,1,1
2874,349,56,1,1
2874,349,57,1,1
2874,349,58,1,1
2874,349,59,1,1
2874,349,60,1,1
2874,349,61,1,1
2874,349,62,1,1
2874,349,63,1,1
2874,349,64,1,1
2874,349,65,1,1
2874,349,66,1,1
2874,349,67,1,1
2874,349,68,1,1
2874,349,69,1,1
2874,349,70,1,1
2874,349,71,1,1
2874,349,72,1,1
2874,349,73,1,1
2874,349,74,1,1
2874,349,75,1,1
2874,349,1,2,1
2874,349,2,2,1
2874,349,3,2,1
2874,349,4,2,1
2874,349,5,2,1
2874,349,6,2,1
2874,349,7,2,1
2874,349,8,2,1
2874,349,9,2,1
2874,349,10,2,1
2874,349,11,2,1
2874,349,12,2,1
2874,349,13,2,1
2874,349,14,2,1
2874,349,15,2,1
2874,349,16,2,1
2874,349,17,2,1
2874,349,18,2,1
2874,349,19,2,1
2874,349,20,2,1
2874,349,21,2,1
2874,349,22,2,1
2874,349,23,2,1
2874,349,24,2,1
2874,349,25,2,1
2874,349,26,2,1
2874,349,27,2,1
2874,349,28,2,1
2874,349,29,2,1
2874,349,30,2,1
2874,349,31,2,1
2874,349,32,2,1
2874,349,33,2,1
2874,349,34,2,1
2874,349,35,2,1
2874,349,36,2,1
2874,349,37,2,1
2874,349,38,2,1
2874,349,39,2,1
2874,349,40,2,1
2874,349,41,2,1
2874,349,42,2,1
2874,349,43,2,1
2874,349,44,2,1
2874,349,45,2,1
2874,349,46,2,1
2874,349,47,2,1
2874,349,48,2,1
2874,349,49,2,1
2874,349,50,2,1
2874,349,51,2,1
2874,349,52,2,1
2874,349,53,2,1
2874,349,54,2,1
2874,349,55,2,1
2874,349,56,2,1
2874,349,57,2,1
2874,349,58,2,1
2874,349,59,2,1
2874,349,60,2,1
2874,349,61,2,1
2874,349,62,2,1
2874,349,63,2,1
2874,349,64,2,1
2874,349,65,2,1
2874,349,66,2,1
2874,349,67,2,1
2874,349,68,2,1
2874,349,69,2,1
2874,349,70,2,1
2874,349,71,2,1
2874,349,72,2,1
2874,349,73,2,1
2874,349,74,2,1
2874,349,75,2,1
2875,349,1,2,1
2875,349,2,2,1
2875,349,3,2,1
2875,349,4,2,1
2875,349,5,2,1
2875,349,6,2,1
2875,349,7,2,1
2875,349,8,2,1
2875,349,9,2,1
2875,349,10,2,1
2875,349,11,2,1
2875,349,12,2,1
2875,349,13,2,1
2875,349,14,2,1
2875,349,15,2,1
2875,349,16,2,1
2875,349,17,2,1
2875,349,18,2,1
2875,349,19,2,1
2875,349,20,2,1
2875,349,21,2,1
2875,349,22,2,1
2875,349,23,2,1
2875,349,24,2,1
2875,349,25,2,1
2875,349,26,2,1
2875,349,27,2,1
2875,349,28,2,1
2875,349,29,2,1
2875,349,30,2,1
2875,349,31,2,1
2875,349,32,2,1
2875,349,33,2,1
2875,349,34,2,1
2875,349,35,2,1
2875,349,36,2,1
2875,349,37,2,1
2875,349,38,2,1
2875,349,39,2,1
2875,349,40,2,1
2875,349,41,2,1
2875,349,42,2,1
2875,349,43,2,1
2875,349,44,2,1
2875,349,45,2,1
2875,349,46,2,1
2875,349,47,2,1
2875,349,48,2,1
2875,349,49,2,1
2875,349,50,2,1
2875,349,51,2,1
2875,349,52,2,1
2875,349,53,2,1
2875,349,54,2,1
2875,349,55,2,1
2875,349,56,2,1
2875,349,57,2,1
2875,349,58,2,1
2875,349,59,2,1
2875,349,60,2,1
2875,349,61,2,1
2875,349,62,2,1
2875,349,63,2,1
2875,349,64,2,1
2875,349,65,2,1
2875,349,66,2,1
2875,349,67,2,1
2875,349,68,2,1
2875,349,69,2,1
2875,349,70,2,1
2875,349,71,2,1
2875,349,72,2,1
2875,349,73,2,1
2875,349,74,2,1
2875,349,75,2,1
2876,349,1,2,1
2876,349,2,2,1
2876,349,3,2,1
2876,349,4,2,1
2876,349,5,2,1
2876,349,6,2,1
2876,349,7,2,1
2876,349,8,2,1
2876,349,9,2,1
2876,349,10,2,1
2876,349,11,2,1
2876,349,12,2,1
2876,349,13,2,1
2876,349,14,2,1
2876,349,15,2,1
2876,349,16,2,1
2876,349,17,2,1
2876,349,18,2,1
2876,349,19,2,1
2876,349,20,2,1
2876,349,21,2,1
2876,349,22,2,1
2876,349,23,2,1
2876,349,24,2,1
2876,349,25,2,1
2876,349,26,2,1
2876,349,27,2,1
2876,349,28,2,1
2876,349,29,2,1
2876,349,30,2,1
2876,349,31,2,1
2876,349,32,2,1
2876,349,33,2,1
2876,349,34,2,1
2876,349,35,2,1
2876,349,36,2,1
2876,349,37,2,1
2876,349,38,2,1
2876,349,39,2,1
2876,349,40,2,1
2876,349,41,2,1
2876,349,42,2,1
2876,349,43,2,1
2876,349,44,2,1
2876,349,45,2,1
2876,349,46,2,1
2876,349,47,2,1
2876,349,48,2,1
2876,349,49,2,1
2876,349,50,2,1
2876,349,51,2,1
2876,349,52,2,1
2876,349,53,2,1
2876,349,54,2,1
2876,349,55,2,1
2876,349,56,2,1
2876,349,57,2,1
2876,349,58,2,1
2876,349,59,2,1
2876,349,60,2,1
2876,349,61,2,1
2876,349,62,2,1
2876,349,63,2,1
2876,349,64,2,1
2876,349,65,2,1
2876,349,66,2,1
2876,349,67,2,1
2876,349,68,2,1
2876,349,69,2,1
2876,349,70,2,1
2876,349,71,2,1
2876,349,72,2,1
2876,349,73,2,1
2876,349,74,2,1
2876,349,75,2,1
2877,348,1,1,1
2877,348,2,1,1
2877,348,3,1,1
2877,348,4,1,1
2877,348,5,1,1
2877,348,6,1,1
2877,348,7,1,1
2877,348,8,1,1
2877,348,9,1,1
2877,348,10,1,1
2877,348,11,1,1
2877,348,12,1,1
2877,348,13,1,1
2877,348,14,1,1
2877,348,15,1,1
2877,348,16,1,1
2877,348,17,1,1
2877,348,18,1,1
2877,348,19,1,1
2877,348,20,1,1
2877,348,21,1,1
2877,348,22,1,1
2877,348,23,1,1
2877,348,24,1,1
2877,348,25,1,1
2877,348,26,1,1
2877,348,27,1,1
2877,348,28,1,1
2877,348,29,1,1
2877,348,30,1,1
2877,348,31,1,1
2877,348,32,1,1
2877,348,33,1,1
2877,348,34,1,1
2877,348,35,1,1
2877,348,36,1,1
2877,348,37,1,1
2877,348,38,1,1
2877,348,39,1,1
2877,348,40,1,1
2877,348,41,1,1
2877,348,42,1,1
2877,348,43,1,1
2877,348,44,1,1
2877,348,45,1,1
2877,348,46,1,1
2877,348,47,1,1
2877,348,48,1,1
2877,348,49,1,1
2877,348,50,1,1
2877,348,51,1,1
2877,348,52,1,1
2877,348,53,1,1
2877,348,54,1,1
2877,348,55,1,1
2877,348,56,1,1
2877,348,57,1,1
2877,348,58,1,1
2877,348,59,1,1
2877,348,60,1,1
2877,348,61,1,1
2877,348,62,1,1
2877,348,63,1,1
2877,348,64,1,1
2877,348,65,1,1
2877,348,66,1,1
2877,348,67,1,1
2877,348,68,1,1
2877,348,69,1,1
2877,348,70,1,1
2877,348,71,1,1
2877,348,72,1,1
2877,348,73,1,1
2877,348,74,1,1
2877,348,75,1,1
2877,348,1,2,1
2877,348,2,2,1
2877,348,3,2,1
2877,348,4,2,1
2877,348,5,2,1
2877,348,6,2,1
2877,348,7,2,1
2877,348,8,2,1
2877,348,9,2,1
2877,348,10,2,1
2877,348,11,2,1
2877,348,12,2,1
2877,348,13,2,1
2877,348,14,2,1
2877,348,15,2,1
2877,348,16,2,1
2877,348,17,2,1
2877,348,18,2,1
2877,348,19,2,1
2877,348,20,2,1
2877,348,21,2,1
2877,348,22,2,1
2877,348,23,2,1
2877,348,24,2,1
2877,348,25,2,1
2877,348,26,2,1
2877,348,27,2,1
2877,348,28,2,1
2877,348,29,2,1
2877,348,30,2,1
2877,348,31,2,1
2877,348,32,2,1
2877,348,33,2,1
2877,348,34,2,1
2877,348,35,2,1
2877,348,36,2,1
2877,348,37,2,1
2877,348,38,2,1
2877,348,39,2,1
2877,348,40,2,1
2877,348,41,2,1
2877,348,42,2,1
2877,348,43,2,1
2877,348,44,2,1
2877,348,45,2,1
2877,348,46,2,1
2877,348,47,2,1
2877,348,48,2,1
2877,348,49,2,1
2877,348,50,2,1
2877,348,51,2,1
2877,348,52,2,1
2877,348,53,2,1
2877,348,54,2,1
2877,348,55,2,1
2877,348,56,2,1
2877,348,57,2,1
2877,348,58,2,1
2877,348,59,2,1
2877,348,60,2,1
2877,348,61,2,1
2877,348,62,2,1
2877,348,63,2,1
2877,348,64,2,1
2877,348,65,2,1
2877,348,66,2,1
2877,348,67,2,1
2877,348,68,2,1
2877,348,69,2,1
2877,348,70,2,1
2877,348,71,2,1
2877,348,72,2,1
2877,348,73,2,1
2877,348,74,2,1
2877,348,75,2,1
2878,348,1,2,1
2878,348,2,2,1
2878,348,3,2,1
2878,348,4,2,1
2878,348,5,2,1
2878,348,6,2,1
2878,348,7,2,1
2878,348,8,2,1
2878,348,9,2,1
2878,348,10,2,1
2878,348,11,2,1
2878,348,12,2,1
2878,348,13,2,1
2878,348,14,2,1
2878,348,15,2,1
2878,348,16,2,1
2878,348,17,2,1
2878,348,18,2,1
2878,348,19,2,1
2878,348,20,2,1
2878,348,21,2,1
2878,348,22,2,1
2878,348,23,2,1
2878,348,24,2,1
2878,348,25,2,1
2878,348,26,2,1
2878,348,27,2,1
2878,348,28,2,1
2878,348,29,2,1
2878,348,30,2,1
2878,348,31,2,1
2878,348,32,2,1
2878,348,33,2,1
2878,348,34,2,1
2878,348,35,2,1
2878,348,36,2,1
2878,348,37,2,1
2878,348,38,2,1
2878,348,39,2,1
2878,348,40,2,1
2878,348,41,2,1
2878,348,42,2,1
2878,348,43,2,1
2878,348,44,2,1
2878,348,45,2,1
2878,348,46,2,1
2878,348,47,2,1
2878,348,48,2,1
2878,348,49,2,1
2878,348,50,2,1
2878,348,51,2,1
2878,348,52,2,1
2878,348,53,2,1
2878,348,54,2,1
2878,348,55,2,1
2878,348,56,2,1
2878,348,57,2,1
2878,348,58,2,1
2878,348,59,2,1
2878,348,60,2,1
2878,348,61,2,1
2878,348,62,2,1
2878,348,63,2,1
2878,348,64,2,1
2878,348,65,2,1
2878,348,66,2,1
2878,348,67,2,1
2878,348,68,2,1
2878,348,69,2,1
2878,348,70,2,1
2878,348,71,2,1
2878,348,72,2,1
2878,348,73,2,1
2878,348,74,2,1
2878,348,75,2,1
2879,348,1,2,1
2879,348,2,2,1
2879,348,3,2,1
2879,348,4,2,1
2879,348,5,2,1
2879,348,6,2,1
2879,348,7,2,1
2879,348,8,2,1
2879,348,9,2,1
2879,348,10,2,1
2879,348,11,2,1
2879,348,12,2,1
2879,348,13,2,1
2879,348,14,2,1
2879,348,15,2,1
2879,348,16,2,1
2879,348,17,2,1
2879,348,18,2,1
2879,348,19,2,1
2879,348,20,2,1
2879,348,21,2,1
2879,348,22,2,1
2879,348,23,2,1
2879,348,24,2,1
2879,348,25,2,1
2879,348,26,2,1
2879,348,27,2,1
2879,348,28,2,1
2879,348,29,2,1
2879,348,30,2,1
2879,348,31,2,1
2879,348,32,2,1
2879,348,33,2,1
2879,348,34,2,1
2879,348,35,2,1
2879,348,36,2,1
2879,348,37,2,1
2879,348,38,2,1
2879,348,39,2,1
2879,348,40,2,1
2879,348,41,2,1
2879,348,42,2,1
2879,348,43,2,1
2879,348,44,2,1
2879,348,45,2,1
2879,348,46,2,1
2879,348,47,2,1
2879,348,48,2,1
2879,348,49,2,1
2879,348,50,2,1
2879,348,51,2,1
2879,348,52,2,1
2879,348,53,2,1
2879,348,54,2,1
2879,348,55,2,1
2879,348,56,2,1
2879,348,57,2,1
2879,348,58,2,1
2879,348,59,2,1
2879,348,60,2,1
2879,348,61,2,1
2879,348,62,2,1
2879,348,63,2,1
2879,348,64,2,1
2879,348,65,2,1
2879,348,66,2,1
2879,348,67,2,1
2879,348,68,2,1
2879,348,69,2,1
2879,348,70,2,1
2879,348,71,2,1
2879,348,72,2,1
2879,348,73,2,1
2879,348,74,2,1
2879,348,75,2,1
2880,347,1,1,1
2880,347,2,1,1
2880,347,3,1,1
2880,347,4,1,1
2880,347,5,1,1
2880,347,6,1,1
2880,347,7,1,1
2880,347,8,1,1
2880,347,9,1,1
2880,347,10,1,1
2880,347,11,1,1
2880,347,12,1,1
2880,347,13,1,1
2880,347,14,1,1
2880,347,15,1,1
2880,347,16,1,1
2880,347,17,1,1
2880,347,18,1,1
2880,347,19,1,1
2880,347,20,1,1
2880,347,21,1,1
2880,347,22,1,1
2880,347,23,1,1
2880,347,24,1,1
2880,347,25,1,1
2880,347,26,1,1
2880,347,27,1,1
2880,347,28,1,1
2880,347,29,1,1
2880,347,30,1,1
2880,347,31,1,1
2880,347,32,1,1
2880,347,33,1,1
2880,347,34,1,1
2880,347,35,1,1
2880,347,36,1,1
2880,347,37,1,1
2880,347,38,1,1
2880,347,39,1,1
2880,347,40,1,1
2880,347,41,1,1
2880,347,42,1,1
2880,347,43,1,1
2880,347,44,1,1
2880,347,45,1,1
2880,347,46,1,1
2880,347,47,1,1
2880,347,48,1,1
2880,347,49,1,1
2880,347,50,1,1
2880,347,51,1,1
2880,347,52,1,1
2880,347,53,1,1
2880,347,54,1,1
2880,347,55,1,1
2880,347,56,1,1
2880,347,57,1,1
2880,347,58,1,1
2880,347,59,1,1
2880,347,60,1,1
2880,347,61,1,1
2880,347,62,1,1
2880,347,63,1,1
2880,347,64,1,1
2880,347,65,1,1
2880,347,66,1,1
2880,347,67,1,1
2880,347,68,1,1
2880,347,69,1,1
2880,347,70,1,1
2880,347,71,1,1
2880,347,72,1,1
2880,347,73,1,1
2880,347,74,1,1
2880,347,75,1,1
2880,347,1,2,1
2880,347,2,2,1
2880,347,3,2,1
2880,347,4,2,1
2880,347,5,2,1
2880,347,6,2,1
2880,347,7,2,1
2880,347,8,2,1
2880,347,9,2,1
2880,347,10,2,1
2880,347,11,2,1
2880,347,12,2,1
2880,347,13,2,1
2880,347,14,2,1
2880,347,15,2,1
2880,347,16,2,1
2880,347,17,2,1
2880,347,18,2,1
2880,347,19,2,1
2880,347,20,2,1
2880,347,21,2,1
2880,347,22,2,1
2880,347,23,2,1
2880,347,24,2,1
2880,347,25,2,1
2880,347,26,2,1
2880,347,27,2,1
2880,347,28,2,1
2880,347,29,2,1
2880,347,30,2,1
2880,347,31,2,1
2880,347,32,2,1
2880,347,33,2,1
2880,347,34,2,1
2880,347,35,2,1
2880,347,36,2,1
2880,347,37,2,1
2880,347,38,2,1
2880,347,39,2,1
2880,347,40,2,1
2880,347,41,2,1
2880,347,42,2,1
2880,347,43,2,1
2880,347,44,2,1
2880,347,45,2,1
2880,347,46,2,1
2880,347,47,2,1
2880,347,48,2,1
2880,347,49,2,1
2880,347,50,2,1
2880,347,51,2,1
2880,347,52,2,1
2880,347,53,2,1
2880,347,54,2,1
2880,347,55,2,1
2880,347,56,2,1
2880,347,57,2,1
2880,347,58,2,1
2880,347,59,2,1
2880,347,60,2,1
2880,347,61,2,1
2880,347,62,2,1
2880,347,63,2,1
2880,347,64,2,1
2880,347,65,2,1
2880,347,66,2,1
2880,347,67,2,1
2880,347,68,2,1
2880,347,69,2,1
2880,347,70,2,1
2880,347,71,2,1
2880,347,72,2,1
2880,347,73,2,1
2880,347,74,2,1
2880,347,75,2,1
2881,347,1,2,1
2881,347,2,2,1
2881,347,3,2,1
2881,347,4,2,1
2881,347,5,2,1
2881,347,6,2,1
2881,347,7,2,1
2881,347,8,2,1
2881,347,9,2,1
2881,347,10,2,1
2881,347,11,2,1
2881,347,12,2,1
2881,347,13,2,1
2881,347,14,2,1
2881,347,15,2,1
2881,347,16,2,1
2881,347,17,2,1
2881,347,18,2,1
2881,347,19,2,1
2881,347,20,2,1
2881,347,21,2,1
2881,347,22,2,1
2881,347,23,2,1
2881,347,24,2,1
2881,347,25,2,1
2881,347,26,2,1
2881,347,27,2,1
2881,347,28,2,1
2881,347,29,2,1
2881,347,30,2,1
2881,347,31,2,1
2881,347,32,2,1
2881,347,33,2,1
2881,347,34,2,1
2881,347,35,2,1
2881,347,36,2,1
2881,347,37,2,1
2881,347,38,2,1
2881,347,39,2,1
2881,347,40,2,1
2881,347,41,2,1
2881,347,42,2,1
2881,347,43,2,1
2881,347,44,2,1
2881,347,45,2,1
2881,347,46,2,1
2881,347,47,2,1
2881,347,48,2,1
2881,347,49,2,1
2881,347,50,2,1
2881,347,51,2,1
2881,347,52,2,1
2881,347,53,2,1
2881,347,54,2,1
2881,347,55,2,1
2881,347,56,2,1
2881,347,57,2,1
2881,347,58,2,1
2881,347,59,2,1
2881,347,60,2,1
2881,347,61,2,1
2881,347,62,2,1
2881,347,63,2,1
2881,347,64,2,1
2881,347,65,2,1
2881,347,66,2,1
2881,347,67,2,1
2881,347,68,2,1
2881,347,69,2,1
2881,347,70,2,1
2881,347,71,2,1
2881,347,72,2,1
2881,347,73,2,1
2881,347,74,2,1
2881,347,75,2,1
2882,347,1,2,1
2882,347,2,2,1
2882,347,3,2,1
2882,347,4,2,1
2882,347,5,2,1
2882,347,6,2,1
2882,347,7,2,1
2882,347,8,2,1
2882,347,9,2,1
2882,347,10,2,1
2882,347,11,2,1
2882,347,12,2,1
2882,347,13,2,1
2882,347,14,2,1
2882,347,15,2,1
2882,347,16,2,1
2882,347,17,2,1
2882,347,18,2,1
2882,347,19,2,1
2882,347,20,2,1
2882,347,21,2,1
2882,347,22,2,1
2882,347,23,2,1
2882,347,24,2,1
2882,347,25,2,1
2882,347,26,2,1
2882,347,27,2,1
2882,347,28,2,1
2882,347,29,2,1
2882,347,30,2,1
2882,347,31,2,1
2882,347,32,2,1
2882,347,33,2,1
2882,347,34,2,1
2882,347,35,2,1
2882,347,36,2,1
2882,347,37,2,1
2882,347,38,2,1
2882,347,39,2,1
2882,347,40,2,1
2882,347,41,2,1
2882,347,42,2,1
2882,347,43,2,1
2882,347,44,2,1
2882,347,45,2,1
2882,347,46,2,1
2882,347,47,2,1
2882,347,48,2,1
2882,347,49,2,1
2882,347,50,2,1
2882,347,51,2,1
2882,347,52,2,1
2882,347,53,2,1
2882,347,54,2,1
2882,347,55,2,1
2882,347,56,2,1
2882,347,57,2,1
2882,347,58,2,1
2882,347,59,2,1
2882,347,60,2,1
2882,347,61,2,1
2882,347,62,2,1
2882,347,63,2,1
2882,347,64,2,1
2882,347,65,2,1
2882,347,66,2,1
2882,347,67,2,1
2882,347,68,2,1
2882,347,69,2,1
2882,347,70,2,1
2882,347,71,2,1
2882,347,72,2,1
2882,347,73,2,1
2882,347,74,2,1
2882,347,75,2,1
2883,346,1,1,1
2883,346,2,1,1
2883,346,3,1,1
2883,346,4,1,1
2883,346,5,1,1
2883,346,6,1,1
2883,346,7,1,1
2883,346,8,1,1
2883,346,9,1,1
2883,346,10,1,1
2883,346,11,1,1
2883,346,12,1,1
2883,346,13,1,1
2883,346,14,1,1
2883,346,15,1,1
2883,346,16,1,1
2883,346,17,1,1
2883,346,18,1,1
2883,346,19,1,1
2883,346,20,1,1
2883,346,21,1,1
2883,346,22,1,1
2883,346,23,1,1
2883,346,24,1,1
2883,346,25,1,1
2883,346,26,1,1
2883,346,27,1,1
2883,346,28,1,1
2883,346,29,1,1
2883,346,30,1,1
2883,346,31,1,1
2883,346,32,1,1
2883,346,33,1,1
2883,346,34,1,1
2883,346,35,1,1
2883,346,36,1,1
2883,346,37,1,1
2883,346,38,1,1
2883,346,39,1,1
2883,346,40,1,1
2883,346,41,1,1
2883,346,42,1,1
2883,346,43,1,1
2883,346,44,1,1
2883,346,45,1,1
2883,346,46,1,1
2883,346,47,1,1
2883,346,48,1,1
2883,346,49,1,1
2883,346,50,1,1
2883,346,51,1,1
2883,346,52,1,1
2883,346,53,1,1
2883,346,54,1,1
2883,346,55,1,1
2883,346,56,1,1
2883,346,57,1,1
2883,346,58,1,1
2883,346,59,1,1
2883,346,60,1,1
2883,346,61,1,1
2883,346,62,1,1
2883,346,63,1,1
2883,346,64,1,1
2883,346,65,1,1
2883,346,66,1,1
2883,346,67,1,1
2883,346,68,1,1
2883,346,69,1,1
2883,346,70,1,1
2883,346,71,1,1
2883,346,72,1,1
2883,346,73,1,1
2883,346,74,1,1
2883,346,75,1,1
2883,346,1,2,1
2883,346,2,2,1
2883,346,3,2,1
2883,346,4,2,1
2883,346,5,2,1
2883,346,6,2,1
2883,346,7,2,1
2883,346,8,2,1
2883,346,9,2,1
2883,346,10,2,1
2883,346,11,2,1
2883,346,12,2,1
2883,346,13,2,1
2883,346,14,2,1
2883,346,15,2,1
2883,346,16,2,1
2883,346,17,2,1
2883,346,18,2,1
2883,346,19,2,1
2883,346,20,2,1
2883,346,21,2,1
2883,346,22,2,1
2883,346,23,2,1
2883,346,24,2,1
2883,346,25,2,1
2883,346,26,2,1
2883,346,27,2,1
2883,346,28,2,1
2883,346,29,2,1
2883,346,30,2,1
2883,346,31,2,1
2883,346,32,2,1
2883,346,33,2,1
2883,346,34,2,1
2883,346,35,2,1
2883,346,36,2,1
2883,346,37,2,1
2883,346,38,2,1
2883,346,39,2,1
2883,346,40,2,1
2883,346,41,2,1
2883,346,42,2,1
2883,346,43,2,1
2883,346,44,2,1
2883,346,45,2,1
2883,346,46,2,1
2883,346,47,2,1
2883,346,48,2,1
2883,346,49,2,1
2883,346,50,2,1
2883,346,51,2,1
2883,346,52,2,1
2883,346,53,2,1
2883,346,54,2,1
2883,346,55,2,1
2883,346,56,2,1
2883,346,57,2,1
2883,346,58,2,1
2883,346,59,2,1
2883,346,60,2,1
2883,346,61,2,1
2883,346,62,2,1
2883,346,63,2,1
2883,346,64,2,1
2883,346,65,2,1
2883,346,66,2,1
2883,346,67,2,1
2883,346,68,2,1
2883,346,69,2,1
2883,346,70,2,1
2883,346,71,2,1
2883,346,72,2,1
2883,346,73,2,1
2883,346,74,2,1
2883,346,75,2,1
2884,346,1,2,1
2884,346,2,2,1
2884,346,3,2,1
2884,346,4,2,1
2884,346,5,2,1
2884,346,6,2,1
2884,346,7,2,1
2884,346,8,2,1
2884,346,9,2,1
2884,346,10,2,1
2884,346,11,2,1
2884,346,12,2,1
2884,346,13,2,1
2884,346,14,2,1
2884,346,15,2,1
2884,346,16,2,1
2884,346,17,2,1
2884,346,18,2,1
2884,346,19,2,1
2884,346,20,2,1
2884,346,21,2,1
2884,346,22,2,1
2884,346,23,2,1
2884,346,24,2,1
2884,346,25,2,1
2884,346,26,2,1
2884,346,27,2,1
2884,346,28,2,1
2884,346,29,2,1
2884,346,30,2,1
2884,346,31,2,1
2884,346,32,2,1
2884,346,33,2,1
2884,346,34,2,1
2884,346,35,2,1
2884,346,36,2,1
2884,346,37,2,1
2884,346,38,2,1
2884,346,39,2,1
2884,346,40,2,1
2884,346,41,2,1
2884,346,42,2,1
2884,346,43,2,1
2884,346,44,2,1
2884,346,45,2,1
2884,346,46,2,1
2884,346,47,2,1
2884,346,48,2,1
2884,346,49,2,1
2884,346,50,2,1
2884,346,51,2,1
2884,346,52,2,1
2884,346,53,2,1
2884,346,54,2,1
2884,346,55,2,1
2884,346,56,2,1
2884,346,57,2,1
2884,346,58,2,1
2884,346,59,2,1
2884,346,60,2,1
2884,346,61,2,1
2884,346,62,2,1
2884,346,63,2,1
2884,346,64,2,1
2884,346,65,2,1
2884,346,66,2,1
2884,346,67,2,1
2884,346,68,2,1
2884,346,69,2,1
2884,346,70,2,1
2884,346,71,2,1
2884,346,72,2,1
2884,346,73,2,1
2884,346,74,2,1
2884,346,75,2,1
2885,346,1,2,1
2885,346,2,2,1
2885,346,3,2,1
2885,346,4,2,1
2885,346,5,2,1
2885,346,6,2,1
2885,346,7,2,1
2885,346,8,2,1
2885,346,9,2,1
2885,346,10,2,1
2885,346,11,2,1
2885,346,12,2,1
2885,346,13,2,1
2885,346,14,2,1
2885,346,15,2,1
2885,346,16,2,1
2885,346,17,2,1
2885,346,18,2,1
2885,346,19,2,1
2885,346,20,2,1
2885,346,21,2,1
2885,346,22,2,1
2885,346,23,2,1
2885,346,24,2,1
2885,346,25,2,1
2885,346,26,2,1
2885,346,27,2,1
2885,346,28,2,1
2885,346,29,2,1
2885,346,30,2,1
2885,346,31,2,1
2885,346,32,2,1
2885,346,33,2,1
2885,346,34,2,1
2885,346,35,2,1
2885,346,36,2,1
2885,346,37,2,1
2885,346,38,2,1
2885,346,39,2,1
2885,346,40,2,1
2885,346,41,2,1
2885,346,42,2,1
2885,346,43,2,1
2885,346,44,2,1
2885,346,45,2,1
2885,346,46,2,1
2885,346,47,2,1
2885,346,48,2,1
2885,346,49,2,1
2885,346,50,2,1
2885,346,51,2,1
2885,346,52,2,1
2885,346,53,2,1
2885,346,54,2,1
2885,346,55,2,1
2885,346,56,2,1
2885,346,57,2,1
2885,346,58,2,1
2885,346,59,2,1
2885,346,60,2,1
2885,346,61,2,1
2885,346,62,2,1
2885,346,63,2,1
2885,346,64,2,1
2885,346,65,2,1
2885,346,66,2,1
2885,346,67,2,1
2885,346,68,2,1
2885,346,69,2,1
2885,346,70,2,1
2885,346,71,2,1
2885,346,72,2,1
2885,346,73,2,1
2885,346,74,2,1
2885,346,75,2,1
2886,346,1,2,1
2886,346,2,2,1
2886,346,3,2,1
2886,346,4,2,1
2886,346,5,2,1
2886,346,6,2,1
2886,346,7,2,1
2886,346,8,2,1
2886,346,9,2,1
2886,346,10,2,1
2886,346,11,2,1
2886,346,12,2,1
2886,346,13,2,1
2886,346,14,2,1
2886,346,15,2,1
2886,346,16,2,1
2886,346,17,2,1
2886,346,18,2,1
2886,346,19,2,1
2886,346,20,2,1
2886,346,21,2,1
2886,346,22,2,1
2886,346,23,2,1
2886,346,24,2,1
2886,346,25,2,1
2886,346,26,2,1
2886,346,27,2,1
2886,346,28,2,1
2886,346,29,2,1
2886,346,30,2,1
2886,346,31,2,1
2886,346,32,2,1
2886,346,33,2,1
2886,346,34,2,1
2886,346,35,2,1
2886,346,36,2,1
2886,346,37,2,1
2886,346,38,2,1
2886,346,39,2,1
2886,346,40,2,1
2886,346,41,2,1
2886,346,42,2,1
2886,346,43,2,1
2886,346,44,2,1
2886,346,45,2,1
2886,346,46,2,1
2886,346,47,2,1
2886,346,48,2,1
2886,346,49,2,1
2886,346,50,2,1
2886,346,51,2,1
2886,346,52,2,1
2886,346,53,2,1
2886,346,54,2,1
2886,346,55,2,1
2886,346,56,2,1
2886,346,57,2,1
2886,346,58,2,1
2886,346,59,2,1
2886,346,60,2,1
2886,346,61,2,1
2886,346,62,2,1
2886,346,63,2,1
2886,346,64,2,1
2886,346,65,2,1
2886,346,66,2,1
2886,346,67,2,1
2886,346,68,2,1
2886,346,69,2,1
2886,346,70,2,1
2886,346,71,2,1
2886,346,72,2,1
2886,346,73,2,1
2886,346,74,2,1
2886,346,75,2,1
2887,345,1,1,1
2887,345,2,1,1
2887,345,3,1,1
2887,345,4,1,1
2887,345,5,1,1
2887,345,6,1,1
2887,345,7,1,1
2887,345,8,1,1
2887,345,9,1,1
2887,345,10,1,1
2887,345,11,1,1
2887,345,12,1,1
2887,345,13,1,1
2887,345,14,1,1
2887,345,15,1,1
2887,345,16,1,1
2887,345,17,1,1
2887,345,18,1,1
2887,345,19,1,1
2887,345,20,1,1
2887,345,21,1,1
2887,345,22,1,1
2887,345,23,1,1
2887,345,24,1,1
2887,345,25,1,1
2887,345,26,1,1
2887,345,27,1,1
2887,345,28,1,1
2887,345,29,1,1
2887,345,30,1,1
2887,345,31,1,1
2887,345,32,1,1
2887,345,33,1,1
2887,345,34,1,1
2887,345,35,1,1
2887,345,36,1,1
2887,345,37,1,1
2887,345,38,1,1
2887,345,39,1,1
2887,345,40,1,1
2887,345,41,1,1
2887,345,42,1,1
2887,345,43,1,1
2887,345,44,1,1
2887,345,45,1,1
2887,345,46,1,1
2887,345,47,1,1
2887,345,48,1,1
2887,345,49,1,1
2887,345,50,1,1
2887,345,51,1,1
2887,345,52,1,1
2887,345,53,1,1
2887,345,54,1,1
2887,345,55,1,1
2887,345,56,1,1
2887,345,57,1,1
2887,345,58,1,1
2887,345,59,1,1
2887,345,60,1,1
2887,345,61,1,1
2887,345,62,1,1
2887,345,63,1,1
2887,345,64,1,1
2887,345,65,1,1
2887,345,66,1,1
2887,345,67,1,1
2887,345,68,1,1
2887,345,69,1,1
2887,345,70,1,1
2887,345,71,1,1
2887,345,72,1,1
2887,345,73,1,1
2887,345,74,1,1
2887,345,75,1,1
2887,345,1,2,1
2887,345,2,2,1
2887,345,3,2,1
2887,345,4,2,1
2887,345,5,2,1
2887,345,6,2,1
2887,345,7,2,1
2887,345,8,2,1
2887,345,9,2,1
2887,345,10,2,1
2887,345,11,2,1
2887,345,12,2,1
2887,345,13,2,1
2887,345,14,2,1
2887,345,15,2,1
2887,345,16,2,1
2887,345,17,2,1
2887,345,18,2,1
2887,345,19,2,1
2887,345,20,2,1
2887,345,21,2,1
2887,345,22,2,1
2887,345,23,2,1
2887,345,24,2,1
2887,345,25,2,1
2887,345,26,2,1
2887,345,27,2,1
2887,345,28,2,1
2887,345,29,2,1
2887,345,30,2,1
2887,345,31,2,1
2887,345,32,2,1
2887,345,33,2,1
2887,345,34,2,1
2887,345,35,2,1
2887,345,36,2,1
2887,345,37,2,1
2887,345,38,2,1
2887,345,39,2,1
2887,345,40,2,1
2887,345,41,2,1
2887,345,42,2,1
2887,345,43,2,1
2887,345,44,2,1
2887,345,45,2,1
2887,345,46,2,1
2887,345,47,2,1
2887,345,48,2,1
2887,345,49,2,1
2887,345,50,2,1
2887,345,51,2,1
2887,345,52,2,1
2887,345,53,2,1
2887,345,54,2,1
2887,345,55,2,1
2887,345,56,2,1
2887,345,57,2,1
2887,345,58,2,1
2887,345,59,2,1
2887,345,60,2,1
2887,345,61,2,1
2887,345,62,2,1
2887,345,63,2,1
2887,345,64,2,1
2887,345,65,2,1
2887,345,66,2,1
2887,345,67,2,1
2887,345,68,2,1
2887,345,69,2,1
2887,345,70,2,1
2887,345,71,2,1
2887,345,72,2,1
2887,345,73,2,1
2887,345,74,2,1
2887,345,75,2,1
2888,345,1,2,1
2888,345,2,2,1
2888,345,3,2,1
2888,345,4,2,1
2888,345,5,2,1
2888,345,6,2,1
2888,345,7,2,1
2888,345,8,2,1
2888,345,9,2,1
2888,345,10,2,1
2888,345,11,2,1
2888,345,12,2,1
2888,345,13,2,1
2888,345,14,2,1
2888,345,15,2,1
2888,345,16,2,1
2888,345,17,2,1
2888,345,18,2,1
2888,345,19,2,1
2888,345,20,2,1
2888,345,21,2,1
2888,345,22,2,1
2888,345,23,2,1
2888,345,24,2,1
2888,345,25,2,1
2888,345,26,2,1
2888,345,27,2,1
2888,345,28,2,1
2888,345,29,2,1
2888,345,30,2,1
2888,345,31,2,1
2888,345,32,2,1
2888,345,33,2,1
2888,345,34,2,1
2888,345,35,2,1
2888,345,36,2,1
2888,345,37,2,1
2888,345,38,2,1
2888,345,39,2,1
2888,345,40,2,1
2888,345,41,2,1
2888,345,42,2,1
2888,345,43,2,1
2888,345,44,2,1
2888,345,45,2,1
2888,345,46,2,1
2888,345,47,2,1
2888,345,48,2,1
2888,345,49,2,1
2888,345,50,2,1
2888,345,51,2,1
2888,345,52,2,1
2888,345,53,2,1
2888,345,54,2,1
2888,345,55,2,1
2888,345,56,2,1
2888,345,57,2,1
2888,345,58,2,1
2888,345,59,2,1
2888,345,60,2,1
2888,345,61,2,1
2888,345,62,2,1
2888,345,63,2,1
2888,345,64,2,1
2888,345,65,2,1
2888,345,66,2,1
2888,345,67,2,1
2888,345,68,2,1
2888,345,69,2,1
2888,345,70,2,1
2888,345,71,2,1
2888,345,72,2,1
2888,345,73,2,1
2888,345,74,2,1
2888,345,75,2,1
2889,345,1,2,1
2889,345,2,2,1
2889,345,3,2,1
2889,345,4,2,1
2889,345,5,2,1
2889,345,6,2,1
2889,345,7,2,1
2889,345,8,2,1
2889,345,9,2,1
2889,345,10,2,1
2889,345,11,2,1
2889,345,12,2,1
2889,345,13,2,1
2889,345,14,2,1
2889,345,15,2,1
2889,345,16,2,1
2889,345,17,2,1
2889,345,18,2,1
2889,345,19,2,1
2889,345,20,2,1
2889,345,21,2,1
2889,345,22,2,1
2889,345,23,2,1
2889,345,24,2,1
2889,345,25,2,1
2889,345,26,2,1
2889,345,27,2,1
2889,345,28,2,1
2889,345,29,2,1
2889,345,30,2,1
2889,345,31,2,1
2889,345,32,2,1
2889,345,33,2,1
2889,345,34,2,1
2889,345,35,2,1
2889,345,36,2,1
2889,345,37,2,1
2889,345,38,2,1
2889,345,39,2,1
2889,345,40,2,1
2889,345,41,2,1
2889,345,42,2,1
2889,345,43,2,1
2889,345,44,2,1
2889,345,45,2,1
2889,345,46,2,1
2889,345,47,2,1
2889,345,48,2,1
2889,345,49,2,1
2889,345,50,2,1
2889,345,51,2,1
2889,345,52,2,1
2889,345,53,2,1
2889,345,54,2,1
2889,345,55,2,1
2889,345,56,2,1
2889,345,57,2,1
2889,345,58,2,1
2889,345,59,2,1
2889,345,60,2,1
2889,345,61,2,1
2889,345,62,2,1
2889,345,63,2,1
2889,345,64,2,1
2889,345,65,2,1
2889,345,66,2,1
2889,345,67,2,1
2889,345,68,2,1
2889,345,69,2,1
2889,345,70,2,1
2889,345,71,2,1
2889,345,72,2,1
2889,345,73,2,1
2889,345,74,2,1
2889,345,75,2,1
2890,344,1,1,1
2890,344,2,1,1
2890,344,3,1,1
2890,344,4,1,1
2890,344,5,1,1
2890,344,6,1,1
2890,344,7,1,1
2890,344,8,1,1
2890,344,9,1,1
2890,344,10,1,1
2890,344,11,1,1
2890,344,12,1,1
2890,344,13,1,1
2890,344,14,1,1
2890,344,15,1,1
2890,344,16,1,1
2890,344,17,1,1
2890,344,18,1,1
2890,344,19,1,1
2890,344,20,1,1
2890,344,21,1,1
2890,344,22,1,1
2890,344,23,1,1
2890,344,24,1,1
2890,344,25,1,1
2890,344,26,1,1
2890,344,27,1,1
2890,344,28,1,1
2890,344,29,1,1
2890,344,30,1,1
2890,344,31,1,1
2890,344,32,1,1
2890,344,33,1,1
2890,344,34,1,1
2890,344,35,1,1
2890,344,36,1,1
2890,344,37,1,1
2890,344,38,1,1
2890,344,39,1,1
2890,344,40,1,1
2890,344,41,1,1
2890,344,42,1,1
2890,344,43,1,1
2890,344,44,1,1
2890,344,45,1,1
2890,344,46,1,1
2890,344,47,1,1
2890,344,48,1,1
2890,344,49,1,1
2890,344,50,1,1
2890,344,51,1,1
2890,344,52,1,1
2890,344,53,1,1
2890,344,54,1,1
2890,344,55,1,1
2890,344,56,1,1
2890,344,57,1,1
2890,344,58,1,1
2890,344,59,1,1
2890,344,60,1,1
2890,344,61,1,1
2890,344,62,1,1
2890,344,63,1,1
2890,344,64,1,1
2890,344,65,1,1
2890,344,66,1,1
2890,344,67,1,1
2890,344,68,1,1
2890,344,69,1,1
2890,344,70,1,1
2890,344,71,1,1
2890,344,72,1,1
2890,344,73,1,1
2890,344,74,1,1
2890,344,75,1,1
2890,344,1,2,1
2890,344,2,2,1
2890,344,3,2,1
2890,344,4,2,1
2890,344,5,2,1
2890,344,6,2,1
2890,344,7,2,1
2890,344,8,2,1
2890,344,9,2,1
2890,344,10,2,1
2890,344,11,2,1
2890,344,12,2,1
2890,344,13,2,1
2890,344,14,2,1
2890,344,15,2,1
2890,344,16,2,1
2890,344,17,2,1
2890,344,18,2,1
2890,344,19,2,1
2890,344,20,2,1
2890,344,21,2,1
2890,344,22,2,1
2890,344,23,2,1
2890,344,24,2,1
2890,344,25,2,1
2890,344,26,2,1
2890,344,27,2,1
2890,344,28,2,1
2890,344,29,2,1
2890,344,30,2,1
2890,344,31,2,1
2890,344,32,2,1
2890,344,33,2,1
2890,344,34,2,1
2890,344,35,2,1
2890,344,36,2,1
2890,344,37,2,1
2890,344,38,2,1
2890,344,39,2,1
2890,344,40,2,1
2890,344,41,2,1
2890,344,42,2,1
2890,344,43,2,1
2890,344,44,2,1
2890,344,45,2,1
2890,344,46,2,1
2890,344,47,2,1
2890,344,48,2,1
2890,344,49,2,1
2890,344,50,2,1
2890,344,51,2,1
2890,344,52,2,1
2890,344,53,2,1
2890,344,54,2,1
2890,344,55,2,1
2890,344,56,2,1
2890,344,57,2,1
2890,344,58,2,1
2890,344,59,2,1
2890,344,60,2,1
2890,344,61,2,1
2890,344,62,2,1
2890,344,63,2,1
2890,344,64,2,1
2890,344,65,2,1
2890,344,66,2,1
2890,344,67,2,1
2890,344,68,2,1
2890,344,69,2,1
2890,344,70,2,1
2890,344,71,2,1
2890,344,72,2,1
2890,344,73,2,1
2890,344,74,2,1
2890,344,75,2,1
2891,344,1,2,1
2891,344,2,2,1
2891,344,3,2,1
2891,344,4,2,1
2891,344,5,2,1
2891,344,6,2,1
2891,344,7,2,1
2891,344,8,2,1
2891,344,9,2,1
2891,344,10,2,1
2891,344,11,2,1
2891,344,12,2,1
2891,344,13,2,1
2891,344,14,2,1
2891,344,15,2,1
2891,344,16,2,1
2891,344,17,2,1
2891,344,18,2,1
2891,344,19,2,1
2891,344,20,2,1
2891,344,21,2,1
2891,344,22,2,1
2891,344,23,2,1
2891,344,24,2,1
2891,344,25,2,1
2891,344,26,2,1
2891,344,27,2,1
2891,344,28,2,1
2891,344,29,2,1
2891,344,30,2,1
2891,344,31,2,1
2891,344,32,2,1
2891,344,33,2,1
2891,344,34,2,1
2891,344,35,2,1
2891,344,36,2,1
2891,344,37,2,1
2891,344,38,2,1
2891,344,39,2,1
2891,344,40,2,1
2891,344,41,2,1
2891,344,42,2,1
2891,344,43,2,1
2891,344,44,2,1
2891,344,45,2,1
2891,344,46,2,1
2891,344,47,2,1
2891,344,48,2,1
2891,344,49,2,1
2891,344,50,2,1
2891,344,51,2,1
2891,344,52,2,1
2891,344,53,2,1
2891,344,54,2,1
2891,344,55,2,1
2891,344,56,2,1
2891,344,57,2,1
2891,344,58,2,1
2891,344,59,2,1
2891,344,60,2,1
2891,344,61,2,1
2891,344,62,2,1
2891,344,63,2,1
2891,344,64,2,1
2891,344,65,2,1
2891,344,66,2,1
2891,344,67,2,1
2891,344,68,2,1
2891,344,69,2,1
2891,344,70,2,1
2891,344,71,2,1
2891,344,72,2,1
2891,344,73,2,1
2891,344,74,2,1
2891,344,75,2,1
2892,344,1,2,1
2892,344,2,2,1
2892,344,3,2,1
2892,344,4,2,1
2892,344,5,2,1
2892,344,6,2,1
2892,344,7,2,1
2892,344,8,2,1
2892,344,9,2,1
2892,344,10,2,1
2892,344,11,2,1
2892,344,12,2,1
2892,344,13,2,1
2892,344,14,2,1
2892,344,15,2,1
2892,344,16,2,1
2892,344,17,2,1
2892,344,18,2,1
2892,344,19,2,1
2892,344,20,2,1
2892,344,21,2,1
2892,344,22,2,1
2892,344,23,2,1
2892,344,24,2,1
2892,344,25,2,1
2892,344,26,2,1
2892,344,27,2,1
2892,344,28,2,1
2892,344,29,2,1
2892,344,30,2,1
2892,344,31,2,1
2892,344,32,2,1
2892,344,33,2,1
2892,344,34,2,1
2892,344,35,2,1
2892,344,36,2,1
2892,344,37,2,1
2892,344,38,2,1
2892,344,39,2,1
2892,344,40,2,1
2892,344,41,2,1
2892,344,42,2,1
2892,344,43,2,1
2892,344,44,2,1
2892,344,45,2,1
2892,344,46,2,1
2892,344,47,2,1
2892,344,48,2,1
2892,344,49,2,1
2892,344,50,2,1
2892,344,51,2,1
2892,344,52,2,1
2892,344,53,2,1
2892,344,54,2,1
2892,344,55,2,1
2892,344,56,2,1
2892,344,57,2,1
2892,344,58,2,1
2892,344,59,2,1
2892,344,60,2,1
2892,344,61,2,1
2892,344,62,2,1
2892,344,63,2,1
2892,344,64,2,1
2892,344,65,2,1
2892,344,66,2,1
2892,344,67,2,1
2892,344,68,2,1
2892,344,69,2,1
2892,344,70,2,1
2892,344,71,2,1
2892,344,72,2,1
2892,344,73,2,1
2892,344,74,2,1
2892,344,75,2,1
2893,343,1,1,1
2893,343,2,1,1
2893,343,3,1,1
2893,343,4,1,1
2893,343,5,1,1
2893,343,6,1,1
2893,343,7,1,1
2893,343,8,1,1
2893,343,9,1,1
2893,343,10,1,1
2893,343,11,1,1
2893,343,12,1,1
2893,343,13,1,1
2893,343,14,1,1
2893,343,15,1,1
2893,343,16,1,1
2893,343,17,1,1
2893,343,18,1,1
2893,343,19,1,1
2893,343,20,1,1
2893,343,21,1,1
2893,343,22,1,1
2893,343,23,1,1
2893,343,24,1,1
2893,343,25,1,1
2893,343,26,1,1
2893,343,27,1,1
2893,343,28,1,1
2893,343,29,1,1
2893,343,30,1,1
2893,343,31,1,1
2893,343,32,1,1
2893,343,33,1,1
2893,343,34,1,1
2893,343,35,1,1
2893,343,36,1,1
2893,343,37,1,1
2893,343,38,1,1
2893,343,39,1,1
2893,343,40,1,1
2893,343,41,1,1
2893,343,42,1,1
2893,343,43,1,1
2893,343,44,1,1
2893,343,45,1,1
2893,343,46,1,1
2893,343,47,1,1
2893,343,48,1,1
2893,343,49,1,1
2893,343,50,1,1
2893,343,51,1,1
2893,343,52,1,1
2893,343,53,1,1
2893,343,54,1,1
2893,343,55,1,1
2893,343,56,1,1
2893,343,57,1,1
2893,343,58,1,1
2893,343,59,1,1
2893,343,60,1,1
2893,343,61,1,1
2893,343,62,1,1
2893,343,63,1,1
2893,343,64,1,1
2893,343,65,1,1
2893,343,66,1,1
2893,343,67,1,1
2893,343,68,1,1
2893,343,69,1,1
2893,343,70,1,1
2893,343,71,1,1
2893,343,72,1,1
2893,343,73,1,1
2893,343,74,1,1
2893,343,75,1,1
2893,343,1,2,1
2893,343,2,2,1
2893,343,3,2,1
2893,343,4,2,1
2893,343,5,2,1
2893,343,6,2,1
2893,343,7,2,1
2893,343,8,2,1
2893,343,9,2,1
2893,343,10,2,1
2893,343,11,2,1
2893,343,12,2,1
2893,343,13,2,1
2893,343,14,2,1
2893,343,15,2,1
2893,343,16,2,1
2893,343,17,2,1
2893,343,18,2,1
2893,343,19,2,1
2893,343,20,2,1
2893,343,21,2,1
2893,343,22,2,1
2893,343,23,2,1
2893,343,24,2,1
2893,343,25,2,1
2893,343,26,2,1
2893,343,27,2,1
2893,343,28,2,1
2893,343,29,2,1
2893,343,30,2,1
2893,343,31,2,1
2893,343,32,2,1
2893,343,33,2,1
2893,343,34,2,1
2893,343,35,2,1
2893,343,36,2,1
2893,343,37,2,1
2893,343,38,2,1
2893,343,39,2,1
2893,343,40,2,1
2893,343,41,2,1
2893,343,42,2,1
2893,343,43,2,1
2893,343,44,2,1
2893,343,45,2,1
2893,343,46,2,1
2893,343,47,2,1
2893,343,48,2,1
2893,343,49,2,1
2893,343,50,2,1
2893,343,51,2,1
2893,343,52,2,1
2893,343,53,2,1
2893,343,54,2,1
2893,343,55,2,1
2893,343,56,2,1
2893,343,57,2,1
2893,343,58,2,1
2893,343,59,2,1
2893,343,60,2,1
2893,343,61,2,1
2893,343,62,2,1
2893,343,63,2,1
2893,343,64,2,1
2893,343,65,2,1
2893,343,66,2,1
2893,343,67,2,1
2893,343,68,2,1
2893,343,69,2,1
2893,343,70,2,1
2893,343,71,2,1
2893,343,72,2,1
2893,343,73,2,1
2893,343,74,2,1
2893,343,75,2,1
2894,343,1,2,1
2894,343,2,2,1
2894,343,3,2,1
2894,343,4,2,1
2894,343,5,2,1
2894,343,6,2,1
2894,343,7,2,1
2894,343,8,2,1
2894,343,9,2,1
2894,343,10,2,1
2894,343,11,2,1
2894,343,12,2,1
2894,343,13,2,1
2894,343,14,2,1
2894,343,15,2,1
2894,343,16,2,1
2894,343,17,2,1
2894,343,18,2,1
2894,343,19,2,1
2894,343,20,2,1
2894,343,21,2,1
2894,343,22,2,1
2894,343,23,2,1
2894,343,24,2,1
2894,343,25,2,1
2894,343,26,2,1
2894,343,27,2,1
2894,343,28,2,1
2894,343,29,2,1
2894,343,30,2,1
2894,343,31,2,1
2894,343,32,2,1
2894,343,33,2,1
2894,343,34,2,1
2894,343,35,2,1
2894,343,36,2,1
2894,343,37,2,1
2894,343,38,2,1
2894,343,39,2,1
2894,343,40,2,1
2894,343,41,2,1
2894,343,42,2,1
2894,343,43,2,1
2894,343,44,2,1
2894,343,45,2,1
2894,343,46,2,1
2894,343,47,2,1
2894,343,48,2,1
2894,343,49,2,1
2894,343,50,2,1
2894,343,51,2,1
2894,343,52,2,1
2894,343,53,2,1
2894,343,54,2,1
2894,343,55,2,1
2894,343,56,2,1
2894,343,57,2,1
2894,343,58,2,1
2894,343,59,2,1
2894,343,60,2,1
2894,343,61,2,1
2894,343,62,2,1
2894,343,63,2,1
2894,343,64,2,1
2894,343,65,2,1
2894,343,66,2,1
2894,343,67,2,1
2894,343,68,2,1
2894,343,69,2,1
2894,343,70,2,1
2894,343,71,2,1
2894,343,72,2,1
2894,343,73,2,1
2894,343,74,2,1
2894,343,75,2,1
2895,343,1,2,1
2895,343,2,2,1
2895,343,3,2,1
2895,343,4,2,1
2895,343,5,2,1
2895,343,6,2,1
2895,343,7,2,1
2895,343,8,2,1
2895,343,9,2,1
2895,343,10,2,1
2895,343,11,2,1
2895,343,12,2,1
2895,343,13,2,1
2895,343,14,2,1
2895,343,15,2,1
2895,343,16,2,1
2895,343,17,2,1
2895,343,18,2,1
2895,343,19,2,1
2895,343,20,2,1
2895,343,21,2,1
2895,343,22,2,1
2895,343,23,2,1
2895,343,24,2,1
2895,343,25,2,1
2895,343,26,2,1
2895,343,27,2,1
2895,343,28,2,1
2895,343,29,2,1
2895,343,30,2,1
2895,343,31,2,1
2895,343,32,2,1
2895,343,33,2,1
2895,343,34,2,1
2895,343,35,2,1
2895,343,36,2,1
2895,343,37,2,1
2895,343,38,2,1
2895,343,39,2,1
2895,343,40,2,1
2895,343,41,2,1
2895,343,42,2,1
2895,343,43,2,1
2895,343,44,2,1
2895,343,45,2,1
2895,343,46,2,1
2895,343,47,2,1
2895,343,48,2,1
2895,343,49,2,1
2895,343,50,2,1
2895,343,51,2,1
2895,343,52,2,1
2895,343,53,2,1
2895,343,54,2,1
2895,343,55,2,1
2895,343,56,2,1
2895,343,57,2,1
2895,343,58,2,1
2895,343,59,2,1
2895,343,60,2,1
2895,343,61,2,1
2895,343,62,2,1
2895,343,63,2,1
2895,343,64,2,1
2895,343,65,2,1
2895,343,66,2,1
2895,343,67,2,1
2895,343,68,2,1
2895,343,69,2,1
2895,343,70,2,1
2895,343,71,2,1
2895,343,72,2,1
2895,343,73,2,1
2895,343,74,2,1
2895,343,75,2,1
2896,343,1,2,1
2896,343,2,2,1
2896,343,3,2,1
2896,343,4,2,1
2896,343,5,2,1
2896,343,6,2,1
2896,343,7,2,1
2896,343,8,2,1
2896,343,9,2,1
2896,343,10,2,1
2896,343,11,2,1
2896,343,12,2,1
2896,343,13,2,1
2896,343,14,2,1
2896,343,15,2,1
2896,343,16,2,1
2896,343,17,2,1
2896,343,18,2,1
2896,343,19,2,1
2896,343,20,2,1
2896,343,21,2,1
2896,343,22,2,1
2896,343,23,2,1
2896,343,24,2,1
2896,343,25,2,1
2896,343,26,2,1
2896,343,27,2,1
2896,343,28,2,1
2896,343,29,2,1
2896,343,30,2,1
2896,343,31,2,1
2896,343,32,2,1
2896,343,33,2,1
2896,343,34,2,1
2896,343,35,2,1
2896,343,36,2,1
2896,343,37,2,1
2896,343,38,2,1
2896,343,39,2,1
2896,343,40,2,1
2896,343,41,2,1
2896,343,42,2,1
2896,343,43,2,1
2896,343,44,2,1
2896,343,45,2,1
2896,343,46,2,1
2896,343,47,2,1
2896,343,48,2,1
2896,343,49,2,1
2896,343,50,2,1
2896,343,51,2,1
2896,343,52,2,1
2896,343,53,2,1
2896,343,54,2,1
2896,343,55,2,1
2896,343,56,2,1
2896,343,57,2,1
2896,343,58,2,1
2896,343,59,2,1
2896,343,60,2,1
2896,343,61,2,1
2896,343,62,2,1
2896,343,63,2,1
2896,343,64,2,1
2896,343,65,2,1
2896,343,66,2,1
2896,343,67,2,1
2896,343,68,2,1
2896,343,69,2,1
2896,343,70,2,1
2896,343,71,2,1
2896,343,72,2,1
2896,343,73,2,1
2896,343,74,2,1
2896,343,75,2,1
